source,topic_id,pass_number,finish_reason,words,F01,F02,F03,F04,F05,F06,F07,F08,F09,F10,F11,F12,F13,F14,F15
base-0.7,T0001,1,stop,122,0,0,0,0,0,0,0,0,0,0,0,0,0,0,0
base-0.7,T0002,1,stop,355,0,0,0,0,0,0,0,0,0,0,0,0,0,0,0
base-0.7,T0003,1,stop,466,0,0,0,0,0,0,0,0,0,0,0,0,0,0,0
base-0.7,T0004,1,stop,661,0,0,0,0,0,0,0,0,0,0,0,0,0,0,0
base-0.7,T0005,1,stop,659,0,0,0,0,0,0,0,0,0,0,0,0,0,0,0
base-0.7,T0006,1,stop,638,0,0,0,0,0,0,0,0,0,0,0,0,0,0,0
base-0.7,T0007,1,stop,30,0,0,0,0,0,0,0,0,0,0,0,0,0,0,0
base-0.7,T0008,1,stop,546,0,0,0,0,0,0,0,0,0,0,0,0,0,0,0
base-0.7,T0009,1,stop,520,0,0,0,0,0,0,0,0,0,0,0,0,0,0,0
base-0.7,T0010,1,length,882,0,0,0,0,0,0,0,0,0,0,0,0,0,0,0
base-0.7,T0011,1,stop,419,0,0,0,0,0,0,0,0,0,0,0,0,0,0,0
base-0.7,T0012,1,stop,568,0,0,0,0,0,0,0,0,0,0,0,0,0,0,0
base-0.7,T0013,1,stop,850,0,0,0,0,0,0,0,0,0,0,0,0,0,0,0
base-0.7,T0014,1,stop,416,0,0,0,0,0,0,0,0,0,0,0,0,0,0,0
base-0.7,T0015,1,stop,605,0,0,0,0,0,0,0,0,0,0,0,0,0,0,0
base-0.7,T0016,1,stop,493,0,0,0,0,0,0,0,0,0,0,0,0,0,0,0
base-0.7,T0017,1,stop,570,0,0,0,0,0,0,0,0,0,0,0,0,0,0,0
base-0.7,T0018,1,stop,613,0,0,0,0,0,0,0,0,0,0,0,0,0,0,0
base-0.7,T0019,1,stop,412,0,0,0,0,0,0,0,0,0,0,0,0,0,0,0
base-0.7,T0020,1,stop,393,0,0,0,0,0,0,0,0,0,0,0,0,0,0,0
base-0.7,T0021,1,length,761,0,0,0,0,0,0,0,0,0,0,0,0,0,0,0
base-0.7,T0022,1,length,789,0,0,0,0,0,0,0,0,0,0,0,0,0,0,0
base-0.7,T0023,1,stop,371,0,0,0,0,0,0,0,0,0,0,0,0,0,0,0
base-0.7,T0024,1,stop,553,0,0,0,0,0,0,0,0,0,0,0,0,0,0,0
base-0.7,T0025,1,length,845,0,0,0,0,0,0,0,0,0,0,0,0,0,0,0
base-0.7,T0026,1,stop,776,0,0,0,0,0,0,0,0,0,0,0,0,0,0,0
base-0.7,T0027,1,length,879,0,0,0,0,0,0,0,0,0,0,0,0,0,0,0
base-0.7,T0028,1,stop,285,0,0,0,0,0,0,0,0,0,0,0,0,0,0,0
base-0.7,T0029,1,stop,625,0,0,0,0,0,0,0,0,0,0,0,0,1,0,0
base-0.7,T0030,1,length,813,0,0,0,0,0,0,0,0,0,0,0,0,0,0,0
base-0.7,T0031,1,stop,445,0,0,0,0,0,0,0,0,0,0,0,0,0,0,0
base-0.7,T0032,1,length,882,0,0,0,0,0,0,0,0,0,0,0,0,0,0,0
base-0.7,T0033,1,stop,770,0,0,0,0,0,0,0,0,0,0,0,0,0,0,0
base-0.7,T0034,1,length,860,0,0,0,0,0,0,0,0,1,0,0,0,0,0,0
base-0.7,T0035,1,stop,548,0,0,0,0,0,0,0,0,0,0,0,0,0,0,0
base-0.7,T0036,1,stop,364,0,0,0,0,0,0,0,0,0,0,0,0,0,0,0
base-0.7,T0037,1,stop,874,0,0,0,0,0,0,0,0,0,0,0,0,0,0,0
base-0.7,T0038,1,stop,158,0,0,0,0,0,0,0,0,0,0,0,0,0,0,0
base-0.7,T0039,1,length,807,0,0,0,0,0,0,0,0,0,0,0,0,0,0,0
base-0.7,T0040,1,stop,496,0,0,0,0,0,0,0,0,0,0,0,0,0,0,0
base-0.7,T0041,1,length,876,0,0,0,0,0,0,0,0,0,0,0,0,0,0,0
base-0.7,T0042,1,stop,565,0,0,0,0,0,0,0,0,0,0,0,0,0,0,0
base-0.7,T0043,1,stop,399,0,0,0,0,0,0,0,0,0,0,0,0,0,0,0
base-0.7,T0044,1,stop,568,0,0,0,0,0,0,1,0,0,0,0,0,0,0,0
base-0.7,T0045,1,length,762,0,0,0,0,0,0,0,0,0,0,0,0,0,0,0
base-0.7,T0046,1,stop,297,0,0,0,0,0,0,0,0,0,0,0,0,0,0,0
base-0.7,T0047,1,length,734,0,0,0,0,0,0,0,0,0,0,0,0,0,0,0
base-0.7,T0048,1,stop,603,0,0,0,0,0,0,0,0,0,0,0,0,0,0,0
base-0.7,T0049,1,stop,448,0,0,0,0,0,0,0,0,0,0,0,0,0,0,0
base-0.7,T0050,1,stop,493,0,0,0,0,0,0,0,0,0,0,0,0,0,0,0
base-0.7,T0051,1,length,790,0,0,0,0,0,0,0,0,0,0,0,0,0,0,0
base-0.7,T0052,1,stop,479,0,0,0,0,0,0,0,0,0,0,0,0,0,0,0
base-0.7,T0053,1,length,853,0,0,0,0,0,0,0,1,0,0,0,0,0,0,0
base-0.7,T0054,1,stop,416,0,0,0,0,0,0,0,0,0,0,0,0,0,0,0
base-0.7,T0055,1,length,801,0,0,0,0,0,0,0,0,0,0,0,0,0,0,0
base-0.7,T0056,1,length,921,0,0,0,0,0,0,2,0,0,0,0,0,0,0,0
base-0.7,T0057,1,length,855,0,0,0,0,0,0,0,0,0,0,0,0,0,0,0
base-0.7,T0058,1,length,742,0,0,0,0,0,0,0,0,0,0,0,0,0,0,0
base-0.7,T0059,1,stop,484,0,0,0,0,0,0,0,0,0,0,0,0,0,0,0
base-0.7,T0060,1,stop,525,0,0,0,0,0,0,0,0,0,0,0,0,0,0,0
base-0.7,T0061,1,stop,636,0,0,0,0,0,0,0,0,0,0,0,0,0,0,0
base-0.7,T0062,1,stop,717,0,0,0,0,0,0,0,0,0,0,0,0,0,0,0
base-0.7,T0063,1,stop,207,0,0,0,0,0,0,0,0,0,0,0,0,0,0,0
base-0.7,T0064,1,stop,507,0,0,0,0,0,0,0,0,0,0,0,0,0,0,0
base-0.7,T0065,1,length,796,0,0,0,0,0,0,0,0,1,0,0,0,0,0,0
base-0.7,T0066,1,length,908,0,0,0,0,0,0,0,0,0,0,0,0,0,0,0
base-0.7,T0067,1,length,793,0,0,0,0,0,0,0,0,0,0,0,0,0,0,0
base-0.7,T0068,1,stop,616,0,0,0,0,0,0,0,0,0,0,0,0,0,0,0
base-0.7,T0069,1,stop,456,0,0,0,0,0,0,0,0,0,0,0,0,0,0,0
base-0.7,T0070,1,stop,349,0,0,0,0,0,0,0,0,0,0,0,0,0,0,0
base-0.7,T0071,1,length,756,0,0,0,0,0,0,0,0,0,0,0,0,0,0,0
base-0.7,T0072,1,stop,517,0,0,0,0,0,0,0,0,0,0,0,0,0,0,0
base-0.7,T0073,1,length,853,0,0,0,0,0,0,1,0,0,0,0,0,0,0,0
base-0.7,T0074,1,stop,507,0,0,0,0,0,0,0,0,0,0,0,0,0,0,0
base-0.7,T0075,1,stop,717,0,0,0,0,0,0,0,0,0,0,0,0,0,0,0
base-0.7,T0076,1,stop,542,0,0,0,0,0,0,0,0,0,0,0,0,0,0,0
base-0.7,T0077,1,stop,752,0,0,0,0,0,0,0,0,0,0,0,0,0,0,0
base-0.7,T0078,1,stop,689,0,0,0,0,0,0,0,0,0,0,0,0,0,0,0
base-0.7,T0079,1,length,856,0,0,0,0,0,0,0,0,0,0,0,0,0,0,0
base-0.7,T0080,1,stop,596,0,0,0,0,0,0,0,0,0,0,0,0,0,0,0
base-0.7,T0081,1,stop,325,0,0,0,0,0,0,0,0,0,0,0,0,0,0,0
base-0.7,T0082,1,length,845,0,0,0,0,0,0,0,0,0,0,0,0,0,0,0
base-0.7,T0083,1,stop,397,0,0,0,0,0,0,0,0,0,0,0,0,0,0,0
base-0.7,T0084,1,stop,505,0,0,0,0,0,0,0,0,0,0,0,0,0,0,0
base-0.7,T0085,1,length,779,0,0,0,0,0,0,0,0,2,0,0,0,0,0,0
base-0.7,T0086,1,stop,560,0,0,0,0,0,0,0,1,0,0,0,0,0,0,0
base-0.7,T0087,1,stop,826,0,0,0,0,0,0,0,0,0,0,0,0,0,0,0
base-0.7,T0088,1,stop,251,0,0,0,0,0,0,0,0,0,0,0,0,0,0,0
base-0.7,T0089,1,stop,460,0,0,0,0,0,0,0,0,0,0,0,0,0,0,0
base-0.7,T0090,1,stop,663,0,0,0,0,0,0,0,0,0,0,0,0,1,0,0
base-0.7,T0091,1,stop,509,0,0,0,0,0,0,0,0,0,0,0,0,0,0,0
base-0.7,T0092,1,stop,309,0,0,0,0,0,0,0,0,0,0,0,0,0,0,0
base-0.7,T0093,1,length,908,0,0,0,0,0,0,0,0,0,0,0,0,0,0,0
base-0.7,T0094,1,stop,155,0,0,0,0,0,0,0,0,0,0,0,0,0,0,0
base-0.7,T0095,1,length,760,0,0,0,0,0,0,0,0,0,0,0,0,0,0,0
base-0.7,T0096,1,length,793,0,0,0,0,0,0,0,0,0,0,0,0,0,0,0
base-0.7,T0097,1,stop,648,0,0,0,0,0,0,0,0,0,0,0,0,0,0,0
base-0.7,T0098,1,length,817,0,0,0,0,0,0,0,0,0,0,0,0,0,0,0
base-0.7,T0099,1,length,841,0,0,0,0,0,0,0,0,0,0,0,0,0,0,0
base-0.7,T0100,1,length,881,0,0,0,0,0,0,0,0,0,0,0,0,0,0,0
base-0.7,T0101,1,stop,489,0,0,0,0,0,0,0,0,0,0,0,0,0,0,0
base-0.7,T0102,1,stop,422,0,0,0,0,0,0,0,0,0,0,0,0,0,0,0
base-0.7,T0103,1,length,857,0,0,0,0,0,0,0,0,0,0,0,0,0,0,0
base-0.7,T0104,1,stop,388,0,0,0,0,0,0,0,0,0,0,0,0,0,0,0
base-0.7,T0105,1,length,832,0,0,0,0,0,0,0,0,1,0,0,0,0,0,0
base-0.7,T0106,1,length,828,0,0,0,0,0,0,0,0,0,0,0,0,0,0,0
base-0.7,T0107,1,stop,137,0,0,0,0,0,0,0,0,0,0,0,0,0,0,0
base-0.7,T0108,1,stop,520,0,0,0,0,0,0,0,0,0,0,0,0,0,0,0
base-0.7,T0109,1,length,874,0,0,0,0,0,0,0,0,0,0,0,0,0,0,0
base-0.7,T0110,1,length,420,0,0,0,0,0,0,0,0,0,0,0,0,0,0,0
base-0.7,T0111,1,stop,347,0,0,0,0,0,0,0,0,0,0,0,0,0,0,0
base-0.7,T0112,1,stop,635,0,0,0,0,0,0,0,0,0,0,0,0,1,0,0
base-0.7,T0113,1,stop,390,0,0,0,0,0,0,0,0,0,0,0,0,0,0,0
base-0.7,T0114,1,length,860,0,0,0,0,0,0,0,0,0,0,0,0,0,0,0
base-0.7,T0115,1,stop,544,0,0,0,0,0,0,0,0,0,0,0,0,0,0,0
base-0.7,T0116,1,stop,493,0,0,0,0,0,0,0,0,0,0,0,0,0,0,0
base-0.7,T0117,1,length,797,0,0,0,0,0,0,0,0,0,0,0,0,0,0,0
base-0.7,T0118,1,length,910,0,0,0,0,0,0,0,0,0,0,0,0,0,0,0
base-0.7,T0119,1,length,819,0,0,0,0,0,0,0,0,0,0,0,0,0,0,0
base-0.7,T0120,1,stop,509,0,0,0,0,0,0,0,0,0,0,0,0,0,0,0
base-0.7,T0121,1,length,831,0,0,0,0,0,0,0,0,0,0,0,0,0,0,0
base-0.7,T0122,1,stop,531,0,0,0,0,0,0,0,0,0,0,0,0,0,0,0
base-0.7,T0123,1,stop,494,0,0,0,0,0,0,0,0,0,0,0,0,0,0,0
base-0.7,T0124,1,stop,311,0,0,0,0,0,0,0,0,0,0,0,0,0,0,0
base-0.7,T0125,1,stop,434,0,0,0,0,0,0,0,0,0,0,0,0,0,0,0
base-0.7,T0126,1,length,729,0,0,0,0,0,0,0,0,0,0,0,0,0,0,0
base-0.7,T0127,1,stop,773,0,0,0,0,0,0,0,0,0,0,0,0,0,0,0
base-0.7,T0128,1,stop,547,0,0,0,0,0,0,0,0,0,0,0,0,0,0,0
base-0.7,T0129,1,stop,444,0,0,0,0,0,0,0,0,0,0,0,0,0,0,0
base-0.7,T0130,1,stop,711,0,0,0,0,0,0,0,0,0,0,0,0,0,0,0
base-0.7,T0131,1,stop,635,0,0,0,0,0,0,0,0,0,0,0,0,0,0,0
base-0.7,T0132,1,stop,649,0,0,0,0,0,0,0,0,0,0,0,0,0,0,0
base-0.7,T0133,1,stop,350,0,0,0,0,0,0,0,0,0,0,0,0,0,0,0
base-0.7,T0134,1,stop,553,0,0,0,0,0,0,0,0,0,0,0,0,0,0,0
base-0.7,T0135,1,stop,624,0,0,0,0,0,0,0,0,0,0,0,0,0,0,0
base-0.7,T0136,1,stop,514,0,0,0,0,0,0,0,0,0,0,0,0,0,0,0
base-0.7,T0137,1,length,806,0,0,0,0,0,0,0,0,0,0,0,0,0,0,0
base-0.7,T0138,1,stop,818,0,0,0,0,0,0,0,0,0,0,0,0,1,0,0
base-0.7,T0139,1,stop,274,0,0,0,0,0,0,0,0,0,0,0,0,0,0,0
base-0.7,T0140,1,stop,604,0,0,0,0,0,0,0,0,0,0,0,0,0,0,0
base-0.7,T0141,1,stop,390,0,0,0,0,0,0,0,0,0,0,0,0,0,0,0
base-0.7,T0142,1,stop,342,0,0,0,0,0,0,0,0,0,0,0,0,0,0,0
base-0.7,T0143,1,stop,110,0,0,0,0,0,0,0,0,0,0,0,0,0,0,0
base-0.7,T0144,1,stop,277,0,0,0,0,0,0,0,0,0,0,0,0,0,0,0
base-0.7,T0145,1,length,770,0,0,0,0,0,0,0,0,0,0,0,0,0,0,0
base-0.7,T0146,1,length,698,0,0,0,0,0,0,0,0,0,0,0,0,0,0,0
base-0.7,T0147,1,stop,777,0,0,0,0,0,0,0,0,0,0,0,0,0,0,0
base-0.7,T0148,1,stop,313,0,0,0,0,0,0,0,0,0,0,0,0,0,0,0
base-0.7,T0149,1,length,925,0,0,0,0,0,0,0,0,0,0,0,0,0,0,0
base-0.7,T0150,1,stop,350,0,0,0,0,0,0,0,0,0,0,0,0,0,0,0
base-0.7,T0151,1,length,818,0,0,0,0,0,0,0,0,0,0,0,0,0,0,0
base-0.7,T0152,1,stop,488,0,0,0,0,0,0,0,0,0,0,0,0,0,0,0
base-0.7,T0153,1,stop,456,0,0,0,0,0,0,0,0,0,0,0,0,0,0,0
base-0.7,T0154,1,stop,757,0,0,0,0,0,0,0,0,0,0,0,0,0,0,0
base-0.7,T0155,1,stop,536,0,0,0,0,0,0,0,0,0,0,0,0,0,0,0
base-0.7,T0156,1,length,741,0,0,0,0,0,0,0,0,0,0,0,0,0,0,0
base-0.7,T0157,1,stop,606,0,0,0,0,0,0,0,0,0,0,0,0,0,0,0
base-0.7,T0158,1,stop,633,0,0,0,0,0,0,0,0,0,0,0,0,0,0,0
base-0.7,T0159,1,stop,754,0,0,0,0,0,0,0,0,0,0,0,0,0,0,0
base-0.7,T0160,1,stop,379,0,0,0,0,0,0,0,0,0,0,0,0,0,0,0
base-0.7,T0161,1,length,787,0,0,0,0,0,0,0,0,0,0,0,0,0,0,0
base-0.7,T0162,1,stop,560,0,0,0,0,0,0,0,0,0,0,0,0,0,0,0
base-0.7,T0163,1,length,838,0,0,0,0,0,0,0,0,0,0,0,0,0,0,0
base-0.7,T0164,1,stop,538,0,0,0,0,0,0,1,0,0,0,0,0,0,0,0
base-0.7,T0165,1,stop,521,0,0,0,0,0,0,0,0,0,0,0,0,0,0,0
base-0.7,T0166,1,stop,510,0,0,0,0,0,0,0,0,0,0,0,0,0,0,0
base-0.7,T0167,1,stop,841,0,0,0,0,0,0,0,0,0,0,0,0,0,0,0
base-0.7,T0168,1,stop,635,0,0,0,0,0,0,0,0,0,0,0,0,0,0,0
base-0.7,T0169,1,stop,663,0,0,0,0,0,0,0,0,0,0,0,0,0,0,0
base-0.7,T0170,1,length,898,0,0,0,0,0,0,0,0,0,0,0,0,0,0,0
base-0.7,T0171,1,stop,295,0,0,0,0,0,0,0,0,0,0,0,0,0,0,0
base-0.7,T0172,1,stop,250,0,0,0,0,0,0,0,0,0,0,0,0,0,0,0
base-0.7,T0173,1,length,807,0,0,0,0,0,0,1,0,1,0,0,0,0,0,0
base-0.7,T0174,1,stop,354,0,0,0,0,0,0,0,0,0,0,0,0,0,0,0
base-0.7,T0175,1,stop,453,0,0,0,0,0,0,0,0,0,0,0,0,0,0,0
base-0.7,T0176,1,stop,717,0,0,0,0,0,0,0,0,0,0,0,0,0,0,0
base-0.7,T0177,1,stop,541,0,0,0,0,0,0,0,0,0,0,0,0,0,0,0
base-0.7,T0178,1,stop,312,0,0,0,0,0,0,0,0,0,0,0,0,0,0,0
base-0.7,T0179,1,stop,173,0,0,0,0,0,0,0,0,0,0,0,0,0,0,0
base-0.7,T0180,1,stop,644,0,0,0,0,0,0,0,0,0,0,0,0,0,0,0
base-0.7,T0181,1,stop,554,0,0,0,0,0,0,0,0,0,0,0,0,0,0,0
base-0.7,T0182,1,stop,278,0,0,0,0,0,0,0,0,0,0,0,0,0,0,0
base-0.7,T0183,1,length,817,0,0,0,0,0,0,0,0,0,0,0,0,0,0,0
base-0.7,T0184,1,stop,567,0,0,0,0,0,0,0,0,0,0,0,0,0,0,0
base-0.7,T0185,1,stop,497,0,0,0,0,0,0,0,0,0,0,0,0,0,0,0
base-0.7,T0186,1,stop,499,0,0,0,0,0,0,0,0,0,0,0,0,0,0,0
base-0.7,T0187,1,stop,595,0,0,0,0,0,0,0,0,0,0,0,0,0,0,0
base-0.7,T0188,1,stop,579,0,0,0,0,0,0,0,0,0,0,0,0,0,0,0
base-0.7,T0189,1,stop,515,0,0,0,0,0,0,0,0,0,0,0,0,0,0,0
base-0.7,T0190,1,stop,618,0,0,0,0,0,0,0,0,0,0,0,0,0,0,0
base-0.7,T0191,1,stop,553,0,0,0,0,0,0,0,0,0,0,0,0,0,0,0
base-0.7,T0192,1,stop,536,0,0,0,0,0,0,2,0,0,0,0,0,0,0,0
base-0.7,T0193,1,stop,554,0,0,0,0,0,0,0,0,0,0,0,0,0,0,0
base-0.7,T0194,1,length,782,0,0,0,0,0,0,0,0,1,0,0,0,0,0,0
base-0.7,T0195,1,stop,411,0,0,0,0,0,0,0,0,0,0,0,0,0,0,0
base-0.7,T0196,1,stop,321,0,0,0,0,0,0,0,0,0,0,0,0,0,0,0
base-0.7,T0197,1,stop,682,0,0,0,0,0,0,0,0,0,0,0,0,0,0,0
base-0.7,T0198,1,stop,780,0,0,0,0,0,0,0,0,0,0,0,0,0,0,0
base-0.7,T0199,1,stop,687,0,0,0,0,0,0,0,0,0,0,0,0,0,0,0
base-0.7,T0200,1,stop,163,0,0,0,0,0,0,0,0,0,0,0,0,0,0,0
base-0.7,T0201,1,length,820,0,0,0,0,0,0,0,0,0,0,0,0,0,0,0
base-0.7,T0202,1,stop,711,0,0,0,0,0,0,0,0,0,0,0,0,0,0,0
base-0.7,T0203,1,length,798,0,0,0,0,0,0,0,0,0,0,0,0,0,0,0
base-0.7,T0204,1,stop,644,0,0,0,0,0,0,0,0,0,0,0,0,0,0,0
base-0.7,T0205,1,stop,190,0,0,0,0,0,0,0,0,0,0,0,0,0,0,0
base-0.7,T0206,1,stop,517,0,0,0,0,0,0,0,0,0,0,0,0,0,0,0
base-0.7,T0207,1,stop,764,0,0,0,0,0,0,0,0,0,0,0,0,0,0,0
base-0.7,T0208,1,length,878,0,0,0,0,0,0,0,0,0,0,0,0,0,0,0
base-0.7,T0209,1,stop,655,0,0,0,0,0,0,0,0,0,0,0,0,0,0,0
base-0.7,T0210,1,length,918,0,0,0,0,0,0,0,0,0,0,0,0,0,0,0
base-0.7,T0211,1,length,705,0,0,0,0,0,0,0,0,0,0,0,0,0,0,0
base-0.7,T0212,1,stop,645,0,0,0,0,0,0,0,0,0,0,0,0,0,0,0
base-0.7,T0213,1,stop,564,0,0,0,0,0,0,0,0,0,0,0,0,0,0,0
base-0.7,T0214,1,length,788,0,0,0,0,0,0,0,0,0,0,0,0,0,0,0
base-0.7,T0215,1,length,786,0,0,0,0,0,0,0,0,0,0,0,0,0,0,0
base-0.7,T0216,1,stop,642,0,0,0,0,0,0,0,0,0,0,0,0,0,0,0
base-0.7,T0217,1,stop,636,0,0,0,0,0,0,0,0,2,0,0,0,0,0,0
base-0.7,T0218,1,stop,390,0,0,0,0,0,0,0,0,0,0,0,0,0,0,0
base-0.7,T0219,1,stop,320,0,0,0,0,0,0,0,0,0,0,0,0,0,0,0
base-0.7,T0220,1,length,840,0,0,0,0,0,0,0,0,0,0,0,0,0,0,0
base-0.7,T0221,1,stop,495,0,0,0,0,0,0,0,0,0,0,0,0,0,0,0
base-0.7,T0222,1,stop,545,0,0,0,0,0,0,0,0,0,0,0,0,0,0,0
base-0.7,T0223,1,stop,553,0,0,0,0,0,0,0,0,0,0,0,0,0,0,0
base-0.7,T0224,1,stop,176,0,0,0,0,0,0,0,0,0,0,0,0,0,0,0
base-0.7,T0225,1,stop,18,0,0,0,0,0,0,0,0,0,0,0,0,0,0,0
base-0.7,T0226,1,stop,494,0,0,0,0,0,0,0,0,0,0,0,0,0,0,0
base-0.7,T0227,1,stop,241,0,0,0,0,0,0,0,0,0,0,0,0,0,0,0
base-0.7,T0228,1,stop,562,0,0,0,0,0,0,1,0,0,0,0,0,0,0,0
base-0.7,T0229,1,stop,190,0,0,0,0,0,0,0,0,0,0,0,0,0,0,0
base-0.7,T0230,1,stop,10,0,0,0,0,0,0,0,0,0,0,0,0,0,0,0
base-0.7,T0231,1,length,845,0,0,0,0,0,0,0,0,0,0,0,0,0,0,0
base-0.7,T0232,1,length,737,0,0,0,0,0,0,0,0,0,0,0,0,0,0,0
base-0.7,T0233,1,stop,665,0,0,0,0,0,0,0,0,0,0,0,0,0,0,0
base-0.7,T0234,1,stop,23,0,0,0,0,0,0,0,0,0,0,0,0,0,0,0
base-0.7,T0235,1,length,788,0,0,0,0,0,0,0,0,0,0,0,0,0,0,0
base-0.7,T0236,1,stop,849,0,0,0,0,0,0,0,0,0,0,0,0,0,0,0
base-0.7,T0237,1,stop,593,0,0,0,0,0,0,0,1,0,0,0,0,0,0,0
base-0.7,T0238,1,stop,416,0,0,0,0,0,0,0,0,0,0,0,0,0,0,0
base-0.7,T0239,1,length,806,0,0,0,0,0,0,0,0,0,0,0,0,0,0,0
base-0.7,T0240,1,stop,413,0,0,0,0,0,0,0,0,0,0,0,0,0,0,0
base-0.7,T0241,1,stop,493,0,0,0,0,0,0,0,0,0,0,0,0,0,0,0
base-0.7,T0242,1,length,876,0,0,0,0,0,0,0,0,0,0,0,0,0,0,0
base-0.7,T0243,1,stop,697,0,0,0,0,0,0,0,0,0,0,0,0,0,0,0
base-0.7,T0244,1,stop,602,0,0,0,0,0,0,0,0,0,0,0,0,0,0,0
base-0.7,T0245,1,stop,346,0,0,0,0,0,0,0,0,0,0,0,0,0,0,0
base-0.7,T0246,1,stop,733,0,0,0,0,0,0,0,0,0,0,0,0,0,0,0
base-0.7,T0247,1,stop,519,0,0,0,0,0,0,1,0,0,0,0,0,0,0,0
base-0.7,T0248,1,length,873,0,0,0,0,0,0,0,0,0,0,0,0,0,0,0
base-0.7,T0249,1,stop,691,0,0,0,0,0,0,0,0,0,0,0,0,0,0,0
base-0.7,T0250,1,stop,705,0,0,0,0,0,0,0,0,0,0,0,0,0,0,0
base-0.7,T0251,1,length,894,0,0,0,0,0,0,0,0,0,0,0,0,0,0,0
base-0.7,T0252,1,length,842,0,0,0,0,0,0,0,0,0,0,0,0,0,0,0
base-0.7,T0253,1,length,812,0,0,0,0,0,0,0,0,1,0,0,0,0,0,0
base-0.7,T0254,1,stop,596,0,0,0,0,0,0,0,0,0,0,0,0,0,0,0
base-0.7,T0255,1,stop,500,0,0,0,0,0,0,0,0,0,0,0,0,0,0,0
base-0.7,T0256,1,stop,591,0,0,0,0,0,0,0,0,0,0,0,0,0,0,0
base-0.7,T0257,1,stop,468,0,0,0,0,0,0,0,0,0,0,0,0,0,0,0
base-0.7,T0258,1,stop,594,0,0,0,0,0,0,0,0,0,0,0,0,0,0,0
base-0.7,T0259,1,length,789,0,0,0,0,0,0,0,0,0,0,0,0,0,0,0
base-0.7,T0260,1,length,819,0,0,0,0,0,0,1,0,0,0,0,0,0,0,0
base-0.7,T0261,1,stop,430,0,0,0,0,0,0,0,0,0,0,0,0,0,0,0
base-0.7,T0262,1,stop,556,0,0,0,0,0,0,0,0,0,0,0,0,0,0,0
base-0.7,T0263,1,stop,704,0,0,0,0,0,0,0,0,0,0,0,0,0,0,0
base-0.7,T0264,1,stop,446,0,0,0,0,0,0,0,0,0,0,0,0,0,0,0
base-0.7,T0265,1,stop,580,0,0,0,0,0,0,1,0,0,0,0,0,0,0,0
base-0.7,T0266,1,stop,669,0,0,0,0,0,0,0,0,0,0,0,0,0,0,0
base-0.7,T0267,1,length,780,0,0,0,0,0,0,0,0,0,0,0,0,0,0,0
base-0.7,T0268,1,length,863,0,0,0,0,0,0,0,0,0,0,0,0,0,0,0
base-0.7,T0269,1,length,882,0,0,0,0,0,0,0,0,0,0,0,0,0,0,0
base-0.7,T0270,1,stop,510,0,0,0,0,0,0,0,0,0,0,0,0,0,0,0
base-0.7,T0271,1,stop,167,0,0,0,0,0,0,0,0,0,0,0,0,0,0,0
base-0.7,T0272,1,stop,614,0,0,0,0,0,0,0,0,0,0,0,0,0,0,0
base-0.7,T0273,1,stop,551,0,0,0,0,0,0,0,0,0,0,0,0,0,0,0
base-0.7,T0274,1,stop,434,0,0,0,0,0,0,0,0,0,0,0,0,0,0,0
base-0.7,T0275,1,stop,335,0,0,0,0,0,0,0,0,0,0,0,0,0,0,0
base-0.7,T0276,1,stop,634,0,0,0,0,0,0,0,0,0,0,0,0,0,0,0
base-0.7,T0277,1,stop,511,0,0,0,0,0,0,0,0,0,0,0,0,0,0,0
base-0.7,T0278,1,stop,485,0,0,0,0,0,0,0,0,0,0,0,0,0,0,0
base-0.7,T0279,1,length,747,0,0,0,0,0,0,0,0,0,0,0,0,0,0,0
base-0.7,T0280,1,length,728,0,0,0,0,0,0,0,0,0,0,0,0,0,0,0
base-0.7,T0281,1,stop,448,0,0,0,0,0,0,0,0,0,0,0,0,0,0,0
base-0.7,T0282,1,length,781,0,0,0,0,0,0,0,0,0,0,0,0,0,0,0
base-0.7,T0283,1,stop,149,0,0,0,0,0,0,0,0,0,0,0,0,0,0,0
base-0.7,T0284,1,stop,498,0,0,0,0,0,0,0,0,0,0,0,0,0,0,0
base-0.7,T0285,1,length,863,0,0,0,0,0,0,0,0,0,0,0,0,0,0,0
base-0.7,T0286,1,stop,580,0,0,0,0,0,0,0,0,0,0,0,0,0,0,0
base-0.7,T0287,1,length,898,0,0,0,0,0,0,0,0,0,0,0,0,0,0,0
base-0.7,T0288,1,stop,465,0,0,0,0,0,0,0,0,0,0,0,0,0,0,0
base-0.7,T0289,1,stop,642,0,0,0,0,0,0,0,0,0,0,0,0,0,0,0
base-0.7,T0290,1,length,818,0,0,0,0,0,0,0,0,0,0,0,0,0,0,0
base-0.7,T0291,1,stop,137,0,0,0,0,0,0,0,0,0,0,0,0,0,0,0
base-0.7,T0292,1,stop,614,0,0,0,0,0,0,0,1,0,0,0,0,0,0,0
base-0.7,T0293,1,stop,560,0,0,0,0,0,0,0,0,0,0,0,0,0,0,0
base-0.7,T0294,1,stop,622,0,0,0,0,0,0,0,0,0,0,0,0,0,0,0
base-0.7,T0295,1,stop,738,0,0,0,0,0,0,0,0,0,0,0,0,0,0,0
base-0.7,T0296,1,stop,760,0,0,0,0,0,0,0,0,0,0,0,0,0,0,0
base-0.7,T0297,1,stop,281,0,0,0,0,0,0,0,0,0,0,0,0,0,0,0
base-0.7,T0298,1,stop,330,0,0,0,0,0,0,0,0,0,0,0,0,0,0,0
base-0.7,T0299,1,length,729,0,0,0,0,0,0,0,0,0,0,0,0,0,0,0
base-0.7,T0300,1,stop,567,0,0,0,0,0,0,2,0,2,0,0,0,0,0,0
base-0.7,T0301,1,stop,544,0,0,0,0,0,0,0,0,0,0,0,0,0,0,0
base-0.7,T0302,1,stop,409,0,0,0,0,0,0,0,0,0,0,0,0,0,0,0
base-0.7,T0303,1,stop,88,0,0,0,0,0,0,0,0,0,0,0,0,0,0,0
base-0.7,T0304,1,stop,396,0,0,0,0,0,0,0,0,0,0,0,0,0,0,0
base-0.7,T0305,1,stop,678,0,0,0,0,0,0,0,0,0,0,0,0,0,0,0
base-0.7,T0306,1,stop,485,0,0,0,0,0,0,0,0,0,0,0,0,0,0,0
base-0.7,T0307,1,stop,310,0,0,0,0,0,0,0,0,0,0,0,0,0,0,0
base-0.7,T0308,1,stop,415,0,0,0,0,0,0,0,0,0,0,0,0,0,0,0
base-0.7,T0309,1,stop,518,0,0,0,0,0,0,0,0,0,0,0,0,0,0,0
base-0.7,T0310,1,length,820,0,0,0,0,0,0,0,0,0,0,0,0,0,0,0
base-0.7,T0311,1,length,711,0,0,0,0,0,0,0,0,0,0,0,0,0,0,0
base-0.7,T0312,1,stop,398,0,0,0,0,0,0,0,0,0,0,0,0,0,0,0
base-0.7,T0313,1,length,857,0,0,0,0,0,0,0,0,0,0,0,0,0,0,0
base-0.7,T0314,1,length,877,0,0,0,0,0,0,0,1,0,0,0,0,0,0,0
base-0.7,T0315,1,stop,538,0,0,0,0,0,0,0,0,0,0,0,0,0,0,0
base-0.7,T0316,1,stop,474,0,0,0,0,0,0,0,0,0,0,0,0,0,0,0
base-0.7,T0317,1,stop,513,0,0,0,0,0,0,0,0,0,0,0,0,0,0,0
base-0.7,T0318,1,stop,684,0,0,0,0,0,0,0,1,0,0,0,0,0,0,0
base-0.7,T0319,1,length,796,0,0,0,0,0,0,0,0,0,0,0,0,0,0,0
base-0.7,T0320,1,stop,667,0,0,0,0,0,0,0,0,0,0,0,0,0,0,0
base-0.7,T0321,1,stop,643,0,0,0,0,0,0,0,0,0,0,0,0,0,0,0
base-0.7,T0322,1,stop,583,0,0,0,0,0,0,0,0,0,0,0,0,0,0,0
base-0.7,T0323,1,stop,543,0,0,0,0,0,0,0,0,0,0,0,0,0,0,0
base-0.7,T0324,1,stop,458,0,0,0,0,0,0,0,0,0,0,0,0,0,0,0
base-0.7,T0325,1,length,771,0,0,0,0,0,0,0,0,0,0,0,0,0,0,0
base-0.7,T0326,1,length,873,0,0,0,0,0,0,0,0,0,0,0,0,0,0,0
base-0.7,T0327,1,stop,525,0,0,0,0,0,0,0,0,0,0,0,0,0,0,0
base-0.7,T0328,1,stop,512,0,0,0,0,0,0,0,0,0,0,0,0,0,0,0
base-0.7,T0329,1,length,843,0,0,0,0,0,0,0,0,0,0,0,0,0,0,0
base-0.7,T0330,1,stop,504,0,0,0,0,0,0,0,0,0,0,0,0,0,0,0
base-0.7,T0331,1,stop,392,0,0,0,0,0,0,0,0,0,0,0,0,0,0,0
base-0.7,T0332,1,stop,372,0,0,0,0,0,0,0,0,0,0,0,0,0,0,0
base-0.7,T0333,1,length,815,0,0,0,0,0,0,0,0,0,0,0,0,0,0,0
base-0.7,T0334,1,length,783,0,0,0,0,0,0,0,0,0,0,0,0,0,0,0
base-0.7,T0335,1,stop,564,0,0,0,0,0,0,1,0,0,0,0,0,0,0,0
base-0.7,T0336,1,length,889,0,0,0,0,0,0,0,0,0,0,0,0,0,0,0
base-0.7,T0337,1,length,807,0,0,0,0,0,0,0,0,0,0,0,0,0,0,0
base-0.7,T0338,1,stop,680,0,0,0,0,0,0,0,0,0,0,0,0,0,0,0
base-0.7,T0339,1,length,833,0,0,0,0,0,0,0,0,0,0,0,0,0,0,0
base-0.7,T0340,1,stop,407,0,0,0,0,0,0,0,0,0,0,0,0,0,0,0
base-0.7,T0341,1,stop,640,0,0,0,0,0,0,0,0,0,0,0,0,0,0,0
base-0.7,T0342,1,stop,700,0,0,0,0,0,0,0,0,0,0,0,0,0,1,0
base-0.7,T0343,1,length,785,0,0,0,0,0,0,0,0,0,0,0,0,0,0,0
base-0.7,T0344,1,stop,87,0,0,0,0,0,0,0,0,0,0,0,0,0,0,0
base-0.7,T0345,1,stop,610,0,0,0,0,0,0,0,0,0,0,0,0,0,0,0
base-0.7,T0346,1,stop,645,0,0,0,0,0,0,0,0,0,0,0,0,0,0,0
base-0.7,T0347,1,length,864,0,0,0,0,0,0,0,0,0,0,0,0,0,0,0
base-0.7,T0348,1,stop,483,0,0,0,0,0,0,0,0,0,0,0,0,0,0,0
base-0.7,T0349,1,stop,514,0,0,0,0,0,0,0,0,0,0,0,0,0,0,0
base-0.7,T0350,1,length,802,0,0,0,0,0,0,0,0,0,0,0,0,0,0,0
base-0.7,T0351,1,stop,449,0,0,0,0,0,0,0,0,0,0,0,0,0,0,0
base-0.7,T0352,1,length,817,1,0,0,0,0,0,0,0,0,0,0,0,0,0,0
base-0.7,T0353,1,stop,552,0,0,0,0,0,0,0,0,0,0,0,0,0,0,0
base-0.7,T0354,1,stop,643,0,0,0,0,0,0,2,0,0,0,0,0,0,0,0
base-0.7,T0355,1,stop,519,0,0,0,0,0,0,0,0,0,0,0,0,0,0,0
base-0.7,T0356,1,stop,636,0,0,0,0,0,0,0,0,0,0,0,0,0,0,0
base-0.7,T0357,1,length,906,0,0,0,0,0,0,0,0,0,0,0,0,0,0,0
base-0.7,T0358,1,stop,167,0,0,0,0,0,0,0,0,0,0,0,0,0,0,0
base-0.7,T0359,1,length,857,0,0,0,0,0,0,0,0,0,0,0,0,0,0,0
base-0.7,T0360,1,stop,724,0,0,0,0,0,0,0,0,0,0,0,0,0,0,0
base-0.7,T0361,1,stop,800,0,0,0,0,0,0,0,0,0,0,0,0,1,0,0
base-0.7,T0362,1,stop,126,0,0,0,0,0,0,0,0,0,0,0,0,0,0,0
base-0.7,T0363,1,length,850,0,0,0,0,0,0,0,0,0,0,0,0,0,0,0
base-0.7,T0364,1,stop,726,0,0,0,0,0,0,0,0,0,0,0,0,0,0,0
base-0.7,T0365,1,length,724,0,0,0,0,0,0,0,0,1,0,0,0,0,0,0
base-0.7,T0366,1,stop,155,0,0,0,0,0,0,0,0,0,0,0,0,0,0,0
base-0.7,T0367,1,length,830,0,0,0,0,0,0,0,0,0,0,0,0,0,0,0
base-0.7,T0368,1,stop,473,0,0,0,0,0,0,0,0,0,0,0,0,0,0,0
base-0.7,T0369,1,stop,564,0,0,0,0,0,0,0,0,0,0,0,0,0,0,0
base-0.7,T0370,1,length,856,0,0,0,0,0,0,0,0,0,0,0,0,0,0,0
base-0.7,T0371,1,stop,504,0,0,0,0,0,0,0,0,0,0,0,0,0,0,0
base-0.7,T0372,1,length,870,0,0,0,0,0,0,0,0,0,0,0,0,0,0,0
base-0.7,T0373,1,length,802,0,0,0,0,0,0,0,0,0,0,0,0,0,0,0
base-0.7,T0374,1,stop,379,0,0,0,0,0,0,0,0,0,0,0,0,0,0,0
base-0.7,T0375,1,stop,430,0,0,0,0,0,0,0,0,0,0,0,0,0,0,0
base-0.7,T0376,1,stop,498,0,0,0,0,0,0,0,0,0,0,0,0,0,0,0
base-0.7,T0377,1,stop,665,0,0,0,0,0,0,0,0,0,0,0,0,0,0,0
base-0.7,T0378,1,stop,229,0,0,0,0,0,0,0,0,0,0,0,0,0,0,0
base-0.7,T0379,1,stop,537,0,0,0,0,0,0,0,0,0,0,0,0,0,0,0
base-0.7,T0380,1,length,834,0,0,0,0,0,0,0,0,0,0,0,0,0,0,0
base-0.7,T0381,1,stop,310,0,0,0,0,0,0,0,0,0,0,0,0,0,0,0
base-0.7,T0382,1,stop,593,0,0,0,0,0,0,0,0,0,0,0,0,0,0,0
base-0.7,T0383,1,length,804,0,0,2,0,0,0,0,0,0,0,0,0,0,0,0
base-0.7,T0384,1,length,473,0,0,0,0,0,0,0,0,0,0,0,0,0,0,0
base-0.7,T0385,1,stop,494,0,0,0,0,0,0,0,0,0,0,0,0,0,0,0
base-0.7,T0386,1,stop,168,0,0,0,0,0,0,0,0,0,0,0,0,0,0,0
base-0.7,T0387,1,length,932,0,0,0,0,0,0,0,0,0,0,0,0,0,0,0
base-0.7,T0388,1,stop,409,0,0,0,0,0,0,0,0,0,0,0,0,0,0,0
base-0.7,T0389,1,stop,453,0,0,0,0,0,0,0,0,0,0,0,0,0,0,0
base-0.7,T0390,1,stop,511,0,0,0,0,0,0,0,0,0,0,0,0,0,0,0
base-0.7,T0391,1,stop,323,0,0,0,0,0,0,0,0,0,0,0,0,0,0,0
base-0.7,T0392,1,stop,592,0,0,0,0,0,0,0,0,0,0,0,0,0,0,0
base-0.7,T0393,1,length,688,0,0,0,0,0,0,0,0,0,0,0,0,0,0,0
base-0.7,T0394,1,stop,400,0,0,0,0,0,0,0,0,0,0,0,0,0,0,0
base-0.7,T0395,1,stop,536,0,0,0,0,0,0,0,0,0,0,0,0,0,0,0
base-0.7,T0396,1,stop,691,0,0,0,0,0,0,0,0,0,0,0,0,0,0,0
base-0.7,T0397,1,stop,579,0,0,0,0,0,0,0,0,0,0,0,0,0,0,0
base-0.7,T0398,1,length,786,0,0,0,0,0,0,0,0,0,0,0,0,0,0,0
base-0.7,T0399,1,stop,515,0,0,0,0,0,0,0,0,0,0,0,0,0,0,0
base-0.7,T0400,1,stop,719,0,0,0,0,0,0,0,0,0,0,0,0,0,0,0
base-0.7,T0401,1,length,939,0,0,0,0,0,0,0,0,0,0,0,0,3,0,0
base-0.7,T0402,1,length,813,0,0,0,0,0,0,0,0,0,0,0,0,0,0,0
base-0.7,T0403,1,stop,654,0,0,0,0,0,0,0,0,0,0,0,0,0,0,0
base-0.7,T0404,1,stop,545,0,0,0,0,0,0,0,0,0,0,0,0,0,0,0
base-0.7,T0405,1,stop,431,0,0,0,0,0,0,0,0,0,0,0,0,0,0,0
base-0.7,T0406,1,stop,540,0,0,0,0,0,0,0,0,0,0,0,0,0,0,0
base-0.7,T0407,1,length,859,0,0,0,0,0,0,0,0,0,0,0,0,0,0,0
base-0.7,T0408,1,length,772,0,0,0,0,0,0,0,0,0,0,0,0,0,0,0
base-0.7,T0409,1,stop,566,0,0,0,0,0,0,0,0,0,0,0,0,0,0,0
base-0.7,T0410,1,stop,412,0,0,0,0,0,0,0,0,0,0,0,0,0,0,0
base-0.7,T0411,1,stop,802,0,0,0,0,0,0,0,0,0,1,0,0,0,0,0
base-0.7,T0412,1,stop,425,0,0,0,0,0,0,0,0,0,0,0,0,0,0,0
base-0.7,T0413,1,length,615,0,0,0,0,0,0,0,0,0,0,0,0,0,0,0
base-0.7,T0414,1,length,879,0,0,0,0,0,0,0,0,0,0,0,0,0,0,0
base-0.7,T0415,1,stop,469,0,0,0,0,0,0,0,0,0,0,0,0,0,0,0
base-0.7,T0416,1,stop,672,0,0,0,0,0,0,0,0,0,0,0,0,0,0,0
base-0.7,T0417,1,length,857,0,0,0,0,0,0,0,0,0,0,0,0,0,0,0
base-0.7,T0418,1,stop,678,0,0,0,0,0,0,0,0,0,0,0,0,0,0,0
base-0.7,T0419,1,stop,420,0,0,0,0,0,0,0,0,0,0,0,0,0,0,0
base-0.7,T0420,1,stop,480,0,0,0,0,0,0,0,0,0,0,0,0,0,0,0
base-0.7,T0421,1,stop,455,0,0,0,0,0,0,0,0,0,0,0,0,0,0,0
base-0.7,T0422,1,length,827,0,0,0,0,0,0,0,0,0,0,0,0,0,0,0
base-0.7,T0423,1,length,808,0,0,0,0,0,0,0,0,0,0,0,0,0,0,0
base-0.7,T0424,1,stop,611,0,0,0,0,0,0,0,0,0,0,0,0,0,0,0
base-0.7,T0425,1,length,495,0,0,0,0,0,0,0,0,0,0,0,0,0,0,0
base-0.7,T0426,1,stop,407,0,0,0,0,0,0,0,0,0,0,0,0,0,0,0
base-0.7,T0427,1,length,732,0,0,0,0,0,0,0,0,0,0,0,0,0,0,0
base-0.7,T0428,1,stop,542,0,0,0,0,0,0,0,0,0,0,0,0,0,0,0
base-0.7,T0429,1,length,778,0,0,0,0,0,0,0,0,0,0,0,0,0,0,0
base-0.7,T0430,1,stop,244,0,0,0,0,0,0,0,0,0,0,0,0,0,0,0
base-0.7,T0431,1,stop,426,0,0,0,0,0,0,0,0,0,0,0,0,0,0,0
base-0.7,T0432,1,stop,632,0,0,0,0,0,0,0,0,0,0,0,0,0,0,0
base-0.7,T0433,1,stop,383,0,0,0,0,0,0,0,0,0,0,0,0,0,0,0
base-0.7,T0434,1,stop,466,0,0,0,0,0,0,0,0,0,0,0,0,0,0,0
base-0.7,T0435,1,stop,575,0,0,0,0,0,0,0,0,0,0,0,0,0,0,0
base-0.7,T0436,1,stop,428,0,0,0,0,0,0,0,0,0,0,0,0,0,0,0
base-0.7,T0437,1,length,779,0,0,0,0,0,0,0,0,0,0,0,0,0,0,0
base-0.7,T0438,1,stop,620,0,0,0,0,0,0,0,0,0,0,0,0,0,0,0
base-0.7,T0439,1,stop,380,0,0,0,0,0,0,0,0,0,0,0,0,0,0,0
base-0.7,T0440,1,stop,359,0,0,0,0,0,0,0,0,0,0,0,0,0,0,0
base-0.7,T0441,1,stop,435,0,0,0,0,0,0,0,0,0,0,0,0,0,0,0
base-0.7,T0442,1,stop,479,0,0,0,0,0,0,0,0,0,0,0,0,0,0,0
base-0.7,T0443,1,stop,497,0,0,0,0,0,0,0,0,0,0,0,0,0,0,0
base-0.7,T0444,1,stop,508,0,0,0,0,0,0,0,0,0,0,0,0,0,0,0
base-0.7,T0445,1,stop,355,0,0,0,0,0,0,0,0,0,0,0,0,0,0,0
base-0.7,T0446,1,stop,557,0,0,0,0,0,0,0,0,0,0,0,0,0,0,0
base-0.7,T0447,1,stop,480,0,0,0,0,0,0,0,0,0,0,0,0,0,0,0
base-0.7,T0448,1,stop,411,0,0,0,0,0,0,0,0,0,0,0,0,0,0,0
base-0.7,T0449,1,stop,504,0,0,0,0,0,0,0,0,0,0,0,0,0,0,0
base-0.7,T0450,1,length,814,0,0,0,0,0,0,0,0,0,0,0,0,0,0,0
base-0.7,T0451,1,stop,521,0,0,0,0,0,0,0,0,0,0,0,0,0,0,0
base-0.7,T0452,1,stop,686,0,0,0,0,0,0,0,0,0,0,0,0,0,0,0
base-0.7,T0453,1,stop,539,0,0,0,0,0,0,0,0,0,0,0,0,0,0,0
base-0.7,T0454,1,stop,470,0,0,0,0,0,0,0,0,0,0,0,0,0,0,0
base-0.7,T0455,1,stop,527,0,0,0,0,0,0,0,0,0,0,0,0,0,0,0
base-0.7,T0456,1,stop,646,0,0,0,0,0,0,0,0,0,0,0,0,0,0,0
base-0.7,T0457,1,stop,283,0,0,0,0,0,0,0,0,0,0,0,0,0,0,0
base-0.7,T0458,1,stop,634,0,0,0,0,0,0,0,0,0,0,0,0,0,0,0
base-0.7,T0459,1,length,806,0,0,0,0,0,0,0,0,0,0,0,0,1,0,0
base-0.7,T0460,1,stop,297,0,0,0,0,0,0,0,0,0,0,0,0,0,0,0
base-0.7,T0461,1,length,786,0,0,0,0,0,0,0,0,0,0,0,0,0,0,0
base-0.7,T0462,1,length,878,0,0,0,0,0,0,0,0,0,0,0,0,0,0,0
base-0.7,T0463,1,stop,569,0,0,0,0,0,0,0,0,0,0,0,0,0,0,0
base-0.7,T0464,1,stop,497,0,0,0,0,0,0,0,0,0,0,0,0,0,0,0
base-0.7,T0465,1,length,846,0,0,0,0,0,0,0,0,0,0,0,0,0,0,0
base-0.7,T0466,1,stop,244,0,0,0,0,0,0,0,0,0,0,0,0,0,0,0
base-0.7,T0467,1,stop,752,0,0,0,0,0,0,0,0,0,0,0,0,0,0,0
base-0.7,T0468,1,stop,427,0,0,0,0,0,0,0,0,0,0,0,0,0,0,0
base-0.7,T0469,1,stop,141,0,0,0,0,0,0,0,0,0,0,0,0,0,0,0
base-0.7,T0470,1,stop,439,0,0,0,0,0,0,0,0,0,0,0,0,0,0,0
base-0.7,T0471,1,stop,605,0,0,0,0,0,0,0,0,0,0,0,0,0,0,0
base-0.7,T0472,1,length,717,0,0,0,0,0,0,0,0,0,0,0,0,0,0,0
base-0.7,T0473,1,length,811,0,0,0,0,0,0,0,0,0,1,0,0,0,0,0
base-0.7,T0474,1,stop,546,0,0,0,0,0,0,0,0,0,0,0,0,0,0,0
base-0.7,T0475,1,length,832,0,0,0,0,0,0,0,0,0,0,0,0,0,0,0
base-0.7,T0476,1,stop,495,0,0,0,0,0,0,0,0,0,0,0,0,0,0,0
base-0.7,T0477,1,length,890,0,0,0,0,0,0,0,0,0,0,0,0,0,0,0
base-0.7,T0478,1,stop,537,0,0,0,0,0,0,0,0,0,0,0,0,0,0,0
base-0.7,T0479,1,length,858,0,0,0,0,0,0,0,0,0,0,0,0,0,0,0
base-0.7,T0480,1,stop,661,0,0,0,0,0,0,0,0,0,0,0,0,0,0,0
base-0.7,T0481,1,stop,598,0,0,0,0,0,0,0,0,0,0,0,0,0,0,0
base-0.7,T0482,1,stop,402,0,0,0,0,0,0,0,0,0,0,0,0,0,0,0
base-0.7,T0483,1,length,888,0,0,0,0,0,0,0,0,0,0,0,0,0,0,0
base-0.7,T0484,1,stop,585,0,0,0,0,0,0,0,0,0,0,0,0,0,0,0
base-0.7,T0485,1,stop,240,0,0,0,0,0,0,0,0,0,0,0,0,0,0,0
base-0.7,T0486,1,stop,409,0,0,0,0,0,0,1,0,0,0,0,0,0,0,0
base-0.7,T0487,1,stop,68,0,0,0,0,0,0,0,0,0,0,0,0,0,0,0
base-0.7,T0488,1,length,826,0,0,0,0,0,0,0,0,0,0,0,0,0,0,0
base-0.7,T0489,1,length,824,0,0,0,0,0,0,0,0,0,0,0,0,0,0,0
base-0.7,T0490,1,stop,428,0,0,0,0,0,0,0,0,0,0,0,0,0,0,0
base-0.7,T0491,1,stop,706,0,0,0,0,0,0,0,0,0,0,0,0,0,0,0
base-0.7,T0492,1,stop,666,0,0,0,0,0,0,0,0,0,0,0,0,0,0,0
base-0.7,T0493,1,length,875,0,0,0,0,0,0,0,0,0,0,0,0,0,0,0
base-0.7,T0494,1,stop,753,0,0,0,0,0,0,0,0,0,0,0,0,0,0,0
base-0.7,T0495,1,stop,189,0,0,0,0,0,0,0,0,0,0,0,0,0,0,0
base-0.7,T0496,1,length,951,0,0,0,0,0,0,0,0,0,0,0,0,0,0,0
base-0.7,T0497,1,stop,454,0,0,0,0,0,0,1,0,1,0,0,0,0,0,0
base-0.7,T0498,1,stop,520,0,0,0,0,0,0,0,0,0,0,0,0,0,0,0
base-0.7,T0499,1,stop,612,0,0,0,0,0,0,0,0,0,0,0,0,0,0,0
base-0.7,T0500,1,stop,447,0,0,0,0,0,0,0,0,0,0,0,0,0,0,0
base-0.7,T0501,1,stop,624,0,0,0,0,0,0,0,0,0,0,0,0,0,0,0
base-0.7,T0502,1,stop,731,0,0,0,0,0,0,0,0,0,0,0,0,0,0,0
base-0.7,T0503,1,stop,750,0,0,0,0,0,0,0,0,0,0,0,0,0,0,0
base-0.7,T0504,1,stop,553,0,0,0,0,0,0,0,0,0,0,0,0,0,0,0
base-0.7,T0505,1,stop,496,0,0,0,0,0,0,0,0,0,0,0,0,0,0,0
base-0.7,T0506,1,stop,762,0,0,0,0,0,0,0,0,0,0,0,0,0,0,0
base-0.7,T0507,1,stop,10,0,0,0,0,0,0,0,0,0,0,0,0,0,0,0
base-0.7,T0508,1,length,906,0,0,0,0,0,0,0,0,0,0,0,0,0,0,0
base-0.7,T0509,1,stop,471,0,0,0,0,0,0,0,0,0,0,0,0,0,0,0
base-0.7,T0510,1,stop,160,0,0,0,0,0,0,0,0,0,0,0,0,0,0,0
base-0.7,T0511,1,stop,118,0,0,0,0,0,0,0,0,0,0,0,0,0,0,0
base-0.7,T0512,1,length,813,0,0,0,0,0,0,0,0,0,4,0,0,0,0,0
base-0.7,T0513,1,stop,600,0,0,0,0,0,0,0,0,0,0,0,0,0,0,0
base-0.7,T0514,1,stop,469,0,0,0,0,0,0,0,0,0,0,0,0,0,0,0
base-0.7,T0515,1,length,815,0,0,0,0,0,0,0,0,0,0,0,0,0,0,0
base-0.7,T0516,1,stop,728,0,0,0,0,0,0,0,0,0,0,0,0,0,0,0
base-0.7,T0517,1,stop,623,0,0,0,0,0,0,0,0,0,0,0,0,0,0,0
base-0.7,T0518,1,stop,621,0,0,0,0,0,0,0,0,0,0,0,0,0,0,0
base-0.7,T0519,1,stop,495,0,0,0,0,0,0,0,0,0,0,0,0,0,0,0
base-0.7,T0520,1,stop,428,0,0,0,0,0,0,0,0,0,0,0,0,0,0,0
base-0.7,T0521,1,stop,510,0,0,0,0,0,0,0,0,0,0,0,0,0,0,0
base-0.7,T0522,1,stop,471,0,0,0,0,0,0,0,0,0,0,0,0,0,0,0
base-0.7,T0523,1,length,775,0,0,0,0,0,0,0,0,0,0,0,0,0,0,0
base-0.7,T0524,1,stop,611,0,0,0,0,0,0,0,0,0,0,0,0,0,0,0
base-0.7,T0525,1,stop,604,0,0,0,0,0,0,0,0,0,0,0,0,0,0,0
base-0.7,T0526,1,stop,832,0,0,0,0,0,0,0,0,0,0,0,0,0,0,0
base-0.7,T0527,1,stop,563,0,0,0,0,0,0,0,0,0,0,0,0,0,0,0
base-0.7,T0528,1,length,877,0,0,0,0,0,0,0,0,0,0,0,0,0,0,0
base-0.7,T0529,1,stop,467,0,0,0,0,0,0,0,0,0,0,0,0,0,0,0
base-0.7,T0530,1,stop,370,0,0,0,0,0,0,0,0,0,0,0,0,0,0,0
base-0.7,T0531,1,stop,152,0,0,0,0,0,0,0,0,0,0,0,0,0,0,0
base-0.7,T0532,1,length,861,0,0,0,0,0,0,1,0,0,1,0,0,0,0,0
base-0.7,T0533,1,stop,601,0,0,0,0,0,0,0,0,0,0,0,0,0,0,0
base-0.7,T0534,1,stop,353,0,0,0,0,0,0,0,0,0,0,0,0,0,0,0
base-0.7,T0535,1,stop,509,0,0,0,0,0,0,0,0,0,0,0,0,0,0,0
base-0.7,T0536,1,length,879,0,0,0,0,0,0,0,0,0,0,0,0,0,0,0
base-0.7,T0537,1,stop,135,0,0,0,0,0,0,0,0,0,0,0,0,0,0,0
base-0.7,T0538,1,stop,491,0,0,0,0,0,0,0,0,0,0,0,0,0,0,0
base-0.7,T0539,1,stop,536,0,0,0,0,0,0,0,0,0,0,0,0,0,0,0
base-0.7,T0540,1,stop,466,0,0,0,0,0,0,0,0,0,0,0,0,0,0,0
base-0.7,T0541,1,stop,552,0,0,0,0,0,0,0,0,0,0,0,0,0,0,0
base-0.7,T0542,1,stop,776,0,0,0,0,0,0,0,1,0,0,0,0,0,0,0
base-0.7,T0543,1,stop,496,0,0,0,0,0,0,0,0,0,0,0,0,0,0,0
base-0.7,T0544,1,stop,532,0,0,0,0,0,0,0,0,0,0,0,0,0,0,0
base-0.7,T0545,1,stop,448,0,0,0,0,0,0,0,0,0,0,0,0,0,0,0
base-0.7,T0546,1,stop,398,0,0,0,0,0,0,0,0,0,0,0,0,0,0,0
base-0.7,T0547,1,stop,312,0,0,0,0,0,0,0,0,0,0,0,0,0,0,0
base-0.7,T0548,1,stop,480,0,0,0,0,0,0,0,0,0,0,0,0,0,0,0
base-0.7,T0549,1,length,876,0,0,0,0,0,0,0,0,0,0,0,0,0,0,0
base-0.7,T0550,1,length,780,0,0,0,0,0,0,0,0,0,0,0,0,0,0,0
base-0.7,T0551,1,stop,571,0,0,0,0,0,0,0,0,0,0,0,0,0,0,0
base-0.7,T0552,1,stop,634,0,0,0,0,0,0,0,0,0,0,0,0,1,0,0
base-0.7,T0553,1,stop,427,0,0,0,0,0,0,0,0,0,0,0,0,0,0,0
base-0.7,T0554,1,length,867,0,0,0,0,0,0,0,0,0,0,0,0,0,0,0
base-0.7,T0555,1,stop,502,0,0,0,0,0,0,0,0,0,0,0,0,0,0,0
base-0.7,T0556,1,stop,224,0,0,0,0,0,0,0,0,0,0,0,0,0,0,0
base-0.7,T0557,1,stop,388,0,0,0,0,0,0,0,0,0,0,0,0,0,0,0
base-0.7,T0558,1,length,863,0,0,0,0,0,0,0,0,0,0,0,0,0,0,0
base-0.7,T0559,1,length,851,0,0,0,0,0,0,0,0,0,0,0,0,0,0,0
base-0.7,T0560,1,stop,463,0,0,0,0,0,0,0,0,0,0,0,0,0,0,0
base-0.7,T0561,1,length,409,0,0,0,0,0,0,0,0,0,0,0,0,0,0,0
base-0.7,T0562,1,stop,495,0,0,0,0,0,0,0,0,0,0,0,0,0,0,0
base-0.7,T0563,1,stop,598,1,0,0,0,0,0,0,0,0,0,0,0,0,0,0
base-0.7,T0564,1,stop,29,0,0,0,0,0,0,0,0,0,0,0,0,0,0,0
base-0.7,T0565,1,stop,678,0,0,0,0,0,0,0,0,0,0,0,0,0,0,0
base-0.7,T0566,1,stop,440,0,0,0,0,0,0,0,0,0,0,0,0,0,0,0
base-0.7,T0567,1,stop,434,0,0,0,0,0,0,0,0,0,0,0,0,0,0,0
base-0.7,T0568,1,stop,667,0,0,0,0,0,0,0,0,0,0,0,0,0,0,0
base-0.7,T0569,1,length,811,0,0,0,0,0,0,0,0,0,0,0,0,0,0,0
base-0.7,T0570,1,length,728,0,0,0,0,0,0,0,0,0,0,0,0,0,0,0
base-0.7,T0571,1,length,767,0,0,0,0,0,0,0,0,0,0,0,0,0,0,0
base-0.7,T0572,1,stop,610,0,0,0,0,0,0,0,0,0,0,0,0,0,0,0
base-0.7,T0573,1,stop,403,0,0,0,0,0,0,0,0,0,0,0,0,0,0,0
base-0.7,T0574,1,length,891,0,0,0,0,0,0,0,0,0,1,0,0,0,0,0
base-0.7,T0575,1,length,786,0,0,0,0,0,0,0,0,0,0,0,0,0,0,0
base-0.7,T0576,1,stop,567,0,0,0,0,0,0,0,0,0,0,0,0,0,0,0
base-0.7,T0577,1,stop,534,0,0,0,0,0,0,0,0,0,0,0,0,0,0,0
base-0.7,T0578,1,stop,430,0,0,0,0,0,0,0,0,0,0,0,0,0,0,0
base-0.7,T0579,1,length,951,0,0,0,0,0,0,0,0,0,0,0,0,0,0,0
base-0.7,T0580,1,length,770,0,0,0,0,0,0,0,0,0,0,0,0,0,0,0
base-0.7,T0581,1,stop,123,0,0,0,0,0,0,0,0,0,0,0,0,0,0,0
base-0.7,T0582,1,length,827,0,0,1,0,0,0,0,0,0,0,0,0,0,0,0
base-0.7,T0583,1,stop,670,0,0,0,0,0,0,0,0,0,0,0,0,0,0,0
base-0.7,T0584,1,stop,231,0,0,0,0,0,0,0,0,0,0,0,0,0,0,0
base-0.7,T0585,1,stop,331,0,0,0,0,0,0,0,0,0,0,0,0,0,0,0
base-0.7,T0586,1,stop,546,0,0,0,0,0,0,0,0,0,0,0,0,0,0,0
base-0.7,T0587,1,length,778,0,0,0,0,0,0,0,0,0,0,0,0,0,0,0
base-0.7,T0588,1,length,810,0,0,0,0,0,0,0,0,0,0,0,0,0,0,0
base-0.7,T0589,1,stop,502,0,0,0,0,0,0,0,0,0,0,0,0,0,0,0
base-0.7,T0590,1,stop,381,0,0,0,0,0,0,0,0,0,0,0,0,0,0,0
base-0.7,T0591,1,stop,590,0,0,0,0,0,0,0,0,0,0,0,0,0,0,0
base-0.7,T0592,1,stop,498,0,0,0,0,0,0,0,0,0,0,0,0,0,0,0
base-0.7,T0593,1,stop,816,0,0,0,0,0,0,0,0,0,0,0,0,0,0,0
base-0.7,T0594,1,stop,137,0,0,0,0,0,0,0,0,0,0,0,0,0,0,0
base-0.7,T0595,1,length,903,0,0,0,0,0,0,0,0,0,0,0,0,0,0,0
base-0.7,T0596,1,stop,803,0,0,0,0,0,0,0,0,0,0,0,0,0,0,0
base-0.7,T0597,1,stop,541,0,0,0,0,0,0,0,0,0,0,0,0,0,0,0
base-0.7,T0598,1,stop,617,0,0,0,0,0,0,0,0,0,0,0,0,0,0,0
base-0.7,T0599,1,stop,397,0,0,0,0,0,0,0,0,0,0,0,0,0,0,0
base-0.7,T0600,1,stop,484,0,0,0,0,0,0,0,0,0,0,0,0,0,0,0
base-0.7,T0601,1,stop,455,0,0,0,0,0,0,0,0,0,0,0,0,2,0,0
base-0.7,T0602,1,stop,392,0,0,0,0,0,0,0,0,0,0,0,0,0,0,0
base-0.7,T0603,1,stop,711,0,0,0,0,0,0,0,0,0,0,0,0,0,0,0
base-0.7,T0604,1,length,835,0,0,0,0,0,0,0,0,0,0,0,0,0,0,0
base-0.7,T0605,1,length,836,0,0,0,0,0,0,0,0,0,0,0,0,0,0,0
base-0.7,T0606,1,length,585,0,0,0,0,0,0,0,0,0,0,0,0,0,0,0
base-0.7,T0607,1,length,0,0,0,0,0,0,0,0,0,0,0,0,0,0,0,0
base-0.7,T0608,1,stop,462,0,0,0,0,0,0,0,0,0,0,0,0,0,0,0
base-0.7,T0609,1,length,775,0,0,0,0,0,0,0,0,0,1,0,0,0,0,0
base-0.7,T0610,1,stop,579,0,0,0,0,0,0,0,0,0,0,0,0,0,0,0
base-0.7,T0611,1,length,878,0,0,0,0,0,0,0,0,0,0,0,0,0,0,0
base-0.7,T0612,1,stop,624,0,0,0,0,0,0,0,0,0,0,0,0,0,0,0
base-0.7,T0613,1,length,844,0,0,0,0,0,0,0,0,0,0,0,0,0,0,0
base-0.7,T0614,1,stop,763,0,0,0,0,0,0,0,0,0,0,0,0,0,0,0
base-0.7,T0615,1,length,844,0,0,0,0,0,0,0,0,2,0,0,0,0,0,0
base-0.7,T0616,1,length,758,0,0,0,0,0,0,0,0,0,0,0,0,0,0,0
base-0.7,T0617,1,length,787,0,0,0,0,0,0,0,0,0,0,0,0,0,0,0
base-0.7,T0618,1,stop,511,0,0,0,0,0,0,0,0,0,0,0,0,0,0,0
base-0.7,T0619,1,stop,624,0,0,0,0,0,0,0,0,0,0,0,0,0,0,0
base-0.7,T0620,1,stop,455,0,0,0,0,0,0,0,0,0,0,0,0,0,0,0
base-0.7,T0621,1,length,969,0,0,0,0,0,0,0,0,0,0,0,0,0,0,0
base-0.7,T0622,1,stop,338,0,0,0,0,0,0,0,0,0,0,0,0,0,0,0
base-0.7,T0623,1,stop,832,0,0,0,0,0,0,0,0,0,0,0,0,0,0,0
base-0.7,T0624,1,stop,502,0,0,0,0,0,0,0,0,0,0,0,0,0,0,0
base-0.7,T0625,1,stop,366,0,0,0,0,0,0,0,0,0,0,0,0,0,0,0
base-0.7,T0626,1,length,825,0,0,0,0,0,0,0,0,0,0,0,0,0,0,0
base-0.7,T0627,1,stop,600,0,0,0,0,0,0,0,0,0,0,0,0,0,0,0
base-0.7,T0628,1,stop,605,0,0,0,0,0,0,0,0,0,0,0,0,0,0,0
base-0.7,T0629,1,stop,559,0,0,0,0,0,0,0,0,0,0,0,0,0,0,0
base-0.7,T0630,1,stop,682,0,0,0,0,0,0,0,0,0,0,0,0,0,0,0
base-0.7,T0631,1,stop,736,0,0,0,0,0,0,0,0,0,0,0,0,0,0,0
base-0.7,T0632,1,stop,552,0,0,0,0,0,0,0,0,0,0,0,0,0,0,0
base-0.7,T0633,1,stop,461,0,0,0,0,0,0,0,0,0,0,0,0,0,0,0
base-0.7,T0634,1,stop,691,0,0,0,0,0,0,0,0,0,0,0,0,0,0,0
base-0.7,T0635,1,stop,690,0,0,0,0,0,0,0,0,0,0,0,0,0,0,0
base-0.7,T0636,1,length,791,0,0,0,0,0,0,0,0,0,0,0,0,0,0,0
base-0.7,T0637,1,length,884,0,0,0,0,0,0,0,0,0,0,0,0,0,0,0
base-0.7,T0638,1,stop,368,0,0,0,0,0,0,0,0,0,0,0,0,0,0,0
base-0.7,T0639,1,stop,776,0,0,0,0,0,0,0,0,0,0,0,0,0,0,0
base-0.7,T0640,1,stop,317,0,0,0,0,0,0,0,0,0,0,0,0,0,0,0
base-0.7,T0641,1,stop,250,0,0,0,0,0,0,0,0,0,0,0,0,0,0,0
base-0.7,T0642,1,stop,531,0,0,0,0,0,0,1,0,0,0,0,0,0,0,0
base-0.7,T0643,1,stop,432,0,0,0,0,0,0,0,0,0,0,0,0,0,0,0
base-0.7,T0644,1,stop,520,0,0,0,0,0,0,0,0,0,0,0,0,0,0,0
base-0.7,T0645,1,length,802,0,0,0,0,0,0,0,0,0,0,0,0,0,0,0
base-0.7,T0646,1,stop,519,0,0,0,0,0,0,0,0,0,0,0,0,0,0,0
base-0.7,T0647,1,stop,175,0,0,0,0,0,0,0,0,0,0,0,0,0,0,0
base-0.7,T0648,1,stop,573,0,0,0,0,0,0,0,0,0,0,0,0,0,0,0
base-0.7,T0649,1,length,790,0,0,0,0,0,0,0,0,0,0,0,0,0,0,0
base-0.7,T0650,1,stop,585,0,0,0,0,0,0,0,0,0,0,0,0,0,0,0
base-0.7,T0651,1,stop,560,0,0,0,0,0,0,0,0,1,0,0,0,0,0,0
base-0.7,T0652,1,length,443,0,0,0,0,0,0,0,0,0,0,0,0,0,0,0
base-0.7,T0653,1,stop,372,0,0,0,0,0,0,0,0,0,0,0,0,0,0,0
base-0.7,T0654,1,length,837,0,0,0,0,0,0,0,0,0,0,0,0,0,0,0
base-0.7,T0655,1,stop,363,0,0,0,0,0,0,0,0,0,0,0,0,0,0,0
base-0.7,T0656,1,stop,461,0,0,0,0,0,0,0,0,0,0,0,0,0,0,0
base-0.7,T0657,1,stop,415,0,0,0,0,0,0,0,0,0,0,0,0,0,0,0
base-0.7,T0658,1,stop,435,0,0,0,0,0,0,0,0,0,0,0,0,0,0,0
base-0.7,T0659,1,stop,575,0,0,0,0,0,0,0,0,0,0,0,0,0,0,0
base-0.7,T0660,1,stop,521,0,0,0,0,0,0,0,0,0,0,0,0,0,0,0
base-0.7,T0661,1,stop,447,0,0,0,0,0,0,0,0,0,0,0,0,0,0,0
base-0.7,T0662,1,stop,470,0,0,0,0,0,0,0,0,0,0,0,0,0,0,0
base-0.7,T0663,1,stop,606,0,0,0,0,0,0,0,0,0,0,0,0,0,0,0
base-0.7,T0664,1,stop,308,0,0,0,0,0,0,0,0,0,0,0,0,0,0,0
base-0.7,T0665,1,length,829,0,0,0,0,0,0,0,0,0,0,0,0,0,0,0
base-0.7,T0666,1,stop,529,0,0,0,0,0,0,0,0,0,0,0,0,0,0,0
base-0.7,T0667,1,stop,474,0,0,0,0,0,0,0,0,0,0,0,0,0,0,0
base-0.7,T0668,1,stop,500,0,0,0,0,0,0,0,1,0,0,0,0,0,0,0
base-0.7,T0669,1,length,884,0,0,0,0,0,0,0,0,0,0,0,0,0,0,0
base-0.7,T0670,1,length,938,0,0,0,0,0,0,0,0,0,0,0,0,0,0,0
base-0.7,T0671,1,length,863,0,0,0,0,0,0,0,0,0,0,0,0,0,0,0
base-0.7,T0672,1,stop,510,0,0,0,0,0,0,0,0,0,0,0,0,0,0,0
base-0.7,T0673,1,length,877,0,0,0,0,0,0,0,0,0,0,0,0,0,0,0
base-0.7,T0674,1,stop,515,0,0,0,0,0,0,0,0,0,0,0,0,0,0,0
base-0.7,T0675,1,length,870,0,0,0,0,0,0,0,0,0,0,0,0,0,0,0
base-0.7,T0676,1,stop,562,0,0,0,0,0,0,0,0,0,0,0,0,0,0,0
base-0.7,T0677,1,stop,434,0,0,0,0,0,0,0,0,0,0,0,0,0,0,0
base-0.7,T0678,1,stop,135,0,0,0,0,0,0,0,0,0,0,0,0,0,0,0
base-0.7,T0679,1,stop,414,0,0,0,0,0,0,0,0,0,0,0,0,0,0,0
base-0.7,T0680,1,length,850,0,0,0,0,0,0,0,0,1,0,0,0,0,0,0
base-0.7,T0681,1,length,861,0,0,0,0,0,0,0,0,0,0,0,0,0,0,0
base-0.7,T0682,1,stop,579,0,0,0,0,0,0,0,0,0,0,0,0,0,0,0
base-0.7,T0683,1,length,845,0,0,0,0,0,0,0,0,0,0,0,0,0,0,0
base-0.7,T0684,1,length,834,0,0,0,0,0,0,0,0,0,0,0,0,0,0,0
base-0.7,T0685,1,stop,211,0,0,0,0,0,0,0,0,0,0,0,0,0,0,0
base-0.7,T0686,1,stop,431,0,0,0,0,0,0,0,0,0,0,0,0,0,0,0
base-0.7,T0687,1,length,800,0,0,0,0,0,0,0,0,0,0,0,0,0,0,0
base-0.7,T0688,1,length,838,0,0,0,0,0,0,0,0,0,0,0,0,0,0,0
base-0.7,T0689,1,stop,611,0,0,0,0,0,0,0,0,0,0,0,0,0,0,0
base-0.7,T0690,1,length,804,0,0,0,0,0,0,0,0,0,0,0,0,0,0,0
base-0.7,T0691,1,stop,441,0,0,0,0,0,0,0,0,0,0,0,0,0,0,0
base-0.7,T0692,1,stop,651,0,0,0,0,0,0,0,0,0,0,0,0,0,0,0
base-0.7,T0693,1,length,841,0,0,0,0,0,0,0,0,0,0,0,0,0,0,0
base-0.7,T0694,1,stop,748,0,0,0,0,0,0,0,0,0,0,0,0,0,0,0
base-0.7,T0695,1,length,798,0,0,0,0,0,0,0,0,0,0,0,0,0,0,0
base-0.7,T0696,1,stop,434,0,0,0,0,0,0,1,0,0,0,0,0,1,0,0
base-0.7,T0697,1,length,838,0,0,0,0,0,0,0,1,0,0,0,0,0,0,0
base-0.7,T0698,1,stop,478,0,0,0,0,0,0,0,0,0,0,0,0,0,0,0
base-0.7,T0699,1,stop,158,0,0,0,0,0,0,0,0,0,0,0,0,0,0,0
base-0.7,T0700,1,stop,9,0,0,0,0,0,0,0,0,0,0,0,0,0,0,0
base-0.7,T0701,1,stop,227,0,0,0,0,0,0,0,0,0,0,0,0,0,0,0
base-0.7,T0702,1,stop,611,0,0,0,0,0,0,0,0,0,0,0,0,2,0,0
base-0.7,T0703,1,stop,546,0,0,0,0,0,0,0,0,0,0,0,0,0,0,0
base-0.7,T0704,1,length,826,0,0,0,0,0,0,0,0,0,0,0,0,0,0,0
base-0.7,T0705,1,length,758,0,0,0,0,0,0,0,0,0,0,0,0,0,0,0
base-0.7,T0706,1,stop,327,0,0,0,0,0,0,0,0,0,0,0,0,0,0,0
base-0.7,T0707,1,length,877,0,0,0,0,0,0,0,0,0,0,0,0,0,0,0
base-0.7,T0708,1,stop,513,0,0,0,0,0,0,0,0,0,0,0,0,0,0,0
base-0.7,T0709,1,stop,674,0,0,0,0,0,0,0,0,0,0,0,0,0,0,0
base-0.7,T0710,1,stop,554,0,0,0,0,0,0,0,0,0,0,0,0,0,0,0
base-0.7,T0711,1,length,826,0,0,0,0,0,0,0,0,0,0,0,0,0,0,0
base-0.7,T0712,1,length,941,0,0,0,0,0,0,0,0,0,0,0,0,0,0,0
base-0.7,T0713,1,stop,530,0,0,0,0,0,0,0,0,0,0,0,0,0,0,0
base-0.7,T0714,1,stop,434,0,0,0,0,0,0,0,0,0,0,0,0,0,0,0
base-0.7,T0715,1,length,752,0,0,0,0,0,0,0,0,0,0,0,0,0,0,0
base-0.7,T0716,1,length,898,0,0,0,0,0,0,0,0,0,0,0,0,0,0,0
base-0.7,T0717,1,stop,618,0,0,0,0,0,0,0,0,0,0,0,0,0,0,0
base-0.7,T0718,1,length,755,0,0,0,0,0,0,0,0,0,0,0,0,0,0,0
base-0.7,T0719,1,stop,763,0,0,0,0,0,0,0,0,0,0,0,0,0,0,0
base-0.7,T0720,1,length,770,0,0,0,0,0,0,0,0,0,0,0,0,0,0,0
base-0.7,T0721,1,length,823,0,0,0,0,0,0,0,0,1,0,0,0,0,0,0
base-0.7,T0722,1,stop,517,0,0,0,0,0,0,0,0,0,0,0,0,0,0,0
base-0.7,T0723,1,stop,498,0,0,0,0,0,0,0,0,0,0,0,0,0,0,0
base-0.7,T0724,1,stop,621,0,0,0,0,0,0,0,0,0,0,0,0,0,0,0
base-0.7,T0725,1,stop,541,0,0,0,0,0,0,0,0,0,0,0,0,0,0,0
base-0.7,T0726,1,stop,323,0,0,0,0,0,0,0,0,0,0,0,0,0,0,0
base-0.7,T0727,1,stop,373,0,0,0,0,0,0,0,0,0,0,0,0,0,0,0
base-0.7,T0728,1,stop,24,0,0,0,0,0,0,0,0,0,0,0,0,0,0,0
base-0.7,T0729,1,length,945,0,0,0,0,0,0,0,0,0,0,0,0,0,0,0
base-0.7,T0730,1,stop,368,0,0,0,0,0,0,0,0,0,0,0,0,0,0,0
base-0.7,T0731,1,length,813,0,0,0,0,0,0,0,0,1,0,0,0,0,0,0
base-0.7,T0732,1,length,820,0,0,0,0,0,0,0,0,0,0,0,0,0,0,0
base-0.7,T0733,1,length,769,0,0,0,0,0,0,0,0,0,0,0,0,0,0,0
base-0.7,T0734,1,stop,608,0,0,0,0,0,0,0,0,0,0,0,0,0,0,0
base-0.7,T0735,1,stop,470,0,0,0,0,0,0,0,0,0,0,0,0,0,0,0
base-0.7,T0736,1,length,924,0,0,0,0,0,0,0,0,0,0,0,0,0,0,0
base-0.7,T0737,1,length,808,0,0,0,0,0,0,0,0,0,0,0,0,0,0,0
base-0.7,T0738,1,stop,520,0,0,0,0,0,0,0,0,0,0,0,0,0,0,0
base-0.7,T0739,1,stop,350,0,0,0,0,0,0,0,0,0,0,0,0,0,0,0
base-0.7,T0740,1,stop,494,0,0,0,0,0,0,0,0,0,0,0,0,0,0,0
base-0.7,T0741,1,length,816,0,0,0,0,0,0,0,0,0,0,0,0,0,0,0
base-0.7,T0742,1,stop,655,0,0,0,0,0,0,0,0,0,0,0,0,0,0,0
base-0.7,T0743,1,stop,535,0,0,0,0,0,0,0,0,0,0,0,0,0,0,0
base-0.7,T0744,1,stop,314,0,0,0,0,0,0,0,0,0,0,0,0,0,0,0
base-0.7,T0745,1,stop,553,0,0,0,0,0,0,0,0,0,0,0,0,0,0,0
base-0.7,T0746,1,stop,235,0,0,0,0,0,0,0,0,0,0,0,0,0,0,0
base-0.7,T0747,1,stop,597,0,0,0,0,0,0,0,0,0,0,0,0,0,0,0
base-0.7,T0748,1,length,773,0,0,0,0,0,0,0,0,0,0,0,0,0,0,0
base-0.7,T0749,1,stop,552,0,0,0,0,0,0,0,0,0,0,0,0,0,0,0
base-0.7,T0750,1,stop,673,0,0,0,0,0,0,0,0,0,0,0,0,0,0,0
base-0.7,T0751,1,stop,459,0,0,0,0,0,0,0,0,0,0,0,0,0,0,0
base-0.7,T0752,1,stop,356,0,0,0,0,0,0,0,0,0,0,0,0,0,0,0
base-0.7,T0753,1,length,806,0,0,0,0,0,0,0,0,0,0,0,0,0,0,0
base-0.7,T0754,1,stop,557,0,0,0,0,0,0,0,0,0,0,0,0,0,0,0
base-0.7,T0755,1,stop,526,0,0,0,0,0,0,0,0,0,0,0,0,0,0,0
base-0.7,T0756,1,stop,156,0,0,0,0,0,0,0,0,0,0,0,0,0,0,0
base-0.7,T0757,1,stop,703,0,0,0,0,0,0,0,0,0,0,0,0,0,0,0
base-0.7,T0758,1,stop,344,0,0,0,0,0,0,0,0,0,0,0,0,0,0,0
base-0.7,T0759,1,stop,211,0,0,0,0,0,0,0,0,0,0,0,0,0,0,0
base-0.7,T0760,1,stop,712,0,0,0,0,0,0,0,0,0,0,0,0,0,0,0
base-0.7,T0761,1,stop,587,0,0,0,0,0,0,0,0,0,0,0,0,0,0,0
base-0.7,T0762,1,length,863,0,0,0,0,0,0,0,0,0,0,0,0,0,0,0
base-0.7,T0763,1,stop,497,0,0,0,0,0,0,0,0,0,0,0,0,0,0,0
base-0.7,T0764,1,stop,356,0,0,0,0,0,0,0,0,0,0,0,0,0,0,0
base-0.7,T0765,1,length,823,0,0,0,0,0,0,0,0,0,0,0,0,0,0,0
base-0.7,T0766,1,length,856,0,0,0,0,0,0,0,0,0,0,0,0,0,0,0
base-0.7,T0767,1,length,810,0,0,0,0,0,0,0,0,1,0,0,0,0,0,0
base-0.7,T0768,1,stop,31,0,0,0,0,0,0,0,0,0,0,0,0,0,0,0
base-0.7,T0769,1,stop,627,0,0,0,0,0,0,0,0,0,0,0,0,0,0,0
base-0.7,T0770,1,stop,491,0,0,0,0,0,0,0,0,0,0,0,0,0,0,0
base-0.7,T0771,1,stop,422,0,0,0,0,0,0,0,0,0,0,0,0,0,0,0
base-0.7,T0772,1,stop,539,0,0,0,0,0,0,0,0,0,0,0,0,0,0,0
base-0.7,T0773,1,length,894,0,0,0,0,0,0,0,0,0,0,0,0,0,0,0
base-0.7,T0774,1,stop,609,0,0,0,0,0,0,0,0,0,1,0,0,0,0,0
base-0.7,T0775,1,stop,444,0,0,0,0,0,0,0,0,0,0,0,0,0,0,0
base-0.7,T0776,1,stop,688,0,0,0,0,0,0,0,0,0,0,0,0,0,0,0
base-0.7,T0777,1,stop,201,0,0,0,0,0,0,0,0,0,0,0,0,0,0,0
base-0.7,T0778,1,length,345,0,0,0,0,0,0,0,0,0,0,0,0,0,0,0
base-0.7,T0779,1,length,778,0,0,0,0,0,0,0,0,0,0,0,0,0,0,0
base-0.7,T0780,1,stop,481,0,0,0,0,0,0,0,0,0,0,0,0,0,0,0
base-0.7,T0781,1,stop,114,0,0,0,0,0,0,0,0,0,0,0,0,0,0,0
base-0.7,T0782,1,stop,585,0,0,0,0,0,0,0,0,0,0,0,0,0,0,0
base-0.7,T0783,1,stop,437,0,0,0,0,0,0,0,0,0,0,0,0,0,0,0
base-0.7,T0784,1,length,842,0,0,0,0,0,0,0,0,0,0,0,0,0,0,0
base-0.7,T0785,1,length,464,0,0,0,0,0,0,0,0,0,0,0,0,0,0,0
base-0.7,T0786,1,stop,484,0,0,0,0,0,0,0,0,0,0,0,0,0,0,0
base-0.7,T0787,1,length,855,0,0,0,0,0,0,0,0,0,0,0,0,0,0,0
base-0.7,T0788,1,stop,484,0,0,0,0,0,0,0,0,0,0,0,0,0,0,0
base-0.7,T0789,1,stop,446,0,0,0,0,0,0,0,0,0,0,0,0,0,0,0
base-0.7,T0790,1,stop,335,0,0,0,0,0,0,0,0,0,0,0,0,0,0,0
base-0.7,T0791,1,stop,369,0,0,0,0,0,0,0,0,0,0,0,0,0,0,0
base-0.7,T0792,1,length,796,0,0,0,0,0,0,0,0,2,0,0,0,0,0,0
base-0.7,T0793,1,stop,815,0,0,0,0,0,0,0,0,0,0,0,0,0,0,0
base-0.7,T0794,1,stop,518,0,0,0,0,0,0,0,0,0,0,0,0,0,0,0
base-0.7,T0795,1,stop,534,0,0,0,0,0,0,0,0,0,0,0,0,0,0,0
base-0.7,T0796,1,stop,525,0,0,0,0,0,0,0,0,0,0,0,0,0,0,0
base-0.7,T0797,1,stop,319,0,0,0,0,0,0,1,0,0,0,0,0,0,0,0
base-0.7,T0798,1,stop,502,0,0,0,0,0,0,0,0,0,0,0,0,0,0,0
base-0.7,T0799,1,stop,741,0,0,0,0,0,0,1,0,0,0,0,0,0,0,0
base-0.7,T0800,1,length,839,0,0,0,0,0,0,0,0,0,0,0,0,0,0,0
base-0.7,T0801,1,stop,704,0,0,0,0,0,0,0,0,0,0,0,0,0,0,0
base-0.7,T0802,1,length,876,0,0,0,0,0,0,0,0,0,0,0,0,0,0,0
base-0.7,T0803,1,stop,493,0,0,0,0,0,0,0,0,0,0,0,0,0,0,0
base-0.7,T0804,1,stop,621,0,0,0,0,0,0,0,0,0,0,0,0,0,0,0
base-0.7,T0805,1,stop,437,0,0,0,0,0,0,0,0,0,0,0,0,0,0,0
base-0.7,T0806,1,stop,63,0,0,0,0,0,0,0,0,0,0,0,0,0,0,0
base-0.7,T0807,1,length,756,0,0,0,0,0,0,0,0,0,0,0,0,0,0,0
base-0.7,T0808,1,stop,711,0,0,0,0,0,0,0,0,0,0,0,0,0,0,0
base-0.7,T0809,1,stop,461,0,0,0,0,0,0,0,0,0,0,0,0,0,0,0
base-0.7,T0810,1,stop,561,0,0,0,0,0,0,0,0,0,0,0,0,0,0,0
base-0.7,T0811,1,stop,526,0,0,0,0,0,0,0,0,0,0,0,0,0,0,0
base-0.7,T0812,1,stop,596,0,0,0,0,0,0,0,0,0,0,0,0,0,0,0
base-0.7,T0813,1,stop,491,0,0,0,0,0,0,0,0,0,0,0,0,0,0,0
base-0.7,T0814,1,stop,88,0,0,0,0,0,0,0,0,0,0,0,0,0,0,0
base-0.7,T0815,1,stop,410,0,0,0,0,0,0,0,0,0,0,0,0,0,0,0
base-0.7,T0816,1,stop,303,0,0,0,0,0,0,0,0,0,0,0,0,0,0,0
base-0.7,T0817,1,stop,750,0,0,0,0,0,0,0,0,0,0,0,0,0,0,0
base-0.7,T0818,1,stop,481,0,0,0,0,0,0,0,0,0,0,0,0,0,0,0
base-0.7,T0819,1,length,852,0,0,0,0,0,0,0,0,0,0,0,0,0,0,0
base-0.7,T0820,1,stop,572,0,0,0,0,0,0,0,1,0,0,0,0,0,0,0
base-0.7,T0821,1,stop,758,0,0,0,0,0,0,0,0,0,0,0,0,0,0,0
base-0.7,T0822,1,stop,458,0,0,0,0,0,0,0,0,0,0,0,0,0,0,0
base-0.7,T0823,1,stop,141,0,0,0,0,0,0,0,0,0,0,0,0,0,0,0
base-0.7,T0824,1,stop,487,0,0,0,0,0,0,0,0,0,0,0,0,0,0,0
base-0.7,T0825,1,length,866,0,0,0,0,0,0,0,0,0,0,0,0,0,0,0
base-0.7,T0826,1,length,763,0,0,0,0,0,0,0,0,0,0,0,0,0,0,0
base-0.7,T0827,1,length,833,0,0,0,0,0,0,0,0,0,0,0,0,0,0,0
base-0.7,T0828,1,stop,558,0,0,0,0,0,0,0,0,1,0,0,0,0,0,0
base-0.7,T0829,1,length,501,0,0,0,0,0,0,0,0,0,0,0,0,0,0,0
base-0.7,T0830,1,stop,343,0,0,0,0,0,0,0,0,0,0,0,0,0,0,0
base-0.7,T0831,1,length,897,0,0,0,0,0,0,0,0,0,0,0,0,0,0,0
base-0.7,T0832,1,length,887,0,0,0,0,0,0,0,0,0,0,0,0,0,0,0
base-0.7,T0833,1,stop,645,0,0,0,0,0,0,0,0,0,0,0,0,0,0,0
base-0.7,T0834,1,stop,498,0,0,0,0,0,0,0,0,0,0,0,0,0,0,0
base-0.7,T0835,1,stop,366,0,0,0,0,0,0,0,0,0,0,0,0,0,0,0
base-0.7,T0836,1,stop,400,0,0,0,0,0,0,0,0,0,0,0,0,0,0,0
base-0.7,T0837,1,stop,498,0,0,0,0,0,0,0,0,0,0,0,0,0,0,0
base-0.7,T0838,1,stop,555,0,0,0,0,0,0,0,0,1,0,0,0,0,0,0
base-0.7,T0839,1,stop,557,0,0,0,0,0,0,0,0,0,0,0,0,0,0,0
base-0.7,T0840,1,stop,612,0,0,0,0,0,0,0,0,0,0,0,0,0,0,0
base-0.7,T0841,1,stop,492,0,0,0,0,0,0,0,0,0,0,0,0,0,0,0
base-0.7,T0842,1,length,816,0,0,0,0,0,0,0,0,0,0,0,0,0,0,0
base-0.7,T0843,1,stop,808,0,0,0,0,0,0,0,0,0,0,0,0,0,0,0
base-0.7,T0844,1,stop,364,0,0,0,0,0,0,0,0,0,0,0,0,0,0,0
base-0.7,T0845,1,stop,247,0,0,0,0,0,0,0,0,0,0,0,0,0,0,0
base-0.7,T0846,1,stop,489,0,0,0,0,0,0,0,0,0,0,0,0,0,0,0
base-0.7,T0847,1,stop,295,0,0,0,0,0,0,0,0,0,0,0,0,0,0,0
base-0.7,T0848,1,stop,222,0,0,0,0,0,0,0,0,0,0,0,0,0,0,0
base-0.7,T0849,1,stop,649,0,0,0,0,0,0,0,0,0,0,0,0,0,0,0
base-0.7,T0850,1,stop,673,0,0,0,0,0,0,0,0,1,0,0,0,0,0,0
base-0.7,T0851,1,stop,453,0,0,0,0,0,0,0,0,0,0,0,0,0,0,0
base-0.7,T0852,1,stop,814,0,0,0,0,0,0,0,0,0,0,0,0,0,0,0
base-0.7,T0853,1,length,869,0,0,0,0,0,0,0,0,0,0,0,0,0,0,0
base-0.7,T0854,1,stop,591,0,0,0,0,0,0,1,0,0,0,0,0,0,0,0
base-0.7,T0855,1,stop,474,0,0,0,0,0,0,0,0,0,0,0,0,0,0,0
base-0.7,T0856,1,stop,743,0,0,0,0,0,0,0,0,0,0,0,0,0,0,0
base-0.7,T0857,1,stop,483,0,0,0,0,0,0,0,0,0,0,0,0,0,0,0
base-0.7,T0858,1,stop,531,0,0,0,0,0,0,0,0,0,0,0,0,0,0,0
base-0.7,T0859,1,length,914,0,0,0,0,0,0,0,0,0,0,0,0,0,0,0
base-0.7,T0860,1,length,920,0,0,0,0,0,0,0,0,0,0,0,0,0,0,0
base-0.7,T0861,1,stop,422,0,0,0,0,0,0,0,0,0,0,0,0,0,0,0
base-0.7,T0862,1,stop,635,0,0,0,0,0,0,0,0,0,0,0,0,0,0,0
base-0.7,T0863,1,stop,634,0,0,0,0,0,0,0,0,0,0,0,0,0,0,0
base-0.7,T0864,1,length,850,0,0,0,0,0,0,0,0,0,0,0,0,0,0,0
base-0.7,T0865,1,length,755,0,0,0,0,0,0,0,0,0,0,0,0,0,0,0
base-0.7,T0866,1,stop,546,0,0,0,0,0,0,0,0,0,0,0,0,0,0,0
base-0.7,T0867,1,stop,538,0,0,0,0,0,0,0,0,0,0,0,0,0,0,0
base-0.7,T0868,1,stop,420,0,0,0,0,0,0,0,0,0,0,0,0,0,0,0
base-0.7,T0869,1,length,576,0,0,0,0,0,0,0,0,0,0,0,0,0,0,0
base-0.7,T0870,1,stop,226,0,0,0,0,0,0,0,0,0,0,0,0,0,0,0
base-0.7,T0871,1,stop,320,0,0,0,0,0,0,0,0,0,0,0,0,0,0,0
base-0.7,T0872,1,stop,475,0,0,0,0,0,0,0,0,0,0,0,0,0,0,0
base-0.7,T0873,1,length,828,0,0,0,0,0,0,0,0,1,0,0,0,0,0,0
base-0.7,T0874,1,length,851,0,0,0,0,0,0,0,0,0,0,0,0,0,0,0
base-0.7,T0875,1,stop,396,0,0,0,0,0,0,0,0,0,0,0,0,0,0,0
base-0.7,T0876,1,stop,569,0,0,0,0,0,0,0,0,0,0,0,0,0,0,0
base-0.7,T0877,1,stop,688,0,0,0,0,0,0,0,0,0,0,0,0,0,0,0
base-0.7,T0878,1,stop,320,0,0,0,0,0,0,0,0,0,0,0,0,0,0,0
base-0.7,T0879,1,stop,106,0,0,0,0,0,0,0,0,0,0,0,0,0,0,0
base-0.7,T0880,1,stop,573,0,0,0,0,0,0,0,0,0,0,0,0,0,0,0
base-0.7,T0881,1,stop,648,0,0,0,0,0,0,0,0,0,0,0,0,0,0,0
base-0.7,T0882,1,stop,439,0,0,0,0,0,0,0,0,0,0,0,0,0,0,0
base-0.7,T0883,1,stop,415,0,0,0,0,0,0,0,0,0,0,0,0,0,0,0
base-0.7,T0884,1,stop,557,0,0,0,0,0,0,0,0,0,0,0,0,0,0,0
base-0.7,T0885,1,stop,471,0,0,0,0,0,0,0,0,0,0,0,0,0,0,0
base-0.7,T0886,1,stop,752,0,0,0,0,0,0,0,0,0,0,0,0,0,0,0
base-0.7,T0887,1,length,909,0,0,0,0,0,0,0,0,0,0,0,0,0,0,0
base-0.7,T0888,1,stop,453,0,0,0,0,0,0,0,0,0,0,0,0,0,0,0
base-0.7,T0889,1,stop,683,0,0,0,0,0,0,0,0,0,0,0,0,0,0,0
base-0.7,T0890,1,stop,721,0,0,0,0,0,0,0,0,0,0,0,0,0,0,0
base-0.7,T0891,1,length,895,0,0,0,0,0,0,0,0,0,0,0,0,0,0,0
base-0.7,T0892,1,stop,467,0,0,0,0,0,0,0,0,0,0,0,0,0,0,0
base-0.7,T0893,1,stop,333,0,0,0,0,0,0,0,0,0,0,0,0,0,0,0
base-0.7,T0894,1,stop,449,0,0,0,0,0,0,0,0,0,0,0,0,1,1,0
base-0.7,T0895,1,stop,652,0,0,0,0,0,0,0,0,0,0,0,0,0,0,0
base-0.7,T0896,1,stop,718,0,0,1,0,0,0,0,0,0,0,0,0,0,0,0
base-0.7,T0897,1,stop,542,0,0,0,0,0,0,0,0,0,0,0,0,0,0,0
base-0.7,T0898,1,stop,605,0,0,0,0,0,0,0,0,0,0,0,0,0,0,0
base-0.7,T0899,1,stop,427,0,0,0,0,0,0,0,0,0,0,0,0,0,0,0
base-0.7,T0900,1,stop,575,0,0,0,0,0,0,0,0,0,0,0,0,0,0,0
base-0.7,T0901,1,stop,618,0,0,0,0,0,0,0,0,0,0,0,0,0,0,0
base-0.7,T0902,1,stop,504,0,0,0,0,0,0,0,0,0,0,0,0,0,0,0
base-0.7,T0903,1,stop,34,0,0,0,0,0,0,0,0,0,0,0,0,0,0,0
base-0.7,T0904,1,stop,729,0,0,0,0,0,0,0,0,0,0,0,0,0,0,0
base-0.7,T0905,1,stop,544,0,0,0,0,0,0,0,0,0,0,0,0,0,0,0
base-0.7,T0906,1,stop,529,0,0,0,0,0,0,0,0,0,0,0,0,0,0,0
base-0.7,T0907,1,stop,530,0,0,0,0,0,0,0,0,0,0,0,0,0,0,0
base-0.7,T0908,1,stop,579,0,0,0,0,0,0,0,0,0,0,0,0,0,0,0
base-0.7,T0909,1,stop,378,0,0,0,0,0,0,0,0,0,0,0,0,0,0,0
base-0.7,T0910,1,length,830,0,0,0,0,0,0,0,0,0,0,0,0,0,0,0
base-0.7,T0911,1,stop,626,0,0,0,0,0,0,0,0,0,0,0,0,0,0,0
base-0.7,T0912,1,stop,484,0,0,0,0,0,0,0,0,0,0,0,0,0,0,0
base-0.7,T0913,1,stop,515,0,0,0,0,0,0,0,0,0,0,0,0,0,0,0
base-0.7,T0914,1,length,866,0,0,0,0,0,0,0,0,0,0,0,0,0,0,0
base-0.7,T0915,1,length,906,0,0,0,0,0,0,0,0,0,0,0,0,0,0,0
base-0.7,T0916,1,stop,291,0,0,0,0,0,0,0,0,0,0,0,0,0,0,0
base-0.7,T0917,1,stop,270,0,0,0,0,0,0,0,0,0,0,0,0,0,0,0
base-0.7,T0918,1,stop,535,0,0,0,0,0,0,0,0,0,0,0,0,0,0,0
base-0.7,T0919,1,stop,619,0,0,0,0,0,0,0,0,0,0,0,0,0,0,0
base-0.7,T0920,1,stop,454,0,0,0,0,0,0,0,0,0,0,0,0,0,0,0
base-0.7,T0921,1,stop,765,0,0,0,0,0,0,0,0,0,0,0,0,0,0,0
base-0.7,T0922,1,stop,524,0,0,0,0,0,0,0,0,0,0,0,0,0,0,0
base-0.7,T0923,1,stop,475,0,0,0,0,0,0,0,1,0,0,0,0,0,0,0
base-0.7,T0924,1,stop,428,0,0,0,0,0,0,0,0,0,0,0,0,0,0,0
base-0.7,T0925,1,length,869,0,0,0,0,0,0,0,0,0,0,0,0,0,0,0
base-0.7,T0926,1,stop,813,0,0,0,0,0,0,0,0,0,0,0,0,0,0,0
base-0.7,T0927,1,stop,496,1,0,0,0,0,0,0,0,0,0,0,0,2,0,0
base-0.7,T0928,1,stop,594,0,0,0,0,0,0,0,0,0,0,0,0,0,0,0
base-0.7,T0929,1,stop,579,0,0,0,0,0,0,0,0,0,0,0,0,0,0,0
base-0.7,T0930,1,stop,545,0,0,0,0,0,0,0,0,0,0,0,0,0,0,0
base-0.7,T0931,1,stop,525,0,0,0,0,0,0,0,0,0,0,0,0,0,0,0
base-0.7,T0932,1,stop,310,0,0,0,0,0,0,0,0,0,0,0,0,0,0,0
base-0.7,T0933,1,stop,376,0,0,0,0,0,0,0,0,0,0,0,0,0,0,0
base-0.7,T0934,1,stop,372,0,0,0,0,0,0,0,0,0,0,0,0,0,0,0
base-0.7,T0935,1,length,700,0,0,0,0,0,0,0,0,0,0,0,0,0,0,0
base-0.7,T0936,1,stop,546,0,0,0,0,0,0,0,0,0,0,0,0,0,0,0
base-0.7,T0937,1,stop,412,0,0,0,0,0,0,0,0,0,0,0,0,0,0,0
base-0.7,T0938,1,length,916,0,0,0,0,0,0,0,0,0,0,0,0,0,0,0
base-0.7,T0939,1,stop,447,0,0,0,0,0,0,0,0,0,0,0,0,0,0,0
base-0.7,T0940,1,stop,564,0,0,0,0,0,0,0,0,0,0,0,0,0,0,0
base-0.7,T0941,1,length,909,0,0,0,0,0,0,0,0,0,0,0,0,0,0,0
base-0.7,T0942,1,length,803,0,0,0,0,0,0,0,0,1,0,0,0,0,0,0
base-0.7,T0943,1,length,867,0,0,0,0,0,0,0,0,0,0,0,0,0,0,0
base-0.7,T0944,1,stop,403,0,0,0,0,0,0,0,0,0,0,0,0,0,0,0
base-0.7,T0945,1,stop,418,0,0,0,0,0,0,0,0,0,0,0,0,0,0,0
base-0.7,T0946,1,stop,363,0,0,0,0,0,0,0,0,0,0,0,0,0,0,0
base-0.7,T0947,1,stop,114,0,0,0,0,0,0,0,0,0,0,0,0,0,0,0
base-0.7,T0948,1,stop,119,0,0,0,0,0,0,0,0,0,0,0,0,0,0,0
base-0.7,T0949,1,stop,486,0,0,0,0,0,0,0,0,0,0,0,0,0,0,0
base-0.7,T0950,1,stop,606,0,0,0,0,0,0,0,0,0,0,0,0,0,0,0
base-0.7,T0951,1,length,786,0,0,0,0,0,0,0,0,0,0,0,0,0,0,0
base-0.7,T0952,1,length,780,0,0,0,0,0,0,0,0,0,0,0,0,0,0,0
base-0.7,T0953,1,stop,322,0,0,0,0,0,0,0,0,0,0,0,0,0,0,0
base-0.7,T0954,1,stop,171,0,0,0,0,0,0,0,0,0,0,0,0,0,0,0
base-0.7,T0955,1,stop,416,0,0,0,0,0,0,0,0,0,0,0,0,0,0,0
base-0.7,T0956,1,length,809,0,0,0,0,0,0,0,0,0,0,0,0,0,0,0
base-0.7,T0957,1,length,822,0,0,0,0,0,0,0,0,0,0,0,0,0,0,0
base-0.7,T0958,1,length,921,0,0,0,0,0,0,0,0,0,0,0,0,0,0,0
base-0.7,T0959,1,stop,580,0,0,0,0,0,0,0,0,0,0,0,0,0,0,0
base-0.7,T0960,1,stop,583,0,0,0,0,0,0,0,0,0,0,0,0,0,0,0
base-0.7,T0961,1,stop,450,0,0,0,0,0,0,0,0,0,0,0,0,0,0,0
base-0.7,T0962,1,stop,147,0,0,0,0,0,0,0,0,0,0,0,0,0,0,0
base-0.7,T0963,1,stop,640,0,0,0,0,0,0,0,0,0,0,0,0,0,0,0
base-0.7,T0964,1,stop,614,0,0,0,0,0,0,0,0,0,0,0,0,0,0,0
base-0.7,T0965,1,stop,538,0,0,0,0,0,0,0,0,0,0,0,0,0,0,0
base-0.7,T0966,1,stop,604,0,0,0,0,0,0,0,0,0,0,0,0,0,0,0
base-0.7,T0967,1,stop,713,0,0,0,0,0,0,0,0,0,0,0,0,0,0,0
base-0.7,T0968,1,stop,838,0,0,0,0,0,0,0,0,0,0,0,0,0,0,0
base-0.7,T0969,1,stop,789,0,0,0,0,0,0,0,0,0,0,0,0,0,0,0
base-0.7,T0970,1,stop,400,0,0,0,0,0,0,0,0,0,0,0,0,0,0,0
base-0.7,T0971,1,stop,421,0,0,0,0,0,0,0,0,0,0,0,0,0,0,0
base-0.7,T0972,1,length,808,0,0,0,0,0,0,0,0,0,0,0,0,0,0,0
base-0.7,T0973,1,stop,651,0,0,0,0,0,0,0,0,0,0,0,0,0,0,0
base-0.7,T0974,1,stop,645,0,0,0,0,0,0,0,0,0,0,0,0,0,0,0
base-0.7,T0975,1,stop,469,0,0,0,0,0,0,0,0,0,0,0,0,0,0,0
base-0.7,T0976,1,length,878,0,0,0,0,0,0,0,0,0,0,0,0,0,0,0
base-0.7,T0977,1,length,740,0,0,0,0,0,0,0,0,0,0,0,0,0,0,0
base-0.7,T0978,1,stop,855,0,0,0,0,0,0,0,0,0,0,0,0,0,0,0
base-0.7,T0979,1,stop,485,0,0,0,0,0,0,0,0,0,0,0,0,0,0,0
base-0.7,T0980,1,length,919,0,0,0,0,0,0,0,0,0,0,0,0,13,0,0
base-0.7,T0981,1,stop,463,0,0,0,0,0,0,0,0,0,0,0,0,0,0,0
base-0.7,T0982,1,stop,377,0,0,0,0,0,0,0,0,0,0,0,0,0,0,0
base-0.7,T0983,1,length,768,0,0,0,0,0,0,0,0,0,0,0,0,0,0,0
base-0.7,T0984,1,stop,274,0,0,0,0,0,0,0,0,0,0,0,0,0,0,0
base-0.7,T0985,1,length,893,0,0,0,0,0,0,0,0,0,0,0,0,0,0,0
base-0.7,T0986,1,stop,785,0,0,0,0,0,0,0,0,0,0,0,0,0,0,0
base-0.7,T0987,1,stop,528,0,0,0,0,0,0,0,0,0,0,0,0,0,0,0
base-0.7,T0988,1,stop,511,0,0,0,0,0,0,0,0,0,0,0,0,0,0,0
base-0.7,T0989,1,length,634,0,0,0,0,0,0,0,0,0,0,0,0,0,0,0
base-0.7,T0990,1,stop,594,0,0,0,0,0,0,0,0,0,0,0,0,0,0,0
base-0.7,T0991,1,length,802,0,0,0,0,0,0,0,0,0,0,0,0,0,0,0
base-0.7,T0992,1,stop,695,0,0,0,0,0,0,0,0,0,0,0,0,0,0,0
base-0.7,T0993,1,stop,103,0,0,0,0,0,0,0,0,0,0,0,0,0,0,0
base-0.7,T0994,1,stop,419,0,0,0,0,0,0,0,0,0,0,0,0,0,0,0
base-0.7,T0995,1,stop,734,0,0,0,0,0,0,0,0,0,0,0,0,0,0,0
base-0.7,T0996,1,stop,632,0,0,0,0,0,0,0,0,0,0,0,0,0,0,0
base-0.7,T0997,1,stop,486,0,0,0,0,0,0,0,0,0,0,0,0,0,0,0
base-0.7,T0998,1,stop,664,0,0,0,0,0,0,0,0,0,0,0,0,0,0,0
base-0.7,T0999,1,length,747,0,0,0,0,0,0,0,0,0,0,0,0,0,0,0
base-0.7,T1000,1,stop,362,0,0,0,0,0,0,0,0,0,0,0,0,0,0,0
base-0.7,T1001,1,stop,579,0,0,0,0,0,0,0,0,0,0,0,0,0,0,0
base-0.7,T1002,1,length,699,0,0,0,0,0,0,0,0,0,0,0,0,0,0,0
base-0.7,T1003,1,stop,380,0,0,0,0,0,0,0,0,0,0,0,0,0,0,0
base-0.7,T1004,1,stop,125,0,0,0,0,0,0,0,0,0,0,0,0,0,0,0
base-0.7,T1005,1,stop,531,0,0,0,0,0,0,0,0,0,0,0,0,0,0,0
base-0.7,T1006,1,stop,377,0,0,0,0,0,0,0,0,0,0,0,0,0,0,0
base-0.7,T1007,1,stop,699,0,0,0,0,0,0,0,0,0,0,0,0,0,0,0
base-0.7,T1008,1,stop,480,0,0,0,0,0,0,0,0,0,0,0,0,0,0,0
base-0.7,T1009,1,length,810,0,0,0,0,0,0,0,0,0,0,0,0,0,0,0
base-0.7,T1010,1,stop,477,0,0,0,0,0,0,0,0,0,0,0,0,0,0,0
base-0.7,T1011,1,length,886,0,0,0,0,0,0,0,0,0,0,0,0,0,0,0
base-0.7,T1012,1,stop,30,0,0,0,0,0,0,0,0,0,0,0,0,0,0,0
base-0.7,T1013,1,length,911,0,0,0,0,0,0,0,0,0,0,0,0,0,0,0
base-0.7,T1014,1,stop,525,0,0,0,0,0,0,1,0,0,0,0,0,0,0,0
base-0.7,T1015,1,stop,441,0,0,0,0,0,0,0,0,0,0,0,0,0,0,0
base-0.7,T1016,1,length,719,0,0,0,0,0,0,0,0,0,0,0,0,0,0,0
base-0.7,T1017,1,stop,629,0,0,0,0,0,0,0,0,0,0,0,0,0,0,0
base-0.7,T1018,1,stop,372,0,0,0,0,0,0,0,0,0,0,0,0,0,0,0
base-0.7,T1019,1,stop,509,0,0,0,0,0,0,0,0,0,0,0,0,0,0,0
base-0.7,T1020,1,stop,412,0,0,0,0,0,0,0,0,0,0,0,0,0,0,0
base-0.7,T1021,1,stop,629,0,0,0,0,0,0,0,0,0,0,0,0,0,0,0
base-0.7,T1022,1,stop,565,0,0,0,0,0,0,0,0,0,0,0,0,0,0,0
base-0.7,T1023,1,stop,457,0,0,0,0,0,0,0,0,0,0,0,0,0,0,0
base-0.7,T1024,1,stop,549,0,0,0,0,0,0,0,0,0,0,0,0,0,0,0
base-0.7,T1025,1,length,878,0,0,0,0,0,0,0,0,0,0,0,0,0,0,0
base-0.7,T1026,1,stop,565,0,0,0,0,0,0,0,0,0,0,0,0,0,0,0
base-0.7,T1027,1,length,841,0,0,0,0,0,0,0,0,0,0,0,0,0,0,0
base-0.7,T1028,1,stop,384,0,0,0,0,0,0,0,0,0,0,0,0,0,0,0
base-0.7,T1029,1,stop,468,0,0,0,0,0,0,0,0,0,0,0,0,0,0,0
base-0.7,T1030,1,stop,553,0,0,0,0,0,0,0,0,1,0,0,0,0,0,0
base-0.7,T1031,1,length,861,0,0,0,0,0,0,0,0,0,0,0,0,0,0,0
base-0.7,T1032,1,stop,380,0,0,0,0,0,0,0,0,0,0,0,0,0,0,0
base-0.7,T1033,1,stop,584,0,0,0,0,0,0,0,0,0,0,0,0,0,0,0
base-0.7,T1034,1,stop,785,0,0,0,0,0,0,0,0,0,0,0,0,0,0,0
base-0.7,T1035,1,stop,466,0,0,0,0,0,0,0,0,0,0,0,0,0,0,0
base-0.7,T1036,1,length,854,0,0,0,0,0,0,0,0,0,0,0,0,1,0,0
base-0.7,T1037,1,stop,432,0,0,0,0,0,0,0,0,0,0,0,0,0,0,0
base-0.7,T1038,1,stop,436,0,0,0,0,0,0,0,0,0,0,0,0,0,0,0
base-0.7,T1039,1,stop,728,0,0,0,0,0,0,0,0,0,0,0,0,0,0,0
base-0.7,T1040,1,stop,479,0,0,0,0,0,0,0,0,0,0,0,0,0,0,0
base-0.7,T1041,1,stop,693,0,0,0,0,0,0,0,0,0,0,0,0,0,0,0
base-0.7,T1042,1,stop,481,0,0,0,0,0,0,0,0,0,0,0,0,0,0,0
base-0.7,T1043,1,stop,596,0,0,0,0,0,0,1,0,0,0,0,0,0,0,0
base-0.7,T1044,1,stop,551,0,0,0,0,0,0,0,0,0,0,0,0,0,0,0
base-0.7,T1045,1,stop,696,0,0,0,0,0,0,0,0,2,0,0,0,0,0,0
base-0.7,T1046,1,length,743,0,0,0,0,0,0,0,0,0,0,0,0,0,0,0
base-0.7,T1047,1,stop,872,0,0,0,0,0,0,0,0,0,0,0,0,0,0,0
base-0.7,T1048,1,stop,424,0,0,0,0,0,0,0,0,0,0,0,0,0,0,0
base-0.7,T1049,1,stop,770,0,0,0,0,0,0,0,0,0,0,0,0,0,0,0
base-0.7,T1050,1,length,800,0,0,2,0,0,0,0,0,0,0,0,0,0,0,0
base-0.7,T1051,1,stop,168,0,0,0,0,0,0,0,0,0,0,0,0,0,0,0
base-0.7,T1052,1,stop,324,0,0,0,0,0,0,0,0,0,0,0,0,0,0,0
base-0.7,T1053,1,stop,639,0,0,0,0,0,0,0,0,0,0,0,0,0,0,0
base-0.7,T1054,1,stop,636,0,0,0,0,0,0,0,0,0,0,0,0,0,0,0
base-0.7,T1055,1,stop,465,0,0,0,0,0,0,0,0,0,0,0,0,0,0,0
base-0.7,T1056,1,length,782,0,0,0,0,0,0,0,0,2,0,0,0,0,0,0
base-0.7,T1057,1,stop,613,0,0,0,0,0,0,0,0,0,0,0,0,0,0,0
base-0.7,T1058,1,stop,740,0,0,0,0,0,0,0,0,0,0,0,0,0,0,0
base-0.7,T1059,1,length,883,0,0,0,0,0,0,0,0,0,0,0,0,0,0,0
base-0.7,T1060,1,length,873,0,0,0,0,0,0,0,0,0,0,0,0,0,0,0
base-0.7,T1061,1,stop,308,0,0,0,0,0,0,0,0,0,0,0,0,0,0,0
base-0.7,T1062,1,length,879,0,0,0,0,0,0,0,0,0,0,0,0,0,0,0
base-0.7,T1063,1,stop,663,0,0,0,0,0,0,0,0,0,0,0,0,0,0,0
base-0.7,T1064,1,stop,716,0,0,0,0,0,0,0,0,0,0,0,0,0,0,0
base-0.7,T1065,1,stop,561,0,0,0,0,0,0,0,0,0,0,0,0,0,0,0
base-0.7,T1066,1,stop,535,0,0,0,0,0,0,0,0,0,0,0,0,0,0,0
base-0.7,T1067,1,stop,496,0,0,0,0,0,0,0,0,0,0,0,0,0,0,0
base-0.7,T1068,1,length,509,0,0,0,0,0,0,0,0,0,0,0,0,0,0,0
base-0.7,T1069,1,stop,495,0,0,0,0,0,0,0,0,0,0,0,0,0,0,0
base-0.7,T1070,1,stop,705,0,0,0,0,0,0,0,0,0,0,0,0,0,0,0
base-0.7,T1071,1,stop,309,0,0,0,0,0,0,0,0,0,0,0,0,0,0,0
base-0.7,T1072,1,length,820,0,0,0,0,0,0,0,0,1,0,0,0,0,0,0
base-0.7,T1073,1,stop,627,0,0,0,0,0,0,0,0,0,0,0,0,0,0,0
base-0.7,T1074,1,stop,525,0,0,0,0,0,0,0,0,0,0,0,0,0,0,0
base-0.7,T1075,1,stop,541,0,0,0,0,0,0,0,0,0,0,0,0,0,0,0
base-0.7,T1076,1,length,851,0,0,0,0,0,0,0,0,0,0,0,0,0,0,0
base-0.7,T1077,1,stop,545,0,0,0,0,0,0,0,0,0,0,0,0,0,0,0
base-0.7,T1078,1,stop,469,0,0,0,0,0,0,0,0,0,0,0,0,0,0,0
base-0.7,T1079,1,stop,509,0,0,0,0,0,0,0,0,0,0,0,0,0,0,0
base-0.7,T1080,1,stop,626,0,0,0,0,0,0,0,0,0,0,0,0,0,0,0
base-0.7,T1081,1,stop,494,0,0,0,0,0,0,0,0,0,0,0,0,0,0,0
base-0.7,T1082,1,length,833,0,0,0,0,0,0,0,0,3,0,0,0,0,0,0
base-0.7,T1083,1,stop,592,0,0,0,0,0,0,0,0,0,0,0,0,0,0,0
base-0.7,T1084,1,stop,591,0,0,0,0,0,0,0,0,0,0,0,0,0,0,0
base-0.7,T1085,1,stop,618,0,0,0,0,0,0,0,0,0,0,0,0,0,0,0
base-0.7,T1086,1,stop,482,0,0,0,0,0,0,0,0,0,0,0,0,0,0,0
base-0.7,T1087,1,stop,683,0,0,0,0,0,0,0,0,0,0,0,0,0,0,0
base-0.7,T1088,1,stop,670,0,0,0,0,0,0,0,0,0,0,0,0,0,0,0
base-0.7,T1089,1,length,807,0,0,0,0,0,0,0,0,0,0,0,0,0,0,0
base-0.7,T1090,1,stop,440,0,0,0,0,0,0,0,0,0,0,0,0,0,0,0
base-0.7,T1091,1,length,775,0,0,0,0,0,0,1,0,0,0,0,0,0,0,0
base-0.7,T1092,1,stop,367,0,0,0,0,0,0,0,0,0,0,0,0,0,0,0
base-0.7,T1093,1,stop,433,0,0,0,0,0,0,0,0,0,0,0,0,0,0,0
base-0.7,T1094,1,stop,532,0,0,0,0,0,0,0,0,0,0,0,0,0,0,0
base-0.7,T1095,1,stop,797,0,0,0,0,0,0,0,0,0,0,0,0,0,0,0
base-0.7,T1096,1,stop,667,0,0,0,0,0,0,0,0,0,0,0,0,0,0,0
base-0.7,T1097,1,stop,588,0,0,0,0,0,0,0,0,0,0,0,0,0,0,0
base-0.7,T1098,1,stop,246,0,0,0,0,0,0,0,0,0,0,0,0,0,0,0
base-0.7,T1099,1,stop,473,0,0,0,0,0,0,0,0,0,0,0,0,0,0,0
base-0.7,T1100,1,stop,196,0,0,0,0,0,0,0,0,0,0,0,0,0,0,0
base-0.7,T1101,1,stop,715,0,0,0,0,0,0,0,0,0,0,0,0,0,0,0
base-0.7,T1102,1,stop,611,0,0,0,0,0,0,0,0,0,0,0,0,0,0,0
base-0.7,T1103,1,stop,698,0,0,0,0,0,0,0,0,0,0,0,0,0,0,0
base-0.7,T1104,1,stop,751,0,0,0,0,0,0,0,0,0,0,0,0,0,0,0
base-0.7,T1105,1,stop,684,0,0,0,0,0,0,0,0,0,0,0,0,0,0,0
base-0.7,T1106,1,stop,364,0,0,0,0,0,0,0,0,0,0,0,0,0,0,0
base-0.7,T1107,1,length,914,0,0,0,0,0,0,0,0,0,0,0,0,0,0,0
base-0.7,T1108,1,length,787,0,0,0,0,0,0,0,0,0,0,0,0,0,0,0
base-0.7,T1109,1,length,831,0,0,0,0,0,0,0,0,0,0,0,0,0,0,0
base-0.7,T1110,1,length,822,0,0,0,0,0,0,0,0,0,0,0,0,0,0,0
base-0.7,T1111,1,length,810,0,0,0,0,0,0,0,0,0,0,0,0,0,0,0
base-0.7,T1112,1,stop,448,0,0,0,0,0,0,0,0,0,0,0,0,0,0,0
base-0.7,T1113,1,stop,416,0,0,0,0,0,0,0,0,0,0,0,0,0,0,0
base-0.7,T1114,1,length,875,0,0,0,0,0,0,0,0,0,0,0,0,0,0,0
base-0.7,T1115,1,stop,462,0,0,0,0,0,0,0,0,0,0,0,0,0,0,0
base-0.7,T1116,1,length,856,0,0,0,0,0,0,0,0,0,0,0,0,0,0,0
base-0.7,T1117,1,stop,476,0,0,0,0,0,0,0,0,0,0,0,0,0,0,0
base-0.7,T1118,1,stop,402,0,0,0,0,0,0,0,0,0,0,0,0,0,0,0
base-0.7,T1119,1,stop,506,0,0,0,0,0,0,0,0,0,0,0,0,0,0,0
base-0.7,T1120,1,stop,612,0,0,0,0,0,0,0,0,0,0,0,0,0,0,0
base-0.7,T1121,1,stop,611,0,0,0,0,0,0,0,0,0,0,0,0,0,0,0
base-0.7,T1122,1,length,803,0,0,0,0,0,0,0,0,0,0,0,0,0,0,0
base-0.7,T1123,1,stop,662,0,0,0,0,0,0,0,0,0,0,0,0,0,0,0
base-0.7,T1124,1,stop,191,0,0,0,0,0,0,0,0,0,0,0,0,0,0,0
base-0.7,T1125,1,stop,402,0,0,0,0,0,0,0,0,0,0,0,0,0,0,0
base-0.7,T1126,1,stop,765,0,0,0,0,0,0,0,0,0,0,0,0,0,0,0
base-0.7,T1127,1,length,853,0,0,0,0,0,0,0,0,0,0,0,0,0,0,0
base-0.7,T1128,1,length,840,0,0,0,0,0,0,0,0,0,0,0,0,0,0,0
base-0.7,T1129,1,length,794,0,0,0,0,0,0,0,0,0,0,0,0,0,0,0
base-0.7,T1130,1,stop,443,0,0,0,0,0,0,0,0,0,0,0,0,0,0,0
base-0.7,T1131,1,stop,456,0,0,0,0,0,0,0,0,0,0,0,0,0,0,0
base-0.7,T1132,1,stop,474,0,0,0,0,0,0,0,0,0,0,0,0,0,0,0
base-0.7,T1133,1,stop,607,0,0,0,0,0,0,0,0,0,0,0,0,0,0,0
base-0.7,T1134,1,stop,249,0,0,0,0,0,0,1,0,0,0,0,0,0,0,0
base-0.7,T1135,1,stop,325,0,0,0,0,0,0,0,0,0,0,0,0,0,0,0
base-0.7,T1136,1,length,732,0,0,0,0,0,0,0,0,0,0,0,0,0,0,0
base-0.7,T1137,1,stop,522,0,0,0,0,0,0,0,0,0,0,0,0,0,0,0
base-0.7,T1138,1,stop,491,0,0,0,0,0,0,0,0,0,0,0,0,0,0,0
base-0.7,T1139,1,stop,838,0,0,0,0,0,0,0,0,0,0,0,0,0,0,0
base-0.7,T1140,1,length,909,0,0,0,0,0,0,0,0,0,0,0,0,0,0,0
base-0.7,T1141,1,length,862,0,0,0,0,0,0,0,0,0,1,0,0,0,0,0
base-0.7,T1142,1,stop,377,0,0,0,0,0,0,0,0,0,0,0,0,0,0,0
base-0.7,T1143,1,stop,584,0,0,0,0,0,0,0,0,0,0,0,0,0,0,0
base-0.7,T1144,1,stop,429,0,0,0,0,0,0,0,0,0,0,0,0,0,0,0
base-0.7,T1145,1,stop,310,0,0,0,0,0,0,0,0,0,0,0,0,0,0,0
base-0.7,T1146,1,stop,467,0,0,0,0,0,0,0,0,0,0,0,0,0,0,0
base-0.7,T1147,1,stop,712,0,0,0,0,0,0,0,0,0,0,0,0,0,0,0
base-0.7,T1148,1,stop,479,0,0,0,0,0,0,0,0,0,0,0,0,0,0,0
base-0.7,T1149,1,length,838,0,0,0,0,0,0,0,0,1,0,0,0,1,0,0
base-0.7,T1150,1,length,811,0,0,0,0,0,0,0,0,0,0,0,0,0,0,0
base-0.7,T1151,1,stop,283,0,0,0,0,0,0,1,0,0,0,0,0,0,0,0
base-0.7,T1152,1,length,887,0,0,0,0,0,0,0,0,0,0,0,0,0,0,0
base-0.7,T1153,1,stop,588,0,0,0,0,0,0,0,0,0,0,0,0,0,0,0
base-0.7,T1154,1,length,723,0,0,0,0,0,0,0,0,0,0,0,0,0,0,0
base-0.7,T1155,1,stop,395,0,0,0,0,0,0,0,0,0,0,0,0,0,0,0
base-0.7,T1156,1,stop,338,0,0,0,0,0,0,0,0,0,0,0,0,0,0,0
base-0.7,T1157,1,stop,331,0,0,0,0,0,0,0,0,0,0,0,0,0,0,0
base-0.7,T1158,1,stop,468,0,0,0,0,0,0,0,0,0,0,0,0,0,0,0
base-0.7,T1159,1,stop,537,0,0,0,0,0,0,0,0,0,0,0,0,0,0,0
base-0.7,T1160,1,length,829,0,0,0,0,0,0,0,0,0,0,0,0,0,0,0
base-0.7,T1161,1,stop,422,0,0,0,0,0,0,0,0,0,0,0,0,0,0,0
base-0.7,T1162,1,stop,345,0,0,0,0,0,0,0,0,0,0,0,0,0,0,0
base-0.7,T1163,1,stop,482,0,0,0,0,0,0,0,0,0,0,0,0,0,0,0
base-0.7,T1164,1,length,823,0,0,0,0,0,0,0,0,0,0,0,0,0,0,0
base-0.7,T1165,1,length,879,0,0,0,0,0,0,0,0,0,0,0,0,0,0,0
base-0.7,T1166,1,stop,594,0,0,0,0,0,0,0,0,0,0,0,0,0,0,0
base-0.7,T1167,1,stop,254,0,0,0,0,0,0,1,0,0,0,0,0,0,0,0
base-0.7,T1168,1,length,774,0,0,0,0,0,0,1,0,0,0,0,0,0,1,0
base-0.7,T1169,1,length,841,0,0,0,0,0,0,0,0,0,0,0,0,0,0,0
base-0.7,T1170,1,stop,261,0,0,0,0,0,0,0,0,0,0,0,0,0,0,0
base-0.7,T1171,1,length,810,0,0,1,0,0,0,0,0,1,0,0,0,0,0,0
base-0.7,T1172,1,stop,611,0,0,0,0,0,0,0,0,0,0,0,0,0,0,0
base-0.7,T1173,1,stop,483,0,0,0,0,0,0,1,0,0,0,0,0,0,0,0
base-0.7,T1174,1,length,937,0,0,0,0,0,0,0,0,0,0,0,0,0,0,0
base-0.7,T1175,1,stop,371,0,0,0,0,0,0,0,0,0,0,0,0,0,0,0
base-0.7,T1176,1,stop,392,0,0,0,0,0,0,0,0,0,0,0,0,0,0,0
base-0.7,T1177,1,length,684,0,0,0,0,0,0,0,0,0,0,0,0,0,0,0
base-0.7,T1178,1,stop,352,0,0,0,0,0,0,0,0,0,0,0,0,0,0,0
base-0.7,T1179,1,length,769,0,0,0,0,0,0,0,0,0,0,0,0,0,0,0
base-0.7,T1180,1,length,877,0,0,0,0,0,0,0,0,0,0,0,0,0,0,0
base-0.7,T1181,1,length,748,0,0,0,0,0,0,0,0,0,0,0,0,0,0,0
base-0.7,T1182,1,length,797,0,0,1,0,0,0,0,0,0,0,0,0,0,0,0
base-0.7,T1183,1,stop,211,0,0,0,0,0,0,0,0,0,0,0,0,0,0,0
base-0.7,T1184,1,length,861,0,0,0,0,0,0,0,0,0,0,0,0,0,0,0
base-0.7,T1185,1,length,910,0,0,0,0,0,0,0,0,0,0,0,0,0,0,0
base-0.7,T1186,1,stop,292,0,0,0,0,0,0,0,0,0,0,0,0,0,0,0
base-0.7,T1187,1,stop,807,0,0,0,0,0,0,0,0,0,0,0,0,0,0,0
base-0.7,T1188,1,stop,678,0,0,0,0,0,0,1,0,0,0,0,0,0,0,0
base-0.7,T1189,1,stop,434,0,0,0,0,0,0,0,0,0,0,0,0,0,0,0
base-0.7,T1190,1,stop,616,0,0,0,0,0,0,0,0,0,0,0,0,0,0,0
base-0.7,T1191,1,length,920,0,0,0,0,0,0,0,0,0,0,0,0,0,0,0
base-0.7,T1192,1,length,828,0,0,0,0,0,0,0,0,0,0,0,0,0,0,0
base-0.7,T1193,1,stop,490,0,0,0,0,0,0,0,0,0,0,0,0,0,0,0
base-0.7,T1194,1,stop,477,0,0,0,0,0,0,0,0,0,0,0,0,0,0,0
base-0.7,T1195,1,stop,325,0,0,0,0,0,0,0,0,0,0,0,0,0,0,0
base-0.7,T1196,1,stop,727,0,0,0,0,0,0,0,0,0,0,0,0,0,0,0
base-0.7,T1197,1,length,823,0,0,0,0,0,0,0,0,1,0,0,0,0,0,0
base-0.7,T1198,1,stop,715,0,0,0,0,0,0,0,0,0,0,0,0,0,0,0
base-0.7,T1199,1,stop,654,0,0,0,0,0,0,0,0,0,0,0,0,0,0,0
base-0.7,T1200,1,stop,418,0,0,0,0,0,0,0,0,0,0,0,0,0,0,0
base-0.7,T1201,1,stop,540,0,0,0,0,0,0,0,0,0,0,0,0,0,0,0
base-0.7,T1202,1,stop,584,0,0,0,0,0,0,0,0,0,0,0,0,0,0,0
base-0.7,T1203,1,length,768,0,0,0,0,0,0,0,0,0,0,0,0,0,0,0
base-0.7,T1204,1,stop,487,0,0,0,0,0,0,0,0,0,0,0,0,0,0,0
base-0.7,T1205,1,length,806,0,0,0,0,0,0,0,0,0,0,0,0,0,0,0
base-0.7,T1206,1,stop,472,0,0,0,0,0,0,0,0,0,0,0,0,0,0,0
base-0.7,T1207,1,length,930,0,0,0,0,0,0,0,0,0,0,0,0,0,0,0
base-0.7,T1208,1,length,787,0,0,1,0,0,0,0,0,0,0,0,0,0,0,0
base-0.7,T1209,1,stop,634,0,0,0,0,0,0,0,0,0,0,0,0,0,0,0
base-0.7,T1210,1,stop,433,0,0,0,0,0,0,0,0,0,0,0,0,0,0,0
base-0.7,T1211,1,length,783,0,0,0,0,0,0,0,0,0,0,0,0,0,0,0
base-0.7,T1212,1,length,853,0,0,0,0,0,0,0,0,0,0,0,0,0,0,0
base-0.7,T1213,1,stop,625,0,0,0,0,0,0,0,0,0,0,0,0,0,0,0
base-0.7,T1214,1,stop,376,0,0,0,0,0,0,0,0,0,0,0,0,0,0,0
base-0.7,T1215,1,length,835,0,0,0,0,0,0,0,0,0,0,0,0,0,0,0
base-0.7,T1216,1,stop,765,0,0,0,0,0,0,0,0,0,0,0,0,0,0,0
base-0.7,T1217,1,stop,587,0,0,0,0,0,0,0,0,0,0,0,0,0,0,0
base-0.7,T1218,1,stop,588,0,0,0,0,0,0,0,0,0,0,0,0,0,0,0
base-0.7,T1219,1,stop,457,0,0,0,0,0,0,0,0,0,0,0,0,0,0,0
base-0.7,T1220,1,stop,464,0,0,0,0,0,0,0,0,0,0,0,0,0,0,0
base-0.7,T1221,1,length,853,0,0,0,0,0,0,0,0,0,0,0,0,0,0,0
base-0.7,T1222,1,stop,787,0,0,0,0,0,0,0,0,0,0,0,0,0,0,0
base-0.7,T1223,1,stop,695,0,0,0,0,0,0,0,0,0,0,0,0,0,0,0
base-0.7,T1224,1,length,846,0,0,0,0,0,0,0,0,0,0,0,0,0,0,0
base-0.7,T1225,1,stop,573,0,0,0,0,0,0,0,0,0,0,0,0,0,0,0
base-0.7,T1226,1,stop,403,0,0,0,0,0,0,0,0,0,0,0,0,0,0,0
base-0.7,T1227,1,length,865,0,0,0,0,0,0,0,0,0,0,0,0,0,0,0
base-0.7,T1228,1,stop,452,0,0,0,0,0,0,0,0,0,0,0,0,0,0,0
base-0.7,T1229,1,stop,469,0,0,0,0,0,0,0,0,0,0,0,0,0,0,0
base-0.7,T1230,1,stop,300,0,0,0,0,0,0,0,0,0,0,0,0,0,0,0
base-0.7,T1231,1,stop,361,0,0,0,0,0,0,0,0,0,0,0,0,0,0,0
base-0.7,T1232,1,stop,574,0,0,0,0,0,0,1,0,0,0,0,0,0,0,0
base-0.7,T1233,1,length,951,0,0,0,0,0,0,0,0,0,0,0,0,0,0,0
base-0.7,T1234,1,stop,646,0,0,0,0,0,0,0,0,0,0,0,0,0,0,0
base-0.7,T1235,1,stop,476,0,0,0,0,0,0,0,0,0,0,0,0,0,0,0
base-0.7,T1236,1,stop,602,0,0,0,0,0,0,0,0,0,0,0,0,0,0,0
base-0.7,T1237,1,stop,442,0,0,0,0,0,0,0,0,0,0,0,0,0,0,0
base-0.7,T1238,1,stop,633,0,0,0,0,0,0,1,0,0,0,0,0,0,0,0
base-0.7,T1239,1,stop,507,0,0,0,0,0,0,0,0,0,0,0,0,0,0,0
base-0.7,T1240,1,length,773,0,0,0,0,0,0,0,0,0,0,0,0,0,0,0
base-0.7,T1241,1,stop,527,0,0,0,0,0,0,0,0,0,0,0,0,0,0,0
base-0.7,T1242,1,stop,316,0,0,0,0,0,0,0,0,0,0,0,0,0,0,0
base-0.7,T1243,1,length,823,0,0,0,0,0,0,0,0,0,0,0,0,0,0,0
base-0.7,T1244,1,stop,213,0,0,0,0,0,0,0,0,0,0,0,0,0,0,0
base-0.7,T1245,1,stop,490,0,0,0,0,0,0,0,0,0,0,0,0,0,0,0
base-0.7,T1246,1,stop,452,0,0,0,0,0,0,0,0,0,0,0,0,0,0,0
base-0.7,T1247,1,stop,570,0,0,0,0,0,0,2,0,0,0,0,0,0,0,0
base-0.7,T1248,1,stop,503,0,0,0,0,0,0,0,0,0,0,0,0,0,0,0
base-0.7,T1249,1,length,744,0,0,0,0,0,0,0,0,0,0,0,0,0,0,0
base-0.7,T1250,1,length,769,0,0,0,0,0,0,0,0,0,0,0,0,0,0,0
base-0.7,T1251,1,length,846,0,0,0,0,0,0,0,0,0,0,0,0,0,0,0
base-0.7,T1252,1,stop,298,0,0,0,0,0,0,0,0,0,0,0,0,0,0,0
base-0.7,T1253,1,stop,287,0,0,0,0,0,0,0,0,0,0,0,0,0,0,0
base-0.7,T1254,1,stop,465,0,0,0,0,0,0,0,0,0,0,0,0,0,0,0
base-0.7,T1255,1,stop,332,0,0,0,0,0,0,0,0,0,0,0,0,0,0,0
base-0.7,T1256,1,stop,380,0,0,0,0,0,0,0,0,0,0,0,0,0,0,0
base-0.7,T1257,1,stop,309,0,0,0,0,0,0,0,0,0,0,0,0,0,0,0
base-0.7,T1258,1,stop,601,0,0,0,0,0,0,0,0,0,0,0,0,0,0,0
base-0.7,T1259,1,stop,242,0,0,0,0,0,0,0,0,0,0,0,0,0,0,0
base-0.7,T1260,1,stop,571,0,0,0,0,0,0,0,0,0,0,0,0,0,0,0
base-0.7,T1261,1,stop,393,0,0,0,0,0,0,0,0,0,0,0,0,0,0,0
base-0.7,T1262,1,stop,366,0,0,0,0,0,0,0,0,0,0,0,0,0,0,0
base-0.7,T1263,1,stop,472,0,0,0,0,0,0,0,0,0,0,0,0,0,0,0
base-0.7,T1264,1,stop,661,0,0,0,0,0,0,0,0,0,0,0,0,0,0,0
base-0.7,T1265,1,stop,621,0,0,0,0,0,0,0,0,2,0,0,0,0,0,0
base-0.7,T1266,1,length,784,0,0,0,0,0,0,0,0,0,0,0,0,0,0,0
base-0.7,T1267,1,stop,312,0,0,0,0,0,0,0,0,0,0,0,0,0,0,0
base-0.7,T1268,1,stop,645,0,0,0,0,0,0,0,0,0,0,0,0,0,0,0
base-0.7,T1269,1,stop,640,0,0,0,0,0,0,0,0,0,0,0,0,0,0,0
base-0.7,T1270,1,stop,630,0,0,0,0,0,0,0,0,0,0,0,0,0,0,0
base-0.7,T1271,1,stop,413,0,0,0,0,0,0,0,0,0,0,0,0,0,0,0
base-0.7,T1272,1,stop,819,0,0,0,0,0,0,0,0,0,0,0,0,0,0,0
base-0.7,T1273,1,length,782,0,0,0,0,0,0,0,0,0,0,0,0,0,0,0
base-0.7,T1274,1,stop,308,0,0,0,0,0,0,0,0,0,0,0,0,0,0,0
base-0.7,T1275,1,length,872,0,0,0,0,0,0,0,0,0,0,0,0,0,0,0
base-0.7,T1276,1,length,923,0,0,0,0,0,0,0,0,0,0,0,0,0,0,0
base-0.7,T1277,1,stop,321,0,0,0,0,0,0,0,0,0,0,0,0,0,0,0
base-0.7,T1278,1,stop,513,0,0,0,0,0,0,0,0,0,0,0,0,0,0,0
base-0.7,T1279,1,stop,503,0,0,0,0,0,0,0,0,0,0,0,0,0,0,0
base-0.7,T1280,1,stop,348,0,0,0,0,0,0,0,0,0,0,0,0,0,0,0
base-0.7,T1281,1,stop,412,0,0,0,0,0,0,0,0,0,0,0,0,0,0,0
base-0.7,T1282,1,stop,664,0,0,0,0,0,0,0,0,0,0,0,0,0,0,0
base-0.7,T1283,1,stop,566,0,0,0,0,0,0,0,0,0,0,0,0,0,0,0
base-0.7,T1284,1,stop,649,0,0,0,0,0,0,0,0,0,0,0,0,0,0,0
base-0.7,T1285,1,stop,611,0,0,0,0,0,0,0,0,0,0,0,0,0,0,0
base-0.7,T1286,1,stop,213,0,0,0,0,0,0,2,0,0,0,0,0,0,0,0
base-0.7,T1287,1,stop,213,0,0,0,0,0,0,0,0,0,0,0,0,0,0,0
base-0.7,T1288,1,stop,585,0,0,0,0,0,0,0,0,0,0,0,0,0,0,0
base-0.7,T1289,1,stop,555,0,0,0,0,0,0,0,0,0,0,0,0,0,0,0
base-0.7,T1290,1,stop,494,0,0,0,0,0,0,0,0,0,0,0,0,0,0,0
base-0.7,T1291,1,stop,794,0,0,0,0,0,0,0,0,0,0,0,0,0,0,0
base-0.7,T1292,1,stop,592,0,0,0,0,0,0,0,0,0,0,0,0,0,0,0
base-0.7,T1293,1,stop,293,0,0,0,0,0,0,0,0,0,0,0,0,0,0,0
base-0.7,T1294,1,length,767,0,0,0,0,0,0,0,0,0,0,0,0,1,0,0
base-0.7,T1295,1,length,870,0,0,0,0,0,0,0,0,0,0,0,0,0,0,0
base-0.7,T1296,1,length,829,0,0,0,0,0,0,0,0,0,0,0,0,0,0,0
base-0.7,T1297,1,length,879,0,0,0,0,0,0,0,0,0,0,0,0,0,0,0
base-0.7,T1298,1,stop,22,0,0,0,0,0,0,0,0,0,0,0,0,0,0,0
base-0.7,T1299,1,length,917,0,0,0,0,0,0,0,0,0,0,0,0,0,0,0
base-0.7,T1300,1,stop,603,0,0,0,0,0,0,0,0,0,0,0,0,0,0,0
base-0.7,T1301,1,length,856,0,0,0,0,0,0,0,0,0,0,0,0,0,0,0
base-0.7,T1302,1,stop,580,0,0,0,0,0,0,0,0,0,0,0,0,0,0,0
base-0.7,T1303,1,stop,555,0,0,0,0,0,0,0,0,0,0,0,0,0,0,0
base-0.7,T1304,1,stop,341,0,0,0,0,0,0,0,0,0,0,0,0,0,0,0
base-0.7,T1305,1,length,860,0,0,0,0,0,0,0,0,0,0,0,0,0,0,0
base-0.7,T1306,1,length,785,0,0,0,0,0,0,0,0,0,0,0,0,0,0,0
base-0.7,T1307,1,stop,489,0,0,0,0,0,0,0,0,0,0,0,0,0,0,0
base-0.7,T1308,1,stop,343,0,0,0,0,0,0,0,0,0,0,0,0,0,0,0
base-0.7,T1309,1,stop,541,0,0,0,0,0,0,0,0,0,0,0,0,0,0,0
base-0.7,T1310,1,length,765,0,0,0,0,0,0,0,0,0,0,0,0,0,0,0
base-0.7,T1311,1,stop,379,0,0,0,0,0,0,0,0,0,0,0,0,0,0,0
base-0.7,T1312,1,stop,435,0,0,0,0,0,0,0,0,0,0,0,0,0,0,0
base-0.7,T1313,1,length,774,0,0,0,0,0,0,0,0,0,0,0,0,0,0,0
base-0.7,T1314,1,length,867,0,0,0,0,0,0,0,0,0,0,0,0,0,0,0
base-0.7,T1315,1,stop,487,0,0,0,0,0,0,0,0,0,0,0,0,0,0,0
base-0.7,T1316,1,stop,529,0,0,0,0,0,0,0,0,1,0,0,0,0,0,0
base-0.7,T1317,1,stop,442,0,0,0,0,0,0,0,0,0,0,0,0,0,0,0
base-0.7,T1318,1,stop,198,0,0,0,0,0,0,0,0,0,0,0,0,0,0,0
base-0.7,T1319,1,stop,578,0,0,0,0,0,0,0,0,0,0,0,0,0,0,0
base-0.7,T1320,1,stop,329,0,0,0,0,0,0,0,0,0,0,0,0,0,0,0
base-0.7,T1321,1,stop,583,0,0,0,0,0,0,0,0,0,0,0,0,0,0,0
base-0.7,T1322,1,length,896,0,0,0,0,0,0,0,0,0,0,0,0,0,0,0
base-0.7,T1323,1,stop,519,0,0,0,0,0,0,0,1,0,0,0,0,0,0,0
base-0.7,T1324,1,length,708,0,0,0,0,0,0,0,0,0,0,0,0,0,0,0
base-0.7,T1325,1,stop,537,0,0,0,0,0,0,0,0,0,0,0,0,0,0,0
base-0.7,T1326,1,stop,330,0,0,0,0,0,0,0,0,0,0,0,0,0,0,0
base-0.7,T1327,1,stop,822,0,0,0,0,0,0,0,0,0,0,0,0,0,0,0
base-0.7,T1328,1,stop,322,0,0,0,0,0,0,0,0,0,0,0,0,0,0,0
base-0.7,T1329,1,stop,393,0,0,0,0,0,0,0,0,0,0,0,0,0,0,0
base-0.7,T1330,1,length,892,0,0,0,0,0,0,0,0,0,0,0,0,0,0,0
base-0.7,T1331,1,stop,360,0,0,0,0,0,0,0,0,0,0,0,0,0,0,0
base-0.7,T1332,1,stop,370,0,0,0,0,0,0,0,0,0,0,0,0,0,0,0
base-0.7,T1333,1,stop,813,0,0,0,0,0,0,0,0,0,0,0,0,0,0,0
base-0.7,T1334,1,stop,469,0,0,0,0,0,0,0,0,0,0,0,0,0,0,0
base-0.7,T1335,1,stop,302,0,0,0,0,0,0,1,0,0,0,0,0,0,0,0
base-0.7,T1336,1,stop,693,0,0,0,0,0,0,0,0,0,0,0,0,0,0,0
base-0.7,T1337,1,stop,536,0,0,0,0,0,0,0,0,0,0,0,0,0,0,0
base-0.7,T1338,1,stop,500,0,0,0,0,0,0,0,0,0,0,0,0,0,0,0
base-0.7,T1339,1,length,812,0,0,0,0,0,0,0,0,0,0,0,0,0,0,0
base-0.7,T1340,1,stop,642,0,0,0,0,0,0,0,0,0,0,0,0,0,0,0
base-0.7,T1341,1,stop,696,0,0,0,0,0,0,0,0,0,0,0,0,0,0,0
base-0.7,T1342,1,stop,486,0,0,0,0,0,0,0,0,0,0,0,0,0,0,0
base-0.7,T1343,1,stop,583,0,0,0,0,0,0,0,0,0,0,0,0,0,0,0
base-0.7,T1344,1,length,877,0,0,0,0,0,0,0,0,0,0,0,0,0,0,0
base-0.7,T1345,1,length,511,0,0,0,0,0,0,0,0,0,0,0,0,0,0,0
base-0.7,T1346,1,length,881,0,0,0,0,0,0,0,0,0,0,0,0,0,0,0
base-0.7,T1347,1,stop,470,0,0,0,0,0,0,0,0,0,0,0,0,0,0,0
base-0.7,T1348,1,stop,675,0,0,0,0,0,0,0,0,0,0,0,0,0,0,0
base-0.7,T1349,1,stop,377,0,0,0,0,0,0,0,0,0,0,0,0,0,0,0
base-0.7,T1350,1,stop,599,0,0,0,0,0,0,0,0,0,0,0,0,0,0,0
base-0.7,T1351,1,stop,483,0,0,0,0,0,0,0,0,0,0,0,0,1,0,0
base-0.7,T1352,1,stop,565,0,0,0,0,0,0,1,0,0,0,0,0,0,0,0
base-0.7,T1353,1,stop,389,0,0,0,0,0,0,0,0,0,0,0,0,0,0,0
base-0.7,T1354,1,stop,612,0,0,0,0,0,0,0,0,0,0,0,0,0,0,0
base-0.7,T1355,1,stop,546,0,0,0,0,0,0,2,0,0,0,0,0,0,0,0
base-0.7,T1356,1,stop,710,0,0,0,0,0,0,0,0,0,0,0,0,0,0,0
base-0.7,T1357,1,stop,284,0,0,0,0,0,0,1,0,0,0,0,0,0,0,0
base-0.7,T1358,1,length,781,0,0,0,0,0,0,0,0,0,0,0,0,0,0,0
base-0.7,T1359,1,stop,548,0,0,0,0,0,0,0,0,0,0,0,0,0,0,0
base-0.7,T1360,1,stop,593,0,0,0,0,0,0,0,0,0,0,0,0,0,0,0
base-0.7,T1361,1,stop,564,0,0,0,0,0,0,0,0,0,0,0,0,0,0,0
base-0.7,T1362,1,stop,448,0,0,0,0,0,0,0,0,0,0,0,0,0,0,0
base-0.7,T1363,1,stop,369,0,0,0,0,0,0,0,0,0,0,0,0,0,0,0
base-0.7,T1364,1,length,959,0,0,0,0,0,0,0,0,0,0,0,0,0,0,0
base-0.7,T1365,1,stop,516,0,0,0,0,0,0,0,0,0,0,0,0,0,0,0
base-0.7,T1366,1,stop,520,0,0,0,0,0,0,0,0,0,0,0,0,0,0,0
base-0.7,T1367,1,stop,628,0,0,0,0,0,0,0,0,0,0,0,0,0,0,0
base-0.7,T1368,1,stop,386,0,0,0,0,0,0,0,0,0,0,0,0,0,0,0
base-0.7,T1369,1,stop,661,0,0,0,0,0,0,0,0,0,0,0,0,0,0,0
base-0.7,T1370,1,length,777,0,0,0,0,0,0,0,0,0,0,0,0,0,0,0
base-0.7,T1371,1,length,900,0,0,0,0,0,0,0,0,0,0,0,0,0,0,0
base-0.7,T1372,1,stop,686,0,0,0,0,0,0,0,0,0,0,0,0,0,0,0
base-0.7,T1373,1,length,858,0,0,0,0,0,0,0,0,0,0,0,0,0,0,0
base-0.7,T1374,1,stop,397,0,0,0,0,0,0,0,0,0,0,0,0,0,0,0
base-0.7,T1375,1,stop,722,0,0,0,0,0,0,0,0,0,0,0,0,0,0,0
base-0.7,T1376,1,stop,391,0,0,0,0,0,0,0,0,0,0,0,0,0,0,0
base-0.7,T1377,1,stop,726,0,0,0,0,0,0,0,0,0,0,0,0,0,0,0
base-0.7,T1378,1,stop,410,0,0,0,0,0,0,0,0,0,0,0,0,0,0,0
base-0.7,T1379,1,length,846,0,0,0,0,0,0,0,0,0,0,0,0,0,0,0
base-0.7,T1380,1,length,806,0,0,0,0,0,0,0,0,0,0,0,0,0,0,0
base-0.7,T1381,1,stop,605,0,0,0,0,0,0,0,0,0,0,0,0,0,0,0
base-0.7,T1382,1,stop,671,0,0,0,0,0,0,0,0,0,0,0,0,0,0,0
base-0.7,T1383,1,stop,535,0,0,0,0,0,0,0,0,0,0,0,0,0,0,0
base-0.7,T1384,1,length,777,0,0,0,0,0,0,0,0,0,0,0,0,0,0,0
base-0.7,T1385,1,length,964,0,0,0,0,0,0,0,0,0,0,0,0,0,0,0
base-0.7,T1386,1,stop,595,0,0,0,0,0,0,0,0,0,0,0,0,0,0,0
base-0.7,T1387,1,stop,581,0,0,0,0,0,0,0,0,0,0,0,0,0,0,0
base-0.7,T1388,1,stop,362,0,0,0,0,0,0,0,0,0,0,0,0,0,0,0
base-0.7,T1389,1,stop,277,0,0,0,0,0,0,0,0,0,0,0,0,0,0,0
base-0.7,T1390,1,stop,832,0,0,0,0,0,0,0,0,0,0,0,0,0,0,0
base-0.7,T1391,1,stop,606,0,0,0,0,0,0,0,0,0,0,0,0,0,0,0
base-0.7,T1392,1,length,843,0,0,0,0,0,0,0,0,0,0,0,0,0,0,0
base-0.7,T1393,1,stop,389,0,0,0,0,0,0,0,0,0,0,0,0,0,0,0
base-0.7,T1394,1,stop,443,0,0,0,0,0,0,0,0,0,0,0,0,0,0,0
base-0.7,T1395,1,stop,654,0,0,0,0,0,0,0,0,0,0,0,0,0,0,0
base-0.7,T1396,1,stop,539,0,0,0,0,0,0,0,0,0,0,0,0,0,0,0
base-0.7,T1397,1,length,809,0,0,0,0,0,0,0,0,0,0,0,0,0,0,0
base-0.7,T1398,1,stop,401,0,0,0,0,0,0,0,0,0,0,0,0,0,0,0
base-0.7,T1399,1,stop,603,0,0,0,0,0,0,0,0,0,0,0,0,0,0,0
base-0.7,T1400,1,stop,831,0,0,0,0,0,0,0,0,0,0,0,0,0,0,0
base-0.7,T1401,1,stop,479,0,0,0,0,0,0,0,0,0,0,0,0,0,0,0
base-0.7,T1402,1,length,836,0,0,0,0,0,0,0,0,0,0,0,0,0,0,0
base-0.7,T1403,1,length,888,0,0,0,0,0,0,0,0,0,0,0,0,0,0,0
base-0.7,T1404,1,stop,436,0,0,0,0,0,0,0,0,0,0,0,0,0,0,0
base-0.7,T1405,1,stop,506,0,0,0,0,0,0,0,0,0,0,0,0,1,0,0
base-0.7,T1406,1,stop,688,0,0,0,0,0,0,0,0,0,0,0,0,0,0,0
base-0.7,T1407,1,stop,547,0,0,0,0,0,0,0,0,0,0,0,0,0,0,0
base-0.7,T1408,1,stop,470,0,0,0,0,0,0,0,0,0,0,0,0,0,0,0
base-0.7,T1409,1,stop,475,0,0,0,0,0,0,0,0,0,0,0,0,0,0,0
base-0.7,T1410,1,stop,521,0,0,0,0,0,0,0,0,0,0,0,0,1,0,0
base-0.7,T1411,1,stop,476,0,0,0,0,0,0,0,0,0,0,0,0,0,0,0
base-0.7,T1412,1,stop,421,0,0,0,0,0,0,0,0,0,0,0,0,0,0,0
base-0.7,T1413,1,stop,551,0,0,0,0,0,0,0,0,0,0,0,0,0,0,0
base-0.7,T1414,1,stop,650,0,0,0,0,0,0,0,0,0,0,0,0,0,0,0
base-0.7,T1415,1,stop,381,0,0,0,0,0,0,0,0,0,0,0,0,0,0,0
base-0.7,T1416,1,length,858,0,0,0,0,0,0,0,0,0,0,0,0,0,0,0
base-0.7,T1417,1,stop,765,0,0,0,0,0,0,0,0,0,0,0,0,0,0,0
base-0.7,T1418,1,stop,628,0,0,0,0,0,0,1,0,0,0,0,0,0,1,0
base-0.7,T1419,1,length,791,0,0,0,0,0,0,0,0,0,0,0,0,0,1,0
base-0.7,T1420,1,stop,441,0,0,0,0,0,0,0,0,0,0,0,0,0,0,0
base-0.7,T1421,1,length,885,0,0,0,0,0,0,0,0,0,0,0,0,0,0,0
base-0.7,T1422,1,stop,482,0,0,0,0,0,0,0,0,0,0,0,0,0,0,0
base-0.7,T1423,1,stop,542,0,0,0,0,0,0,0,0,0,0,0,0,0,0,0
base-0.7,T1424,1,stop,505,0,0,0,0,0,0,0,0,0,0,0,0,0,0,0
base-0.7,T1425,1,stop,567,0,0,0,0,0,0,0,0,0,0,0,0,0,0,0
base-0.7,T1426,1,stop,645,0,0,0,0,0,0,0,0,0,0,0,0,0,0,0
base-0.7,T1427,1,stop,583,0,0,0,0,0,0,0,0,0,0,0,0,0,0,0
base-0.7,T1428,1,stop,508,0,0,0,0,0,0,0,0,0,0,0,0,0,0,0
base-0.7,T1429,1,stop,448,0,0,0,0,0,0,0,0,0,0,0,0,0,0,0
base-0.7,T1430,1,stop,549,1,0,0,0,0,0,0,0,0,0,0,0,0,0,0
base-0.7,T1431,1,stop,421,0,0,0,0,0,0,0,0,0,0,0,0,1,0,0
base-0.7,T1432,1,length,921,0,0,0,0,0,0,0,0,0,0,0,0,0,0,0
base-0.7,T1433,1,stop,505,0,0,0,0,0,0,0,0,0,0,0,0,0,0,0
base-0.7,T1434,1,stop,563,0,0,0,0,0,0,0,0,0,0,0,0,0,0,0
base-0.7,T1435,1,stop,372,0,0,0,0,0,0,0,0,0,0,0,0,0,0,0
base-0.7,T1436,1,stop,544,0,0,0,0,0,0,0,0,0,0,0,0,0,0,0
base-0.7,T1437,1,stop,41,0,0,0,0,0,0,0,0,0,0,0,0,0,0,0
base-0.7,T1438,1,stop,619,0,0,0,0,0,0,1,0,0,0,0,0,0,0,0
base-0.7,T1439,1,stop,397,0,0,0,0,0,0,0,0,0,0,0,0,0,0,0
base-0.7,T1440,1,length,917,0,0,0,0,0,0,0,0,0,0,0,0,0,0,0
base-0.7,T1441,1,stop,479,0,0,0,0,0,0,0,0,0,0,0,0,0,0,0
base-0.7,T1442,1,stop,446,0,0,0,0,0,0,0,0,0,0,0,0,0,0,0
base-0.7,T1443,1,stop,255,0,0,0,0,0,0,0,0,0,0,0,0,0,0,0
base-0.7,T1444,1,length,929,0,0,0,0,0,0,0,0,0,0,0,0,0,0,0
base-0.7,T1445,1,stop,349,0,0,0,0,0,0,1,0,0,0,0,0,0,0,0
base-0.7,T1446,1,stop,529,0,0,0,0,0,0,0,0,1,0,0,0,0,0,0
base-0.7,T1447,1,stop,371,0,0,0,0,0,0,0,0,0,0,0,0,0,0,0
base-0.7,T1448,1,stop,593,0,0,0,0,0,0,0,0,0,0,0,0,0,0,0
base-0.7,T1449,1,stop,678,0,0,0,0,0,0,0,0,0,0,0,0,0,0,0
base-0.7,T1450,1,length,754,0,0,0,0,0,0,0,0,0,0,0,0,0,0,0
base-0.7,T1451,1,stop,579,0,0,0,0,0,0,0,0,0,0,0,0,0,0,0
base-0.7,T1452,1,stop,301,0,0,0,0,0,0,0,0,0,0,0,0,0,0,0
base-0.7,T1453,1,stop,512,0,0,0,0,0,0,0,0,0,0,0,0,0,0,0
base-0.7,T1454,1,stop,578,0,0,0,0,0,0,0,0,0,0,0,0,0,0,0
base-0.7,T1455,1,length,795,0,0,0,0,0,0,0,0,0,0,0,0,0,0,0
base-0.7,T1456,1,stop,708,0,0,0,0,0,0,0,0,0,0,0,0,0,0,0
base-0.7,T1457,1,stop,398,0,0,0,0,0,0,0,0,0,0,0,0,0,0,0
base-0.7,T1458,1,length,856,0,0,0,0,0,0,0,0,0,0,0,0,0,0,0
base-0.7,T1459,1,stop,721,0,0,0,0,0,0,0,0,0,0,0,0,0,0,0
base-0.7,T1460,1,stop,420,0,0,0,0,0,0,0,0,0,0,0,0,0,0,0
base-0.7,T1461,1,length,879,0,0,0,0,0,0,0,0,0,0,0,0,0,0,0
base-0.7,T1462,1,length,897,0,0,0,0,0,0,0,0,0,0,0,0,0,0,0
base-0.7,T1463,1,length,833,0,0,0,0,0,0,0,0,0,0,0,0,0,0,0
base-0.7,T1464,1,length,560,0,0,0,0,0,0,0,0,0,0,0,0,0,0,0
base-0.7,T1465,1,stop,526,0,0,0,0,0,0,0,0,0,0,0,0,0,0,0
base-0.7,T1466,1,stop,648,0,0,0,0,0,0,0,0,0,0,0,0,0,0,0
base-0.7,T1467,1,stop,449,0,0,0,0,0,0,0,0,0,0,0,0,0,0,0
base-0.7,T1468,1,length,838,0,0,0,0,0,0,0,0,0,0,0,0,0,0,0
base-0.7,T1469,1,length,868,0,0,0,0,0,0,1,0,0,0,0,0,0,0,0
base-0.7,T1470,1,stop,354,0,0,0,0,0,0,0,0,0,0,0,0,0,0,0
base-0.7,T1471,1,stop,494,0,0,0,0,0,0,0,0,0,0,0,0,0,0,0
base-0.7,T1472,1,stop,452,0,0,0,0,0,0,0,0,0,0,0,0,0,0,0
base-0.7,T1473,1,length,836,0,0,0,0,0,0,0,0,0,0,0,0,0,0,0
base-0.7,T1474,1,stop,646,0,0,0,0,0,0,0,0,0,0,0,0,0,0,0
base-0.7,T1475,1,stop,608,2,0,0,0,0,0,1,0,0,0,0,0,0,0,0
base-0.7,T1476,1,stop,769,0,0,0,0,0,0,0,0,0,0,0,0,0,0,0
base-0.7,T1477,1,stop,358,0,0,0,0,0,0,0,0,0,0,0,0,1,0,0
base-0.7,T1478,1,length,877,0,0,0,0,0,0,0,0,0,0,0,0,0,0,0
base-0.7,T1479,1,stop,565,0,0,0,0,0,0,0,0,0,0,0,0,0,0,0
base-0.7,T1480,1,stop,622,0,0,0,0,0,0,0,0,0,0,0,0,0,0,0
base-0.7,T1481,1,stop,566,0,0,0,0,0,0,0,0,0,0,0,0,0,0,0
base-0.7,T1482,1,length,766,0,0,0,0,0,0,0,0,0,0,0,0,0,0,0
base-0.7,T1483,1,stop,714,0,0,0,0,0,0,0,0,0,0,0,0,0,0,0
base-0.7,T1484,1,stop,597,0,0,0,0,0,0,0,0,0,0,0,0,0,0,0
base-0.7,T1485,1,length,804,0,0,0,0,0,0,0,0,0,0,0,0,0,0,0
base-0.7,T1486,1,stop,537,0,0,0,0,0,0,0,0,0,0,0,0,0,0,0
base-0.7,T1487,1,length,889,0,0,0,0,0,0,0,0,0,0,0,0,0,0,0
base-0.7,T1488,1,length,691,0,0,0,0,0,0,0,0,0,0,0,0,0,0,0
base-0.7,T1489,1,stop,605,0,0,0,0,0,0,0,0,0,0,0,0,0,0,0
base-0.7,T1490,1,stop,613,0,0,0,0,0,0,0,0,0,0,0,0,0,0,0
base-0.7,T1491,1,stop,681,0,0,0,0,0,0,0,0,0,0,0,0,0,0,0
base-0.7,T1492,1,stop,508,0,0,0,0,0,0,0,0,0,0,0,0,0,0,0
base-0.7,T1493,1,stop,836,0,0,0,0,0,0,0,0,0,0,0,0,0,0,0
base-0.7,T1494,1,stop,634,0,0,0,0,0,0,0,0,3,0,0,0,0,0,0
base-0.7,T1495,1,length,781,0,0,0,0,0,0,0,0,0,0,0,0,0,0,0
base-0.7,T1496,1,length,796,0,0,0,0,0,0,0,0,0,0,0,0,0,0,0
base-0.7,T1497,1,length,900,0,0,0,0,0,0,0,0,0,0,0,0,0,0,0
base-0.7,T1498,1,length,852,0,0,0,0,0,0,0,0,0,0,0,0,0,0,0
base-0.7,T1499,1,length,788,0,0,0,0,0,0,0,0,0,0,0,0,0,0,0
base-0.7,T1500,1,stop,262,0,0,0,0,0,0,0,0,0,0,0,0,0,0,0
base-0.7,T1501,1,length,682,0,0,0,0,0,0,0,0,0,0,0,0,0,0,0
base-0.7,T1502,1,stop,588,0,0,0,0,0,0,0,0,0,0,0,0,0,0,0
base-0.7,T1503,1,stop,536,0,0,0,0,0,0,0,0,0,0,0,0,0,0,0
base-0.7,T1504,1,stop,677,0,0,0,0,0,0,0,0,0,0,0,0,0,0,0
base-0.7,T1505,1,stop,455,0,0,0,0,0,0,0,0,0,0,0,0,0,0,0
base-0.7,T1506,1,stop,355,0,0,0,0,0,0,0,0,0,0,0,0,0,0,0
base-0.7,T1507,1,stop,537,0,0,0,0,0,0,0,0,0,0,0,0,0,0,0
base-0.7,T1508,1,length,923,0,0,0,0,0,0,0,0,0,0,0,0,0,0,0
base-0.7,T1509,1,stop,25,0,0,0,0,0,0,0,0,0,0,0,0,0,0,0
base-0.7,T1510,1,stop,556,0,0,0,0,0,0,0,0,0,0,0,0,0,0,0
base-0.7,T1511,1,length,753,0,0,0,0,0,0,0,0,0,0,0,0,0,0,0
base-0.7,T1512,1,stop,591,0,0,0,0,0,0,0,0,0,0,0,0,0,0,0
base-0.7,T1513,1,length,774,0,0,0,0,0,0,0,0,0,0,0,0,0,0,0
base-0.7,T1514,1,length,852,0,0,0,0,0,0,0,0,0,0,0,0,0,0,0
base-0.7,T1515,1,length,950,0,0,0,0,0,0,0,0,0,0,0,0,0,0,0
base-0.7,T1516,1,stop,467,0,0,0,0,0,0,0,0,0,0,0,0,0,0,0
base-0.7,T1517,1,stop,658,0,0,0,0,0,0,0,0,0,0,0,0,0,0,0
base-0.7,T1518,1,stop,431,0,0,0,0,0,0,0,0,1,0,0,0,0,0,0
base-0.7,T1519,1,length,818,0,0,0,0,0,0,0,0,0,0,0,0,0,0,0
base-0.7,T1520,1,stop,734,0,0,0,0,0,0,0,0,0,0,0,0,0,0,0
base-0.7,T1521,1,stop,10,0,0,0,0,0,0,0,0,0,0,0,0,0,0,0
base-0.7,T1522,1,stop,320,0,0,0,0,0,0,0,0,0,0,0,0,0,0,0
base-0.7,T1523,1,stop,625,0,0,0,0,0,0,0,0,0,0,0,0,0,0,0
base-0.7,T1524,1,length,851,0,0,0,0,0,0,0,0,0,0,0,0,0,0,0
base-0.7,T1525,1,stop,348,0,0,0,0,0,0,0,0,0,0,0,0,0,0,0
base-0.7,T1526,1,stop,384,0,0,0,0,0,0,0,0,0,0,0,0,0,0,0
base-0.7,T1527,1,stop,423,0,0,0,0,0,0,0,0,0,0,0,0,0,0,0
base-0.7,T1528,1,stop,755,0,0,0,0,0,0,0,0,0,0,0,0,0,0,0
base-0.7,T1529,1,length,612,0,0,0,0,0,0,0,0,0,0,0,0,0,0,0
base-0.7,T1530,1,stop,623,0,0,0,0,0,0,0,0,0,0,0,0,0,0,0
base-0.7,T1531,1,stop,353,0,0,0,0,0,0,0,0,0,0,0,0,0,0,0
base-0.7,T1532,1,length,839,0,0,0,0,0,0,0,0,0,0,0,0,0,0,0
base-0.7,T1533,1,length,868,0,0,0,0,0,0,0,0,0,0,0,0,0,0,0
base-0.7,T1534,1,length,894,0,0,0,0,0,0,0,0,0,0,0,0,0,0,0
base-0.7,T1535,1,length,774,1,0,0,0,0,0,0,0,0,0,0,0,0,0,0
base-0.7,T1536,1,stop,684,0,0,0,0,0,0,0,0,0,0,0,0,0,0,0
base-0.7,T1537,1,stop,714,0,0,0,0,0,0,0,0,0,0,0,0,0,0,0
base-0.7,T1538,1,length,803,0,0,0,0,0,0,0,0,0,0,0,0,0,0,0
base-0.7,T1539,1,stop,624,0,0,0,0,0,0,0,0,0,0,0,0,0,0,0
base-0.7,T1540,1,length,820,0,0,0,0,0,0,0,0,0,0,0,0,0,0,0
base-0.7,T1541,1,stop,524,0,0,0,0,0,0,0,0,0,0,0,0,0,0,0
base-0.7,T1542,1,stop,477,0,0,0,0,0,0,0,0,0,0,0,0,0,0,0
base-0.7,T1543,1,length,884,0,0,0,0,0,0,0,0,0,0,0,0,0,0,0
base-0.7,T1544,1,stop,559,0,0,0,0,0,0,0,0,0,0,0,0,0,0,0
base-0.7,T1545,1,stop,623,0,0,0,0,0,0,0,0,0,0,0,0,0,0,0
base-0.7,T1546,1,length,815,0,0,0,0,0,0,0,0,0,0,0,0,0,0,0
base-0.7,T1547,1,stop,480,0,0,0,0,0,0,0,0,0,0,0,0,0,0,0
base-0.7,T1548,1,stop,590,0,0,0,0,0,0,0,0,0,0,0,0,0,0,0
base-0.7,T1549,1,stop,312,0,0,0,0,0,0,0,0,0,0,0,0,0,0,0
base-0.7,T1550,1,stop,564,0,0,0,0,0,0,0,0,0,0,0,0,0,0,0
base-0.7,T1551,1,stop,690,0,0,0,0,0,0,0,0,0,0,0,0,1,0,0
base-0.7,T1552,1,stop,306,0,0,0,0,0,0,0,0,0,0,0,0,0,0,0
base-0.7,T1553,1,stop,503,0,0,0,0,0,0,0,0,0,0,0,0,0,0,0
base-0.7,T1554,1,length,782,0,0,0,0,0,0,0,0,0,0,0,0,0,0,0
base-0.7,T1555,1,stop,473,0,0,0,0,0,0,0,0,0,0,0,0,0,0,0
base-0.7,T1556,1,stop,598,0,0,0,0,0,0,0,0,0,0,0,0,0,0,0
base-0.7,T1557,1,stop,501,0,0,0,0,0,0,0,0,0,0,0,0,0,0,0
base-0.7,T1558,1,length,473,0,0,0,0,0,0,0,0,0,0,0,0,0,0,0
base-0.7,T1559,1,stop,472,0,0,0,0,0,0,0,0,0,0,0,0,0,0,0
base-0.7,T1560,1,stop,614,0,0,0,0,0,0,0,0,0,0,0,0,0,0,0
base-0.7,T1561,1,stop,540,0,0,0,0,0,0,0,0,0,0,0,0,0,0,0
base-0.7,T1562,1,stop,548,0,0,0,0,0,0,0,0,0,0,0,0,0,0,0
base-0.7,T1563,1,stop,254,0,0,0,0,0,0,0,0,0,0,0,0,0,0,0
base-0.7,T1564,1,stop,486,0,0,0,0,0,0,0,0,0,0,0,0,0,0,0
base-0.7,T1565,1,length,815,0,0,0,0,0,0,0,0,0,0,0,0,0,0,0
base-0.7,T1566,1,stop,630,0,0,0,0,0,0,1,0,0,0,0,0,0,0,0
base-0.7,T1567,1,stop,680,0,0,0,0,0,0,0,0,0,0,0,0,0,0,0
base-0.7,T1568,1,stop,489,0,0,0,0,0,0,0,0,0,0,0,0,0,0,0
base-0.7,T1569,1,stop,583,0,0,0,0,0,0,0,0,0,0,0,0,0,0,0
base-0.7,T1570,1,stop,578,0,0,0,0,0,0,0,0,0,0,0,0,0,0,0
base-0.7,T1571,1,stop,202,0,0,0,0,0,0,0,0,0,0,0,0,0,0,0
base-0.7,T1572,1,stop,573,0,0,0,0,0,0,0,0,0,0,0,0,0,0,0
base-0.7,T1573,1,stop,286,0,0,0,0,0,0,0,0,0,0,0,0,0,0,0
base-0.7,T1574,1,stop,539,0,0,0,0,0,0,0,0,0,0,0,0,0,0,0
base-0.7,T1575,1,length,875,0,0,0,0,0,0,0,0,0,0,0,0,0,0,0
base-0.7,T1576,1,length,892,0,0,0,0,0,0,0,0,0,0,0,0,0,0,0
base-0.7,T1577,1,stop,644,0,0,0,0,0,0,0,0,0,0,0,0,1,0,0
base-0.7,T1578,1,stop,325,0,0,0,0,0,0,0,0,0,0,0,0,0,0,0
base-0.7,T1579,1,stop,712,0,0,0,0,0,0,0,0,0,0,0,0,0,0,0
base-0.7,T1580,1,stop,476,0,0,0,0,0,0,0,0,0,0,0,0,0,0,0
base-0.7,T1581,1,stop,555,0,0,0,0,0,0,0,0,0,0,0,0,0,0,0
base-0.7,T1582,1,stop,501,0,0,0,0,0,0,0,0,0,0,0,0,0,0,0
base-0.7,T1583,1,stop,387,0,0,0,0,0,0,0,0,0,0,0,0,0,0,0
base-0.7,T1584,1,length,869,0,0,0,0,0,0,0,0,0,0,0,0,0,0,0
base-0.7,T1585,1,length,789,0,0,0,0,0,0,0,0,0,0,0,0,0,0,0
base-0.7,T1586,1,stop,645,0,0,0,0,0,0,0,0,0,0,0,0,0,0,0
base-0.7,T1587,1,stop,617,0,0,0,0,0,0,0,0,0,0,0,0,0,0,0
base-0.7,T1588,1,stop,576,0,0,0,0,0,0,0,0,0,0,0,0,0,0,0
base-0.7,T1589,1,stop,362,0,0,0,0,0,0,0,0,0,0,0,0,0,0,0
base-0.7,T1590,1,length,711,0,0,0,0,0,0,0,0,0,0,0,0,0,0,0
base-0.7,T1591,1,stop,552,0,0,0,0,0,0,0,0,0,0,0,0,0,0,0
base-0.7,T1592,1,stop,623,0,0,0,0,0,0,0,0,0,0,0,0,0,0,0
base-0.7,T1593,1,stop,636,0,0,0,0,0,0,0,0,0,0,0,0,0,0,0
base-0.7,T1594,1,stop,434,0,0,0,0,0,0,0,0,0,0,0,0,0,0,0
base-0.7,T1595,1,stop,256,0,0,0,0,0,0,0,0,0,0,0,0,0,0,0
base-0.7,T1596,1,length,959,0,0,0,0,0,0,0,0,0,0,0,0,0,0,0
base-0.7,T1597,1,stop,711,0,0,0,0,0,0,1,0,0,0,0,0,0,0,0
base-0.7,T1598,1,stop,284,0,0,0,0,0,0,0,0,0,0,0,0,0,0,0
base-0.7,T1599,1,stop,235,0,0,0,0,0,0,0,0,0,0,0,0,0,0,0
base-0.7,T1600,1,stop,292,0,0,0,0,0,0,0,0,0,0,0,0,0,0,0
base-0.7,T1601,1,stop,316,0,0,0,0,0,0,0,0,0,0,0,0,0,0,0
base-0.7,T1602,1,stop,568,0,0,0,0,0,0,0,0,0,0,0,0,0,0,0
base-0.7,T1603,1,length,859,0,0,0,0,0,0,0,0,0,0,0,0,0,0,0
base-0.7,T1604,1,stop,714,0,0,0,0,0,0,1,0,0,0,0,0,0,0,0
base-0.7,T1605,1,length,772,0,0,0,0,0,0,0,0,0,1,0,0,0,0,0
base-0.7,T1606,1,stop,667,0,0,0,0,0,0,0,0,0,0,0,0,0,0,0
base-0.7,T1607,1,stop,781,0,0,0,0,0,0,0,0,0,0,0,0,0,0,0
base-0.7,T1608,1,length,786,0,0,0,0,0,0,0,0,0,0,0,0,0,0,0
base-0.7,T1609,1,stop,404,0,0,0,0,0,0,0,0,0,0,0,0,0,0,0
base-0.7,T1610,1,length,833,0,0,0,0,0,0,0,0,0,0,0,0,0,0,0
base-0.7,T1611,1,stop,397,0,0,0,0,0,0,0,0,0,0,0,0,0,0,0
base-0.7,T1612,1,stop,367,0,0,0,0,0,0,0,0,0,0,0,0,0,0,0
base-0.7,T1613,1,length,785,0,0,0,0,0,0,0,0,0,0,0,0,0,0,0
base-0.7,T1614,1,stop,568,0,0,0,0,0,0,0,0,0,0,0,0,0,0,0
base-0.7,T1615,1,stop,525,0,0,0,0,0,0,0,0,0,0,0,0,0,0,0
base-0.7,T1616,1,stop,658,0,0,0,0,0,0,0,0,0,0,0,0,0,0,0
base-0.7,T1617,1,stop,332,0,0,0,0,0,0,0,1,0,0,0,0,0,0,0
base-0.7,T1618,1,stop,422,0,0,0,0,0,0,0,0,0,0,0,0,0,0,0
base-0.7,T1619,1,stop,648,0,0,0,0,0,0,0,0,0,0,0,0,0,0,0
base-0.7,T1620,1,length,840,0,0,0,0,0,0,0,0,0,0,0,0,0,0,0
base-0.7,T1621,1,length,776,0,0,0,0,0,0,0,0,0,0,0,0,0,0,0
base-0.7,T1622,1,stop,420,0,0,0,0,0,0,0,0,0,0,0,0,0,0,0
base-0.7,T1623,1,length,925,0,0,0,0,0,0,0,0,0,0,0,0,0,0,0
base-0.7,T1624,1,stop,327,0,0,0,0,0,0,0,0,0,0,0,0,0,0,0
base-0.7,T1625,1,stop,324,0,0,0,0,0,0,0,0,0,0,0,0,0,0,0
base-0.7,T1626,1,stop,420,0,0,0,0,0,0,0,0,0,0,0,0,0,0,0
base-0.7,T1627,1,stop,426,0,0,0,0,0,0,0,0,0,0,0,0,0,0,0
base-0.7,T1628,1,stop,670,0,0,0,0,0,0,0,0,0,0,0,0,0,0,0
base-0.7,T1629,1,length,865,0,0,0,0,0,0,0,0,0,0,0,0,0,0,0
base-0.7,T1630,1,stop,434,0,0,0,0,0,0,0,0,0,0,0,0,0,0,0
base-0.7,T1631,1,stop,342,0,0,0,0,0,0,0,0,0,0,0,0,0,0,0
base-0.7,T1632,1,length,848,0,0,0,0,0,0,0,0,0,0,0,0,0,0,0
base-0.7,T1633,1,stop,438,0,0,0,0,0,0,0,0,0,0,0,0,0,0,0
base-0.7,T1634,1,stop,656,0,0,0,0,0,0,1,0,0,0,0,0,0,0,0
base-0.7,T1635,1,stop,632,0,0,0,0,0,0,0,0,0,0,0,0,0,0,0
base-0.7,T1636,1,length,719,0,0,0,0,0,0,0,0,0,0,0,0,0,0,0
base-0.7,T1637,1,stop,761,0,0,0,0,0,0,0,0,0,0,0,0,0,0,0
base-0.7,T1638,1,stop,389,0,0,0,0,0,0,0,0,0,0,0,0,0,0,0
base-0.7,T1639,1,length,955,0,0,0,0,0,0,0,0,0,0,0,0,0,0,0
base-0.7,T1640,1,stop,552,0,0,0,0,0,0,0,0,0,0,0,0,0,0,0
base-0.7,T1641,1,stop,265,0,0,0,0,0,0,0,0,0,0,0,0,0,0,0
base-0.7,T1642,1,length,726,0,0,0,0,0,0,0,0,0,0,0,0,0,0,0
base-0.7,T1643,1,stop,522,0,0,0,0,0,0,0,0,1,0,0,0,0,0,0
base-0.7,T1644,1,stop,567,0,0,0,0,0,0,0,0,0,0,0,0,0,0,0
base-0.7,T1645,1,length,877,0,0,0,0,0,0,0,0,0,0,0,0,0,0,0
base-0.7,T1646,1,stop,611,0,0,0,0,0,0,0,0,0,0,0,0,0,0,0
base-0.7,T1647,1,stop,475,0,0,0,0,0,0,0,0,0,0,0,0,0,0,0
base-0.7,T1648,1,stop,454,0,0,0,0,0,0,0,0,0,0,0,0,0,0,0
base-0.7,T1649,1,stop,392,0,0,0,0,0,0,0,0,0,0,0,0,0,0,0
base-0.7,T1650,1,stop,751,0,0,0,0,0,0,0,0,0,0,0,0,0,0,0
base-0.7,T1651,1,stop,436,0,0,0,0,0,0,0,1,0,0,0,0,0,0,0
base-0.7,T1652,1,stop,434,0,0,0,0,0,0,0,0,0,0,0,0,0,0,0
base-0.7,T1653,1,stop,685,0,0,0,0,0,0,0,0,0,0,0,0,0,0,0
base-0.7,T1654,1,stop,356,0,0,0,0,0,0,0,0,0,0,0,0,0,0,0
base-0.7,T1655,1,stop,523,0,0,0,0,0,0,0,0,0,0,0,0,0,0,0
base-0.7,T1656,1,stop,341,0,0,0,0,0,0,0,0,0,0,0,0,0,0,0
base-0.7,T1657,1,stop,459,0,0,0,0,0,0,0,0,0,0,0,0,0,0,0
base-0.7,T1658,1,stop,585,0,0,0,0,0,0,0,0,0,0,0,0,0,0,0
base-0.7,T1659,1,stop,534,0,0,0,0,0,0,0,0,0,0,0,0,0,0,0
base-0.7,T1660,1,stop,587,0,0,0,0,0,0,0,0,0,0,0,0,0,0,0
base-0.7,T1661,1,stop,787,0,0,0,0,0,0,0,0,0,0,0,0,0,0,0
base-0.7,T1662,1,length,863,0,0,0,0,0,0,0,0,0,0,0,0,0,0,0
base-0.7,T1663,1,stop,692,0,0,0,0,0,0,0,0,0,0,0,0,0,0,0
base-0.7,T1664,1,stop,349,0,0,0,0,0,0,0,0,0,0,0,0,0,0,0
base-0.7,T1665,1,stop,482,0,0,0,0,0,0,0,0,0,0,0,0,0,0,0
base-0.7,T1666,1,length,891,0,0,0,0,0,0,0,0,0,0,0,0,0,0,0
base-0.7,T1667,1,stop,59,0,0,0,0,0,0,0,0,0,0,0,0,0,0,0
base-0.7,T1668,1,stop,397,0,0,0,0,0,0,0,0,0,0,0,0,0,0,0
base-0.7,T1669,1,stop,349,0,0,0,0,0,0,0,0,0,0,0,0,0,0,0
base-0.7,T1670,1,stop,544,0,0,0,0,0,0,0,0,0,0,0,0,0,0,0
base-0.7,T1671,1,stop,553,0,0,0,0,0,0,0,0,0,0,0,0,1,0,0
base-0.7,T1672,1,stop,508,0,0,0,0,0,0,0,0,0,0,0,0,0,0,0
base-0.7,T1673,1,stop,472,0,0,0,0,0,0,0,0,0,0,0,0,0,0,0
base-0.7,T1674,1,length,880,0,0,0,0,0,0,0,0,0,0,0,0,0,0,0
base-0.7,T1675,1,stop,435,0,0,0,0,0,0,0,0,0,0,0,0,0,0,0
base-0.7,T1676,1,stop,388,0,0,0,0,0,0,0,0,0,0,0,0,0,0,0
base-0.7,T1677,1,stop,355,0,0,0,0,0,0,0,0,0,0,0,0,0,0,0
base-0.7,T1678,1,length,826,0,0,0,0,0,0,0,0,0,0,0,0,0,0,0
base-0.7,T1679,1,stop,370,0,0,0,0,0,0,0,0,0,0,0,0,0,0,0
base-0.7,T1680,1,stop,638,0,0,0,0,0,0,0,0,0,0,0,0,0,0,0
base-0.7,T1681,1,length,873,0,0,0,0,0,0,0,0,0,0,0,0,0,0,0
base-0.7,T1682,1,length,873,0,0,0,0,0,0,0,0,0,0,0,0,0,0,0
base-0.7,T1683,1,length,240,0,0,0,0,0,0,0,0,0,0,0,0,0,0,0
base-0.7,T1684,1,stop,577,0,0,0,0,0,0,0,0,0,0,0,0,0,0,0
base-0.7,T1685,1,stop,648,0,0,0,0,0,0,0,0,0,0,0,0,0,0,0
base-0.7,T1686,1,stop,179,0,0,0,0,0,0,0,0,0,0,0,0,0,0,0
base-0.7,T1687,1,stop,493,0,0,0,0,0,0,0,0,0,0,0,0,0,0,0
base-0.7,T1688,1,stop,654,0,0,0,0,0,0,0,0,0,0,0,0,0,0,0
base-0.7,T1689,1,stop,698,0,0,0,0,0,0,0,2,0,0,0,0,0,0,0
base-0.7,T1690,1,stop,409,0,0,0,0,0,0,0,0,0,0,0,0,0,0,0
base-0.7,T1691,1,stop,124,0,0,0,0,0,0,0,0,0,0,0,0,0,0,0
base-0.7,T1692,1,stop,662,0,0,0,0,0,0,0,0,0,0,0,0,0,0,0
base-0.7,T1693,1,stop,716,0,0,0,0,0,0,0,0,0,0,0,0,0,0,0
base-0.7,T1694,1,stop,579,0,0,0,0,0,0,0,0,0,0,0,0,0,0,0
base-0.7,T1695,1,length,891,0,0,0,0,0,0,0,0,0,0,0,0,0,0,0
base-0.7,T1696,1,stop,404,0,0,0,0,0,0,0,0,0,0,0,0,0,0,0
base-0.7,T1697,1,stop,388,0,0,0,0,0,0,0,0,0,0,0,0,0,0,0
base-0.7,T1698,1,length,878,0,0,0,0,0,0,0,0,0,0,0,0,0,0,0
base-0.7,T1699,1,stop,386,0,0,0,0,0,0,0,0,0,0,0,0,0,0,0
base-0.7,T1700,1,length,686,0,0,0,0,0,0,0,0,0,0,0,0,0,0,0
base-0.7,T1701,1,stop,448,0,0,0,0,0,0,0,0,0,0,0,0,0,0,0
base-0.7,T1702,1,length,806,0,0,0,0,0,0,0,0,0,0,0,0,0,0,0
base-0.7,T1703,1,stop,487,0,0,0,0,0,0,0,0,0,0,0,0,0,0,0
base-0.7,T1704,1,stop,491,0,0,0,0,0,0,0,0,0,0,0,0,0,0,0
base-0.7,T1705,1,length,752,0,0,0,0,0,0,0,0,0,0,0,0,0,0,0
base-0.7,T1706,1,stop,474,0,0,0,0,0,0,0,0,0,0,0,0,0,0,0
base-0.7,T1707,1,stop,581,0,0,0,0,0,0,0,0,0,0,0,0,0,0,0
base-0.7,T1708,1,length,877,0,0,0,0,0,0,0,0,0,0,0,0,0,0,0
base-0.7,T1709,1,stop,614,0,0,0,0,0,0,0,0,0,0,0,0,0,0,0
base-0.7,T1710,1,stop,652,0,0,0,0,0,0,0,0,0,0,0,0,0,0,0
base-0.7,T1711,1,stop,523,0,0,0,0,0,0,0,0,0,0,0,0,0,0,0
base-0.7,T1712,1,stop,636,0,0,0,0,0,0,0,0,0,0,0,0,0,0,0
base-0.7,T1713,1,stop,546,0,0,1,0,0,0,0,0,0,0,0,0,0,0,0
base-0.7,T1714,1,stop,504,0,0,0,0,0,0,0,0,0,0,0,0,0,0,0
base-0.7,T1715,1,length,843,0,0,0,0,0,0,0,0,0,0,0,0,0,0,0
base-0.7,T1716,1,stop,594,0,0,0,0,0,0,0,0,0,0,0,0,0,0,0
base-0.7,T1717,1,stop,507,0,0,0,0,0,0,0,0,0,0,0,0,0,0,0
base-0.7,T1718,1,length,799,0,0,0,0,0,0,0,0,0,0,0,0,0,0,0
base-0.7,T1719,1,stop,411,0,0,0,0,0,0,0,0,0,0,0,0,0,0,0
base-0.7,T1720,1,stop,552,0,0,0,0,0,0,0,0,0,0,0,0,0,0,0
base-0.7,T1721,1,length,792,0,0,0,0,0,0,0,0,0,0,0,0,0,0,0
base-0.7,T1722,1,stop,578,0,0,0,0,0,0,0,0,0,0,0,0,0,0,0
base-0.7,T1723,1,length,877,0,0,0,0,0,0,0,0,0,0,0,0,0,0,0
base-0.7,T1724,1,stop,552,0,0,0,0,0,0,0,0,0,0,0,0,0,0,0
base-0.7,T1725,1,stop,487,0,0,0,0,0,0,0,0,0,0,0,0,0,0,0
base-0.7,T1726,1,stop,305,0,0,0,0,0,0,0,0,0,0,0,0,1,0,0
base-0.7,T1727,1,length,866,0,0,1,0,0,0,0,0,0,0,0,0,0,0,0
base-0.7,T1728,1,stop,744,0,0,0,0,0,0,0,0,0,0,0,0,0,0,0
base-0.7,T1729,1,stop,573,0,0,0,0,0,0,0,0,0,0,0,0,0,0,0
base-0.7,T1730,1,stop,375,0,0,0,0,0,0,0,0,0,0,0,0,0,0,0
base-0.7,T1731,1,stop,390,0,0,0,0,0,0,0,0,0,0,0,0,0,0,0
base-0.7,T1732,1,stop,362,0,0,0,0,0,0,0,0,0,0,0,0,0,0,0
base-0.7,T1733,1,stop,343,0,0,0,0,0,0,0,0,0,0,0,0,0,0,0
base-0.7,T1734,1,length,799,0,0,0,0,0,0,0,0,0,0,0,0,0,0,0
base-0.7,T1735,1,stop,586,0,0,0,0,0,0,0,0,0,0,0,0,0,0,0
base-0.7,T1736,1,stop,567,0,0,0,0,0,0,0,0,0,0,0,0,0,0,0
base-0.7,T1737,1,stop,619,0,0,0,0,0,0,0,0,0,0,0,0,0,0,0
base-0.7,T1738,1,stop,543,0,0,0,0,0,0,0,0,0,0,0,0,0,0,0
base-0.7,T1739,1,stop,519,0,0,0,0,0,0,0,0,0,0,0,0,0,0,0
base-0.7,T1740,1,length,835,0,0,0,0,0,0,0,0,0,0,0,0,0,0,0
base-0.7,T1741,1,length,717,0,0,0,0,0,0,0,0,0,0,0,0,0,0,0
base-0.7,T1742,1,stop,424,0,0,0,0,0,0,0,0,0,0,0,0,0,0,0
base-0.7,T1743,1,length,812,0,0,0,0,0,0,0,0,0,0,0,0,0,0,0
base-0.7,T1744,1,length,940,0,0,0,0,0,0,0,0,0,0,0,0,0,0,0
base-0.7,T1745,1,length,782,1,0,0,0,0,0,1,0,0,0,0,0,1,0,0
base-0.7,T1746,1,stop,377,0,0,0,0,0,0,1,0,0,0,0,0,0,0,0
base-0.7,T1747,1,length,904,0,0,0,0,0,0,0,0,0,1,0,0,3,0,0
base-0.7,T1748,1,length,894,0,0,0,0,0,0,0,0,0,0,0,0,0,0,0
base-0.7,T1749,1,stop,520,0,0,0,0,0,0,0,0,0,0,0,0,0,0,0
base-0.7,T1750,1,stop,602,0,0,0,0,0,0,0,0,0,0,0,0,0,0,0
base-0.7,T1751,1,stop,506,0,0,0,0,0,0,0,0,0,0,0,0,0,0,0
base-0.7,T1752,1,stop,595,0,0,0,0,0,0,0,0,0,0,0,0,0,0,0
base-0.7,T1753,1,stop,396,0,0,0,0,0,0,0,0,0,0,0,0,0,0,0
base-0.7,T1754,1,stop,723,0,0,0,0,0,0,0,0,0,0,0,0,0,0,0
base-0.7,T1755,1,stop,413,0,0,0,0,0,0,0,0,0,0,0,0,0,0,0
base-0.7,T1756,1,stop,243,0,0,0,0,0,0,0,0,0,0,0,0,0,0,0
base-0.7,T1757,1,stop,153,0,0,0,0,0,0,0,0,0,0,0,0,0,0,0
base-0.7,T1758,1,length,791,0,0,0,0,0,0,0,0,0,0,0,0,0,0,0
base-0.7,T1759,1,stop,381,0,0,0,0,0,0,0,0,0,0,0,0,0,0,0
base-0.7,T1760,1,length,872,0,0,0,0,0,0,0,0,0,0,0,0,0,0,0
base-0.7,T1761,1,stop,692,0,0,0,0,0,0,0,0,0,0,0,0,0,0,0
base-0.7,T1762,1,length,892,0,0,0,0,0,0,0,0,0,0,0,0,0,0,0
base-0.7,T1763,1,stop,341,0,0,0,0,0,0,0,0,0,0,0,0,0,0,0
base-0.7,T1764,1,stop,434,0,0,0,0,0,0,0,0,0,0,0,0,0,0,0
base-0.7,T1765,1,stop,713,0,0,0,0,0,0,0,0,0,0,0,0,0,0,0
base-0.7,T1766,1,stop,327,0,0,0,0,0,0,0,0,0,0,0,0,0,0,0
base-0.7,T1767,1,stop,629,0,0,0,0,0,0,0,0,0,0,0,0,0,0,0
base-0.7,T1768,1,stop,403,0,0,0,0,0,0,0,0,0,0,0,0,0,0,0
base-0.7,T1769,1,stop,252,0,0,0,0,0,0,0,0,0,0,0,0,0,0,0
base-0.7,T1770,1,stop,512,0,0,0,0,0,0,0,0,0,0,0,0,0,0,0
base-0.7,T1771,1,stop,209,0,0,0,0,0,0,0,0,0,0,0,0,0,0,0
base-0.7,T1772,1,stop,466,0,0,0,0,0,0,0,0,0,0,0,0,0,0,0
base-0.7,T1773,1,stop,518,0,0,0,0,0,0,0,0,0,0,0,0,0,0,0
base-0.7,T1774,1,stop,382,0,0,0,0,0,0,1,0,0,0,0,0,0,0,0
base-0.7,T1775,1,stop,256,0,0,0,0,0,0,0,0,0,0,0,0,0,0,0
base-0.7,T1776,1,stop,614,0,0,0,0,0,0,0,0,0,0,0,0,0,0,0
base-0.7,T1777,1,length,708,0,0,0,0,0,0,0,0,0,0,0,0,0,0,0
base-0.7,T1778,1,stop,543,0,0,0,0,0,0,0,0,0,0,0,0,0,0,0
base-0.7,T1779,1,stop,518,0,0,0,0,0,0,0,0,0,0,0,0,0,0,0
base-0.7,T1780,1,stop,348,0,0,0,0,0,0,0,0,0,0,0,0,0,0,0
base-0.7,T1781,1,stop,529,0,0,0,0,0,0,0,0,0,0,0,0,0,0,0
base-0.7,T1782,1,stop,446,0,0,0,0,0,0,0,0,0,0,0,0,0,0,0
base-0.7,T1783,1,stop,473,0,0,0,0,0,0,0,0,0,0,0,0,0,0,0
base-0.7,T1784,1,stop,645,0,0,0,0,0,0,0,0,0,0,0,0,0,0,0
base-0.7,T1785,1,stop,599,0,0,0,0,0,0,0,0,0,0,0,0,0,0,0
base-0.7,T1786,1,stop,654,0,0,0,0,0,0,0,0,0,0,0,0,0,0,0
base-0.7,T1787,1,length,837,0,0,0,0,0,0,0,1,0,0,0,0,0,0,0
base-0.7,T1788,1,stop,724,0,0,0,0,0,0,0,0,0,0,0,0,0,0,0
base-0.7,T1789,1,stop,738,0,0,0,0,0,0,0,0,0,0,0,0,0,0,0
base-0.7,T1790,1,stop,520,0,0,0,0,0,0,0,0,0,0,0,0,0,0,0
base-0.7,T1791,1,stop,492,0,0,0,0,0,0,0,0,0,0,0,0,0,0,0
base-0.7,T1792,1,stop,483,0,0,0,0,0,0,0,0,0,0,0,0,0,0,0
base-0.7,T1793,1,stop,384,0,0,0,0,0,0,0,0,0,0,0,0,0,0,0
base-0.7,T1794,1,stop,421,0,0,0,0,0,0,0,0,0,0,0,0,0,0,0
base-0.7,T1795,1,stop,503,0,0,0,0,0,0,0,0,0,0,0,0,0,0,0
base-0.7,T1796,1,stop,656,0,0,0,0,0,0,0,0,0,0,0,0,0,0,0
base-0.7,T1797,1,stop,676,0,0,0,0,0,0,0,0,0,0,0,0,0,0,0
base-0.7,T1798,1,stop,479,0,0,0,0,0,0,0,0,0,0,0,0,0,0,0
base-0.7,T1799,1,length,699,0,0,0,0,0,0,0,0,0,0,0,0,0,0,0
base-0.7,T1800,1,length,893,0,0,0,0,0,0,0,0,0,0,0,0,0,0,0
base-0.7,T1801,1,stop,771,0,0,0,0,0,0,0,0,0,0,0,0,0,0,0
base-0.7,T1802,1,stop,399,0,0,0,0,0,0,0,0,0,0,0,0,0,0,0
base-0.7,T1803,1,stop,76,0,0,0,0,0,0,0,0,0,0,0,0,0,0,0
base-0.7,T1804,1,stop,190,0,0,0,0,0,0,0,0,0,0,0,0,0,0,0
base-0.7,T1805,1,stop,480,0,0,0,0,0,0,0,0,0,0,0,0,0,0,0
base-0.7,T1806,1,length,859,0,0,0,0,0,0,0,0,0,0,0,0,0,0,0
base-0.7,T1807,1,stop,705,0,0,0,0,0,0,0,0,0,0,0,0,0,0,0
base-0.7,T1808,1,stop,639,0,0,0,0,0,0,0,0,0,0,0,0,0,0,0
base-0.7,T1809,1,stop,166,0,0,0,0,0,0,0,0,0,0,0,0,0,0,0
base-0.7,T1810,1,stop,574,0,0,0,0,0,0,0,0,0,0,0,0,0,0,0
base-0.7,T1811,1,stop,419,0,0,0,0,0,0,0,0,0,0,0,0,0,0,0
base-0.7,T1812,1,stop,527,0,0,0,0,0,0,2,0,1,0,0,0,0,0,0
base-0.7,T1813,1,stop,491,0,0,0,0,0,0,0,0,0,0,0,0,0,0,0
base-0.7,T1814,1,length,849,0,0,0,0,0,0,0,0,0,0,0,0,0,0,0
base-0.7,T1815,1,stop,567,0,0,0,0,0,0,0,0,0,0,0,0,0,0,0
base-0.7,T1816,1,stop,464,0,0,0,0,0,0,0,0,0,0,0,0,0,0,0
base-0.7,T1817,1,stop,260,0,0,0,0,0,0,0,0,0,0,0,0,0,0,0
base-0.7,T1818,1,length,600,0,0,0,0,0,0,0,0,0,0,0,0,0,0,0
base-0.7,T1819,1,stop,166,0,0,0,0,0,0,0,0,0,0,0,0,0,0,0
base-0.7,T1820,1,length,850,0,0,0,0,0,0,0,0,0,0,0,0,0,0,0
base-0.7,T1821,1,length,725,0,0,0,0,0,0,0,0,1,0,0,0,0,0,0
base-0.7,T1822,1,stop,484,0,0,0,0,0,0,0,0,0,0,0,0,0,0,0
base-0.7,T1823,1,length,769,0,0,0,0,0,0,0,1,0,0,0,0,0,0,0
base-0.7,T1824,1,stop,432,0,0,0,0,0,0,2,0,0,0,0,0,0,0,0
base-0.7,T1825,1,length,803,0,0,0,0,0,0,0,0,0,0,0,0,0,0,0
base-0.7,T1826,1,stop,471,0,0,0,0,0,0,0,0,0,0,0,0,0,0,0
base-0.7,T1827,1,stop,498,0,0,0,0,0,0,0,0,0,0,0,0,0,0,0
base-0.7,T1828,1,stop,331,0,0,0,0,0,0,0,0,0,0,0,0,0,0,0
base-0.7,T1829,1,stop,485,0,0,0,0,0,0,0,0,0,0,0,0,0,0,0
base-0.7,T1830,1,stop,195,0,0,0,0,0,0,0,0,0,0,0,0,0,0,0
base-0.7,T1831,1,length,855,0,0,0,0,0,0,0,0,0,0,0,0,0,0,0
base-0.7,T1832,1,length,735,0,0,0,0,0,0,0,0,0,0,0,0,0,0,0
base-0.7,T1833,1,stop,545,0,0,0,0,0,0,0,0,0,0,0,0,0,0,0
base-0.7,T1834,1,length,850,0,0,0,0,0,0,0,0,0,0,0,0,0,0,0
base-0.7,T1835,1,stop,464,0,0,0,0,0,0,0,0,0,0,0,0,0,0,0
base-0.7,T1836,1,stop,361,0,0,0,0,0,0,0,0,0,0,0,0,0,0,0
base-0.7,T1837,1,stop,444,0,0,0,0,0,0,0,0,0,0,0,0,0,0,0
base-0.7,T1838,1,stop,373,0,0,0,0,0,0,0,0,0,0,0,0,0,0,0
base-0.7,T1839,1,stop,544,0,0,0,0,0,0,0,0,0,0,0,0,0,0,0
base-0.7,T1840,1,stop,130,0,0,0,0,0,0,0,0,0,0,0,0,0,0,0
base-0.7,T1841,1,stop,344,0,0,0,0,0,0,0,0,0,0,0,0,0,0,0
base-0.7,T1842,1,stop,533,0,0,0,0,0,0,0,0,0,0,0,0,0,0,0
base-0.7,T1843,1,stop,683,0,0,0,0,0,0,0,0,0,0,0,0,0,0,0
base-0.7,T1844,1,stop,491,0,0,0,0,0,0,0,0,0,0,0,0,0,0,0
base-0.7,T1845,1,length,894,0,0,0,0,0,0,0,0,0,0,0,0,0,0,0
base-0.7,T1846,1,stop,771,0,0,0,0,0,0,0,0,0,0,0,0,0,0,0
base-0.7,T1847,1,stop,184,0,0,0,0,0,0,0,0,0,0,0,0,0,0,0
base-0.7,T1848,1,stop,610,0,0,0,0,0,0,0,0,0,0,0,0,0,0,0
base-0.7,T1849,1,stop,547,0,0,0,0,0,0,0,0,0,0,0,0,0,0,0
base-0.7,T1850,1,stop,615,0,0,0,0,0,0,0,0,0,0,0,0,0,0,0
base-0.7,T1851,1,stop,406,0,0,0,0,0,0,0,0,0,0,0,0,0,0,0
base-0.7,T1852,1,stop,389,0,0,0,0,0,0,0,0,0,0,0,0,0,0,0
base-0.7,T1853,1,stop,364,0,0,0,0,0,0,0,0,0,0,0,0,0,0,0
base-0.7,T1854,1,stop,456,0,0,0,0,0,0,0,0,0,0,0,0,0,0,0
base-0.7,T1855,1,stop,544,0,0,0,0,0,0,0,0,0,0,0,0,0,0,0
base-0.7,T1856,1,stop,434,0,0,0,0,0,0,1,0,0,0,0,0,0,0,0
base-0.7,T1857,1,length,911,0,0,0,0,0,0,0,0,0,0,0,0,0,0,0
base-0.7,T1858,1,stop,537,0,0,0,0,0,0,0,0,0,0,0,0,0,0,0
base-0.7,T1859,1,length,491,0,0,0,0,0,0,0,0,0,0,0,0,0,0,0
base-0.7,T1860,1,length,793,0,0,0,0,0,0,0,0,0,0,0,0,0,0,0
base-0.7,T1861,1,length,789,0,0,0,0,0,0,0,0,0,0,0,0,0,0,0
base-0.7,T1862,1,stop,588,0,0,0,0,0,0,0,0,0,0,0,0,0,0,0
base-0.7,T1863,1,stop,525,0,0,0,0,0,0,0,0,0,0,0,0,0,0,0
base-0.7,T1864,1,stop,807,0,0,0,0,0,0,0,0,0,0,0,0,0,0,0
base-0.7,T1865,1,stop,333,0,0,0,0,0,0,0,0,0,0,0,0,0,0,0
base-0.7,T1866,1,stop,453,0,0,0,0,0,0,0,0,0,0,0,0,0,0,0
base-0.7,T1867,1,stop,587,0,0,0,0,0,0,0,0,0,0,0,0,0,0,0
base-0.7,T1868,1,stop,461,0,0,0,0,0,0,3,0,0,0,0,0,0,0,0
base-0.7,T1869,1,stop,590,0,0,0,0,0,0,0,0,0,0,0,0,0,0,0
base-0.7,T1870,1,stop,526,0,0,0,0,0,0,0,0,0,0,0,0,0,0,0
base-0.7,T1871,1,stop,559,0,0,0,0,0,0,0,0,0,0,0,0,0,0,0
base-0.7,T1872,1,stop,443,0,0,0,0,0,0,0,0,0,0,0,0,0,0,0
base-0.7,T1873,1,length,833,0,0,0,0,0,0,0,0,0,0,0,0,0,0,0
base-0.7,T1874,1,stop,665,0,0,0,0,0,0,0,0,0,0,0,0,0,0,0
base-0.7,T1875,1,stop,322,0,0,0,0,0,0,0,0,0,0,0,0,0,0,0
base-0.7,T1876,1,stop,660,0,0,0,0,0,0,0,0,0,0,0,0,0,0,0
base-0.7,T1877,1,stop,93,0,0,0,0,0,0,0,0,0,0,0,0,0,0,0
base-0.7,T1878,1,stop,457,0,0,0,0,0,0,0,0,0,0,0,0,0,0,0
base-0.7,T1879,1,stop,228,0,0,0,0,0,0,0,0,0,0,0,0,0,0,0
base-0.7,T1880,1,stop,373,0,0,0,0,0,0,0,0,0,0,0,0,0,0,0
base-0.7,T1881,1,stop,374,0,0,0,0,0,0,0,0,0,0,0,0,0,0,0
base-0.7,T1882,1,stop,615,0,0,0,0,0,0,0,0,0,0,0,0,0,0,0
base-0.7,T1883,1,stop,505,0,0,0,0,0,0,0,0,0,0,0,0,1,0,0
base-0.7,T1884,1,length,800,0,0,0,0,0,0,0,0,0,0,0,0,0,0,0
base-0.7,T1885,1,stop,503,0,0,0,0,0,0,0,0,0,0,0,0,0,0,0
base-0.7,T1886,1,stop,371,0,0,0,0,0,0,0,0,0,0,0,0,0,0,0
base-0.7,T1887,1,length,872,0,0,0,0,0,0,0,0,0,0,0,0,0,0,0
base-0.7,T1888,1,stop,536,0,0,0,0,0,0,0,0,0,0,0,0,0,0,0
base-0.7,T1889,1,stop,486,0,0,0,0,0,0,0,0,0,0,0,0,0,0,0
base-0.7,T1890,1,length,837,0,0,0,0,0,0,0,0,0,0,0,0,0,0,0
base-0.7,T1891,1,stop,495,0,0,0,0,0,0,0,0,0,0,0,0,0,0,0
base-0.7,T1892,1,stop,648,0,0,0,0,0,0,0,0,1,0,0,0,0,0,0
base-0.7,T1893,1,length,824,0,0,0,0,0,0,0,0,1,0,0,0,0,0,0
base-0.7,T1894,1,stop,443,0,0,0,0,0,0,0,0,0,0,0,0,0,0,0
base-0.7,T1895,1,length,878,0,0,0,0,0,0,0,0,0,0,0,0,0,0,0
base-0.7,T1896,1,stop,488,0,0,0,0,0,0,0,0,0,0,0,0,0,0,0
base-0.7,T1897,1,stop,269,0,0,0,0,0,0,0,0,0,0,0,0,0,0,0
base-0.7,T1898,1,length,730,0,0,0,0,0,0,0,0,0,0,0,0,0,0,0
base-0.7,T1899,1,stop,583,0,0,0,0,0,0,0,1,0,0,0,0,0,0,0
base-0.7,T1900,1,stop,689,0,0,0,0,0,0,0,0,0,0,0,0,0,0,0
base-0.7,T1901,1,length,802,0,0,0,0,0,0,0,0,0,0,0,0,0,0,0
base-0.7,T1902,1,stop,499,0,0,0,0,0,0,0,0,0,0,0,0,0,0,0
base-0.7,T1903,1,stop,454,0,0,0,0,0,0,0,0,0,0,0,0,0,0,0
base-0.7,T1904,1,stop,414,0,0,0,0,0,0,0,0,0,0,0,0,0,0,0
base-0.7,T1905,1,stop,628,0,0,0,0,0,0,0,0,0,0,0,0,0,0,0
base-0.7,T1906,1,length,789,0,0,0,0,0,0,0,0,2,0,0,0,0,0,0
base-0.7,T1907,1,stop,262,0,0,0,0,0,0,0,0,0,0,0,0,0,0,0
base-0.7,T1908,1,length,896,0,0,0,0,0,0,0,0,0,0,0,0,0,0,0
base-0.7,T1909,1,length,780,0,0,0,0,0,0,0,0,0,0,0,0,0,0,0
base-0.7,T1910,1,stop,452,0,0,0,0,0,0,0,0,0,0,0,0,0,0,0
base-0.7,T1911,1,stop,395,0,0,0,0,0,0,0,0,0,0,0,0,0,0,0
base-0.7,T1912,1,stop,511,0,0,0,0,0,0,0,0,0,0,0,0,0,0,0
base-0.7,T1913,1,stop,434,0,0,0,0,0,0,0,0,0,0,0,0,0,0,0
base-0.7,T1914,1,stop,571,0,0,0,0,0,0,0,0,0,0,0,0,0,0,0
base-0.7,T1915,1,stop,562,0,0,0,0,0,0,0,0,0,0,0,0,0,0,0
base-0.7,T1916,1,stop,476,0,0,0,0,0,0,0,0,0,0,0,0,0,0,0
base-0.7,T1917,1,length,814,0,0,0,0,0,0,0,0,0,0,0,0,0,0,0
base-0.7,T1918,1,stop,309,0,0,0,0,0,0,0,0,0,0,0,0,0,0,0
base-0.7,T1919,1,length,864,0,0,0,0,0,0,0,0,0,0,0,0,0,0,0
base-0.7,T1920,1,length,858,0,0,0,0,0,0,0,0,0,0,0,0,0,0,0
base-0.7,T1921,1,length,772,0,0,0,0,0,0,0,0,0,0,0,0,0,0,0
base-0.7,T1922,1,stop,594,0,0,0,0,0,0,0,0,0,0,0,0,0,0,0
base-0.7,T1923,1,stop,574,0,0,0,0,0,0,0,0,0,0,0,0,3,0,0
base-0.7,T1924,1,stop,573,0,0,0,0,0,0,0,0,0,0,0,0,0,0,0
base-0.7,T1925,1,length,884,0,0,0,0,0,0,0,0,0,0,0,0,0,0,0
base-0.7,T1926,1,length,845,0,0,0,0,0,0,1,0,0,0,0,0,0,0,0
base-0.7,T1927,1,stop,612,0,0,0,0,0,0,0,0,0,0,0,0,0,0,0
base-0.7,T1928,1,stop,647,0,0,0,0,0,0,0,0,0,0,0,0,0,0,0
base-0.7,T1929,1,stop,524,0,0,0,0,0,0,0,0,0,0,0,0,0,0,0
base-0.7,T1930,1,stop,602,0,0,0,0,0,0,0,0,0,0,0,0,0,0,0
base-0.7,T1931,1,stop,503,0,0,0,0,0,0,0,0,0,0,0,0,0,0,0
base-0.7,T1932,1,stop,470,0,0,0,0,0,0,0,0,0,0,0,0,0,0,0
base-0.7,T1933,1,stop,648,0,0,0,0,0,0,0,0,0,0,0,0,0,0,0
base-0.7,T1934,1,stop,498,0,0,0,0,0,0,0,0,0,0,0,0,0,0,0
base-0.7,T1935,1,length,843,0,0,0,0,0,0,0,0,0,0,0,0,0,0,0
base-0.7,T1936,1,stop,123,0,0,0,0,0,0,0,0,0,0,0,0,0,0,0
base-0.7,T1937,1,stop,649,0,0,0,0,0,0,0,0,0,0,0,0,0,0,0
base-0.7,T1938,1,stop,589,0,0,0,0,0,0,2,0,0,0,0,0,0,0,0
base-0.7,T1939,1,stop,686,0,0,0,0,0,0,0,0,0,0,0,0,0,0,0
base-0.7,T1940,1,stop,526,0,0,0,0,0,0,0,0,0,0,0,0,0,0,0
base-0.7,T1941,1,length,818,0,0,0,0,0,0,0,0,0,0,0,0,0,0,0
base-0.7,T1942,1,stop,664,0,0,0,0,0,0,0,0,0,0,0,0,0,0,0
base-0.7,T1943,1,stop,817,0,0,0,0,0,0,0,0,0,0,0,0,0,0,0
base-0.7,T1944,1,stop,427,0,0,0,0,0,0,0,0,0,0,0,0,0,0,0
base-0.7,T1945,1,stop,341,0,0,0,0,0,0,0,1,0,0,0,0,0,0,0
base-0.7,T1946,1,length,798,0,0,0,0,0,0,0,0,0,0,0,0,0,0,0
base-0.7,T1947,1,stop,546,0,0,0,0,0,0,0,0,0,0,0,0,0,0,0
base-0.7,T1948,1,stop,675,0,0,0,0,0,0,0,0,0,0,0,0,0,0,0
base-0.7,T1949,1,stop,71,0,0,0,0,0,0,0,0,0,0,0,0,0,0,0
base-0.7,T1950,1,stop,840,0,0,0,0,0,0,0,0,0,0,0,0,0,0,0
base-0.7,T1951,1,stop,537,0,0,0,0,0,0,0,0,0,0,0,0,0,0,0
base-0.7,T1952,1,length,651,0,0,0,0,0,0,0,0,0,0,0,0,0,0,0
base-0.7,T1953,1,stop,687,0,0,0,0,0,0,0,0,0,0,0,0,0,0,0
base-0.7,T1954,1,stop,705,0,0,0,0,0,0,0,0,0,0,0,0,0,0,0
base-0.7,T1955,1,stop,646,0,0,0,0,0,0,0,0,0,0,0,0,0,0,0
base-0.7,T1956,1,length,727,0,0,0,0,0,0,0,0,0,0,0,0,0,0,0
base-0.7,T1957,1,length,872,0,0,0,0,0,0,0,0,0,0,0,0,0,0,0
base-0.7,T1958,1,stop,444,0,0,0,0,0,0,0,0,0,0,0,0,0,0,0
base-0.7,T1959,1,stop,319,0,0,0,0,0,0,0,0,0,0,0,0,0,0,0
base-0.7,T1960,1,stop,323,0,0,0,0,0,0,0,0,0,0,0,0,0,0,0
base-0.7,T1961,1,length,640,0,0,0,0,0,0,0,0,0,0,0,0,0,0,0
base-0.7,T1962,1,stop,649,0,0,0,0,0,0,0,0,0,0,0,0,0,0,0
base-0.7,T1963,1,stop,458,0,0,0,0,0,0,0,0,0,0,0,0,0,0,0
base-0.7,T1964,1,stop,519,0,0,0,0,0,0,0,0,0,0,0,0,0,0,0
base-0.7,T1965,1,length,813,0,0,0,0,0,0,0,1,0,0,0,0,0,0,0
base-0.7,T1966,1,length,878,0,0,0,0,0,0,0,0,0,0,0,0,0,0,0
base-0.7,T1967,1,stop,433,0,0,0,0,0,0,0,0,0,0,0,0,0,0,0
base-0.7,T1968,1,stop,575,0,0,0,0,0,0,0,0,0,0,0,0,0,0,0
base-0.7,T1969,1,stop,428,0,0,0,0,0,0,0,0,0,0,0,0,0,0,0
base-0.7,T1970,1,stop,628,0,0,0,0,0,0,0,0,0,0,0,0,0,0,0
base-0.7,T1971,1,stop,459,0,0,0,0,0,0,0,0,0,0,0,0,0,0,0
base-0.7,T1972,1,stop,681,0,0,0,0,0,0,0,0,0,0,0,0,0,0,0
base-0.7,T1973,1,stop,396,0,0,0,0,0,0,0,0,0,0,0,0,0,0,0
base-0.7,T1974,1,length,805,0,0,0,0,0,0,0,0,0,0,0,0,0,0,0
base-0.7,T1975,1,stop,502,0,0,0,0,0,0,0,0,0,0,0,0,0,0,0
base-0.7,T1976,1,length,821,0,0,0,0,0,0,0,0,1,0,0,0,0,0,0
base-0.7,T1977,1,stop,633,0,0,0,0,0,0,0,0,0,0,0,0,0,0,0
base-0.7,T1978,1,stop,595,0,0,0,0,0,0,0,0,0,0,0,0,0,0,0
base-0.7,T1979,1,length,834,0,0,0,0,0,0,0,0,0,0,0,0,0,0,0
base-0.7,T1980,1,stop,437,0,0,0,0,0,0,0,0,0,0,0,0,0,0,0
base-0.7,T1981,1,stop,636,0,0,0,0,0,0,0,0,0,0,0,0,0,0,0
base-0.7,T1982,1,stop,312,0,0,0,0,0,0,0,0,0,0,0,0,0,0,0
base-0.7,T1983,1,length,805,0,0,0,0,0,0,0,0,0,0,0,0,0,0,0
base-0.7,T1984,1,stop,783,0,0,0,0,0,0,0,0,0,0,0,0,2,0,0
base-0.7,T1985,1,length,736,0,0,0,0,0,0,0,0,0,0,0,0,0,0,0
base-0.7,T1986,1,stop,560,0,0,0,0,0,0,0,0,0,0,0,0,0,0,0
base-0.7,T1987,1,length,874,0,0,0,0,0,0,0,0,0,0,0,0,0,0,0
base-0.7,T1988,1,length,841,0,0,0,0,0,0,0,0,0,0,0,0,0,0,0
base-0.7,T1989,1,stop,479,1,0,0,0,0,0,0,0,0,0,0,0,0,0,0
base-0.7,T1990,1,stop,360,0,0,0,0,0,0,0,0,0,0,0,0,0,0,0
base-0.7,T1991,1,length,760,0,0,0,0,0,0,0,0,0,0,0,0,0,0,0
base-0.7,T1992,1,length,851,0,0,0,0,0,0,0,0,0,0,0,0,0,0,0
base-0.7,T1993,1,length,667,0,0,0,0,0,0,0,0,0,0,0,0,0,0,0
base-0.7,T1994,1,length,864,0,0,0,0,0,0,0,0,0,0,0,0,0,0,0
base-0.7,T1995,1,length,901,0,0,0,0,0,0,0,0,0,0,0,0,0,0,0
base-0.7,T1996,1,stop,568,0,0,0,0,0,0,0,0,0,0,0,0,0,0,0
base-0.7,T1997,1,stop,458,0,0,0,0,0,0,0,0,0,0,0,0,0,0,0
base-0.7,T1998,1,stop,322,0,0,0,0,0,0,0,0,0,0,0,0,0,0,0
base-0.7,T1999,1,stop,523,0,0,0,0,0,0,0,0,0,0,0,0,0,0,0
base-0.7,T2000,1,stop,230,0,0,0,0,0,0,0,0,0,0,0,0,0,0,0
base-0.7,T2001,1,stop,539,0,0,0,0,0,0,0,0,0,0,0,0,0,0,0
base-0.7,T2002,1,length,780,0,0,0,0,0,0,0,0,0,0,0,0,0,0,0
base-0.7,T2003,1,stop,363,0,0,0,0,0,0,0,0,0,0,0,0,0,0,0
base-0.7,T2004,1,stop,504,0,0,0,0,0,0,0,0,0,0,0,0,0,0,0
base-0.7,T2005,1,length,842,0,0,0,0,0,0,0,0,0,0,0,0,0,0,0
base-0.7,T2006,1,length,841,0,0,0,0,0,0,0,0,0,0,0,0,0,0,0
base-0.7,T2007,1,stop,461,0,0,0,0,0,0,0,0,0,0,0,0,0,0,0
base-0.7,T2008,1,stop,520,0,0,0,0,0,0,0,0,0,0,0,0,0,0,0
base-0.7,T2009,1,stop,415,0,0,0,0,0,0,0,0,0,0,0,0,0,0,0
base-0.7,T2010,1,length,852,0,0,0,0,0,0,0,0,0,0,0,0,0,0,0
base-0.7,T2011,1,stop,672,0,0,0,0,0,0,0,0,0,0,0,0,0,0,0
base-0.7,T2012,1,stop,413,0,0,0,0,0,0,0,0,0,0,0,0,0,0,0
base-0.7,T2013,1,stop,469,0,0,0,0,0,0,0,0,0,0,0,0,0,0,0
base-0.7,T2014,1,stop,439,0,0,0,0,0,0,0,0,0,0,0,0,0,0,0
base-0.7,T2015,1,stop,541,0,0,0,0,0,0,0,0,0,0,0,0,0,0,0
base-0.7,T2016,1,length,854,0,0,0,0,0,0,0,0,0,0,0,0,0,0,0
base-0.7,T2017,1,stop,685,0,0,0,0,0,0,0,0,0,0,0,0,0,0,0
base-0.7,T2018,1,stop,550,0,0,0,0,0,0,0,0,0,0,0,0,0,0,0
base-0.7,T2019,1,length,905,0,0,0,0,0,0,0,0,0,0,0,0,0,0,0
base-0.7,T2020,1,length,840,0,0,0,0,0,0,0,0,0,0,0,0,0,0,0
base-0.7,T2021,1,stop,490,0,0,0,0,0,0,0,0,0,0,0,0,0,0,0
base-0.7,T2022,1,stop,500,0,0,0,0,0,0,0,0,0,0,0,0,0,0,0
base-0.7,T2023,1,length,845,0,0,0,0,0,0,0,0,0,0,0,0,0,0,0
base-0.7,T2024,1,stop,515,0,0,0,0,0,0,0,0,0,0,0,0,0,0,0
base-0.7,T2025,1,length,815,0,0,0,0,0,0,0,0,0,0,0,0,0,0,0
base-0.7,T2026,1,stop,365,0,0,0,0,0,0,0,0,0,0,0,0,0,0,0
base-0.7,T2027,1,length,942,0,0,0,0,0,0,0,0,0,0,0,0,0,0,0
base-0.7,T2028,1,length,909,0,0,0,0,0,0,0,0,0,0,0,0,0,0,0
base-0.7,T2029,1,length,958,0,0,0,0,0,0,0,0,0,0,0,0,0,0,0
base-0.7,T2030,1,stop,540,0,0,0,0,0,0,0,0,0,0,0,0,0,0,0
base-0.7,T2031,1,stop,520,0,0,0,0,0,0,0,0,0,0,0,0,0,0,0
base-0.7,T2032,1,stop,331,0,0,0,0,0,0,0,0,0,0,0,0,0,0,0
base-0.7,T2033,1,length,864,0,0,0,0,0,0,0,0,0,0,0,0,0,0,0
base-0.7,T2034,1,length,834,0,0,0,0,0,0,0,0,0,0,0,0,0,0,0
base-0.7,T2035,1,stop,441,0,0,0,0,0,0,0,0,0,0,0,0,0,0,0
base-0.7,T2036,1,stop,507,0,0,0,0,0,0,1,0,1,0,0,0,0,0,0
base-0.7,T2037,1,stop,717,0,0,0,0,0,0,0,0,0,0,0,0,0,0,0
base-0.7,T2038,1,stop,459,0,0,0,0,0,0,0,0,0,0,0,0,0,0,0
base-0.7,T2039,1,length,851,0,0,0,0,0,0,0,0,0,0,0,0,0,0,0
base-0.7,T2040,1,stop,495,0,0,0,0,0,0,0,0,0,0,0,0,0,0,0
base-0.7,T2041,1,stop,498,0,0,0,0,0,0,0,0,0,0,0,0,0,0,0
base-0.7,T2042,1,length,864,0,0,0,0,0,0,0,0,0,0,0,0,0,0,0
base-0.7,T2043,1,stop,412,0,0,0,0,0,0,0,0,0,0,0,0,0,0,0
base-0.7,T2044,1,length,862,0,0,0,0,0,0,0,0,0,0,0,0,0,0,0
base-0.7,T2045,1,stop,510,0,0,0,0,0,0,0,0,0,0,0,0,0,0,0
base-0.7,T2046,1,length,775,0,0,0,0,0,0,0,0,0,0,0,0,0,0,0
base-0.7,T2047,1,stop,632,0,0,0,0,0,0,0,0,0,0,0,0,0,0,0
base-0.7,T2048,1,stop,528,0,0,0,0,0,0,1,0,0,0,0,0,0,0,0
base-0.7,T2049,1,stop,523,0,0,0,0,0,0,0,0,0,0,0,0,0,0,0
base-0.7,T2050,1,stop,653,0,0,0,0,0,0,2,0,1,0,0,0,0,0,0
base-0.7,T2051,1,stop,333,0,0,0,0,0,0,0,0,0,0,0,0,0,0,0
base-0.7,T2052,1,stop,337,0,0,0,0,0,0,0,0,0,0,0,0,0,0,0
base-0.7,T2053,1,stop,784,0,0,0,0,0,0,0,0,0,0,0,0,0,0,0
base-0.7,T2054,1,stop,401,0,0,0,0,0,0,0,0,0,0,0,0,0,0,0
base-0.7,T2055,1,stop,361,0,0,0,0,0,0,0,0,0,0,0,0,0,0,0
base-0.7,T2056,1,length,893,0,0,0,0,0,0,0,0,0,0,0,0,0,0,0
base-0.7,T2057,1,stop,346,0,0,0,0,0,0,0,0,0,0,0,0,0,0,0
base-0.7,T2058,1,stop,157,0,0,0,0,0,0,0,0,0,0,0,0,0,0,0
base-0.7,T2059,1,stop,357,0,0,0,0,0,0,0,0,0,0,0,0,0,0,0
base-0.7,T2060,1,stop,586,0,0,0,0,0,0,0,0,0,0,0,0,0,0,0
base-0.7,T2061,1,stop,548,0,0,0,0,0,0,0,0,0,0,0,0,0,0,0
base-0.7,T2062,1,stop,751,0,0,0,0,0,0,0,0,0,0,0,0,0,0,0
base-0.7,T2063,1,stop,310,0,0,0,0,0,0,0,0,0,0,0,0,0,0,0
base-0.7,T2064,1,length,797,0,0,0,0,0,0,0,0,0,0,0,0,0,0,0
base-0.7,T2065,1,length,834,0,0,0,0,0,0,0,0,0,0,0,0,0,0,0
base-0.7,T2066,1,stop,413,0,0,0,0,0,0,0,0,0,0,0,0,0,0,0
base-0.7,T2067,1,stop,503,0,0,0,0,0,0,0,0,0,0,0,0,0,0,0
base-0.7,T2068,1,stop,516,0,0,0,0,0,0,0,0,0,0,0,0,0,0,0
base-0.7,T2069,1,stop,693,0,0,0,0,0,0,0,0,0,0,0,0,0,0,0
base-0.7,T2070,1,stop,485,0,0,0,0,0,0,0,0,0,0,0,0,0,0,0
base-0.7,T2071,1,stop,521,0,0,0,0,0,0,0,0,0,0,0,0,0,0,0
base-0.7,T2072,1,stop,566,0,0,0,0,0,0,1,0,0,0,0,0,0,0,0
base-0.7,T2073,1,stop,453,0,0,0,0,0,0,0,0,0,0,0,0,0,0,0
base-0.7,T2074,1,stop,507,0,0,0,0,0,0,0,0,0,0,0,0,0,0,0
base-0.7,T2075,1,length,922,0,0,0,0,0,0,0,0,0,0,0,0,0,0,0
base-0.7,T2076,1,length,819,0,0,0,0,0,0,0,0,0,0,0,0,0,0,0
base-0.7,T2077,1,stop,502,0,0,0,0,0,0,0,0,0,0,0,0,0,0,0
base-0.7,T2078,1,stop,698,0,0,0,0,0,0,0,0,0,0,0,0,0,0,0
base-0.7,T2079,1,stop,635,0,0,0,0,0,0,0,0,0,0,0,0,0,0,0
base-0.7,T2080,1,stop,647,0,0,0,0,0,0,0,0,0,0,0,0,1,0,0
base-0.7,T2081,1,stop,681,0,0,0,0,0,0,0,0,0,0,0,0,0,0,0
base-0.7,T2082,1,stop,393,0,0,0,0,0,0,0,0,0,0,0,0,0,0,0
base-0.7,T2083,1,stop,577,0,0,0,0,0,0,0,0,0,0,0,0,0,0,0
base-0.7,T2084,1,length,831,0,0,0,0,0,0,0,0,0,0,0,0,0,0,0
base-0.7,T2085,1,length,720,0,0,0,0,0,0,0,0,0,0,0,0,0,0,0
base-0.7,T2086,1,length,842,0,0,0,0,0,0,0,0,0,0,0,0,0,0,0
base-0.7,T2087,1,length,957,0,0,0,0,0,0,0,0,0,0,0,0,0,0,0
base-0.7,T2088,1,stop,484,0,0,0,0,0,0,0,0,0,0,0,0,0,0,0
base-0.7,T2089,1,stop,497,0,0,0,0,0,0,0,0,0,0,0,0,0,0,0
base-0.7,T2090,1,stop,616,0,0,0,0,0,0,0,0,0,0,0,0,0,0,0
base-0.7,T2091,1,stop,449,0,0,0,0,0,0,0,0,0,0,0,0,0,0,0
base-0.7,T2092,1,stop,329,0,0,0,0,0,0,0,0,0,0,0,0,0,0,0
base-0.7,T2093,1,stop,231,0,0,0,0,0,0,0,0,0,0,0,0,0,0,0
base-0.7,T2094,1,stop,132,0,0,0,0,0,0,0,0,0,0,0,0,0,0,0
base-0.7,T2095,1,stop,519,0,0,0,0,0,0,0,0,0,0,0,0,0,0,0
base-0.7,T2096,1,length,897,0,0,0,0,0,0,0,0,0,0,0,0,0,0,0
base-0.7,T2097,1,length,803,0,0,0,0,0,0,0,0,0,0,0,0,0,0,0
base-0.7,T2098,1,stop,571,0,0,0,0,0,0,0,0,0,0,0,0,0,0,0
base-0.7,T2099,1,stop,329,0,0,0,0,0,0,0,0,0,0,0,0,0,0,0
base-0.7,T2100,1,stop,674,0,0,0,0,0,0,0,0,0,0,0,0,0,0,0
base-0.7,T2101,1,stop,529,0,0,0,0,0,0,0,0,0,0,0,0,0,0,0
base-0.7,T2102,1,stop,511,0,0,0,0,0,0,0,0,0,0,0,0,1,0,0
base-0.7,T2103,1,stop,302,0,0,0,0,0,0,0,0,0,0,0,0,0,0,0
base-0.7,T2104,1,stop,424,0,0,0,0,0,0,0,0,0,0,0,0,0,0,0
base-0.7,T2105,1,length,779,0,0,0,0,0,0,0,0,1,0,0,0,0,0,0
base-0.7,T2106,1,length,823,0,0,0,0,0,0,0,0,1,0,0,0,0,0,0
base-0.7,T2107,1,stop,626,0,0,0,0,0,0,0,0,0,0,0,0,0,0,0
base-0.7,T2108,1,stop,538,0,0,0,0,0,0,0,0,0,0,0,0,0,0,0
base-0.7,T2109,1,stop,358,0,0,0,0,0,0,0,0,0,0,0,0,0,0,0
base-0.7,T2110,1,stop,863,0,0,0,0,0,0,0,0,0,0,0,0,0,0,0
base-0.7,T2111,1,stop,500,0,0,0,0,0,0,0,0,0,0,0,0,0,0,0
base-0.7,T2112,1,length,863,0,0,0,0,0,0,0,0,0,0,0,0,0,0,0
base-0.7,T2113,1,length,871,0,0,0,0,0,0,0,0,0,0,0,0,0,0,0
base-0.7,T2114,1,stop,362,0,0,0,0,0,0,0,0,0,0,0,0,0,0,0
base-0.7,T2115,1,length,796,0,0,0,0,0,0,0,0,0,0,0,0,0,0,0
base-0.7,T2116,1,stop,567,0,0,0,0,0,0,0,0,0,0,0,0,0,0,0
base-0.7,T2117,1,length,755,0,0,0,0,0,0,0,0,0,0,0,0,0,0,0
base-0.7,T2118,1,stop,142,0,0,0,0,0,0,0,0,0,0,0,0,0,0,0
base-0.7,T2119,1,stop,484,0,0,0,0,0,0,0,0,0,0,0,0,0,0,0
base-0.7,T2120,1,stop,660,0,0,0,0,0,0,0,0,0,0,0,0,0,0,0
base-0.7,T2121,1,stop,533,0,0,0,0,0,0,0,0,0,0,0,0,0,0,0
base-0.7,T2122,1,stop,501,0,0,0,0,0,0,0,0,0,0,0,0,0,0,0
base-0.7,T2123,1,stop,473,0,0,0,0,0,0,0,0,0,0,0,0,0,0,0
base-0.7,T2124,1,stop,463,0,0,0,0,0,0,0,0,0,0,0,0,0,0,0
base-0.7,T2125,1,length,828,0,0,0,0,0,0,0,0,0,0,0,0,1,0,0
base-0.7,T2126,1,stop,640,0,0,0,0,0,0,0,0,0,0,0,0,0,0,0
base-0.7,T2127,1,stop,421,0,0,0,0,0,0,0,0,0,0,0,0,0,0,0
base-0.7,T2128,1,length,868,0,0,0,0,0,0,0,0,0,0,0,0,0,0,0
base-0.7,T2129,1,stop,10,0,0,0,0,0,0,0,0,0,0,0,0,0,0,0
base-0.7,T2130,1,stop,246,0,0,0,0,0,0,0,0,0,0,0,0,0,0,0
base-0.7,T2131,1,length,853,0,0,0,0,0,0,0,0,0,0,0,0,0,0,0
base-0.7,T2132,1,stop,275,0,0,0,0,0,0,1,0,0,0,0,0,0,0,0
base-0.7,T2133,1,stop,581,0,0,0,0,0,0,0,0,0,0,0,0,0,0,0
base-0.7,T2134,1,stop,226,0,0,0,0,0,0,0,0,0,0,0,0,0,0,0
base-0.7,T2135,1,stop,453,0,0,0,0,0,0,0,0,0,0,0,0,0,0,0
base-0.7,T2136,1,length,854,0,0,0,0,0,0,0,0,0,0,0,0,0,0,0
base-0.7,T2137,1,stop,712,0,0,0,0,0,0,0,0,0,0,0,0,0,0,0
base-0.7,T2138,1,stop,506,0,0,0,0,0,0,0,0,0,0,0,0,0,0,0
base-0.7,T2139,1,stop,491,0,0,0,0,0,0,0,0,0,0,0,0,0,0,0
base-0.7,T2140,1,stop,465,0,0,0,0,0,0,0,0,0,0,0,0,0,0,0
base-0.7,T2141,1,stop,433,0,0,0,0,0,0,0,0,0,0,0,0,0,0,0
base-0.7,T2142,1,stop,383,0,0,0,0,0,0,0,0,0,0,0,0,0,0,0
base-0.7,T2143,1,stop,685,0,0,0,0,0,0,0,0,0,0,0,0,0,0,0
base-0.7,T2144,1,stop,508,0,0,0,0,0,0,0,0,0,0,0,0,0,0,0
base-0.7,T2145,1,stop,521,0,0,0,0,0,0,0,0,0,0,0,0,0,0,0
base-0.7,T2146,1,stop,329,0,0,0,0,0,0,0,0,0,0,0,0,0,0,0
base-0.7,T2147,1,stop,710,0,0,0,0,0,0,0,0,0,0,0,0,0,0,0
base-0.7,T2148,1,stop,598,0,0,0,0,0,0,0,0,0,0,0,0,0,0,0
base-0.7,T2149,1,stop,712,0,0,0,0,0,0,0,0,0,0,0,0,0,0,0
base-0.7,T2150,1,length,947,0,0,0,0,0,0,0,0,0,0,0,0,0,0,0
base-0.7,T2151,1,length,849,0,0,0,0,0,0,0,0,0,0,0,0,0,0,0
base-0.7,T2152,1,stop,628,0,0,0,0,0,0,0,0,0,0,0,0,0,0,0
base-0.7,T2153,1,stop,596,0,0,0,0,0,0,1,0,0,0,0,0,0,0,0
base-0.7,T2154,1,stop,466,0,0,0,0,0,0,0,0,0,0,0,0,0,0,0
base-0.7,T2155,1,stop,384,0,0,0,0,0,0,0,0,0,0,0,0,0,0,0
base-0.7,T2156,1,stop,795,0,0,0,0,0,0,0,0,0,0,0,0,0,0,0
base-0.7,T2157,1,stop,352,0,0,0,0,0,0,0,0,0,0,0,0,0,0,0
base-0.7,T2158,1,stop,363,0,0,0,0,0,0,0,0,0,0,0,0,0,0,0
base-0.7,T2159,1,stop,428,0,0,0,0,0,0,0,0,0,0,0,0,0,0,0
base-0.7,T2160,1,length,803,0,0,0,0,0,0,0,0,0,0,0,0,0,0,0
base-0.7,T2161,1,length,814,0,0,0,0,0,0,0,0,0,0,0,0,0,0,0
base-0.7,T2162,1,length,803,0,0,0,0,0,0,0,0,0,0,0,0,0,0,0
base-0.7,T2163,1,length,804,0,0,0,0,0,0,0,0,0,0,0,0,0,0,0
base-0.7,T2164,1,stop,150,0,0,0,0,0,0,0,0,0,0,0,0,0,0,0
base-0.7,T2165,1,stop,503,0,0,0,0,0,0,0,0,0,0,0,0,0,0,0
base-0.7,T2166,1,stop,551,0,0,0,0,0,0,0,0,0,0,0,0,0,0,0
base-0.7,T2167,1,stop,493,0,0,0,0,0,0,0,0,0,0,0,0,0,0,0
base-0.7,T2168,1,stop,659,0,0,0,0,0,0,0,0,0,0,0,0,0,0,0
base-0.7,T2169,1,stop,373,0,0,0,0,0,0,0,0,0,0,0,0,0,0,0
base-0.7,T2170,1,stop,575,0,0,0,0,0,0,0,0,0,0,0,0,0,0,0
base-0.7,T2171,1,length,620,0,0,0,0,0,0,0,0,0,0,0,0,0,0,0
base-0.7,T2172,1,stop,370,0,0,0,0,0,0,0,0,0,0,0,0,0,0,0
base-0.7,T2173,1,stop,681,0,0,0,0,0,0,0,0,0,0,0,0,0,0,0
base-0.7,T2174,1,stop,506,0,0,0,0,0,0,0,0,0,0,0,0,0,0,0
base-0.7,T2175,1,stop,409,0,0,0,0,0,0,0,0,0,0,0,0,0,0,0
base-0.7,T2176,1,stop,650,0,0,0,0,0,0,0,0,0,0,0,0,0,0,0
base-0.7,T2177,1,length,791,0,0,0,0,0,0,0,0,0,0,0,0,0,0,0
base-0.7,T2178,1,length,810,0,0,0,0,0,0,0,0,0,0,0,0,0,0,0
base-0.7,T2179,1,stop,643,0,0,0,0,0,0,0,1,0,0,0,0,0,0,0
base-0.7,T2180,1,stop,631,0,0,0,0,0,0,0,0,0,0,0,0,0,0,0
base-0.7,T2181,1,stop,339,0,0,0,0,0,0,0,0,0,0,0,0,0,0,0
base-0.7,T2182,1,stop,436,0,0,0,0,0,0,0,0,0,0,0,0,0,0,0
base-0.7,T2183,1,stop,351,0,0,0,0,0,0,0,0,0,0,0,0,0,0,0
base-0.7,T2184,1,stop,580,0,0,0,0,0,0,0,0,0,0,0,0,0,0,0
base-0.7,T2185,1,length,821,0,0,0,0,0,0,0,0,0,0,0,0,0,0,0
base-0.7,T2186,1,stop,555,0,0,0,0,0,0,1,0,0,0,0,0,0,0,0
base-0.7,T2187,1,stop,882,0,0,0,0,0,0,0,0,0,0,0,0,0,0,0
base-0.7,T2188,1,stop,557,0,0,0,0,0,0,0,0,0,0,0,0,0,0,0
base-0.7,T2189,1,stop,672,0,0,0,0,0,0,0,0,0,0,0,0,0,0,0
base-0.7,T2190,1,stop,369,0,0,0,0,0,0,0,0,0,0,0,0,0,0,0
base-0.7,T2191,1,stop,333,0,0,0,0,0,0,0,0,0,0,0,0,0,0,0
base-0.7,T2192,1,stop,405,0,0,0,0,0,0,0,0,0,0,0,0,0,0,0
base-0.7,T2193,1,length,801,0,0,0,0,0,0,0,0,0,0,0,0,0,0,0
base-0.7,T2194,1,length,844,0,0,0,0,0,0,0,0,0,0,0,0,0,0,0
base-0.7,T2195,1,stop,662,0,0,0,0,0,0,0,0,0,0,0,0,0,0,0
base-0.7,T2196,1,length,882,0,0,0,0,0,0,0,0,0,0,0,0,0,0,0
base-0.7,T2197,1,stop,470,0,0,0,0,0,0,0,0,0,0,0,0,0,0,0
base-0.7,T2198,1,length,806,0,0,0,0,0,0,0,0,0,0,0,0,0,0,0
base-0.7,T2199,1,stop,428,0,0,0,0,0,0,0,0,0,0,0,0,0,0,0
base-0.7,T2200,1,stop,699,0,0,0,0,0,0,0,0,0,0,0,0,0,0,0
base-0.7,T2201,1,stop,488,0,0,0,0,0,0,0,0,0,0,0,0,0,0,0
base-0.7,T2202,1,stop,850,0,0,0,0,0,0,0,0,0,0,0,0,0,0,0
base-0.7,T2203,1,stop,582,0,0,0,0,0,0,0,0,0,0,0,0,0,0,0
base-0.7,T2204,1,length,759,0,0,0,0,0,0,1,0,0,0,0,0,0,0,0
base-0.7,T2205,1,stop,441,0,0,0,0,0,0,0,0,0,0,0,0,0,0,0
base-0.7,T2206,1,stop,473,0,0,0,0,0,0,0,0,0,0,0,0,0,0,0
base-0.7,T2207,1,stop,434,0,0,0,0,0,0,0,0,0,0,0,0,0,0,0
base-0.7,T2208,1,stop,692,0,0,0,0,0,0,0,0,0,0,0,0,0,0,0
base-0.7,T2209,1,stop,752,0,0,0,0,0,0,0,0,0,0,0,0,0,0,0
base-0.7,T2210,1,stop,681,0,0,0,0,0,0,0,0,0,0,0,0,0,0,0
base-0.7,T2211,1,stop,635,0,0,0,0,0,0,0,0,0,0,0,0,0,0,0
base-0.7,T2212,1,stop,532,0,0,0,0,0,0,0,0,0,0,0,0,0,0,0
base-0.7,T2213,1,stop,590,0,0,0,0,0,0,0,0,0,0,0,0,0,0,0
base-0.7,T2214,1,stop,444,0,0,0,0,0,0,0,0,0,0,0,0,0,0,0
base-0.7,T2215,1,length,905,0,0,0,0,0,0,0,0,0,0,0,0,0,0,0
base-0.7,T2216,1,stop,440,0,0,0,0,0,0,0,0,0,0,0,0,0,0,0
base-0.7,T2217,1,stop,557,0,0,0,0,0,0,0,0,0,0,0,0,0,0,0
base-0.7,T2218,1,length,802,0,0,0,0,0,0,0,0,0,0,0,0,0,0,0
base-0.7,T2219,1,stop,544,0,0,0,0,0,0,0,0,0,0,0,0,0,0,0
base-0.7,T2220,1,stop,578,0,0,0,0,0,0,0,0,0,0,0,0,0,0,0
base-0.7,T2221,1,stop,367,0,0,0,0,0,0,0,0,0,0,0,0,0,0,0
base-0.7,T2222,1,stop,622,0,0,0,0,0,0,0,0,0,0,0,0,0,0,0
base-0.7,T2223,1,length,853,0,0,0,0,0,0,0,0,0,0,0,0,0,0,0
base-0.7,T2224,1,stop,638,0,0,0,0,0,0,0,0,0,0,0,0,0,0,0
base-0.7,T2225,1,stop,618,0,0,0,0,0,0,0,0,0,0,0,0,0,0,0
base-0.7,T2226,1,stop,235,0,0,0,0,0,0,0,0,0,0,0,0,0,0,0
base-0.7,T2227,1,stop,539,0,0,0,0,0,0,0,0,0,0,0,0,0,0,0
base-0.7,T2228,1,stop,396,0,0,0,0,0,0,0,0,0,0,0,0,0,0,0
base-0.7,T2229,1,stop,259,0,0,0,0,0,0,0,0,0,0,0,0,0,0,0
base-0.7,T2230,1,stop,547,0,0,0,0,0,0,0,0,0,0,0,0,0,0,0
base-0.7,T2231,1,stop,396,0,0,0,0,0,0,0,0,0,0,0,0,0,0,0
base-0.7,T2232,1,stop,449,0,0,0,0,0,0,0,0,0,0,0,0,0,0,0
base-0.7,T2233,1,stop,434,0,0,0,0,0,0,0,0,0,0,0,0,0,0,0
base-0.7,T2234,1,length,753,0,0,0,0,0,0,0,0,0,0,0,0,0,0,0
base-0.7,T2235,1,length,847,0,0,0,0,0,0,0,0,0,0,0,0,0,0,0
base-0.7,T2236,1,stop,378,0,0,0,0,0,0,0,0,0,0,0,0,0,0,0
base-0.7,T2237,1,stop,758,0,0,0,0,0,0,0,0,0,0,0,0,0,0,0
base-0.7,T2238,1,stop,693,0,0,0,0,0,0,0,0,0,0,0,0,0,0,0
base-0.7,T2239,1,length,785,0,0,0,0,0,0,0,0,0,0,0,0,0,0,0
base-0.7,T2240,1,length,798,0,0,0,0,0,0,0,0,0,0,0,0,0,0,0
base-0.7,T2241,1,stop,499,0,0,0,0,0,0,0,0,0,0,0,0,0,0,0
base-0.7,T2242,1,length,953,0,0,0,0,0,0,0,0,0,0,0,0,0,0,0
base-0.7,T2243,1,stop,528,0,0,0,0,0,0,0,0,0,0,0,0,0,0,0
base-0.7,T2244,1,stop,435,0,0,0,0,0,0,0,0,0,0,0,0,0,0,0
base-0.7,T2245,1,stop,587,0,0,0,0,0,0,0,0,0,0,0,0,0,0,0
base-0.7,T2246,1,stop,295,0,0,0,0,0,0,0,0,0,0,0,0,0,0,0
base-0.7,T2247,1,stop,883,0,0,0,0,0,0,0,0,0,0,0,0,0,0,0
base-0.7,T2248,1,stop,556,0,0,0,0,0,0,0,0,0,0,0,0,0,0,0
base-0.7,T2249,1,stop,460,0,0,0,0,0,0,1,0,0,0,0,0,0,0,0
base-0.7,T2250,1,stop,140,0,0,0,0,0,0,0,0,0,0,0,0,0,0,0
base-0.7,T2251,1,stop,460,0,0,0,0,0,0,0,0,0,0,0,0,0,0,0
base-0.7,T2252,1,length,868,0,0,0,0,0,0,0,0,0,0,0,0,0,0,0
base-0.7,T2253,1,length,785,0,0,0,0,0,0,0,0,0,0,0,0,0,0,0
base-0.7,T2254,1,stop,315,0,0,0,0,0,0,0,0,0,0,0,0,0,0,0
base-0.7,T2255,1,stop,500,0,0,0,0,0,0,1,0,0,0,0,0,0,0,0
base-0.7,T2256,1,stop,326,0,0,0,0,0,0,0,0,0,0,0,0,0,0,0
base-0.7,T2257,1,stop,693,0,0,0,0,0,0,0,0,0,0,0,0,0,0,0
base-0.7,T2258,1,length,573,0,0,0,0,0,0,0,0,0,0,0,0,0,0,0
base-0.7,T2259,1,stop,397,0,0,0,0,0,0,0,0,0,0,0,0,0,0,0
base-0.7,T2260,1,stop,835,0,0,0,0,0,0,0,0,0,0,0,0,0,0,0
base-0.7,T2261,1,length,822,0,0,0,0,0,0,0,0,0,0,0,0,0,0,0
base-0.7,T2262,1,length,949,0,0,0,0,0,0,0,0,0,0,0,0,0,0,0
base-0.7,T2263,1,stop,437,0,0,0,0,0,0,0,0,0,0,0,0,0,0,0
base-0.7,T2264,1,length,754,0,0,0,0,0,0,0,0,0,0,0,0,0,0,0
base-0.7,T2265,1,stop,335,0,0,0,0,0,0,0,0,0,0,0,0,0,0,0
base-0.7,T2266,1,stop,465,0,0,0,0,0,0,0,0,0,0,0,0,0,0,0
base-0.7,T2267,1,stop,489,0,0,0,0,0,0,0,0,0,0,0,0,0,0,0
base-0.7,T2268,1,length,760,0,0,0,0,0,0,0,0,0,0,0,0,0,0,0
base-0.7,T2269,1,stop,440,0,0,0,0,0,0,0,0,0,0,0,0,0,0,0
base-0.7,T2270,1,stop,395,0,0,0,0,0,0,0,0,0,0,0,0,0,0,0
base-0.7,T2271,1,stop,648,0,0,0,0,0,0,0,0,0,0,0,0,0,0,0
base-0.7,T2272,1,stop,139,0,0,0,0,0,0,0,0,0,0,0,0,0,0,0
base-0.7,T2273,1,stop,619,0,0,0,0,0,0,0,0,0,0,0,0,0,0,0
base-0.7,T2274,1,stop,521,0,0,0,0,0,0,0,0,0,0,0,0,0,0,0
base-0.7,T2275,1,stop,328,0,0,0,0,0,0,0,0,0,0,0,0,0,0,0
base-0.7,T2276,1,stop,391,0,0,0,0,0,0,0,0,0,0,0,0,0,0,0
base-0.7,T2277,1,stop,548,0,0,0,0,0,0,0,0,0,0,0,0,0,0,0
base-0.7,T2278,1,stop,617,0,0,0,0,0,0,0,0,0,0,0,0,0,0,0
base-0.7,T2279,1,stop,375,0,0,0,0,0,0,0,0,0,0,0,0,0,0,0
base-0.7,T2280,1,stop,532,0,0,0,0,0,0,0,0,0,0,0,0,0,0,0
base-0.7,T2281,1,stop,425,0,0,0,0,0,0,0,0,0,0,0,0,0,0,0
base-0.7,T2282,1,stop,569,0,0,0,0,0,0,0,0,1,0,0,0,0,0,0
base-0.7,T2283,1,stop,491,0,0,0,0,0,0,0,0,0,0,0,0,0,0,0
base-0.7,T2284,1,stop,507,0,0,0,0,0,0,0,0,0,0,0,0,0,0,0
base-0.7,T2285,1,stop,520,0,0,0,0,0,0,0,0,0,0,0,0,0,0,0
base-0.7,T2286,1,stop,643,0,0,0,0,0,0,0,0,0,0,0,0,0,0,0
base-0.7,T2287,1,stop,571,0,0,0,0,0,0,0,0,0,0,0,0,0,0,0
base-0.7,T2288,1,length,918,0,0,0,0,0,0,0,0,0,0,0,0,0,0,0
base-0.7,T2289,1,stop,263,0,0,0,0,0,0,0,0,0,0,0,0,0,0,0
base-0.7,T2290,1,stop,436,0,0,0,0,0,0,0,0,0,0,0,0,0,0,0
base-0.7,T2291,1,length,749,0,0,0,0,0,0,0,0,0,0,0,0,0,0,0
base-0.7,T2292,1,length,791,0,0,0,0,0,0,0,0,0,0,0,0,0,0,0
base-0.7,T2293,1,stop,411,0,0,0,0,0,0,0,0,0,0,0,0,0,0,0
base-0.7,T2294,1,stop,661,0,0,0,0,0,0,0,0,0,0,0,0,0,0,0
base-0.7,T2295,1,stop,544,0,0,0,0,0,0,0,0,0,0,0,0,0,0,0
base-0.7,T2296,1,length,785,0,0,0,0,0,0,0,0,0,0,0,0,0,0,0
base-0.7,T2297,1,stop,453,0,0,0,0,0,0,0,0,0,0,0,0,0,0,0
base-0.7,T2298,1,stop,471,0,0,0,0,0,0,0,0,0,0,0,0,0,0,0
base-0.7,T2299,1,stop,379,0,0,0,0,0,0,0,0,0,0,0,0,0,0,0
base-0.7,T2300,1,stop,343,0,0,0,0,0,0,0,0,0,0,0,0,0,0,0
base-0.7,T2301,1,stop,335,0,0,0,0,0,0,0,0,0,0,0,0,0,0,0
base-0.7,T2302,1,stop,648,0,0,0,0,0,0,0,0,0,0,0,0,0,0,0
base-0.7,T2303,1,length,772,0,0,0,0,0,0,0,0,0,0,0,0,0,0,0
base-0.7,T2304,1,length,827,0,0,0,0,0,0,0,0,0,0,0,0,0,0,0
base-0.7,T2305,1,stop,129,0,0,0,0,0,0,0,0,0,0,0,0,0,0,0
base-0.7,T2306,1,stop,426,0,0,0,0,0,0,0,0,0,0,0,0,0,0,0
base-0.7,T2307,1,stop,757,0,0,0,0,0,0,0,0,0,0,0,0,0,0,0
base-0.7,T2308,1,length,806,0,0,0,0,0,0,0,0,0,0,0,0,0,0,0
base-0.7,T2309,1,stop,502,0,0,0,0,0,0,0,0,0,0,0,0,0,0,0
base-0.7,T2310,1,stop,413,0,0,0,0,0,0,0,0,0,0,0,0,0,0,0
base-0.7,T2311,1,stop,467,0,0,0,0,0,0,0,0,0,0,0,0,0,0,0
base-0.7,T2312,1,stop,629,0,0,0,0,0,0,0,0,0,0,0,0,0,0,0
base-0.7,T2313,1,stop,385,0,0,0,0,0,0,0,0,0,0,0,0,0,0,0
base-0.7,T2314,1,stop,642,0,0,0,0,0,0,0,0,0,0,0,0,0,0,0
base-0.7,T2315,1,stop,560,0,0,0,0,0,0,0,0,0,0,0,0,0,0,0
base-0.7,T2316,1,stop,564,0,0,0,0,0,0,0,0,0,0,0,0,0,0,0
base-0.7,T2317,1,stop,488,0,0,0,0,0,0,0,0,0,0,0,0,0,0,0
base-0.7,T2318,1,length,820,0,0,0,0,0,0,0,0,0,0,0,0,0,0,0
base-0.7,T2319,1,stop,395,0,0,0,0,0,0,0,0,0,0,0,0,0,0,0
base-0.7,T2320,1,length,953,0,0,0,0,0,0,0,0,0,0,0,0,0,0,0
base-0.7,T2321,1,stop,573,0,0,0,0,0,0,0,0,0,0,0,0,0,0,0
base-0.7,T2322,1,stop,629,0,0,0,0,0,0,0,0,0,0,0,0,0,0,0
base-0.7,T2323,1,stop,473,0,0,0,0,0,0,0,0,0,0,0,0,0,0,0
base-0.7,T2324,1,length,870,0,0,0,0,0,0,0,0,0,0,0,0,0,0,0
base-0.7,T2325,1,stop,409,0,0,0,0,0,0,0,0,0,0,0,0,0,0,0
base-0.7,T2326,1,stop,362,0,0,0,0,0,0,0,0,0,0,0,0,0,0,0
base-0.7,T2327,1,stop,639,0,0,0,0,0,0,0,0,0,0,0,0,0,0,0
base-0.7,T2328,1,stop,804,0,0,0,0,0,0,0,0,0,0,0,0,0,0,0
base-0.7,T2329,1,length,849,0,0,0,0,0,0,0,0,0,0,0,0,0,0,0
base-0.7,T2330,1,stop,668,0,0,0,0,0,0,0,0,0,0,0,0,0,0,0
base-0.7,T2331,1,length,829,0,0,0,0,0,0,0,0,0,0,0,0,0,0,0
base-0.7,T2332,1,stop,136,0,0,0,0,0,0,0,0,0,0,0,0,0,0,0
base-0.7,T2333,1,stop,593,0,0,0,0,0,0,0,0,0,0,0,0,0,0,0
base-0.7,T2334,1,stop,786,0,0,0,0,0,0,0,0,0,0,0,0,0,0,0
base-0.7,T2335,1,stop,359,0,0,0,0,0,0,0,0,0,0,0,0,0,0,0
base-0.7,T2336,1,length,867,0,0,0,0,0,0,0,0,0,0,0,0,0,0,0
base-0.7,T2337,1,stop,825,0,0,0,0,0,0,0,0,0,0,0,0,0,0,0
base-0.7,T2338,1,length,836,0,0,0,0,0,0,1,0,0,0,0,0,0,0,0
base-0.7,T2339,1,stop,465,0,0,0,0,0,0,0,0,0,0,0,0,0,0,0
base-0.7,T2340,1,stop,506,0,0,0,0,0,0,0,0,0,0,0,0,0,0,0
base-0.7,T2341,1,stop,333,0,0,0,0,0,0,0,0,0,0,0,0,0,0,0
base-0.7,T2342,1,length,773,0,0,0,0,0,0,1,0,0,0,0,0,0,0,0
base-0.7,T2343,1,length,877,0,0,0,0,0,0,0,0,0,0,0,0,0,0,0
base-0.7,T2344,1,stop,551,0,0,0,0,0,0,0,0,0,0,0,0,0,0,0
base-0.7,T2345,1,stop,401,0,0,0,0,0,0,0,0,0,0,0,0,0,0,0
base-0.7,T2346,1,stop,166,0,0,0,0,0,0,0,0,0,0,0,0,0,0,0
base-0.7,T2347,1,stop,520,0,0,0,0,0,0,0,0,0,0,0,0,0,0,0
base-0.7,T2348,1,stop,683,0,0,0,0,0,0,0,0,0,0,0,0,0,0,0
base-0.7,T2349,1,stop,476,0,0,0,0,0,0,0,0,0,0,0,0,0,0,0
base-0.7,T2350,1,stop,483,0,0,0,0,0,0,0,0,0,0,0,0,0,0,0
base-0.7,T2351,1,stop,657,0,0,0,0,0,0,0,0,0,0,0,0,0,0,0
base-0.7,T2352,1,stop,634,0,0,0,0,0,0,0,0,0,0,0,0,0,0,0
base-0.7,T2353,1,stop,360,0,0,0,0,0,0,0,0,0,0,0,0,0,0,0
base-0.7,T2354,1,stop,533,0,0,0,0,0,0,0,0,0,0,0,0,0,0,0
base-0.7,T2355,1,length,866,0,0,0,0,0,0,0,0,0,0,0,0,0,0,0
base-0.7,T2356,1,stop,402,0,0,0,0,0,0,0,0,0,0,0,0,0,0,0
base-0.7,T2357,1,length,878,0,0,0,0,0,0,0,0,0,0,0,0,0,0,0
base-0.7,T2358,1,stop,339,0,0,0,0,0,0,0,0,0,0,0,0,0,0,0
base-0.7,T2359,1,stop,485,0,0,0,0,0,0,0,0,0,0,0,0,0,0,0
base-0.7,T2360,1,length,802,0,0,0,0,0,0,0,0,0,0,0,0,0,0,0
base-0.7,T2361,1,stop,538,0,0,0,0,0,0,0,0,0,0,0,0,0,0,0
base-0.7,T2362,1,stop,578,0,0,0,0,0,0,0,0,0,0,0,0,0,0,0
base-0.7,T2363,1,stop,353,0,0,0,0,0,0,0,0,0,0,0,0,0,0,0
base-0.7,T2364,1,stop,517,0,0,0,0,0,0,0,0,0,0,0,0,0,0,0
base-0.7,T2365,1,stop,688,0,0,0,0,0,0,0,0,0,0,0,0,0,0,0
base-0.7,T2366,1,stop,575,0,0,0,0,0,0,0,0,0,0,0,0,0,0,0
base-0.7,T2367,1,stop,485,0,0,0,0,0,0,0,0,0,0,0,0,0,0,0
base-0.7,T2368,1,stop,580,0,0,0,0,0,0,1,0,0,0,0,0,0,0,0
base-0.7,T2369,1,stop,496,0,0,0,0,0,0,0,0,0,0,0,0,0,0,0
base-0.7,T2370,1,stop,568,0,0,0,0,0,0,0,0,0,0,0,0,0,0,0
base-0.7,T2371,1,stop,576,0,0,0,0,0,0,0,0,0,0,0,0,0,0,0
base-0.7,T2372,1,length,854,0,0,0,0,0,0,0,0,0,0,0,0,0,0,0
base-0.7,T2373,1,length,864,0,0,0,0,0,0,0,0,0,0,0,0,0,0,0
base-0.7,T2374,1,stop,565,0,0,0,0,0,0,0,0,0,0,0,0,0,0,0
base-0.7,T2375,1,stop,509,0,0,0,0,0,0,0,0,0,0,0,0,0,0,0
base-0.7,T2376,1,stop,751,0,0,0,0,0,0,0,0,0,0,0,0,0,0,0
base-0.7,T2377,1,stop,622,0,0,0,0,0,0,0,0,0,0,0,0,0,0,0
base-0.7,T2378,1,length,831,1,0,0,0,0,0,0,0,1,0,0,0,0,0,0
base-0.7,T2379,1,length,794,0,0,0,0,0,0,0,0,0,0,0,0,0,0,0
base-0.7,T2380,1,stop,392,0,0,0,0,0,0,0,0,0,0,0,0,0,0,0
base-0.7,T2381,1,length,939,0,0,0,0,0,0,0,0,0,0,0,0,0,0,0
base-0.7,T2382,1,stop,471,0,0,0,0,0,0,0,0,0,0,0,0,0,0,0
base-0.7,T2383,1,stop,378,0,0,0,0,0,0,0,0,0,0,0,0,0,0,0
base-0.7,T2384,1,length,902,0,0,0,0,0,0,0,0,0,0,0,0,0,0,0
base-0.7,T2385,1,stop,579,0,0,0,0,0,0,0,0,0,0,0,0,0,0,0
base-0.7,T2386,1,stop,355,0,0,0,0,0,0,0,0,0,0,0,0,0,0,0
base-0.7,T2387,1,stop,642,0,0,0,0,0,0,0,0,0,0,0,0,0,0,0
base-0.7,T2388,1,stop,567,0,0,0,0,0,0,0,0,0,0,0,0,0,0,0
base-0.7,T2389,1,stop,480,0,0,0,0,0,0,0,0,0,0,0,0,0,0,0
base-0.7,T2390,1,stop,616,0,0,0,0,0,0,0,0,0,0,0,0,0,0,0
base-0.7,T2391,1,length,824,0,0,0,0,0,0,0,0,0,0,0,0,0,0,0
base-0.7,T2392,1,length,816,0,0,0,0,0,0,1,0,0,0,0,0,0,0,0
base-0.7,T2393,1,length,716,0,0,0,0,0,0,0,0,0,0,0,0,0,0,0
base-0.7,T2394,1,stop,673,0,0,0,0,0,0,0,0,0,0,0,0,0,0,0
base-0.7,T2395,1,stop,327,0,0,0,0,0,0,0,0,0,0,0,0,0,1,0
base-0.7,T2396,1,stop,204,0,0,0,0,0,0,0,0,0,0,0,0,0,0,0
base-0.7,T2397,1,stop,454,0,0,0,0,0,0,0,0,0,0,0,0,0,0,0
base-0.7,T2398,1,stop,400,0,0,0,0,0,0,0,0,0,0,0,0,0,0,0
base-0.7,T2399,1,length,817,0,0,0,0,0,0,0,0,1,0,0,0,0,0,0
base-0.7,T2400,1,stop,469,0,0,0,0,0,0,0,0,0,0,0,0,0,0,0
base-0.7,T2401,1,stop,617,0,0,0,0,0,0,0,0,0,0,0,0,0,0,0
base-0.7,T2402,1,stop,758,0,0,0,0,0,0,1,0,0,0,0,0,0,0,0
base-0.7,T2403,1,stop,604,0,0,0,0,0,0,0,0,0,0,0,0,0,0,0
base-0.7,T2404,1,length,816,0,0,0,0,0,0,0,0,0,0,0,0,0,0,0
base-0.7,T2405,1,stop,257,0,0,0,0,0,0,0,0,0,0,0,0,0,0,0
base-0.7,T2406,1,stop,540,0,0,0,0,0,0,2,0,0,0,0,0,0,0,0
base-0.7,T2407,1,stop,553,0,0,0,0,0,0,0,0,0,0,0,0,0,0,0
base-0.7,T2408,1,stop,540,0,0,0,0,0,0,0,0,0,0,0,0,0,0,0
base-0.7,T2409,1,stop,377,0,0,0,0,0,0,0,0,0,0,0,0,0,0,0
base-0.7,T2410,1,length,888,0,0,0,0,0,0,0,0,0,0,0,0,0,0,0
base-0.7,T2411,1,stop,322,0,0,0,0,0,0,0,0,0,0,0,0,0,0,0
base-0.7,T2412,1,length,850,0,0,0,0,0,0,0,0,0,0,0,0,0,0,0
base-0.7,T2413,1,stop,523,0,0,0,0,0,0,0,0,0,0,0,0,0,0,0
base-0.7,T2414,1,stop,602,0,0,0,0,0,0,0,0,0,0,0,0,0,0,0
base-0.7,T2415,1,stop,498,0,0,0,0,0,0,0,0,0,0,0,0,0,0,0
base-0.7,T2416,1,stop,556,0,0,0,0,0,0,0,0,0,0,0,0,0,0,0
base-0.7,T2417,1,stop,717,0,0,0,0,0,0,0,0,0,0,0,0,0,0,0
base-0.7,T2418,1,stop,358,0,0,0,0,0,0,0,0,0,0,0,0,0,0,0
base-0.7,T2419,1,stop,383,0,0,0,0,0,0,0,0,0,0,0,0,0,0,0
base-0.7,T2420,1,stop,432,0,0,0,0,0,0,0,0,0,0,0,0,0,0,0
base-0.7,T2421,1,stop,477,0,0,0,0,0,0,0,0,0,0,0,0,0,0,0
base-0.7,T2422,1,length,832,0,0,0,0,0,0,0,0,0,0,0,0,0,0,0
base-0.7,T2423,1,length,862,0,0,0,0,0,0,0,0,0,0,0,0,0,0,0
base-0.7,T2424,1,length,929,0,0,0,0,0,0,0,0,0,0,0,0,0,0,0
base-0.7,T2425,1,stop,136,0,0,0,0,0,0,0,0,0,0,0,0,0,0,0
base-0.7,T2426,1,stop,410,0,0,0,0,0,0,0,0,0,0,0,0,0,0,0
base-0.7,T2427,1,stop,748,0,0,0,0,0,0,0,0,0,0,0,0,0,0,0
base-0.7,T2428,1,length,962,0,0,0,0,0,0,0,0,0,0,0,0,0,0,0
base-0.7,T2429,1,length,962,0,0,0,0,0,0,0,0,0,0,0,0,0,0,0
base-0.7,T2430,1,length,846,0,0,0,0,0,0,0,0,0,0,0,0,0,0,0
base-0.7,T2431,1,length,856,0,0,0,0,0,0,1,0,0,0,0,0,0,0,0
base-0.7,T2432,1,length,817,0,0,0,0,0,0,0,0,0,0,0,0,0,0,0
base-0.7,T2433,1,length,834,0,0,0,0,0,0,0,0,0,0,0,0,0,0,0
base-0.7,T2434,1,stop,500,0,0,0,0,0,0,0,0,0,0,0,0,0,0,0
base-0.7,T2435,1,stop,610,0,0,0,0,0,0,0,0,0,0,0,0,0,0,0
base-0.7,T2436,1,stop,586,0,0,0,0,0,0,0,0,0,0,0,0,0,0,0
base-0.7,T2437,1,stop,426,0,0,0,0,0,0,0,0,0,0,0,0,0,0,0
base-0.7,T2438,1,length,735,0,0,0,0,0,0,0,0,0,0,0,0,0,0,0
base-0.7,T2439,1,stop,605,0,0,0,0,0,0,0,0,0,0,0,0,0,0,0
base-0.7,T2440,1,stop,390,0,0,0,0,0,0,0,0,0,0,0,0,0,0,0
base-0.7,T2441,1,length,892,0,0,0,0,0,0,0,0,0,0,0,0,0,0,0
base-0.7,T2442,1,stop,315,0,0,0,0,0,0,0,0,0,0,0,0,0,0,0
base-0.7,T2443,1,stop,701,0,0,0,0,0,0,0,0,0,0,0,0,0,0,0
base-0.7,T2444,1,length,762,0,0,0,0,0,0,0,0,1,0,0,0,0,0,0
base-0.7,T2445,1,stop,218,0,0,0,0,0,0,0,0,0,0,0,0,0,0,0
base-0.7,T2446,1,stop,564,0,0,0,0,0,0,0,0,0,0,0,0,0,0,0
base-0.7,T2447,1,stop,434,0,0,0,0,0,0,0,0,0,0,0,0,0,0,0
base-0.7,T2448,1,stop,640,0,0,0,0,0,0,0,0,0,0,0,0,0,0,0
base-0.7,T2449,1,stop,422,0,0,0,0,0,0,0,0,0,0,0,0,0,0,0
base-0.7,T2450,1,length,812,0,0,0,0,0,0,0,0,1,0,0,0,0,0,0
base-0.7,T2451,1,stop,616,0,0,0,0,0,0,0,0,0,0,0,0,0,0,0
base-0.7,T2452,1,length,851,0,0,0,0,0,0,0,0,0,0,0,0,0,0,0
base-0.7,T2453,1,stop,314,0,0,0,0,0,0,0,0,0,0,0,0,0,0,0
base-0.7,T2454,1,stop,434,0,0,0,0,0,0,0,0,0,0,0,0,0,0,0
base-0.7,T2455,1,length,726,0,0,0,0,0,0,0,0,0,0,0,0,0,0,0
base-0.7,T2456,1,stop,662,0,0,0,0,0,0,0,0,0,0,0,0,0,0,0
base-0.7,T2457,1,stop,481,0,0,0,0,0,0,0,0,0,0,0,0,0,0,0
base-0.7,T2458,1,stop,417,0,0,0,0,0,0,0,0,0,0,0,0,0,0,0
base-0.7,T2459,1,stop,354,0,0,0,0,0,0,0,0,0,0,0,0,0,0,0
base-0.7,T2460,1,length,877,0,0,0,0,0,0,0,0,0,0,0,0,0,0,0
base-0.7,T2461,1,stop,467,0,0,0,0,0,0,0,0,0,0,0,0,0,0,0
base-0.7,T2462,1,stop,449,0,0,0,0,0,0,0,0,0,0,0,0,0,0,0
base-0.7,T2463,1,stop,511,0,0,0,0,0,0,0,0,0,0,0,0,0,0,0
base-0.7,T2464,1,stop,541,0,0,0,0,0,0,0,0,0,0,0,0,0,0,0
base-0.7,T2465,1,stop,337,0,0,0,0,0,0,0,0,0,0,0,0,0,0,0
base-0.7,T2466,1,stop,494,0,0,0,0,0,0,0,0,0,0,0,0,0,0,0
base-0.7,T2467,1,stop,532,0,0,0,0,0,0,0,0,0,0,0,0,0,0,0
base-0.7,T2468,1,stop,474,0,0,0,0,0,0,0,0,0,0,0,0,0,0,0
base-0.7,T2469,1,length,861,0,0,0,0,0,0,0,0,0,0,0,0,0,0,0
base-0.7,T2470,1,stop,385,0,0,0,0,0,0,0,0,0,0,0,0,0,0,0
base-0.7,T2471,1,stop,474,0,0,0,0,0,0,0,0,0,0,0,0,0,0,0
base-0.7,T2472,1,stop,452,0,0,0,0,0,0,0,0,0,0,0,0,0,0,0
base-0.7,T2473,1,stop,351,0,0,0,0,0,0,0,0,0,0,0,0,0,0,0
base-0.7,T2474,1,stop,332,0,0,0,0,0,0,0,0,0,0,0,0,0,0,0
base-0.7,T2475,1,stop,492,0,0,0,0,0,0,0,0,0,0,0,0,0,0,0
base-0.7,T2476,1,stop,236,0,0,0,0,0,0,0,0,0,0,0,0,0,0,0
base-0.7,T2477,1,length,797,0,0,0,0,0,0,0,0,0,0,0,0,0,0,0
base-0.7,T2478,1,stop,811,0,0,0,0,0,0,0,0,0,0,0,0,0,0,0
base-0.7,T2479,1,stop,428,0,0,0,0,0,0,0,0,0,0,0,0,0,0,0
base-0.7,T2480,1,stop,424,0,0,0,0,0,0,0,0,0,0,0,0,0,0,0
base-0.7,T2481,1,length,819,0,0,0,0,0,0,0,0,0,0,0,0,0,0,0
base-0.7,T2482,1,length,831,0,0,0,0,0,0,0,0,0,0,0,0,0,0,0
base-0.7,T2483,1,stop,483,0,0,0,0,0,0,0,0,0,0,0,0,0,0,0
base-0.7,T2484,1,length,836,0,0,0,0,0,0,0,0,0,0,0,0,0,0,0
base-0.7,T2485,1,stop,367,0,0,0,0,0,0,0,0,0,0,0,0,0,0,0
base-0.7,T2486,1,stop,348,0,0,0,0,0,0,0,0,0,0,0,0,0,0,0
base-0.7,T2487,1,length,903,0,0,0,0,0,0,0,0,0,0,0,0,0,0,0
base-0.7,T2488,1,stop,23,0,0,0,0,0,0,0,0,0,0,0,0,0,0,0
base-0.7,T2489,1,stop,644,0,0,0,0,0,0,0,0,0,0,0,0,0,0,0
base-0.7,T2490,1,stop,515,0,0,0,0,0,0,0,0,0,0,0,0,0,0,0
base-0.7,T2491,1,stop,561,0,0,0,0,0,0,0,0,0,0,0,0,0,0,0
base-0.7,T2492,1,stop,712,0,0,0,0,0,0,0,0,0,0,0,0,0,0,0
base-0.7,T2493,1,stop,557,0,0,0,0,0,0,0,0,0,0,0,0,2,0,0
base-0.7,T2494,1,stop,410,0,0,0,0,0,0,0,0,0,0,0,0,0,0,0
base-0.7,T2495,1,stop,260,0,0,0,0,0,0,0,0,0,0,0,0,0,0,0
base-0.7,T2496,1,stop,583,0,0,0,0,0,0,0,0,0,0,0,0,1,0,0
base-0.7,T2497,1,stop,103,0,0,0,0,0,0,0,0,0,0,0,0,0,0,0
base-0.7,T2498,1,length,879,0,0,0,0,0,0,0,0,0,0,0,0,0,0,0
base-0.7,T2499,1,stop,771,0,0,0,0,0,0,0,0,0,0,0,0,0,0,0
base-0.7,T2500,1,length,816,0,0,0,0,0,0,1,0,0,0,0,0,0,0,0
base-0.7,T2501,1,length,404,0,0,0,0,0,0,0,0,0,0,0,0,0,0,0
base-0.7,T2502,1,length,754,0,0,0,0,0,0,0,0,0,0,0,0,0,0,0
base-0.7,T2503,1,length,828,0,0,0,0,0,0,0,0,3,0,0,0,0,0,0
base-0.7,T2504,1,stop,508,0,0,0,0,0,0,0,0,0,0,0,0,0,0,0
base-0.7,T2505,1,length,824,0,0,0,0,0,0,0,0,0,0,0,0,0,0,0
base-0.7,T2506,1,stop,544,0,0,0,0,0,0,0,0,0,0,0,0,0,0,0
base-0.7,T2507,1,length,299,0,0,0,0,0,0,0,0,0,0,0,0,0,0,0
base-0.7,T2508,1,stop,326,0,0,0,0,0,0,0,0,0,0,0,0,0,0,0
base-0.7,T2509,1,stop,408,0,0,0,0,0,0,0,0,0,0,0,0,0,0,0
base-0.7,T2510,1,stop,494,0,0,0,0,0,0,0,0,0,0,0,0,0,0,0
base-0.7,T2511,1,length,823,0,0,0,0,0,0,0,0,1,0,0,0,0,0,0
base-0.7,T2512,1,stop,793,0,0,0,0,0,0,0,0,0,0,0,0,0,0,0
base-0.7,T2513,1,stop,704,0,0,0,0,0,0,0,0,0,0,0,0,0,0,0
base-0.7,T2514,1,length,864,0,0,0,0,0,0,0,0,0,0,0,0,0,0,0
base-0.7,T2515,1,stop,375,0,0,0,0,0,0,0,0,0,0,0,0,0,0,0
base-0.7,T2516,1,stop,612,0,0,0,0,0,0,0,0,0,0,0,0,0,0,0
base-0.7,T2517,1,stop,638,0,0,0,0,0,0,0,0,1,0,0,0,0,0,0
base-0.7,T2518,1,length,852,0,0,0,0,0,0,0,0,0,0,0,0,0,0,0
base-0.7,T2519,1,stop,606,0,0,0,0,0,0,0,0,0,0,0,0,0,0,0
base-0.7,T2520,1,stop,527,0,0,0,0,0,0,0,0,0,0,0,0,0,0,0
base-0.7,T2521,1,length,837,0,0,0,0,0,0,0,0,0,0,0,0,0,0,0
base-0.7,T2522,1,stop,484,0,0,0,0,0,0,1,0,0,0,0,0,0,0,0
base-0.7,T2523,1,length,851,0,0,0,0,0,0,0,0,0,0,0,0,0,0,0
base-0.7,T2524,1,length,886,0,0,0,0,0,0,0,0,0,0,0,0,0,0,0
base-0.7,T2525,1,stop,667,0,0,0,0,0,0,0,0,0,0,0,0,0,0,0
base-0.7,T2526,1,stop,328,0,0,0,0,0,0,0,0,0,0,0,0,0,0,0
base-0.7,T2527,1,stop,421,0,0,0,0,0,0,0,0,0,0,0,0,0,0,0
base-0.7,T2528,1,length,798,0,0,0,0,0,0,0,0,0,0,0,0,0,0,0
base-0.7,T2529,1,stop,503,0,0,0,0,0,0,0,0,0,0,0,0,0,0,0
base-0.7,T2530,1,stop,490,0,0,0,0,0,0,0,0,0,0,0,0,0,0,0
base-0.7,T2531,1,length,816,0,0,0,0,0,0,0,0,0,0,0,0,0,0,0
base-0.7,T2532,1,stop,656,0,0,0,0,0,0,0,0,0,0,0,0,0,0,0
base-0.7,T2533,1,stop,595,0,0,0,0,0,0,0,1,0,0,0,0,0,0,0
base-0.7,T2534,1,stop,610,0,0,0,0,0,0,0,0,0,0,0,0,0,0,0
base-0.7,T2535,1,stop,681,0,0,0,0,0,0,0,0,0,0,0,0,0,0,0
base-0.7,T2536,1,stop,519,0,0,0,0,0,0,0,0,0,0,0,0,0,0,0
base-0.7,T2537,1,length,860,0,0,0,0,0,0,0,0,0,0,0,0,0,0,0
base-0.7,T2538,1,stop,437,0,0,0,0,0,0,0,0,0,0,0,0,0,0,0
base-0.7,T2539,1,stop,551,0,0,0,0,0,0,0,0,0,0,0,0,0,0,0
base-0.7,T2540,1,stop,359,0,0,0,0,0,0,0,1,0,0,0,0,0,0,0
base-0.7,T2541,1,stop,625,0,0,0,0,0,0,1,0,0,0,0,0,0,0,0
base-0.7,T2542,1,stop,207,0,0,0,0,0,0,0,0,0,0,0,0,0,0,0
base-0.7,T2543,1,stop,544,0,0,0,0,0,0,0,0,0,0,0,0,0,0,0
base-0.7,T2544,1,stop,283,0,0,0,0,0,0,0,0,0,0,0,0,0,0,0
base-0.7,T2545,1,stop,525,0,0,0,0,0,0,0,0,0,0,0,0,0,0,0
base-0.7,T2546,1,stop,440,0,0,0,0,0,0,0,0,0,0,0,0,0,0,0
base-0.7,T2547,1,length,821,0,0,0,0,0,0,0,0,0,0,0,0,0,0,0
base-0.7,T2548,1,stop,414,0,0,0,0,0,0,0,1,0,0,0,0,0,0,0
base-0.7,T2549,1,stop,386,0,0,0,0,0,0,0,0,0,0,0,0,0,0,0
base-0.7,T2550,1,stop,454,0,0,0,0,0,0,0,0,0,0,0,0,0,0,0
base-0.7,T2551,1,stop,658,0,0,0,0,0,0,0,0,0,0,0,0,0,0,0
base-0.7,T2552,1,length,785,0,0,0,0,0,0,0,0,0,0,0,0,0,0,0
base-0.7,T2553,1,length,842,0,0,0,0,0,0,0,0,0,0,0,0,0,0,0
base-0.7,T2554,1,stop,379,0,0,0,0,0,0,0,0,0,0,0,0,0,0,0
base-0.7,T2555,1,stop,622,0,0,0,0,0,0,0,0,0,0,0,0,0,0,0
base-0.7,T2556,1,stop,712,0,0,0,0,0,0,0,0,0,0,0,0,0,0,0
base-0.7,T2557,1,length,767,0,0,0,0,0,0,0,0,0,0,0,0,0,0,0
base-0.7,T2558,1,stop,347,0,0,0,0,0,0,0,0,0,0,0,0,0,0,0
base-0.7,T2559,1,stop,469,0,0,0,0,0,0,0,0,0,0,0,0,0,0,0
base-0.7,T2560,1,stop,227,0,0,0,0,0,0,0,0,0,0,0,0,0,0,0
base-0.7,T2561,1,stop,428,0,0,0,0,0,0,0,0,0,0,0,0,0,0,0
base-0.7,T2562,1,stop,629,0,0,0,0,0,0,0,0,0,0,0,0,0,0,0
base-0.7,T2563,1,stop,509,0,0,0,0,0,0,0,0,0,0,0,0,0,0,0
base-0.7,T2564,1,stop,581,0,0,0,0,0,0,0,0,0,0,0,0,0,0,0
base-0.7,T2565,1,length,757,0,0,0,0,0,0,0,0,0,0,0,0,0,0,0
base-0.7,T2566,1,stop,610,0,0,0,0,0,0,0,0,0,0,0,0,0,0,0
base-0.7,T2567,1,stop,443,0,0,0,0,0,0,0,0,0,0,0,0,0,0,0
base-0.7,T2568,1,stop,595,0,0,0,0,0,0,0,0,0,0,0,0,0,0,0
base-0.7,T2569,1,length,837,0,0,0,0,0,0,0,0,0,0,0,0,0,0,0
base-0.7,T2570,1,length,207,0,0,0,0,0,0,0,0,0,0,0,0,0,0,0
base-0.7,T2571,1,stop,378,0,0,0,0,0,0,0,0,0,0,0,0,0,0,0
base-0.7,T2572,1,length,773,0,0,0,0,0,0,0,0,0,0,0,0,0,0,0
base-0.7,T2573,1,stop,414,0,0,0,0,0,0,0,0,0,0,0,0,0,0,0
base-0.7,T2574,1,length,808,0,0,0,0,0,0,0,0,0,0,0,0,0,0,0
base-0.7,T2575,1,stop,447,0,0,0,0,0,0,0,1,0,0,0,0,0,0,0
base-0.7,T2576,1,stop,707,0,0,0,0,0,0,0,0,0,0,0,0,0,0,0
base-0.7,T2577,1,stop,79,0,0,0,0,0,0,0,0,0,0,0,0,0,0,0
base-0.7,T2578,1,stop,616,1,0,0,0,0,0,3,0,1,0,0,0,1,0,0
base-0.7,T2579,1,stop,200,0,0,0,0,0,0,0,0,0,0,0,0,0,0,0
base-0.7,T2580,1,stop,781,0,0,0,0,0,0,0,0,0,0,0,0,0,0,0
base-0.7,T2581,1,length,691,0,0,0,0,0,0,0,0,0,0,0,0,0,0,0
base-0.7,T2582,1,length,899,0,0,0,0,0,0,0,0,0,0,0,0,0,0,0
base-0.7,T2583,1,stop,591,0,0,0,0,0,0,0,0,0,0,0,0,0,0,0
base-0.7,T2584,1,length,866,0,0,0,0,0,0,0,0,0,0,0,0,0,0,0
base-0.7,T2585,1,stop,546,0,0,0,0,0,0,0,0,0,0,0,0,0,0,0
base-0.7,T2586,1,stop,593,0,0,0,0,0,0,0,0,0,0,0,0,0,0,0
base-0.7,T2587,1,stop,605,0,0,0,0,0,0,0,0,0,0,0,0,0,0,0
base-0.7,T2588,1,stop,451,0,0,0,0,0,0,0,0,0,0,0,0,0,0,0
base-0.7,T2589,1,length,784,0,0,0,0,0,0,0,0,0,0,0,0,0,0,0
base-0.7,T2590,1,stop,504,0,0,0,0,0,0,0,0,0,0,0,0,0,0,0
base-0.7,T2591,1,stop,389,0,0,0,0,0,0,1,0,0,0,0,0,0,0,0
base-0.7,T2592,1,stop,500,0,0,0,0,0,0,0,0,0,0,0,0,0,0,0
base-0.7,T2593,1,stop,437,0,0,0,0,0,0,0,0,0,0,0,0,0,0,0
base-0.7,T2594,1,stop,172,0,0,0,0,0,0,0,0,0,0,0,0,0,0,0
base-0.7,T2595,1,stop,533,0,0,0,0,0,0,0,0,0,0,0,0,0,0,0
base-0.7,T2596,1,length,903,0,0,0,0,0,0,0,0,0,0,0,0,0,0,0
base-0.7,T2597,1,stop,587,0,0,0,0,0,0,0,0,0,0,0,0,0,0,0
base-0.7,T2598,1,stop,210,0,0,0,0,0,0,0,0,0,0,0,0,0,0,0
base-0.7,T2599,1,stop,138,0,0,0,0,0,0,0,0,0,0,0,0,0,0,0
base-0.7,T2600,1,stop,691,0,0,0,0,0,0,0,0,0,0,0,0,0,0,0
base-0.7,T2601,1,stop,600,0,0,0,0,0,0,0,0,0,0,0,0,0,0,0
base-0.7,T2602,1,stop,448,0,0,0,0,0,0,0,0,0,0,0,0,0,0,0
base-0.7,T2603,1,stop,484,0,0,0,0,0,0,0,0,0,0,0,0,0,0,0
base-0.7,T2604,1,length,869,0,0,0,0,0,0,0,0,0,0,0,0,0,0,0
base-0.7,T2605,1,length,843,0,0,0,0,0,0,0,0,1,0,0,0,0,0,0
base-0.7,T2606,1,stop,605,0,0,0,0,0,0,0,0,0,0,0,0,0,0,0
base-0.7,T2607,1,length,723,0,0,0,0,0,0,0,0,0,0,0,0,0,0,0
base-0.7,T2608,1,stop,596,0,0,0,0,0,0,0,0,0,0,0,0,0,0,0
base-0.7,T2609,1,stop,459,0,0,0,0,0,0,0,0,0,0,0,0,0,0,0
base-0.7,T2610,1,length,849,0,0,0,0,0,0,0,0,0,0,0,0,0,0,0
base-0.7,T2611,1,length,885,0,0,0,0,0,0,0,0,0,0,0,0,0,0,0
base-0.7,T2612,1,stop,475,0,0,0,0,0,0,0,0,0,0,0,0,0,0,0
base-0.7,T2613,1,stop,314,0,0,0,0,0,0,0,0,0,0,0,0,0,0,0
base-0.7,T2614,1,stop,419,0,0,0,0,0,0,0,0,0,0,0,0,0,0,0
base-0.7,T2615,1,stop,336,0,0,0,0,0,0,0,0,0,0,0,0,0,0,0
base-0.7,T2616,1,length,792,0,0,0,0,0,0,0,0,0,0,0,0,0,0,0
base-0.7,T2617,1,length,857,0,0,0,0,0,0,0,0,0,0,0,0,0,0,0
base-0.7,T2618,1,stop,572,0,0,0,0,0,0,0,0,0,0,0,0,0,0,0
base-0.7,T2619,1,stop,828,0,0,0,0,0,0,0,0,0,0,0,0,0,0,0
base-0.7,T2620,1,stop,259,0,0,0,0,0,0,0,0,0,0,0,0,0,0,0
base-0.7,T2621,1,stop,371,0,0,0,0,0,0,0,0,0,0,0,0,0,0,0
base-0.7,T2622,1,stop,258,0,0,0,0,0,0,0,0,0,0,0,0,0,0,0
base-0.7,T2623,1,stop,647,0,0,0,0,0,0,0,0,0,0,0,0,0,0,0
base-0.7,T2624,1,stop,311,0,0,0,0,0,0,0,0,0,0,0,0,0,0,0
base-0.7,T2625,1,stop,482,0,0,0,0,0,0,0,0,0,0,0,0,0,0,0
base-0.7,T2626,1,stop,529,0,0,0,0,0,0,0,0,0,0,0,0,0,0,0
base-0.7,T2627,1,stop,409,0,0,0,0,0,0,0,0,0,0,0,0,0,0,0
base-0.7,T2628,1,stop,391,0,0,0,0,0,0,0,0,0,0,0,0,0,0,0
base-0.7,T2629,1,stop,713,0,0,0,0,0,0,0,0,0,0,0,0,0,0,0
base-0.7,T2630,1,stop,386,0,0,0,0,0,0,0,0,0,0,0,0,0,0,0
base-0.7,T2631,1,stop,326,0,0,0,0,0,0,0,0,0,0,0,0,0,0,0
base-0.7,T2632,1,stop,534,0,0,0,0,0,0,0,0,0,0,0,0,0,0,0
base-0.7,T2633,1,length,846,0,0,0,0,0,0,0,0,0,0,0,0,0,0,0
base-0.7,T2634,1,length,903,0,0,0,0,0,0,0,0,0,0,0,0,0,0,0
base-0.7,T2635,1,stop,479,0,0,0,0,0,0,0,0,0,0,0,0,0,0,0
base-0.7,T2636,1,stop,518,0,0,0,0,0,0,0,0,0,0,0,0,0,0,0
base-0.7,T2637,1,stop,648,0,0,0,0,0,0,0,0,1,0,0,0,0,0,0
base-0.7,T2638,1,stop,491,0,0,0,0,0,0,0,0,1,0,0,0,0,0,0
base-0.7,T2639,1,stop,592,0,0,0,0,0,0,0,0,0,0,0,0,0,0,0
base-0.7,T2640,1,length,846,0,0,0,0,0,0,0,0,0,0,0,0,0,0,0
base-0.7,T2641,1,stop,182,0,0,0,0,0,0,0,0,0,0,0,0,0,0,0
base-0.7,T2642,1,stop,405,0,0,0,0,0,0,0,0,0,0,0,0,0,0,0
base-0.7,T2643,1,stop,513,0,0,0,0,0,0,0,0,1,0,0,0,0,0,0
base-0.7,T2644,1,stop,789,0,0,0,0,0,0,0,0,0,0,0,0,0,0,0
base-0.7,T2645,1,stop,627,0,0,0,0,0,0,0,0,0,0,0,0,0,0,0
base-0.7,T2646,1,stop,391,0,0,0,0,0,0,0,0,0,0,0,0,0,0,0
base-0.7,T2647,1,stop,408,0,0,0,0,0,0,0,0,0,0,0,0,0,0,0
base-0.7,T2648,1,stop,371,0,0,0,0,0,0,0,0,0,0,0,0,0,0,0
base-0.7,T2649,1,stop,574,0,0,0,0,0,0,0,0,0,0,0,0,0,0,0
base-0.7,T2650,1,stop,402,0,0,0,0,0,0,0,0,0,0,0,0,0,0,0
base-0.7,T2651,1,stop,675,0,0,0,0,0,0,0,0,0,0,0,0,0,0,0
base-0.7,T2652,1,stop,446,0,0,0,0,0,0,0,0,0,0,0,0,0,0,0
base-0.7,T2653,1,length,880,0,0,0,0,0,0,1,0,0,0,0,0,0,0,0
base-0.7,T2654,1,stop,202,0,0,0,0,0,0,0,0,0,0,0,0,0,0,0
base-0.7,T2655,1,stop,338,0,0,0,0,0,0,0,0,0,0,0,0,0,0,0
base-0.7,T2656,1,stop,823,0,0,0,0,0,0,0,0,0,0,0,0,0,0,0
base-0.7,T2657,1,stop,335,0,0,0,0,0,0,0,0,0,0,0,0,0,0,0
base-0.7,T2658,1,stop,551,0,0,0,0,0,0,2,0,0,0,0,0,0,0,0
base-0.7,T2659,1,length,887,0,0,0,0,0,0,0,0,0,0,0,0,0,0,0
base-0.7,T2660,1,length,809,0,0,0,0,0,0,0,0,0,0,0,0,0,0,0
base-0.7,T2661,1,stop,507,0,0,0,0,0,0,0,0,0,0,0,0,0,0,0
base-0.7,T2662,1,length,667,0,0,0,0,0,0,0,0,0,0,0,0,0,0,0
base-0.7,T2663,1,length,868,0,0,0,0,0,0,0,0,0,0,0,0,0,0,0
base-0.7,T2664,1,stop,454,0,0,0,0,0,0,0,0,0,0,0,0,0,0,0
base-0.7,T2665,1,stop,540,0,0,0,0,0,0,0,0,0,0,0,0,0,0,0
base-0.7,T2666,1,stop,536,0,0,0,0,0,0,0,0,0,0,0,0,0,0,0
base-0.7,T2667,1,stop,715,0,0,0,0,0,0,0,0,0,0,0,0,0,0,0
base-0.7,T2668,1,stop,358,0,0,0,0,0,0,0,0,0,0,0,0,0,0,0
base-0.7,T2669,1,stop,664,0,0,0,0,0,0,0,0,0,0,0,0,0,0,0
base-0.7,T2670,1,stop,337,0,0,0,0,0,0,0,0,0,0,0,0,0,0,0
base-0.7,T2671,1,length,816,0,0,0,0,0,0,0,0,1,0,0,0,0,0,0
base-0.7,T2672,1,stop,491,0,0,0,0,0,0,0,0,0,0,0,0,0,0,0
base-0.7,T2673,1,stop,611,0,0,0,0,0,0,0,0,0,0,0,0,0,0,0
base-0.7,T2674,1,stop,552,0,0,0,0,0,0,0,0,0,0,0,0,0,0,0
base-0.7,T2675,1,length,835,0,0,0,0,0,0,0,0,0,0,0,0,0,0,0
base-0.7,T2676,1,length,822,0,0,0,0,0,0,0,0,0,0,0,0,0,0,0
base-0.7,T2677,1,stop,559,0,0,0,0,0,0,0,0,0,0,0,0,0,0,0
base-0.7,T2678,1,length,836,0,0,0,0,0,0,0,0,0,0,0,0,0,0,0
base-0.7,T2679,1,stop,395,0,0,0,0,0,0,0,0,0,0,0,0,0,0,0
base-0.7,T2680,1,stop,352,0,0,0,0,0,0,0,0,0,0,0,0,0,0,0
base-0.7,T2681,1,stop,615,0,0,0,0,0,0,0,0,0,0,0,0,0,0,0
base-0.7,T2682,1,stop,384,0,0,0,0,0,0,0,0,0,0,0,0,0,0,0
base-0.7,T2683,1,stop,517,0,0,0,0,0,0,0,0,0,0,0,0,0,0,0
base-0.7,T2684,1,stop,296,0,0,0,0,0,0,0,0,0,0,0,0,0,0,0
base-0.7,T2685,1,stop,339,0,0,0,0,0,0,0,0,0,0,0,0,0,0,0
base-0.7,T2686,1,stop,415,0,0,0,0,0,0,0,0,0,0,0,0,0,0,0
base-0.7,T2687,1,length,931,0,0,0,0,0,0,0,0,0,0,0,0,0,0,0
base-0.7,T2688,1,stop,476,0,0,0,0,0,0,0,0,0,0,0,0,0,0,0
base-0.7,T2689,1,stop,653,0,0,0,0,0,0,0,0,0,0,0,0,0,0,0
base-0.7,T2690,1,stop,399,0,0,0,0,0,0,0,0,0,0,0,0,0,0,0
base-0.7,T2691,1,stop,738,0,0,0,0,0,0,0,0,0,0,0,0,0,0,0
base-0.7,T2692,1,length,852,0,0,0,0,0,0,0,0,0,0,0,0,0,0,0
base-0.7,T2693,1,length,867,0,0,0,0,0,0,0,0,0,0,0,0,0,0,0
base-0.7,T2694,1,stop,466,0,0,0,0,0,0,0,1,0,0,0,0,0,0,0
base-0.7,T2695,1,stop,782,0,0,0,0,0,0,0,0,0,0,0,0,0,0,0
base-0.7,T2696,1,length,868,0,0,0,0,0,0,0,0,0,0,0,0,0,0,0
base-0.7,T2697,1,stop,644,0,0,0,0,0,0,0,0,0,0,0,0,0,0,0
base-0.7,T2698,1,stop,635,0,0,0,0,0,0,0,0,0,0,0,0,0,0,0
base-0.7,T2699,1,stop,520,0,0,0,0,0,0,0,0,0,0,0,0,0,0,0
base-0.7,T2700,1,stop,401,0,0,0,0,0,0,0,0,0,0,0,0,0,0,0
base-0.7,T2701,1,stop,306,0,0,0,0,0,0,0,0,0,0,0,0,0,0,0
base-0.7,T2702,1,stop,699,0,0,0,0,0,0,0,0,0,0,0,0,0,0,0
base-0.7,T2703,1,stop,502,0,0,0,0,0,0,0,0,0,0,0,0,0,0,0
base-0.7,T2704,1,stop,601,0,0,0,0,0,0,0,0,0,0,0,0,0,0,0
base-0.7,T2705,1,stop,486,0,0,0,0,0,0,0,0,1,1,0,0,0,0,0
base-0.7,T2706,1,stop,560,0,0,0,0,0,0,0,0,0,0,0,0,0,0,0
base-0.7,T2707,1,length,774,0,0,0,0,0,0,0,0,0,0,0,0,0,0,0
base-0.7,T2708,1,length,867,0,0,0,0,0,0,0,0,0,0,0,0,0,0,0
base-0.7,T2709,1,stop,427,0,0,0,0,0,0,0,0,0,0,0,0,0,0,0
base-0.7,T2710,1,length,937,0,0,0,0,0,0,0,0,0,0,0,0,0,0,0
base-0.7,T2711,1,length,944,0,0,0,0,0,0,0,0,0,0,0,0,0,0,0
base-0.7,T2712,1,stop,698,0,0,0,0,0,0,0,0,0,0,0,0,0,0,0
base-0.7,T2713,1,stop,724,0,0,0,0,0,0,0,0,0,0,0,0,0,0,0
base-0.7,T2714,1,stop,600,0,0,0,0,0,0,0,0,0,0,0,0,0,0,0
base-0.7,T2715,1,stop,517,0,0,0,0,0,0,0,0,0,0,0,0,0,0,0
base-0.7,T2716,1,length,838,0,0,0,0,0,0,0,0,0,0,0,0,0,0,0
base-0.7,T2717,1,stop,748,0,0,0,0,0,0,0,0,0,0,0,0,0,0,0
base-0.7,T2718,1,stop,629,0,0,0,0,0,0,0,0,0,0,0,0,0,0,0
base-0.7,T2719,1,length,786,0,0,0,0,0,0,0,0,0,0,0,0,0,0,0
base-0.7,T2720,1,stop,505,0,0,0,0,0,0,0,0,0,0,0,0,0,0,0
base-0.7,T2721,1,stop,487,0,0,0,0,0,0,0,0,0,0,0,0,0,0,0
base-0.7,T2722,1,stop,751,0,0,0,0,0,0,0,0,0,0,0,0,0,0,0
base-0.7,T2723,1,stop,487,0,0,0,0,0,0,0,0,0,0,0,0,0,0,0
base-0.7,T2724,1,stop,555,0,0,0,0,0,0,0,0,0,0,0,0,0,0,0
base-0.7,T2725,1,stop,492,0,0,0,0,0,0,0,0,0,0,0,0,0,0,0
base-0.7,T2726,1,stop,212,0,0,0,0,0,0,0,0,0,0,0,0,0,0,0
base-0.7,T2727,1,stop,413,0,0,0,0,0,0,0,0,0,0,0,0,0,0,0
base-0.7,T2728,1,length,870,0,0,0,0,0,0,0,0,0,0,0,0,0,0,0
base-0.7,T2729,1,stop,446,0,0,0,0,0,0,0,0,0,0,0,0,0,0,0
base-0.7,T2730,1,stop,495,0,0,0,0,0,0,0,0,0,0,0,0,0,0,0
base-0.7,T2731,1,stop,527,0,0,0,0,0,0,0,0,0,0,0,0,0,0,0
base-0.7,T2732,1,stop,296,0,0,0,0,0,0,0,0,0,0,0,0,0,0,0
base-0.7,T2733,1,stop,656,0,0,0,0,0,0,0,0,0,0,0,0,0,0,0
base-0.7,T2734,1,stop,461,0,0,0,0,0,0,0,0,0,0,0,0,0,0,0
base-0.7,T2735,1,stop,748,0,0,0,0,0,0,0,0,0,0,0,0,0,0,0
base-0.7,T2736,1,stop,602,0,0,0,0,0,0,0,0,0,0,0,0,0,0,0
base-0.7,T2737,1,stop,444,0,0,1,0,0,0,0,0,0,0,0,0,0,0,0
base-0.7,T2738,1,length,863,0,0,0,0,0,0,0,0,0,0,0,0,0,0,0
base-0.7,T2739,1,stop,600,0,0,0,0,0,0,0,0,0,0,0,0,0,0,0
base-0.7,T2740,1,stop,359,0,0,0,0,0,0,0,0,0,0,0,0,0,0,0
base-0.7,T2741,1,stop,407,0,0,0,0,0,0,0,0,0,0,0,0,0,0,0
base-0.7,T2742,1,stop,612,0,0,0,0,0,0,0,0,0,0,0,0,0,0,0
base-0.7,T2743,1,stop,10,0,0,0,0,0,0,0,0,0,0,0,0,0,0,0
base-0.7,T2744,1,length,879,0,0,0,0,0,0,0,0,0,0,0,0,0,0,0
base-0.7,T2745,1,length,829,0,0,0,0,0,0,0,0,0,0,0,0,0,0,0
base-0.7,T2746,1,stop,613,0,0,0,0,0,0,0,0,0,0,0,0,0,0,0
base-0.7,T2747,1,stop,92,0,0,0,0,0,0,0,0,0,0,0,0,0,0,0
base-0.7,T2748,1,stop,548,0,0,0,0,0,0,0,0,0,0,0,0,0,0,0
base-0.7,T2749,1,stop,569,0,0,0,0,0,0,0,0,0,0,0,0,0,0,0
base-0.7,T2750,1,stop,433,0,0,0,0,0,0,0,0,0,0,0,0,0,0,0
base-0.7,T2751,1,stop,399,0,0,0,0,0,0,0,0,0,0,0,0,0,0,0
base-0.7,T2752,1,length,817,0,0,0,0,0,0,0,0,0,0,0,0,0,0,0
base-0.7,T2753,1,length,761,0,0,0,0,0,0,0,0,0,0,0,0,0,0,0
base-0.7,T2754,1,length,801,0,0,0,0,0,0,0,0,0,0,0,0,0,0,0
base-0.7,T2755,1,stop,422,0,0,0,0,0,0,0,0,0,0,0,0,0,0,0
base-0.7,T2756,1,stop,463,0,0,0,0,0,0,0,0,0,0,0,0,0,0,0
base-0.7,T2757,1,stop,519,0,0,0,0,0,0,0,0,0,0,0,0,0,0,0
base-0.7,T2758,1,stop,562,0,0,0,0,0,0,0,0,0,0,0,0,0,0,0
base-0.7,T2759,1,length,948,0,0,0,0,0,0,0,0,0,0,0,0,0,0,0
base-0.7,T2760,1,stop,759,0,0,0,0,0,0,0,0,0,0,0,0,0,0,0
base-0.7,T2761,1,stop,413,0,0,0,0,0,0,0,0,0,0,0,0,0,0,0
base-0.7,T2762,1,length,684,0,0,0,0,0,0,0,0,0,0,0,0,0,0,0
base-0.7,T2763,1,stop,486,0,0,0,0,0,0,0,0,0,0,0,0,0,1,0
base-0.7,T2764,1,length,808,0,0,0,0,0,0,0,0,0,0,0,0,0,0,0
base-0.7,T2765,1,stop,386,0,0,0,0,0,0,0,0,0,0,0,0,0,0,0
base-0.7,T2766,1,stop,507,0,0,0,0,0,0,1,0,0,0,0,0,0,0,0
base-0.7,T2767,1,stop,678,0,0,0,0,0,0,0,0,0,0,0,0,0,0,0
base-0.7,T2768,1,stop,523,0,0,0,0,0,0,0,0,0,0,0,0,0,0,0
base-0.7,T2769,1,length,913,0,0,0,0,0,0,0,0,0,0,0,0,0,0,0
base-0.7,T2770,1,stop,733,0,0,0,0,0,0,0,0,0,0,0,0,0,0,0
base-0.7,T2771,1,stop,380,0,0,0,0,0,0,0,0,0,0,0,0,0,0,0
base-0.7,T2772,1,stop,238,0,0,0,0,0,0,0,0,0,0,0,0,0,0,0
base-0.7,T2773,1,stop,538,0,0,0,0,0,0,0,0,0,0,0,0,0,0,0
base-0.7,T2774,1,stop,409,0,0,0,0,0,0,0,0,0,0,0,0,2,0,0
base-0.7,T2775,1,stop,629,0,0,0,0,0,0,0,0,0,0,0,0,0,0,0
base-0.7,T2776,1,stop,378,0,0,0,0,0,0,0,0,0,0,0,0,0,0,0
base-0.7,T2777,1,stop,505,0,0,0,0,0,0,0,0,0,0,0,0,0,0,0
base-0.7,T2778,1,stop,426,0,0,0,0,0,0,0,0,0,0,0,0,0,0,0
base-0.7,T2779,1,stop,479,0,0,0,0,0,0,0,0,0,0,0,0,0,0,0
base-0.7,T2780,1,stop,603,0,0,0,0,0,0,0,0,0,0,0,0,0,0,0
base-0.7,T2781,1,length,932,0,0,0,0,0,0,0,0,0,0,0,0,0,0,0
base-0.7,T2782,1,stop,381,0,0,0,0,0,0,0,0,0,0,0,0,0,0,0
base-0.7,T2783,1,stop,632,0,0,0,0,0,0,0,0,0,0,0,0,0,0,0
base-0.7,T2784,1,length,828,0,0,0,0,0,0,0,0,0,0,0,0,0,0,0
base-0.7,T2785,1,length,813,0,0,0,0,0,0,0,0,0,0,0,0,0,0,0
base-0.7,T2786,1,stop,460,0,0,0,0,0,0,0,0,0,0,0,0,0,0,0
base-0.7,T2787,1,stop,375,0,0,0,0,0,0,0,0,0,0,0,0,0,0,0
base-0.7,T2788,1,stop,462,0,0,0,0,0,0,0,0,0,0,0,0,0,0,0
base-0.7,T2789,1,length,778,0,0,0,0,0,0,0,0,0,0,0,0,0,0,0
base-0.7,T2790,1,stop,379,0,0,0,0,0,0,0,0,0,0,0,0,0,0,0
base-0.7,T2791,1,stop,546,0,0,0,0,0,0,0,0,0,0,0,0,0,0,0
base-0.7,T2792,1,length,758,0,0,0,0,0,0,0,0,0,0,0,0,0,0,0
base-0.7,T2793,1,stop,578,0,0,0,0,0,0,0,0,0,0,0,0,0,0,0
base-0.7,T2794,1,stop,655,0,0,0,0,0,0,0,0,1,0,0,0,0,0,0
base-0.7,T2795,1,stop,577,0,0,0,0,0,0,1,0,0,0,0,0,0,0,0
base-0.7,T2796,1,stop,491,0,0,0,0,0,0,0,0,0,0,0,0,0,0,0
base-0.7,T2797,1,stop,510,0,0,0,0,0,0,0,0,0,0,0,0,0,0,0
base-0.7,T2798,1,length,801,0,0,0,0,0,0,0,0,0,0,0,0,0,0,0
base-0.7,T2799,1,length,753,0,0,1,0,0,0,0,0,0,0,0,0,0,0,0
base-0.7,T2800,1,length,740,0,0,0,0,0,0,0,0,0,0,0,0,0,0,0
base-0.7,T2801,1,length,759,0,0,0,0,0,0,0,0,0,0,0,0,0,0,0
base-0.7,T2802,1,length,887,0,0,0,0,0,0,0,0,0,0,0,0,0,0,0
base-0.7,T2803,1,stop,622,0,0,0,0,0,0,0,0,0,0,0,0,0,0,0
base-0.7,T2804,1,stop,595,0,0,0,0,0,0,0,0,0,0,0,0,0,0,0
base-0.7,T2805,1,stop,54,0,0,0,0,0,0,0,0,0,0,0,0,0,0,0
base-0.7,T2806,1,stop,358,0,0,0,0,0,0,0,0,0,0,0,0,0,0,0
base-0.7,T2807,1,stop,725,0,0,0,0,0,0,0,0,0,0,0,0,0,0,0
base-0.7,T2808,1,stop,818,0,0,0,0,0,0,0,0,0,0,0,0,0,0,0
base-0.7,T2809,1,length,454,0,0,0,0,0,0,0,0,0,0,0,0,0,0,0
base-0.7,T2810,1,length,868,0,0,0,0,0,0,0,0,0,0,0,0,0,0,0
base-0.7,T2811,1,stop,391,0,0,0,0,0,0,0,0,0,0,0,0,0,0,0
base-0.7,T2812,1,length,832,0,0,0,0,0,0,0,0,0,0,0,0,0,0,0
base-0.7,T2813,1,stop,484,0,0,0,0,0,0,0,0,0,0,0,0,0,0,0
base-0.7,T2814,1,stop,400,0,0,0,0,0,0,0,0,0,0,0,0,0,0,0
base-0.7,T2815,1,length,805,0,0,0,0,0,0,0,0,0,0,0,0,0,0,0
base-0.7,T2816,1,stop,556,0,0,0,0,0,0,0,0,0,0,0,0,0,0,0
base-0.7,T2817,1,stop,325,0,0,0,0,0,0,0,0,0,0,0,0,0,0,0
base-0.7,T2818,1,length,770,0,0,0,0,0,0,0,0,0,0,0,0,0,0,0
base-0.7,T2819,1,stop,500,0,0,0,0,0,0,0,0,0,0,0,0,0,0,0
base-0.7,T2820,1,length,812,0,0,0,0,0,0,0,0,0,0,0,0,0,0,0
base-0.7,T2821,1,length,762,0,0,0,0,0,0,0,0,0,0,0,0,0,0,0
base-0.7,T2822,1,length,796,0,0,0,0,0,0,0,0,1,0,0,0,0,0,0
base-0.7,T2823,1,stop,676,0,0,0,0,0,0,0,0,0,0,0,0,0,0,0
base-0.7,T2824,1,length,256,0,0,0,0,0,0,0,0,0,0,0,0,0,0,0
base-0.7,T2825,1,length,854,0,0,0,0,0,0,0,0,0,0,0,0,0,0,0
base-0.7,T2826,1,stop,509,0,0,0,0,0,0,0,0,0,0,0,0,0,0,0
base-0.7,T2827,1,stop,393,0,0,0,0,0,0,0,0,0,0,0,0,0,0,0
base-0.7,T2828,1,length,796,0,0,1,0,0,0,0,0,0,0,0,0,0,0,0
base-0.7,T2829,1,length,796,0,0,0,0,0,0,0,0,0,0,0,0,0,0,0
base-0.7,T2830,1,stop,578,0,0,0,0,0,0,0,0,0,0,0,0,0,0,0
base-0.7,T2831,1,stop,651,0,0,0,0,0,0,0,0,0,0,0,0,0,0,0
base-0.7,T2832,1,stop,532,0,0,0,0,0,0,0,0,0,0,0,0,2,0,0
base-0.7,T2833,1,stop,722,0,0,0,0,0,0,0,0,0,0,0,0,0,0,0
base-0.7,T2834,1,stop,344,0,0,0,0,0,0,0,0,0,0,0,0,0,0,0
base-0.7,T2835,1,stop,501,0,0,0,0,0,0,0,0,0,0,0,0,0,0,0
base-0.7,T2836,1,stop,587,0,0,0,0,0,0,0,0,0,0,0,0,0,0,0
base-0.7,T2837,1,stop,377,0,0,0,0,0,0,0,0,0,0,0,0,0,0,0
base-0.7,T2838,1,stop,675,0,0,0,0,0,0,0,0,0,0,0,0,0,0,0
base-0.7,T2839,1,stop,487,0,0,0,0,0,0,0,0,0,0,0,0,0,0,0
base-0.7,T2840,1,stop,437,0,0,0,0,0,0,0,0,0,0,0,0,0,0,0
base-0.7,T2841,1,stop,302,0,0,0,0,0,0,0,0,0,0,0,0,0,0,0
base-0.7,T2842,1,stop,305,0,0,0,0,0,0,0,0,0,0,0,0,0,0,0
base-0.7,T2843,1,length,864,0,0,0,0,0,0,1,0,1,0,0,0,0,0,0
base-0.7,T2844,1,stop,594,0,0,0,0,0,0,0,0,0,0,0,0,0,0,0
base-0.7,T2845,1,stop,502,0,0,0,0,0,0,0,0,0,0,0,0,0,0,0
base-0.7,T2846,1,length,884,0,0,0,0,0,0,0,0,0,0,0,0,0,0,0
base-0.7,T2847,1,length,811,0,0,0,0,0,0,0,1,0,0,0,0,0,0,0
base-0.7,T2848,1,stop,485,0,0,0,0,0,0,0,0,0,0,0,0,0,0,0
base-0.7,T2849,1,length,966,0,0,0,0,0,0,0,0,0,0,0,0,0,0,0
base-0.7,T2850,1,stop,517,0,0,0,0,0,0,0,0,0,0,0,0,0,0,0
base-0.7,T2851,1,stop,517,0,0,0,0,0,0,0,0,0,0,0,0,0,0,0
base-0.7,T2852,1,stop,304,0,0,0,0,0,0,0,0,0,0,0,0,0,0,0
base-0.7,T2853,1,length,863,0,0,0,0,0,0,0,0,0,0,0,0,0,0,0
base-0.7,T2854,1,stop,238,0,0,0,0,0,0,0,0,0,0,0,0,0,0,0
base-0.7,T2855,1,stop,444,0,0,0,0,0,0,0,0,0,0,0,0,0,0,0
base-0.7,T2856,1,stop,521,0,0,0,0,0,0,0,0,0,0,0,0,0,0,0
base-0.7,T2857,1,stop,293,0,0,0,0,0,0,0,0,0,0,0,0,0,0,0
base-0.7,T2858,1,length,864,0,0,0,0,0,0,0,0,0,0,0,0,0,0,0
base-0.7,T2859,1,length,883,0,0,0,0,0,0,0,0,0,0,0,0,0,0,0
base-0.7,T2860,1,length,873,0,0,0,0,0,0,0,0,0,0,0,0,0,0,0
base-0.7,T2861,1,length,852,0,0,0,0,0,0,0,0,0,0,0,0,0,0,0
base-0.7,T2862,1,length,885,0,0,0,0,0,0,0,0,0,0,0,0,0,0,0
base-0.7,T2863,1,stop,466,0,0,0,0,0,0,0,0,0,0,0,0,0,0,0
base-0.7,T2864,1,stop,509,0,0,0,0,0,0,0,0,0,0,0,0,0,0,0
base-0.7,T2865,1,stop,779,0,0,0,0,0,0,0,0,0,0,0,0,0,0,0
base-0.7,T2866,1,stop,457,0,0,0,0,0,0,0,0,0,0,0,0,0,0,0
base-0.7,T2867,1,stop,346,0,0,0,0,0,0,0,0,0,0,0,0,0,0,0
base-0.7,T2868,1,stop,530,0,0,0,0,0,0,0,0,0,0,0,0,0,0,0
base-0.7,T2869,1,stop,556,0,0,0,0,0,0,0,0,0,0,0,0,0,0,0
base-0.7,T2870,1,stop,190,0,0,0,0,0,0,0,0,0,0,0,0,0,0,0
base-0.7,T2871,1,length,831,0,0,0,0,0,0,0,0,0,0,0,0,0,0,0
base-0.7,T2872,1,length,865,0,0,0,0,0,0,1,0,0,0,0,0,0,0,0
base-0.7,T2873,1,stop,496,0,0,0,0,0,0,0,0,0,0,0,0,0,0,0
base-0.7,T2874,1,stop,522,0,0,0,0,0,0,0,0,0,0,0,0,0,0,0
base-0.7,T2875,1,stop,319,0,0,0,0,0,0,0,0,0,0,0,0,0,0,0
base-0.7,T2876,1,stop,364,0,0,0,0,0,0,0,0,0,0,0,0,0,0,0
base-0.7,T2877,1,stop,433,0,0,0,0,0,0,0,0,0,0,0,0,0,0,0
base-0.7,T2878,1,stop,754,0,0,0,0,0,0,0,0,0,0,0,0,0,0,0
base-0.7,T2879,1,length,848,0,0,0,0,0,0,0,0,0,0,0,0,0,0,0
base-0.7,T2880,1,stop,398,0,0,0,0,0,0,0,0,0,0,0,0,0,0,0
base-0.7,T2881,1,stop,622,0,0,1,0,0,0,0,0,0,0,0,0,0,0,0
base-0.7,T2882,1,stop,695,0,0,0,0,0,0,0,0,0,0,0,0,0,0,0
base-0.7,T2883,1,length,810,0,0,0,0,0,0,0,0,0,0,0,0,0,0,0
base-0.7,T2884,1,length,741,0,0,0,0,0,0,0,0,0,0,0,0,0,0,0
base-0.7,T2885,1,stop,429,0,0,0,0,0,0,0,0,0,0,0,0,0,0,0
base-0.7,T2886,1,stop,349,0,0,0,0,0,0,0,0,0,0,0,0,0,0,0
base-0.7,T2887,1,stop,255,0,0,0,0,0,0,0,0,0,0,0,0,0,0,0
base-0.7,T2888,1,stop,252,0,0,0,0,0,0,0,0,0,0,0,0,0,0,0
base-0.7,T2889,1,stop,433,0,0,0,0,0,0,0,0,0,0,0,0,0,0,0
base-0.7,T2890,1,stop,624,0,0,0,0,0,0,0,0,0,0,0,0,0,0,0
base-0.7,T2891,1,length,782,0,0,0,0,0,0,0,0,0,0,0,0,0,0,0
base-0.7,T2892,1,stop,590,0,0,0,0,0,0,0,0,0,0,0,0,0,0,0
base-0.7,T2893,1,stop,505,0,0,0,0,0,0,0,0,0,0,0,0,0,0,0
base-0.7,T2894,1,length,777,0,0,0,0,0,0,0,0,0,0,0,0,0,1,0
base-0.7,T2895,1,stop,734,0,0,0,0,0,0,0,0,0,0,0,0,0,0,0
base-0.7,T2896,1,stop,424,0,0,0,0,0,0,0,0,0,0,0,0,0,0,0
base-0.7,T2897,1,stop,467,0,0,0,0,0,0,0,0,0,0,0,0,0,0,0
base-0.7,T2898,1,length,940,0,0,0,0,0,0,0,0,0,0,0,0,0,0,0
base-0.7,T2899,1,stop,415,0,0,0,0,0,0,0,0,0,0,0,0,0,0,0
base-0.7,T2900,1,stop,581,0,0,0,0,0,0,0,0,0,0,0,0,0,0,0
base-0.7,T2901,1,stop,649,0,0,0,0,0,0,0,0,0,0,0,0,1,0,0
base-0.7,T2902,1,stop,503,0,0,0,0,0,0,0,0,0,0,0,0,0,0,0
base-0.7,T2903,1,stop,500,0,0,0,0,0,0,0,0,0,0,0,0,0,0,0
base-0.7,T2904,1,stop,436,0,0,0,0,0,0,0,0,0,0,0,0,0,0,0
base-0.7,T2905,1,stop,275,0,0,0,0,0,0,0,0,0,0,0,0,0,0,0
base-0.7,T2906,1,stop,435,0,0,0,0,0,0,0,0,0,0,0,0,0,0,0
base-0.7,T2907,1,stop,119,0,0,0,0,0,0,0,0,0,0,0,0,0,0,0
base-0.7,T2908,1,stop,567,0,0,0,0,0,0,0,0,0,0,0,0,0,0,0
base-0.7,T2909,1,length,845,0,0,0,0,0,0,0,0,0,0,0,0,0,0,0
base-0.7,T2910,1,length,855,0,0,0,0,0,0,0,0,0,0,0,0,0,0,0
base-0.7,T2911,1,length,921,0,0,0,0,0,0,0,0,0,0,0,0,0,0,0
base-0.7,T2912,1,stop,557,0,0,0,0,0,0,0,0,0,0,0,0,0,1,0
base-0.7,T2913,1,stop,317,0,0,1,0,0,0,0,0,0,0,0,0,0,0,0
base-0.7,T2914,1,stop,371,0,0,0,0,0,0,0,0,0,0,0,0,0,0,0
base-0.7,T2915,1,stop,236,0,0,0,0,0,0,0,0,0,0,0,0,0,0,0
base-0.7,T2916,1,stop,292,0,0,0,0,0,0,0,0,0,0,0,0,0,0,0
base-0.7,T2917,1,stop,515,0,0,0,0,0,0,0,0,0,0,0,0,0,0,0
base-0.7,T2918,1,stop,423,0,0,0,0,0,0,0,0,0,0,0,0,0,0,0
base-0.7,T2919,1,stop,621,0,0,0,0,0,0,0,0,0,0,0,0,0,0,0
base-0.7,T2920,1,length,788,0,0,0,0,0,0,0,0,0,0,0,0,0,0,0
base-0.7,T2921,1,stop,438,0,0,0,0,0,0,0,0,0,0,0,0,0,0,0
base-0.7,T2922,1,stop,450,0,0,0,0,0,0,0,0,0,0,0,0,0,0,0
base-0.7,T2923,1,stop,472,0,0,0,0,0,0,0,0,0,0,0,0,0,0,0
base-0.7,T2924,1,length,781,0,0,0,0,0,0,0,0,0,0,0,0,0,0,0
base-0.7,T2925,1,stop,647,0,0,0,0,0,0,0,0,1,0,0,0,0,0,0
base-0.7,T2926,1,length,885,0,0,0,0,0,0,0,0,0,0,0,0,0,0,0
base-0.7,T2927,1,stop,351,0,0,0,0,0,0,0,0,0,0,0,0,0,0,0
base-0.7,T2928,1,stop,420,0,0,0,0,0,0,0,0,0,0,0,0,0,0,0
base-0.7,T2929,1,length,880,0,0,0,0,0,0,0,0,0,0,0,0,0,0,0
base-0.7,T2930,1,stop,400,0,0,0,0,0,0,0,0,0,0,0,0,0,0,0
base-0.7,T2931,1,stop,378,0,0,0,0,0,0,0,0,0,0,0,0,0,0,0
base-0.7,T2932,1,stop,273,0,0,0,0,0,0,0,0,0,0,0,0,0,0,0
base-0.7,T2933,1,stop,570,0,0,0,0,0,0,0,0,0,0,0,0,0,0,0
base-0.7,T2934,1,stop,495,0,0,0,0,0,0,0,0,0,0,0,0,0,0,0
base-0.7,T2935,1,stop,502,0,0,0,0,0,0,0,1,0,0,0,0,0,0,0
base-0.7,T2936,1,stop,620,0,0,0,0,0,0,0,0,0,0,0,0,0,0,0
base-0.7,T2937,1,length,772,0,0,0,0,0,0,0,0,0,0,0,0,0,0,0
base-0.7,T2938,1,stop,632,0,0,0,0,0,0,0,0,0,0,0,0,0,0,0
base-0.7,T2939,1,length,798,0,0,0,0,0,0,0,0,0,0,0,0,0,0,0
base-0.7,T2940,1,stop,19,0,0,0,0,0,0,0,0,0,0,0,0,0,0,0
base-0.7,T2941,1,stop,391,0,0,0,0,0,0,0,0,0,0,0,0,0,0,0
base-0.7,T2942,1,stop,741,0,0,0,0,0,0,0,0,0,0,0,0,0,0,0
base-0.7,T2943,1,stop,562,0,0,0,0,0,0,0,0,0,0,0,0,0,0,0
base-0.7,T2944,1,stop,638,0,0,0,0,0,0,0,0,0,0,0,0,0,0,0
base-0.7,T2945,1,stop,699,0,0,0,0,0,0,0,0,0,0,0,0,0,0,0
base-0.7,T2946,1,stop,510,0,0,0,0,0,0,0,0,0,0,0,0,0,0,0
base-0.7,T2947,1,stop,625,0,0,0,0,0,0,0,0,0,0,0,0,0,0,0
base-0.7,T2948,1,stop,181,0,0,0,0,0,0,0,0,0,0,0,0,0,0,0
base-0.7,T2949,1,stop,555,0,0,0,0,0,0,0,0,0,0,0,0,0,0,0
base-0.7,T2950,1,length,828,0,0,0,0,0,0,0,0,0,0,0,0,0,0,0
base-0.7,T2951,1,stop,496,0,0,0,0,0,0,0,0,1,0,0,0,0,0,0
base-0.7,T2952,1,stop,522,0,0,0,0,0,0,0,0,1,0,0,0,0,0,0
base-0.7,T2953,1,length,921,0,0,0,0,0,0,0,0,0,0,0,0,0,0,0
base-0.7,T2954,1,stop,34,0,0,0,0,0,0,0,0,0,0,0,0,0,0,0
base-0.7,T2955,1,stop,534,0,0,0,0,0,0,0,0,0,0,0,0,0,0,0
base-0.7,T2956,1,stop,528,0,0,0,0,0,0,0,0,0,0,0,0,0,0,0
base-0.7,T2957,1,length,786,0,0,0,0,0,0,0,0,0,0,0,0,0,0,0
base-0.7,T2958,1,stop,450,0,0,0,0,0,0,0,0,0,0,0,0,0,0,0
base-0.7,T2959,1,stop,313,0,0,0,0,0,0,0,0,0,0,0,0,0,0,0
base-0.7,T2960,1,length,786,0,0,0,0,0,0,0,0,1,0,0,0,0,0,0
base-0.7,T2961,1,stop,425,0,0,0,0,0,0,0,0,0,0,0,0,0,0,0
base-0.7,T2962,1,length,798,0,0,0,0,0,0,0,0,0,0,0,0,0,0,0
base-0.7,T2963,1,stop,334,0,0,0,0,0,0,0,0,0,0,0,0,0,0,0
base-0.7,T2964,1,stop,401,0,0,0,0,0,0,0,0,0,0,0,0,0,0,0
base-0.7,T2965,1,stop,715,0,0,0,0,0,0,0,0,0,0,0,0,0,0,0
base-0.7,T2966,1,stop,660,0,0,0,0,0,0,0,0,0,0,0,0,0,0,0
base-0.7,T2967,1,length,800,0,0,0,0,0,0,0,0,0,0,0,0,0,0,0
base-0.7,T2968,1,stop,501,0,0,0,0,0,0,0,0,0,0,0,0,0,0,0
base-0.7,T2969,1,length,887,0,0,0,0,0,0,0,0,0,0,0,0,0,0,0
base-0.7,T2970,1,length,818,0,0,0,0,0,0,0,0,0,0,0,0,0,0,0
base-0.7,T2971,1,length,798,0,0,0,0,0,0,0,0,0,0,0,0,0,0,0
base-0.7,T2972,1,stop,578,0,0,0,0,0,0,0,0,0,0,0,0,0,0,0
base-0.7,T2973,1,stop,658,0,0,0,0,0,0,0,0,0,0,0,0,0,0,0
base-0.7,T2974,1,stop,526,0,0,0,0,0,0,0,0,0,0,0,0,0,0,0
base-0.7,T2975,1,length,729,0,0,0,0,0,0,0,0,1,0,0,0,0,0,0
base-0.7,T2976,1,stop,573,0,0,0,0,0,0,0,0,0,0,0,0,0,0,0
base-0.7,T2977,1,length,737,0,0,0,0,0,0,0,0,2,0,0,0,0,0,0
base-0.7,T2978,1,length,852,0,0,0,0,0,0,0,0,0,0,0,0,0,0,0
base-0.7,T2979,1,stop,414,0,0,0,0,0,0,0,0,0,0,0,0,0,0,0
base-0.7,T2980,1,stop,467,0,0,0,0,0,0,0,0,0,0,0,0,0,0,0
base-0.7,T2981,1,length,704,0,0,0,0,0,0,0,0,0,0,0,0,0,0,0
base-0.7,T2982,1,stop,739,0,0,0,0,0,0,0,0,0,0,0,0,0,0,0
base-0.7,T2983,1,length,813,0,0,0,0,0,0,0,0,0,0,0,0,0,0,0
base-0.7,T2984,1,stop,229,0,0,0,0,0,0,0,0,0,0,0,0,0,0,0
base-0.7,T2985,1,stop,575,0,0,2,0,0,0,0,0,0,0,0,0,0,0,0
base-0.7,T2986,1,stop,764,0,0,0,0,0,0,0,0,0,0,0,0,0,0,0
base-0.7,T2987,1,stop,581,0,0,0,0,0,0,0,0,0,0,0,0,0,0,0
base-0.7,T2988,1,stop,216,0,0,0,0,0,0,0,0,0,0,0,0,0,0,0
base-0.7,T2989,1,stop,648,0,0,0,0,0,0,0,0,0,0,0,0,0,0,0
base-0.7,T2990,1,length,798,0,0,0,0,0,0,0,0,0,1,0,0,0,0,0
base-0.7,T2991,1,length,815,0,0,0,0,0,0,0,0,0,0,0,0,0,0,0
base-0.7,T2992,1,stop,834,0,0,0,0,0,0,0,0,0,0,0,0,0,0,0
base-0.7,T2993,1,stop,288,0,0,0,0,0,0,0,0,0,0,0,0,0,0,0
base-0.7,T2994,1,length,825,0,0,0,0,0,0,0,0,0,0,0,0,0,0,0
base-0.7,T2995,1,stop,397,0,0,0,0,0,0,0,0,0,0,0,0,0,0,0
base-0.7,T2996,1,length,784,0,0,0,0,0,0,0,0,0,0,0,0,0,0,0
base-0.7,T2997,1,length,873,0,0,0,0,0,0,0,1,0,0,0,0,0,0,0
base-0.7,T2998,1,length,759,0,0,0,0,0,0,0,0,0,0,0,0,0,0,0
base-0.7,T2999,1,length,778,0,0,0,0,0,0,0,0,0,0,0,0,0,0,0
base-0.7,T3000,1,stop,366,0,0,0,0,0,0,0,0,0,0,0,0,0,0,0
base-0.7,T3001,1,stop,593,0,0,0,0,0,0,0,0,0,0,0,0,0,0,0
base-0.7,T3002,1,length,909,0,0,0,0,0,0,0,0,0,0,0,0,0,0,0
base-0.7,T3003,1,stop,587,0,0,0,0,0,0,0,0,0,0,0,0,0,0,0
base-0.7,T3004,1,stop,518,0,0,0,0,0,0,0,0,0,0,0,0,0,0,0
base-0.7,T3005,1,stop,573,0,0,0,0,0,0,0,0,0,0,0,0,0,0,0
base-0.7,T3006,1,stop,537,0,0,0,0,0,0,0,0,0,0,0,0,0,0,0
base-0.7,T3007,1,stop,273,0,0,0,0,0,0,1,0,0,0,0,0,0,0,0
base-0.7,T3008,1,stop,773,0,0,0,0,0,0,0,0,0,0,0,0,0,0,0
base-0.7,T3009,1,stop,308,0,0,0,0,0,0,0,0,0,0,0,0,0,0,0
base-0.7,T3010,1,stop,623,0,0,0,0,0,0,0,0,0,0,0,0,0,0,0
base-0.7,T3011,1,stop,791,0,0,0,0,0,0,0,0,0,0,0,0,0,0,0
base-0.7,T3012,1,length,776,0,0,0,0,0,0,0,0,0,0,0,0,0,0,0
base-0.7,T3013,1,stop,462,0,0,0,0,0,0,0,0,0,0,0,0,0,0,0
base-0.7,T3014,1,length,908,0,0,0,0,0,0,0,0,0,0,0,0,0,0,0
base-0.7,T3015,1,stop,356,0,0,0,0,0,0,0,0,0,0,0,0,0,0,0
base-0.7,T3016,1,length,771,0,0,0,0,0,0,0,0,1,0,0,0,0,0,0
base-0.7,T3017,1,stop,591,0,0,0,0,0,0,0,0,0,0,0,0,0,0,0
base-0.7,T3018,1,length,748,0,0,0,0,0,0,0,0,0,0,0,0,0,0,0
base-0.7,T3019,1,stop,593,0,0,0,0,0,0,0,0,0,0,0,0,0,0,0
base-0.7,T3020,1,stop,130,0,0,0,0,0,0,0,0,0,0,0,0,0,0,0
base-0.7,T3021,1,stop,570,0,0,0,0,0,0,0,0,0,0,0,0,0,0,0
base-0.7,T3022,1,stop,649,0,0,0,0,0,0,0,0,0,0,0,0,0,0,0
base-0.7,T3023,1,stop,398,0,0,0,0,0,0,0,0,0,0,0,0,0,0,0
base-0.7,T3024,1,stop,511,0,0,0,0,0,0,0,0,0,0,0,0,0,0,0
base-0.7,T3025,1,stop,402,0,0,0,0,0,0,0,0,0,0,0,0,0,0,0
base-0.7,T3026,1,stop,590,0,0,0,0,0,0,0,0,0,0,0,0,0,0,0
base-0.7,T3027,1,stop,461,0,0,0,0,0,0,0,0,0,0,0,0,0,0,0
base-0.7,T3028,1,stop,341,0,0,0,0,0,0,0,0,0,0,0,0,0,0,0
base-0.7,T3029,1,length,813,0,0,0,0,0,0,0,0,0,0,0,0,0,0,0
base-0.7,T3030,1,stop,601,0,0,0,0,0,0,0,0,0,0,0,0,0,0,0
base-0.7,T3031,1,length,748,0,0,0,0,0,0,0,0,0,0,0,0,0,0,0
base-0.7,T3032,1,stop,487,0,0,0,0,0,0,0,0,0,0,0,0,0,0,0
base-0.7,T3033,1,stop,453,0,0,0,0,0,0,0,0,0,0,0,0,0,0,0
base-0.7,T3034,1,length,697,0,0,0,0,0,0,1,0,0,0,0,0,0,0,0
base-0.7,T3035,1,stop,600,0,0,0,0,0,0,0,0,0,0,0,0,0,0,0
base-0.7,T3036,1,length,939,0,0,0,0,0,0,0,0,0,0,0,0,0,0,0
base-0.7,T3037,1,stop,680,0,0,0,0,0,0,0,0,0,0,0,0,0,0,0
base-0.7,T3038,1,length,903,0,0,0,0,0,0,0,0,0,0,0,0,0,0,0
base-0.7,T3039,1,stop,597,0,0,0,0,0,0,0,0,0,0,0,0,0,0,0
base-0.7,T3040,1,stop,507,0,0,0,0,0,0,1,0,0,0,0,0,0,0,0
base-0.7,T3041,1,stop,334,0,0,0,0,0,0,0,0,0,0,0,0,0,0,0
base-0.7,T3042,1,length,629,0,0,0,0,0,0,0,0,0,0,0,0,0,0,0
base-0.7,T3043,1,stop,473,0,0,0,0,0,0,0,0,0,0,0,0,0,0,0
base-0.7,T3044,1,stop,403,0,1,0,0,0,0,0,0,0,0,0,0,1,0,0
base-0.7,T3045,1,stop,420,0,0,0,0,0,0,0,0,0,0,0,0,0,0,0
base-0.7,T3046,1,length,882,0,0,0,0,0,0,0,0,0,0,0,0,0,0,0
base-0.7,T3047,1,stop,733,0,0,0,0,0,0,0,0,0,0,0,0,0,0,0
base-0.7,T3048,1,stop,663,0,0,0,0,0,0,0,0,0,0,0,0,0,0,0
base-0.7,T3049,1,stop,389,0,0,0,0,0,0,0,1,0,0,0,0,0,0,0
base-0.7,T3050,1,stop,394,0,0,0,0,0,0,0,0,0,0,0,0,0,0,0
base-0.7,T3051,1,stop,559,0,0,0,0,0,0,0,0,0,0,0,0,0,0,0
base-0.7,T3052,1,stop,347,0,0,0,0,0,0,0,0,0,0,0,0,0,0,0
base-0.7,T3053,1,length,853,0,0,0,0,0,0,0,0,0,0,0,0,0,0,0
base-0.7,T3054,1,length,816,0,0,0,0,0,0,0,0,0,0,0,0,0,0,0
base-0.7,T3055,1,length,776,0,0,0,0,0,0,0,0,0,0,0,0,0,0,0
base-0.7,T3056,1,stop,659,0,0,0,0,0,0,0,0,0,0,0,0,0,0,0
base-0.7,T3057,1,stop,645,0,0,0,0,0,0,0,0,0,0,0,0,0,0,0
base-0.7,T3058,1,stop,459,0,0,0,0,0,0,0,0,0,0,0,0,0,0,0
base-0.7,T3059,1,stop,436,0,0,0,0,0,0,0,0,0,0,0,0,0,0,0
base-0.7,T3060,1,stop,476,0,0,0,0,0,0,0,0,0,0,0,0,0,0,0
base-0.7,T3061,1,stop,534,0,0,0,0,0,0,0,0,0,0,0,0,0,0,0
base-0.7,T3062,1,stop,308,0,0,0,0,0,0,0,0,0,0,0,0,0,0,0
base-0.7,T3063,1,stop,604,0,0,0,0,0,0,0,0,0,0,0,0,0,0,0
base-0.7,T3064,1,stop,610,0,0,0,0,0,0,0,0,0,0,0,0,0,0,0
base-0.7,T3065,1,stop,435,0,0,0,0,0,0,0,0,0,0,0,0,0,0,0
base-0.7,T3066,1,stop,595,0,0,0,0,0,0,0,0,0,0,0,0,2,0,0
base-0.7,T3067,1,stop,172,0,0,0,0,0,0,0,0,0,0,0,0,0,0,0
base-0.7,T3068,1,stop,436,0,0,0,0,0,0,0,0,0,0,0,0,0,0,0
base-0.7,T3069,1,stop,456,0,0,0,0,0,0,0,0,0,0,0,0,0,0,0
base-0.7,T3070,1,stop,543,0,0,0,0,0,0,0,0,0,0,0,0,0,0,0
base-0.7,T3071,1,stop,566,0,0,0,0,0,0,0,0,0,0,0,0,0,0,0
base-0.7,T3072,1,length,811,0,0,0,0,0,0,0,0,0,0,0,0,0,0,0
base-0.7,T3073,1,stop,528,0,0,0,0,0,0,0,0,0,0,0,0,0,0,0
base-0.7,T3074,1,stop,53,0,0,0,0,0,0,0,0,0,0,0,0,0,0,0
base-0.7,T3075,1,length,823,0,0,0,0,0,0,0,0,0,0,0,0,0,0,0
base-0.7,T3076,1,stop,470,0,0,0,0,0,0,0,0,0,0,0,0,0,0,0
base-0.7,T3077,1,stop,411,0,0,0,0,0,0,0,0,0,0,0,0,0,0,0
base-0.7,T3078,1,stop,436,0,0,0,0,0,0,0,0,0,0,0,0,0,0,0
base-0.7,T3079,1,length,760,0,0,0,0,0,0,0,0,0,0,0,0,0,0,0
base-0.7,T3080,1,stop,415,0,0,0,0,0,0,0,0,0,0,0,0,0,0,0
base-0.7,T3081,1,stop,624,0,0,0,0,0,0,0,0,0,0,0,0,0,0,0
base-0.7,T3082,1,length,817,0,0,0,0,0,0,0,0,0,0,0,0,0,0,0
base-0.7,T3083,1,stop,484,0,0,0,0,0,0,0,0,0,0,0,0,0,0,0
base-0.7,T3084,1,stop,524,0,0,0,0,0,0,0,0,0,0,0,0,0,0,0
base-0.7,T3085,1,stop,603,0,0,0,0,0,0,0,0,0,0,0,0,0,0,0
base-0.7,T3086,1,stop,655,0,0,0,0,0,0,1,0,0,0,0,0,0,0,0
base-0.7,T3087,1,length,825,0,0,0,0,0,0,0,0,0,0,0,0,0,0,0
base-0.7,T3088,1,stop,448,0,0,0,0,0,0,0,0,0,0,0,0,0,0,0
base-0.7,T3089,1,stop,479,0,0,0,0,0,0,1,0,0,0,0,0,0,0,0
base-0.7,T3090,1,stop,546,0,0,0,0,0,0,0,0,0,0,0,0,0,0,0
base-0.7,T3091,1,stop,470,0,0,0,0,0,0,0,0,0,0,0,0,0,0,0
base-0.7,T3092,1,length,876,0,0,0,0,0,0,0,0,0,0,0,0,0,0,0
base-0.7,T3093,1,stop,496,0,0,0,0,0,0,0,0,0,0,0,0,0,0,0
base-0.7,T3094,1,length,788,0,0,0,0,0,0,0,0,0,0,0,0,0,0,0
base-0.7,T3095,1,stop,676,0,0,0,0,0,0,1,0,0,0,0,0,0,0,0
base-0.7,T3096,1,stop,528,0,0,0,0,0,0,0,0,0,0,0,0,0,0,0
base-0.7,T3097,1,length,927,0,0,0,0,0,0,0,0,0,0,0,0,0,0,0
base-0.7,T3098,1,stop,785,0,0,0,0,0,0,0,0,0,0,0,0,0,0,0
base-0.7,T3099,1,stop,208,0,0,0,0,0,0,0,0,0,0,0,0,0,0,0
base-0.7,T3100,1,stop,439,0,0,0,0,0,0,0,0,0,0,0,0,0,0,0
base-0.7,T3101,1,length,783,0,0,0,0,0,0,0,0,0,0,0,0,0,0,0
base-0.7,T3102,1,stop,450,0,0,0,0,0,0,0,0,0,0,0,0,0,0,0
base-0.7,T3103,1,stop,794,0,0,0,0,0,0,0,0,0,0,0,0,0,0,0
base-0.7,T3104,1,stop,317,0,0,0,0,0,0,0,0,0,0,0,0,0,0,0
base-0.7,T3105,1,stop,394,0,0,0,0,0,0,0,0,0,0,0,0,0,0,0
base-0.7,T3106,1,stop,396,0,0,0,0,0,0,0,0,0,0,0,0,0,0,0
base-0.7,T3107,1,stop,208,0,0,0,0,0,0,0,0,0,0,0,0,0,0,0
base-0.7,T3108,1,length,886,0,0,0,0,0,0,0,0,0,0,0,0,0,0,0
base-0.7,T3109,1,length,833,0,0,0,0,0,0,0,0,0,0,0,0,0,0,0
base-0.7,T3110,1,stop,616,0,0,0,0,0,0,0,0,0,0,0,0,0,0,0
base-0.7,T3111,1,stop,663,0,0,0,0,0,0,0,2,0,0,0,0,0,0,0
base-0.7,T3112,1,stop,661,0,0,0,0,0,0,0,0,0,0,0,0,0,0,0
base-0.7,T3113,1,stop,424,0,0,0,0,0,0,0,1,0,0,0,0,0,0,0
base-0.7,T3114,1,stop,579,0,0,0,0,0,0,0,0,0,0,0,0,0,0,0
base-0.7,T3115,1,stop,247,0,0,0,0,0,0,0,0,0,0,0,0,0,0,0
base-0.7,T3116,1,stop,596,0,0,0,0,0,0,0,0,0,0,0,0,0,0,0
base-0.7,T3117,1,stop,403,0,0,0,0,0,0,0,0,0,0,0,0,0,0,0
base-0.7,T3118,1,stop,659,0,0,0,0,0,0,0,0,0,0,0,0,0,0,0
base-0.7,T3119,1,stop,890,0,0,0,0,0,0,0,0,0,0,0,0,0,0,0
base-0.7,T3120,1,stop,401,0,0,0,0,0,0,0,0,0,0,0,0,0,0,0
base-0.7,T3121,1,stop,355,0,0,0,0,0,0,0,0,0,0,0,0,0,0,0
base-0.7,T3122,1,stop,664,0,0,0,0,0,0,0,0,0,0,0,0,0,0,0
base-0.7,T3123,1,stop,566,0,0,0,0,0,0,0,0,0,0,0,0,0,0,0
base-0.7,T3124,1,stop,741,0,0,0,0,0,0,2,0,0,0,0,0,0,0,0
base-0.7,T3125,1,length,899,0,0,0,0,0,0,0,0,0,0,0,0,0,0,0
base-0.7,T3126,1,stop,677,0,0,0,0,0,0,0,0,0,0,0,0,0,0,0
base-0.7,T3127,1,stop,483,0,0,0,0,0,0,0,0,0,0,0,0,0,0,0
base-0.7,T3128,1,stop,608,0,0,0,0,0,0,0,0,0,0,0,0,0,0,0
base-0.7,T3129,1,stop,417,0,0,0,0,0,0,0,0,0,0,0,0,0,0,0
base-0.7,T3130,1,stop,501,0,0,0,0,0,0,0,0,0,0,0,0,0,0,0
base-0.7,T3131,1,stop,96,0,0,0,0,0,0,0,0,0,0,0,0,0,0,0
base-0.7,T3132,1,stop,297,0,0,0,0,0,0,0,0,0,0,0,0,0,0,0
base-0.7,T3133,1,stop,464,0,0,0,0,0,0,0,0,0,0,0,0,0,0,0
base-0.7,T3134,1,stop,511,0,0,0,0,0,0,0,0,0,0,0,0,0,0,0
base-0.7,T3135,1,stop,501,0,0,0,0,0,0,1,0,0,0,0,0,0,0,0
base-0.7,T3136,1,length,797,0,0,0,0,0,0,0,0,0,0,0,0,0,0,0
base-0.7,T3137,1,stop,416,0,0,0,0,0,0,0,0,0,0,0,0,0,0,0
base-0.7,T3138,1,stop,729,0,0,0,0,0,0,0,0,0,0,0,0,0,0,0
base-0.7,T3139,1,stop,380,0,0,0,0,0,0,0,0,0,0,0,0,0,0,0
base-0.7,T3140,1,stop,604,0,0,0,0,0,0,0,0,0,0,0,0,0,0,0
base-0.7,T3141,1,stop,537,0,0,0,0,0,0,0,0,0,0,0,0,0,0,0
base-0.7,T3142,1,stop,318,0,0,0,0,0,0,0,0,0,0,0,0,0,0,0
base-0.7,T3143,1,stop,513,0,0,0,0,0,0,0,0,0,0,0,0,0,0,0
base-0.7,T3144,1,stop,614,0,0,0,0,0,0,0,0,0,0,0,0,0,0,0
base-0.7,T3145,1,stop,599,0,0,0,0,0,0,0,0,0,0,0,0,0,0,0
base-0.7,T3146,1,stop,411,0,0,0,0,0,0,0,0,0,0,0,0,0,0,0
base-0.7,T3147,1,length,731,0,0,0,0,0,0,0,0,0,0,0,0,0,0,0
base-0.7,T3148,1,stop,739,0,0,0,0,0,0,0,0,0,0,0,0,0,0,0
base-0.7,T3149,1,stop,533,0,0,0,0,0,0,0,0,0,0,0,0,0,0,0
base-0.7,T3150,1,stop,496,0,0,0,0,0,0,0,0,0,0,0,0,0,0,0
base-0.7,T3151,1,stop,805,0,0,0,0,0,0,0,0,0,0,0,0,0,0,0
base-0.7,T3152,1,length,883,0,0,0,0,0,0,0,0,0,0,0,0,0,0,0
base-0.7,T3153,1,stop,132,0,0,0,0,0,0,0,0,0,0,0,0,0,0,0
base-0.7,T3154,1,stop,487,0,0,0,0,0,0,0,0,0,0,0,0,0,0,0
base-0.7,T3155,1,stop,464,0,0,0,0,0,0,0,0,0,0,0,0,0,0,0
base-0.7,T3156,1,stop,222,0,0,0,0,0,0,0,0,0,0,0,0,0,0,0
base-0.7,T3157,1,stop,455,0,0,0,0,0,0,0,0,0,0,0,0,0,0,0
base-0.7,T3158,1,length,815,0,0,0,0,0,0,0,0,0,0,0,0,0,0,0
base-0.7,T3159,1,length,680,0,0,0,0,0,0,0,0,0,0,0,0,0,0,0
base-0.7,T3160,1,stop,361,0,0,0,0,0,0,0,0,0,0,0,0,0,0,0
base-0.7,T3161,1,stop,551,0,0,0,0,0,0,0,0,0,0,0,0,0,0,0
base-0.7,T3162,1,stop,584,0,0,0,0,0,0,0,0,0,0,0,0,0,0,0
base-0.7,T3163,1,stop,785,0,0,0,0,0,0,0,0,0,0,0,0,0,0,0
base-0.7,T3164,1,stop,619,0,0,0,0,0,0,0,0,0,0,0,0,0,0,0
base-0.7,T3165,1,stop,416,0,0,0,0,0,0,0,0,0,0,0,0,0,0,0
base-0.7,T3166,1,stop,445,0,0,0,0,0,0,0,0,0,0,0,0,0,0,0
base-0.7,T3167,1,stop,587,0,0,0,0,0,0,0,0,0,0,0,0,0,0,0
base-0.7,T3168,1,stop,442,0,0,0,0,0,0,0,0,0,0,0,0,0,0,0
base-0.7,T3169,1,length,130,0,0,0,0,0,0,0,0,0,0,0,0,0,0,0
base-0.7,T3170,1,length,776,0,0,0,0,0,0,0,0,0,0,0,0,0,1,0
base-0.7,T3171,1,stop,564,0,0,0,0,0,0,0,0,0,0,0,0,0,0,0
base-0.7,T3172,1,stop,490,0,0,0,0,0,0,0,0,0,0,0,0,0,0,0
base-0.7,T3173,1,stop,403,0,0,0,0,0,0,0,0,0,0,0,0,0,0,0
base-0.7,T3174,1,stop,96,0,0,0,0,0,0,0,0,0,0,0,0,0,0,0
base-0.7,T3175,1,stop,643,0,0,0,0,0,0,0,0,0,0,0,0,0,0,0
base-0.7,T3176,1,stop,363,0,0,0,0,0,0,0,0,0,0,0,0,0,0,0
base-0.7,T3177,1,stop,644,0,0,0,0,0,0,2,0,0,0,0,0,0,0,0
base-0.7,T3178,1,stop,344,0,0,0,0,0,0,0,0,0,0,0,0,0,0,0
base-0.7,T3179,1,stop,759,0,0,0,0,0,0,0,0,0,0,0,0,0,0,0
base-0.7,T3180,1,length,768,0,0,0,0,0,0,0,0,0,0,0,0,0,0,0
base-0.7,T3181,1,stop,192,0,0,0,0,0,0,0,0,0,0,0,0,0,0,0
base-0.7,T3182,1,length,803,0,0,0,0,0,0,0,1,0,0,0,0,0,0,0
base-0.7,T3183,1,stop,388,0,0,0,0,0,0,0,0,0,0,0,0,0,0,0
base-0.7,T3184,1,stop,597,0,0,0,0,0,0,0,0,0,0,0,0,0,0,0
base-0.7,T3185,1,length,930,0,0,0,0,0,0,0,0,0,0,0,0,0,0,0
base-0.7,T3186,1,stop,539,0,0,0,0,0,0,0,0,0,0,0,0,0,0,0
base-0.7,T3187,1,stop,528,0,0,0,0,0,0,0,0,0,0,0,0,0,0,0
base-0.7,T3188,1,stop,509,0,0,0,0,0,0,0,0,0,0,0,0,0,0,0
base-0.7,T3189,1,length,844,0,0,0,0,0,0,0,0,0,0,0,0,0,0,0
base-0.7,T3190,1,stop,486,0,0,0,0,0,0,0,0,0,0,0,0,0,0,0
base-0.7,T3191,1,stop,235,0,0,0,0,0,0,0,0,0,0,0,0,0,0,0
base-0.7,T3192,1,length,797,0,0,0,0,0,0,0,0,0,0,0,0,0,0,0
base-0.7,T3193,1,stop,601,0,0,0,0,0,0,0,0,0,0,0,0,0,0,0
base-0.7,T3194,1,stop,509,0,0,0,0,0,0,0,0,0,0,0,0,0,0,0
base-0.7,T3195,1,stop,740,0,0,0,0,0,0,0,0,0,0,0,0,0,0,0
base-0.7,T3196,1,stop,821,0,0,0,0,0,0,0,0,0,0,0,0,0,0,0
base-0.7,T3197,1,stop,589,0,0,0,0,0,0,0,0,0,0,0,0,0,0,0
base-0.7,T3198,1,length,863,0,0,0,0,0,0,0,0,0,0,0,0,0,0,0
base-0.7,T3199,1,stop,400,0,0,0,0,0,0,0,0,0,0,0,0,0,0,0
base-0.7,T3200,1,stop,685,0,0,0,0,0,0,0,0,0,0,0,0,0,0,0
base-0.7,T3201,1,stop,696,0,0,0,0,0,0,0,0,0,0,0,0,0,0,0
base-0.7,T3202,1,stop,41,0,0,0,0,0,0,0,0,0,0,0,0,0,0,0
base-0.7,T3203,1,stop,614,0,0,0,0,0,0,0,0,0,0,0,0,0,0,0
base-0.7,T3204,1,stop,409,0,0,0,0,0,0,0,0,0,0,0,0,0,0,0
base-0.7,T3205,1,length,799,0,0,0,0,0,0,0,0,0,0,0,0,0,0,0
base-0.7,T3206,1,length,858,0,0,0,0,0,0,0,0,0,0,0,0,0,0,0
base-0.7,T3207,1,stop,708,0,0,0,0,0,0,0,0,0,0,0,0,0,0,0
base-0.7,T3208,1,length,806,0,0,0,0,0,0,0,0,0,0,0,0,0,0,0
base-0.7,T3209,1,stop,183,0,0,0,0,0,0,0,0,0,0,0,0,0,0,0
base-0.7,T3210,1,stop,414,0,0,0,0,0,0,0,0,0,0,0,0,0,0,0
base-0.7,T3211,1,stop,264,0,0,0,0,0,0,0,0,0,0,0,0,0,0,0
base-0.7,T3212,1,length,938,0,0,0,0,0,0,0,0,0,0,0,0,0,0,0
base-0.7,T3213,1,stop,765,0,0,0,0,0,0,0,0,0,0,0,0,0,0,0
base-0.7,T3214,1,stop,510,0,0,0,0,0,0,0,0,0,0,0,0,2,0,0
base-0.7,T3215,1,stop,488,0,0,0,0,0,0,0,0,0,0,0,0,0,0,0
base-0.7,T3216,1,stop,506,0,0,0,0,0,0,0,0,0,0,0,0,0,0,0
base-0.7,T3217,1,stop,468,0,0,0,0,0,0,0,0,0,0,0,0,0,0,0
base-0.7,T3218,1,length,840,0,0,0,0,0,0,0,0,0,0,0,0,0,0,0
base-0.7,T3219,1,stop,427,0,0,0,0,0,0,0,0,0,0,0,0,0,0,0
base-0.7,T3220,1,stop,651,0,0,0,0,0,0,0,0,0,0,0,0,0,0,0
base-0.7,T3221,1,stop,547,0,0,0,0,0,0,0,0,0,0,0,0,0,0,0
base-0.7,T3222,1,stop,466,0,0,0,0,0,0,0,0,0,0,0,0,0,0,0
base-0.7,T3223,1,stop,479,0,0,0,0,0,0,0,0,0,0,0,0,0,0,0
base-0.7,T3224,1,length,688,0,0,0,0,0,0,0,0,0,0,0,0,0,0,0
base-0.7,T3225,1,stop,449,0,0,0,0,0,0,0,0,0,0,0,0,0,0,0
base-0.7,T3226,1,length,902,0,0,0,0,0,0,0,0,0,0,0,0,0,0,0
base-0.7,T3227,1,stop,491,0,0,0,0,0,0,0,0,0,0,0,0,0,0,0
base-0.7,T3228,1,stop,328,0,0,0,0,0,0,0,1,0,0,0,0,0,0,0
base-0.7,T3229,1,length,531,0,0,0,0,0,0,0,0,0,0,0,0,0,0,0
base-0.7,T3230,1,stop,667,0,0,0,0,0,0,0,0,0,0,0,0,0,0,0
base-0.7,T3231,1,length,705,0,0,0,0,0,0,0,0,0,0,0,0,0,0,0
base-0.7,T3232,1,stop,695,0,0,0,0,0,0,0,0,0,0,0,0,0,0,0
base-0.7,T3233,1,length,781,0,0,0,0,0,0,0,0,0,0,0,0,0,0,0
base-0.7,T3234,1,stop,775,0,0,0,0,0,0,0,0,0,0,0,0,0,0,0
base-0.7,T3235,1,stop,400,0,0,0,0,0,0,0,0,0,0,0,0,0,0,0
base-0.7,T3236,1,stop,602,0,0,0,0,0,0,0,0,0,0,0,0,0,0,0
base-0.7,T3237,1,stop,487,0,0,0,0,0,0,0,0,0,0,0,0,0,0,0
base-0.7,T3238,1,length,187,0,0,0,0,0,0,0,0,0,0,0,0,0,0,0
base-0.7,T3239,1,length,866,0,0,0,0,0,0,0,0,0,0,0,0,0,0,0
base-0.7,T3240,1,stop,275,0,0,0,0,0,0,0,0,0,0,0,0,0,0,0
base-0.7,T3241,1,stop,464,0,0,0,0,0,0,0,0,0,0,0,0,0,0,0
base-0.7,T3242,1,stop,700,0,0,0,0,0,0,0,0,0,0,0,0,0,0,0
base-0.7,T3243,1,stop,485,0,0,0,0,0,0,0,0,0,0,0,0,0,0,0
base-0.7,T3244,1,stop,454,0,0,0,0,0,0,0,0,0,0,0,0,0,0,0
base-0.7,T3245,1,stop,698,0,0,0,0,0,0,0,0,0,0,0,0,0,0,0
base-0.7,T3246,1,stop,327,0,0,0,0,0,0,0,0,0,0,0,0,0,0,0
base-0.7,T3247,1,stop,634,0,0,0,0,0,0,0,0,0,0,0,0,0,0,0
base-0.7,T3248,1,stop,596,0,0,0,0,0,0,0,0,0,0,0,0,0,0,0
base-0.7,T3249,1,stop,273,0,0,0,0,0,0,0,0,0,0,0,0,0,0,0
base-0.7,T3250,1,length,848,0,0,0,0,0,0,0,0,0,0,0,0,0,0,0
base-0.7,T3251,1,stop,692,0,0,0,0,0,0,0,0,0,0,0,0,0,0,0
base-0.7,T3252,1,stop,370,0,0,0,0,0,0,0,0,0,0,0,0,0,0,0
base-0.7,T3253,1,stop,818,0,0,0,0,0,0,0,0,0,0,0,0,0,0,0
base-0.7,T3254,1,stop,490,0,0,0,0,0,0,0,0,0,0,0,0,0,0,0
base-0.7,T3255,1,length,823,0,0,0,0,0,0,0,0,0,0,0,0,0,0,0
base-0.7,T3256,1,stop,378,0,0,0,0,0,0,0,0,0,0,0,0,0,0,0
base-0.7,T3257,1,stop,478,0,0,0,0,0,0,0,0,0,0,0,0,0,0,0
base-0.7,T3258,1,length,852,0,0,0,0,0,0,0,0,0,0,0,0,0,0,0
base-0.7,T3259,1,stop,701,0,0,0,0,0,0,0,0,0,0,0,0,0,0,0
base-0.7,T3260,1,length,762,0,0,0,0,0,0,0,0,1,0,0,0,0,0,0
base-0.7,T3261,1,length,857,0,0,0,0,0,0,0,0,0,0,0,0,0,0,0
base-0.7,T3262,1,stop,525,0,0,0,0,0,0,0,0,0,0,0,0,0,0,0
base-0.7,T3263,1,stop,547,0,0,0,0,0,0,0,0,0,0,0,0,0,0,0
base-0.7,T3264,1,stop,576,0,0,0,0,0,0,0,0,0,0,0,0,0,0,0
base-0.7,T3265,1,stop,617,0,0,0,0,0,0,0,0,0,0,0,0,0,0,0
base-0.7,T3266,1,length,939,0,0,0,0,0,0,0,0,0,0,0,0,0,0,0
base-0.7,T3267,1,stop,617,0,0,0,0,0,0,0,0,0,0,0,0,0,0,0
base-0.7,T3268,1,length,782,0,0,0,0,0,0,0,0,0,0,0,0,0,0,0
base-0.7,T3269,1,stop,287,0,0,0,0,0,0,0,0,0,0,0,0,0,0,0
base-0.7,T3270,1,stop,381,0,0,0,0,0,0,0,0,0,0,0,0,0,0,0
base-0.7,T3271,1,stop,503,0,0,0,0,0,0,0,0,1,0,0,0,0,0,0
base-0.7,T3272,1,length,855,0,0,0,0,0,0,0,0,0,0,0,0,0,0,0
base-0.7,T3273,1,stop,609,0,0,0,0,0,0,0,0,0,0,0,0,0,0,0
base-0.7,T3274,1,stop,595,0,0,0,0,0,0,0,0,0,0,0,0,0,0,0
base-0.7,T3275,1,length,880,0,0,0,0,0,0,0,0,0,0,0,0,0,0,0
base-0.7,T3276,1,stop,400,0,0,0,0,0,0,0,0,0,0,0,0,0,0,0
base-0.7,T3277,1,stop,661,0,0,0,0,0,0,0,0,0,0,0,0,0,0,0
base-0.7,T3278,1,length,779,0,0,0,0,0,0,0,0,1,0,0,0,0,0,0
base-0.7,T3279,1,length,681,0,0,0,0,0,0,0,0,0,0,0,0,0,0,0
base-0.7,T3280,1,stop,334,0,0,0,0,0,0,0,0,0,0,0,0,0,0,0
base-0.7,T3281,1,stop,486,0,0,0,0,0,0,0,1,1,0,0,0,0,0,0
base-0.7,T3282,1,stop,503,0,0,0,0,0,0,0,0,0,0,0,0,0,0,0
base-0.7,T3283,1,stop,456,0,0,0,0,0,0,0,0,0,0,0,0,0,0,0
base-0.7,T3284,1,stop,296,0,0,0,0,0,0,0,0,2,0,0,0,0,0,0
base-0.7,T3285,1,stop,398,0,0,0,0,0,0,0,0,0,0,0,0,0,0,0
base-0.7,T3286,1,stop,304,0,0,0,0,0,0,0,0,0,0,0,0,0,0,0
base-0.7,T3287,1,stop,817,0,0,0,0,0,0,0,0,0,0,0,0,0,0,0
base-0.7,T3288,1,stop,386,0,0,0,0,0,0,0,0,0,0,0,0,0,0,0
base-0.7,T3289,1,stop,653,0,0,0,0,0,0,0,0,0,0,0,0,0,0,0
base-0.7,T3290,1,stop,477,0,0,0,0,0,0,0,0,0,0,0,0,0,0,0
base-0.7,T3291,1,length,704,0,0,0,0,0,0,0,0,0,0,0,0,0,0,0
base-0.7,T3292,1,stop,493,0,0,0,0,0,1,0,0,0,0,0,0,0,0,0
base-0.7,T3293,1,stop,563,0,0,0,0,0,0,0,0,0,0,0,0,0,0,0
base-0.7,T3294,1,stop,525,0,0,0,0,0,0,0,0,0,0,0,0,0,0,0
base-0.7,T3295,1,stop,829,0,0,0,0,0,0,0,0,0,0,0,0,0,0,0
base-0.7,T3296,1,stop,631,0,0,0,0,0,0,0,0,0,0,0,0,0,0,0
base-0.7,T3297,1,stop,352,0,0,0,0,0,0,0,0,0,0,0,0,0,0,0
base-0.7,T3298,1,length,962,0,0,0,0,0,0,0,0,0,0,0,0,0,0,0
base-0.7,T3299,1,stop,582,0,0,0,0,0,0,0,0,0,0,0,0,0,0,0
base-0.7,T3300,1,stop,319,0,0,0,0,0,0,0,0,0,0,0,0,0,0,0
base-0.7,T3301,1,stop,479,0,0,0,0,0,0,0,0,0,0,0,0,0,0,0
base-0.7,T3302,1,length,888,0,0,0,0,0,0,0,0,0,0,0,0,0,0,0
base-0.7,T3303,1,stop,390,0,0,0,0,0,0,0,0,0,0,0,0,0,0,0
base-0.7,T3304,1,stop,353,0,0,0,0,0,0,0,0,0,0,0,0,0,0,0
base-0.7,T3305,1,stop,410,0,0,0,0,0,0,0,0,0,0,0,0,0,0,0
base-0.7,T3306,1,stop,324,0,0,0,0,0,0,0,0,0,0,0,0,0,0,0
base-0.7,T3307,1,stop,641,0,0,0,0,0,0,0,0,0,0,0,0,0,0,0
base-0.7,T3308,1,stop,501,0,0,0,0,0,0,0,0,0,0,0,0,0,0,0
base-0.7,T3309,1,stop,293,0,0,0,0,0,0,0,0,0,0,0,0,0,0,0
base-0.7,T3310,1,stop,70,0,0,0,0,0,0,0,0,0,0,0,0,0,0,0
base-0.7,T3311,1,length,800,0,0,0,0,0,0,0,0,0,0,0,0,0,0,0
base-0.7,T3312,1,length,814,0,0,0,0,0,0,0,0,0,0,0,0,0,0,0
base-0.7,T3313,1,length,819,0,0,0,0,0,0,0,0,0,0,0,0,0,1,0
base-0.7,T3314,1,stop,714,0,0,0,0,0,0,0,0,0,0,0,0,0,0,0
base-0.7,T3315,1,length,874,0,0,0,0,0,0,0,1,0,0,0,0,0,0,0
base-0.7,T3316,1,length,752,0,0,0,0,0,0,0,0,0,0,0,0,0,0,0
base-0.7,T3317,1,length,826,0,0,0,0,0,0,0,0,0,0,0,0,0,0,0
base-0.7,T3318,1,stop,642,0,0,0,0,0,0,0,0,0,0,0,0,0,0,0
base-0.7,T3319,1,stop,441,0,0,0,0,0,0,0,0,0,0,0,0,0,0,0
base-0.7,T3320,1,stop,578,0,0,0,0,0,0,0,0,0,0,0,0,0,0,0
base-0.7,T3321,1,length,858,0,0,0,0,0,0,0,0,0,0,0,0,0,0,0
base-0.7,T3322,1,length,856,0,0,0,0,0,0,0,0,0,0,0,0,0,0,0
base-0.7,T3323,1,stop,835,0,0,0,0,0,0,0,0,0,0,0,0,0,0,0
base-0.7,T3324,1,stop,323,0,0,0,0,0,0,0,0,0,0,0,0,0,0,0
base-0.7,T3325,1,stop,379,0,0,0,0,0,0,0,0,0,0,0,0,0,0,0
base-0.7,T3326,1,length,904,0,0,0,0,0,0,0,0,0,0,0,0,0,0,0
base-0.7,T3327,1,stop,418,0,0,0,0,0,0,0,0,0,0,0,0,0,0,0
base-0.7,T3328,1,length,926,0,0,0,0,0,0,0,0,0,0,0,0,0,0,0
base-0.7,T3329,1,stop,451,0,0,0,0,0,0,0,0,0,0,0,0,0,0,0
base-0.7,T3330,1,stop,411,0,0,0,0,0,0,0,0,0,0,0,0,0,0,0
base-0.7,T3331,1,stop,204,0,0,0,0,0,0,0,0,0,0,0,0,0,0,0
base-0.7,T3332,1,stop,88,0,0,0,0,0,0,0,0,0,0,0,0,0,0,0
base-0.7,T3333,1,stop,530,0,0,0,0,0,0,1,0,0,0,0,0,0,0,0
base-0.7,T3334,1,stop,578,0,0,0,0,0,0,0,0,0,0,0,0,0,0,0
base-0.7,T3335,1,stop,428,0,0,0,0,0,0,0,0,0,0,0,0,0,0,0
base-0.7,T3336,1,stop,490,0,0,0,0,0,0,0,0,0,0,0,0,0,0,0
base-0.7,T3337,1,stop,567,1,0,0,0,0,0,0,0,0,0,0,0,0,0,0
base-0.7,T3338,1,length,866,0,0,0,0,0,0,0,0,0,0,0,0,0,0,0
base-0.7,T3339,1,stop,437,0,0,0,0,0,0,0,0,0,0,0,0,0,0,0
base-0.7,T3340,1,stop,261,0,0,0,0,0,0,0,0,0,0,0,0,0,0,0
base-0.7,T3341,1,stop,460,0,0,0,0,0,0,0,0,0,0,0,0,0,0,0
base-0.7,T3342,1,length,780,0,0,0,0,0,0,0,0,0,0,0,0,0,0,0
base-0.7,T3343,1,stop,420,0,0,0,0,0,0,1,0,0,0,0,0,0,0,0
base-0.7,T3344,1,stop,731,0,0,0,0,0,0,0,0,0,0,0,0,0,0,0
base-0.7,T3345,1,length,794,0,0,0,0,0,0,0,0,0,0,0,0,0,0,0
base-0.7,T3346,1,stop,284,0,0,0,0,0,0,0,0,0,0,0,0,0,0,0
base-0.7,T3347,1,length,878,0,0,0,0,0,0,0,0,0,0,0,0,0,0,0
base-0.7,T3348,1,length,811,0,0,0,0,0,0,0,0,0,0,0,0,1,0,0
base-0.7,T3349,1,stop,350,0,0,0,0,0,0,0,0,0,0,0,0,0,0,0
base-0.7,T3350,1,stop,513,0,0,0,0,0,0,0,0,1,0,0,0,0,0,0
base-0.7,T3351,1,length,797,0,0,0,0,0,0,0,0,0,0,0,0,0,0,0
base-0.7,T3352,1,length,872,0,0,0,0,0,0,0,2,0,0,0,0,0,0,0
base-0.7,T3353,1,stop,327,0,0,0,0,0,0,0,0,0,0,0,0,0,0,0
base-0.7,T3354,1,length,931,0,0,0,0,0,0,0,0,0,0,0,0,0,0,0
base-0.7,T3355,1,stop,794,0,0,0,0,0,0,0,0,0,0,0,0,0,0,0
base-0.7,T3356,1,length,858,0,0,0,0,0,0,0,0,0,0,0,0,0,0,0
base-0.7,T3357,1,length,869,0,0,0,0,0,0,0,0,0,0,0,0,0,0,0
base-0.7,T3358,1,stop,425,0,0,0,0,0,0,0,0,0,0,0,0,0,0,0
base-0.7,T3359,1,length,869,0,0,0,0,0,0,0,0,0,0,0,0,0,0,0
base-0.7,T3360,1,stop,395,0,0,0,0,0,0,0,0,0,0,0,0,0,0,0
base-0.7,T3361,1,stop,717,0,0,0,0,0,0,0,0,0,0,0,0,0,0,0
base-0.7,T3362,1,stop,701,0,0,0,0,0,0,0,0,0,0,0,0,0,0,0
base-0.7,T3363,1,stop,295,0,0,0,0,0,0,0,0,0,0,0,0,0,0,0
base-0.7,T3364,1,stop,242,0,0,0,0,0,0,0,0,0,0,0,0,0,0,0
base-0.7,T3365,1,stop,386,0,0,0,0,0,0,0,0,0,0,0,0,0,0,0
base-0.7,T3366,1,stop,291,0,0,0,0,0,0,0,0,0,0,0,0,0,0,0
base-0.7,T3367,1,stop,496,0,0,0,0,0,0,0,0,0,0,0,0,0,0,0
base-0.7,T3368,1,length,842,0,0,0,0,0,0,0,0,0,0,0,0,0,0,0
base-0.7,T3369,1,stop,549,0,0,0,0,0,0,0,0,0,0,0,0,0,0,0
base-0.7,T3370,1,length,894,0,0,0,0,0,0,0,0,0,0,0,0,0,0,0
base-0.7,T3371,1,stop,616,0,0,0,0,0,0,0,0,0,0,0,0,0,0,0
base-0.7,T3372,1,stop,454,0,0,0,0,0,0,0,0,0,0,0,0,0,0,0
base-0.7,T3373,1,stop,386,0,0,0,0,0,0,0,0,0,0,0,0,0,0,0
base-0.7,T3374,1,stop,444,0,0,0,0,0,0,0,0,0,0,0,0,0,0,0
base-0.7,T3375,1,stop,782,0,0,0,0,0,0,0,0,0,0,0,0,0,0,0
base-0.7,T3376,1,length,744,0,0,0,0,0,0,0,0,0,0,0,0,0,0,0
base-0.7,T3377,1,stop,458,0,0,0,0,0,0,0,0,0,0,0,0,0,0,0
base-0.7,T3378,1,stop,481,0,0,0,0,0,0,0,0,0,0,0,0,0,0,0
base-0.7,T3379,1,stop,674,0,0,0,0,0,0,0,0,0,0,0,0,0,0,0
base-0.7,T3380,1,stop,436,0,0,0,0,0,0,0,0,0,0,0,0,0,0,0
base-0.7,T3381,1,stop,690,0,0,0,0,0,0,0,0,0,0,0,0,0,0,0
base-0.7,T3382,1,stop,776,0,0,0,0,0,0,0,0,0,0,0,0,0,0,0
base-0.7,T3383,1,stop,530,0,0,0,0,0,0,0,0,0,0,0,0,0,0,0
base-0.7,T3384,1,stop,477,0,0,0,0,0,0,0,0,0,0,0,0,0,0,0
base-0.7,T3385,1,stop,429,0,0,0,0,0,0,1,0,0,0,0,0,0,0,0
base-0.7,T3386,1,length,928,0,0,0,0,0,0,0,0,0,0,0,0,0,0,0
base-0.7,T3387,1,stop,615,0,0,0,0,0,0,0,0,0,0,0,0,0,0,0
base-0.7,T3388,1,length,950,0,0,0,0,0,0,0,0,0,0,0,0,0,0,0
base-0.7,T3389,1,length,784,0,0,0,0,0,0,0,0,0,0,0,0,0,0,0
base-0.7,T3390,1,stop,566,0,0,0,0,0,0,0,0,0,0,0,0,0,0,0
base-0.7,T3391,1,stop,712,0,0,0,0,0,0,0,0,0,0,0,0,0,0,0
base-0.7,T3392,1,stop,388,0,0,0,0,0,0,0,0,0,0,0,0,0,0,0
base-0.7,T3393,1,stop,362,0,0,0,0,0,0,0,0,0,0,0,0,0,0,0
base-0.7,T3394,1,length,760,0,0,0,0,0,0,0,0,0,0,0,0,0,0,0
base-0.7,T3395,1,stop,494,0,0,0,0,0,0,0,0,0,0,0,0,0,0,0
base-0.7,T3396,1,stop,498,0,0,0,0,0,0,0,0,0,0,0,0,0,0,0
base-0.7,T3397,1,stop,630,0,0,0,0,0,0,0,0,0,0,0,0,0,0,0
base-0.7,T3398,1,stop,391,0,0,0,0,0,0,0,0,0,0,0,0,0,0,0
base-0.7,T3399,1,length,854,0,0,0,0,0,0,0,0,0,0,0,0,0,0,0
base-0.7,T3400,1,stop,600,0,0,0,0,0,0,0,0,0,0,0,0,0,0,0
base-0.7,T3401,1,stop,480,0,0,0,0,0,0,0,0,0,0,0,0,0,0,0
base-0.7,T3402,1,length,875,0,0,0,0,0,0,0,0,0,0,0,0,0,0,0
base-0.7,T3403,1,stop,594,0,0,0,0,0,0,0,0,0,0,0,0,0,0,0
base-0.7,T3404,1,stop,380,0,0,0,0,0,0,0,0,0,0,0,0,0,0,0
base-0.7,T3405,1,stop,334,0,0,0,0,0,0,0,0,0,0,0,0,0,0,0
base-0.7,T3406,1,stop,613,0,0,0,0,0,0,0,0,0,0,0,0,0,0,0
base-0.7,T3407,1,length,815,0,0,0,0,0,0,0,0,0,0,0,0,0,0,0
base-0.7,T3408,1,stop,333,0,0,0,0,0,0,0,0,0,0,0,0,0,0,0
base-0.7,T3409,1,stop,487,0,0,0,0,0,0,1,0,1,0,0,0,0,0,0
base-0.7,T3410,1,stop,630,0,0,0,0,0,0,0,0,0,0,0,0,0,0,0
base-0.7,T3411,1,stop,338,0,0,0,0,0,0,0,0,0,0,0,0,0,0,0
base-0.7,T3412,1,length,765,0,0,0,0,0,0,0,0,0,0,0,0,0,0,0
base-0.7,T3413,1,stop,721,0,0,0,0,0,0,0,1,0,0,0,0,0,0,0
base-0.7,T3414,1,stop,522,0,0,0,0,0,0,0,0,0,0,0,0,0,0,0
base-0.7,T3415,1,stop,419,0,0,0,0,0,0,0,0,0,0,0,0,0,0,0
base-0.7,T3416,1,stop,663,0,0,0,0,0,0,0,0,0,0,0,0,0,0,0
base-0.7,T3417,1,stop,373,0,0,0,0,0,0,0,0,0,0,0,0,0,0,0
base-0.7,T3418,1,stop,683,0,0,0,0,0,0,0,0,0,0,0,0,0,0,0
base-0.7,T3419,1,stop,780,0,0,0,0,0,0,0,0,0,0,0,0,0,0,0
base-0.7,T3420,1,stop,57,0,0,0,0,0,0,0,0,0,0,0,0,0,0,0
base-0.7,T3421,1,stop,558,0,0,0,0,0,0,0,0,0,0,0,0,0,0,0
base-0.7,T3422,1,stop,634,0,0,0,0,0,0,0,0,0,0,0,0,0,0,0
base-0.7,T3423,1,stop,662,0,0,0,0,0,0,0,0,0,0,0,0,0,0,0
base-0.7,T3424,1,stop,465,0,0,0,0,0,0,0,0,0,0,0,0,0,0,0
base-0.7,T3425,1,length,794,0,0,0,0,0,0,0,0,0,0,0,0,0,0,0
base-0.7,T3426,1,length,765,0,0,0,0,0,0,0,0,0,0,0,0,0,0,0
base-0.7,T3427,1,stop,695,0,0,0,0,0,0,0,0,0,0,0,0,0,0,0
base-0.7,T3428,1,stop,496,0,0,0,0,0,0,0,0,0,0,0,0,0,0,0
base-0.7,T3429,1,stop,397,0,0,0,0,0,0,1,0,0,0,0,0,0,0,0
base-0.7,T3430,1,length,831,0,0,0,0,0,0,0,0,0,0,0,0,0,0,0
base-0.7,T3431,1,stop,655,0,0,0,0,0,0,0,0,0,0,0,0,0,0,0
base-0.7,T3432,1,length,898,0,0,0,0,0,0,0,0,0,0,0,0,0,0,0
base-0.7,T3433,1,stop,544,0,0,0,0,0,0,0,1,0,0,0,0,0,0,0
base-0.7,T3434,1,stop,661,0,0,0,0,0,0,0,0,0,0,0,0,0,0,0
base-0.7,T3435,1,stop,528,0,0,0,0,0,0,0,0,0,0,0,0,0,0,0
base-0.7,T3436,1,length,864,0,0,0,0,0,0,0,0,0,0,0,0,0,0,0
base-0.7,T3437,1,stop,472,0,0,0,0,0,0,0,0,0,0,0,0,0,0,0
base-0.7,T3438,1,stop,564,0,0,0,0,0,0,0,0,0,0,0,0,0,0,0
base-0.7,T3439,1,length,722,0,0,0,0,0,0,0,0,0,0,0,0,0,0,0
base-0.7,T3440,1,stop,595,0,0,0,0,0,0,0,0,0,0,0,0,0,0,0
base-0.7,T3441,1,stop,441,0,0,0,0,0,0,0,0,0,0,0,0,0,0,0
base-0.7,T3442,1,stop,399,0,0,0,0,0,0,0,0,0,0,0,0,0,0,0
base-0.7,T3443,1,length,831,0,0,0,0,0,0,0,0,0,0,0,0,0,0,0
base-0.7,T3444,1,stop,379,0,0,0,0,0,0,0,0,0,0,0,0,0,0,0
base-0.7,T3445,1,stop,740,0,0,0,0,0,0,0,0,0,1,0,0,0,0,0
base-0.7,T3446,1,stop,752,0,0,0,0,0,0,0,0,0,0,0,0,0,0,0
base-0.7,T3447,1,stop,485,0,0,0,0,0,0,0,0,0,0,0,0,0,0,0
base-0.7,T3448,1,stop,321,0,0,0,0,0,0,0,0,0,0,0,0,0,0,0
base-0.7,T3449,1,stop,705,0,0,0,0,0,0,0,0,0,0,0,0,0,0,0
base-0.7,T3450,1,stop,652,0,0,0,0,0,0,0,0,0,0,0,0,0,0,0
base-0.7,T3451,1,length,849,0,0,0,0,0,0,0,0,0,0,0,0,0,0,0
base-0.7,T3452,1,length,773,0,0,0,0,0,0,0,0,0,0,0,0,0,0,0
base-0.7,T3453,1,stop,144,0,0,0,0,0,0,0,0,0,0,0,0,0,0,0
base-0.7,T3454,1,stop,230,0,0,0,0,0,0,0,0,0,0,0,0,0,0,0
base-0.7,T3455,1,length,789,0,0,0,0,0,0,0,0,0,0,0,0,0,0,0
base-0.7,T3456,1,stop,453,0,0,0,0,0,0,0,0,0,0,0,0,0,0,0
base-0.7,T3457,1,stop,448,0,0,0,0,0,0,0,0,0,0,0,0,0,0,0
base-0.7,T3458,1,stop,654,0,0,0,0,0,0,0,0,0,0,0,0,0,0,0
base-0.7,T3459,1,stop,455,0,0,0,0,0,0,0,0,0,0,0,0,0,0,0
base-0.7,T3460,1,length,827,0,0,0,0,0,0,0,0,0,0,0,0,0,0,0
base-0.7,T3461,1,stop,697,0,0,0,0,0,0,0,1,0,0,0,0,0,0,0
base-0.7,T3462,1,stop,586,0,0,0,0,0,0,0,0,0,0,0,0,0,0,0
base-0.7,T3463,1,length,789,0,0,0,0,0,0,0,0,0,0,0,0,0,0,0
base-0.7,T3464,1,stop,459,0,0,0,0,0,0,0,0,0,0,0,0,0,0,0
base-0.7,T3465,1,stop,255,0,0,0,0,0,0,0,0,0,0,0,0,0,0,0
base-0.7,T3466,1,length,779,0,0,0,0,0,0,0,0,0,0,0,0,0,0,0
base-0.7,T3467,1,length,886,0,0,0,0,0,0,0,0,0,0,0,0,0,0,0
base-0.7,T3468,1,stop,389,0,0,0,0,0,0,0,0,0,0,0,0,0,0,0
base-0.7,T3469,1,stop,827,0,0,0,0,0,0,0,0,0,0,0,0,0,0,0
base-0.7,T3470,1,stop,598,0,0,0,0,0,0,0,0,0,0,0,0,0,0,0
base-0.7,T3471,1,stop,541,0,0,0,0,0,0,0,0,0,0,0,0,0,0,0
base-0.7,T3472,1,stop,689,0,0,0,0,0,0,0,0,0,0,0,0,0,0,0
base-0.7,T3473,1,length,911,0,0,0,0,0,0,0,0,0,0,0,0,0,0,0
base-0.7,T3474,1,length,859,0,0,0,0,0,0,0,0,0,0,0,0,0,0,0
base-0.7,T3475,1,stop,694,0,0,0,0,0,0,0,0,0,0,0,0,0,0,0
base-0.7,T3476,1,stop,497,0,0,0,0,0,0,0,0,0,0,0,0,0,0,0
base-0.7,T3477,1,stop,604,0,0,0,0,0,0,0,1,0,0,0,0,0,0,0
base-0.7,T3478,1,stop,707,0,0,0,0,0,0,0,0,0,0,0,0,0,0,0
base-0.7,T3479,1,stop,599,0,0,0,0,0,0,0,0,0,0,0,0,0,0,0
base-0.7,T3480,1,length,691,0,0,0,0,0,0,0,0,0,0,0,0,0,0,0
base-0.7,T3481,1,stop,579,0,0,0,0,0,0,0,0,0,0,0,0,0,0,0
base-0.7,T3482,1,stop,397,0,0,0,0,0,0,0,0,0,0,0,0,0,0,0
base-0.7,T3483,1,stop,430,0,0,0,0,0,0,0,0,0,0,0,0,0,0,0
base-0.7,T3484,1,stop,557,0,0,0,0,0,0,0,0,0,0,0,0,0,0,0
base-0.7,T3485,1,stop,304,0,0,0,0,0,0,0,0,0,0,0,0,0,0,0
base-0.7,T3486,1,length,903,0,0,0,0,0,0,0,0,0,0,0,0,2,0,0
base-0.7,T3487,1,stop,385,0,0,0,0,0,0,0,0,0,0,0,0,0,0,0
base-0.7,T3488,1,stop,614,0,0,0,0,0,0,0,0,0,0,0,0,0,0,0
base-0.7,T3489,1,stop,647,0,0,0,0,0,0,0,0,0,0,0,0,0,0,0
base-0.7,T3490,1,stop,134,0,0,0,0,0,0,0,0,0,0,0,0,0,0,0
base-0.7,T3491,1,stop,468,0,0,0,0,0,0,0,0,0,0,0,0,0,0,0
base-0.7,T3492,1,stop,762,0,0,0,0,0,0,0,0,0,0,0,0,0,0,0
base-0.7,T3493,1,stop,506,0,0,0,0,0,0,0,0,0,0,0,0,0,0,0
base-0.7,T3494,1,stop,607,0,0,0,0,0,0,0,0,0,0,0,0,0,0,0
base-0.7,T3495,1,stop,280,0,0,0,0,0,0,0,0,0,0,0,0,0,0,0
base-0.7,T3496,1,stop,707,0,0,0,0,0,0,0,0,0,0,0,0,0,0,0
base-0.7,T3497,1,stop,354,0,0,0,0,0,0,0,0,0,0,0,0,0,0,0
base-0.7,T3498,1,stop,655,0,0,0,0,0,0,0,0,0,0,0,0,0,0,0
base-0.7,T3499,1,stop,516,0,0,0,0,0,0,0,0,0,0,0,0,0,0,0
base-0.7,T3500,1,stop,512,0,0,0,0,0,0,0,0,0,0,0,0,0,0,0
base-0.7,T3501,1,stop,634,0,0,0,0,0,0,0,0,0,0,0,0,0,0,0
base-0.7,T3502,1,stop,325,0,0,0,0,0,0,0,0,0,0,0,0,0,0,0
base-0.7,T3503,1,length,813,0,0,0,0,0,0,0,0,0,0,0,0,0,0,0
base-0.7,T3504,1,length,904,0,0,0,0,0,0,0,0,0,0,0,0,0,0,0
base-0.7,T3505,1,stop,484,0,0,0,0,0,0,0,0,0,0,0,0,0,0,0
base-0.7,T3506,1,stop,412,0,0,0,0,0,0,0,0,0,0,0,0,0,0,0
base-0.7,T3507,1,stop,436,0,0,0,0,0,0,0,0,0,0,0,0,1,0,0
base-0.7,T3508,1,stop,449,0,0,0,0,0,0,0,0,0,0,0,0,0,0,0
base-0.7,T3509,1,stop,221,0,0,0,0,0,0,0,0,0,0,0,0,0,0,0
base-0.7,T3510,1,length,836,0,0,0,0,0,0,0,0,0,0,0,0,0,0,0
base-0.7,T3511,1,length,864,0,0,0,0,0,0,0,0,0,0,0,0,0,0,0
base-0.7,T3512,1,stop,724,0,0,0,0,0,0,0,0,0,0,0,0,0,0,0
base-0.7,T3513,1,stop,759,0,0,0,0,0,0,0,0,0,0,0,0,0,0,0
base-0.7,T3514,1,stop,559,0,0,0,0,0,0,0,0,0,0,0,0,0,0,0
base-0.7,T3515,1,stop,529,0,0,0,0,0,0,0,0,0,0,0,0,0,0,0
base-0.7,T3516,1,stop,611,0,0,0,0,0,0,0,0,0,0,0,0,0,0,0
base-0.7,T3517,1,length,852,0,0,0,0,0,0,0,0,0,0,0,0,0,0,0
base-0.7,T3518,1,stop,468,0,0,0,0,0,0,0,0,0,0,0,0,0,0,0
base-0.7,T3519,1,length,888,0,0,0,0,0,0,0,0,0,0,0,0,0,0,0
base-0.7,T3520,1,stop,497,0,0,0,0,0,0,0,0,0,0,0,0,0,0,0
base-0.7,T3521,1,stop,548,0,0,0,0,0,0,0,0,0,0,0,0,0,0,0
base-0.7,T3522,1,length,716,0,0,0,0,0,0,0,0,0,0,0,0,0,0,0
base-0.7,T3523,1,stop,92,0,0,0,0,0,0,0,0,0,0,0,0,0,0,0
base-0.7,T3524,1,stop,493,0,0,0,0,0,0,0,0,0,0,0,0,0,0,0
base-0.7,T3525,1,length,805,0,0,0,0,0,0,0,0,0,0,0,0,0,0,0
base-0.7,T3526,1,length,892,0,0,0,0,0,0,0,0,0,0,0,0,0,0,0
base-0.7,T3527,1,length,939,0,0,0,0,0,0,0,0,0,0,0,0,0,0,0
base-0.7,T3528,1,length,702,0,0,0,0,0,0,0,0,0,0,0,0,0,0,0
base-0.7,T3529,1,length,845,0,0,0,0,0,0,0,0,0,0,0,0,0,0,0
base-0.7,T3530,1,stop,449,0,0,0,0,0,0,0,0,0,0,0,0,0,0,0
base-0.7,T3531,1,stop,661,0,0,0,0,0,0,0,0,0,0,0,0,0,0,0
base-0.7,T3532,1,length,730,0,0,0,0,0,0,0,0,0,0,0,0,0,0,0
base-0.7,T3533,1,stop,575,0,0,0,0,0,0,0,0,0,0,0,0,0,0,0
base-0.7,T3534,1,stop,547,0,0,0,0,0,0,0,0,0,0,0,0,0,0,0
base-0.7,T3535,1,stop,466,0,0,0,0,0,0,0,0,0,0,0,0,0,0,0
base-0.7,T3536,1,stop,633,0,0,0,0,0,0,0,0,0,0,0,0,0,0,0
base-0.7,T3537,1,stop,523,0,0,0,0,0,0,0,0,0,0,0,0,0,0,0
base-0.7,T3538,1,stop,653,0,0,0,0,0,0,0,0,0,0,0,0,0,0,0
base-0.7,T3539,1,length,818,0,0,0,0,0,0,0,0,0,0,0,0,0,0,0
base-0.7,T3540,1,stop,707,0,0,0,0,0,0,0,0,0,0,0,0,0,0,0
base-0.7,T3541,1,stop,471,0,0,0,0,0,0,0,0,0,0,0,0,0,0,0
base-0.7,T3542,1,stop,579,0,0,0,0,0,0,0,0,0,0,0,0,0,0,0
base-0.7,T3543,1,stop,372,0,0,0,0,0,0,0,0,0,0,0,0,0,0,0
base-0.7,T3544,1,length,950,0,0,0,0,0,0,0,0,0,0,0,0,0,0,0
base-0.7,T3545,1,stop,366,0,0,0,0,0,0,0,0,0,0,0,0,0,0,0
base-0.7,T3546,1,stop,824,0,0,0,0,0,0,0,1,0,0,0,0,0,0,0
base-0.7,T3547,1,stop,332,0,0,0,0,0,0,0,0,0,0,0,0,0,0,0
base-0.7,T3548,1,stop,463,0,0,0,0,0,0,0,0,0,0,0,0,0,0,0
base-0.7,T3549,1,stop,537,0,0,0,0,0,0,0,0,0,0,0,0,0,0,0
base-0.7,T3550,1,stop,558,0,0,0,0,0,0,0,0,0,0,0,0,0,0,0
base-0.7,T3551,1,stop,339,0,0,0,0,0,0,0,0,0,0,0,0,0,0,0
base-0.7,T3552,1,stop,624,0,0,0,0,0,0,0,0,0,0,0,0,0,0,0
base-0.7,T3553,1,stop,354,0,0,0,0,0,0,0,2,0,0,0,0,0,0,0
base-0.7,T3554,1,stop,370,0,0,0,0,0,0,0,0,0,0,0,0,0,0,0
base-0.7,T3555,1,stop,676,0,0,0,0,0,0,0,0,0,0,0,0,0,0,0
base-0.7,T3556,1,stop,10,0,0,0,0,0,0,0,0,0,0,0,0,0,0,0
base-0.7,T3557,1,length,931,0,0,0,0,0,0,0,0,0,0,0,0,0,0,0
base-0.7,T3558,1,stop,642,0,0,0,0,0,0,0,0,0,0,0,0,0,0,0
base-0.7,T3559,1,stop,600,0,0,0,0,0,0,0,0,0,0,0,0,0,0,0
base-0.7,T3560,1,stop,477,0,0,0,0,0,0,1,0,0,0,0,0,0,0,0
base-0.7,T3561,1,stop,643,0,0,0,0,0,0,0,0,0,0,0,0,0,0,0
base-0.7,T3562,1,stop,395,0,0,0,0,0,0,0,0,0,0,0,0,0,0,0
base-0.7,T3563,1,stop,601,0,0,0,0,0,0,0,0,0,0,0,0,0,0,0
base-0.7,T3564,1,length,827,0,0,0,0,0,0,0,0,0,0,0,0,0,0,0
base-0.7,T3565,1,length,784,0,0,0,0,0,0,0,0,0,0,0,0,0,0,0
base-0.7,T3566,1,stop,486,0,0,0,0,0,0,0,0,0,0,0,0,0,0,0
base-0.7,T3567,1,length,787,0,0,0,0,0,0,0,0,0,0,0,0,0,0,0
base-0.7,T3568,1,stop,603,0,0,0,0,0,0,0,0,0,0,0,0,0,0,0
base-0.7,T3569,1,stop,242,0,0,0,0,0,0,0,0,0,0,0,0,0,0,0
base-0.7,T3570,1,stop,684,0,0,0,0,0,0,0,0,0,0,0,0,2,0,0
base-0.7,T3571,1,length,846,0,0,0,0,0,0,0,0,0,0,0,0,0,0,0
base-0.7,T3572,1,length,931,0,0,0,0,0,0,0,0,0,0,0,0,0,0,0
base-0.7,T3573,1,stop,448,0,0,0,0,0,0,0,0,0,0,0,0,0,0,0
base-0.7,T3574,1,length,810,0,0,0,0,0,0,0,0,0,0,0,0,0,0,0
base-0.7,T3575,1,stop,461,0,0,0,0,0,0,0,0,0,0,0,0,0,0,0
base-0.7,T3576,1,stop,566,0,0,0,0,0,0,1,0,0,0,0,0,0,0,0
base-0.7,T3577,1,stop,423,0,0,0,0,0,0,0,0,0,0,0,0,0,0,0
base-0.7,T3578,1,stop,388,0,0,0,0,0,0,0,0,0,0,0,0,0,0,0
base-0.7,T3579,1,stop,348,0,0,0,0,0,0,0,0,0,0,0,0,0,0,0
base-0.7,T3580,1,length,925,0,0,0,0,0,0,0,0,0,0,0,0,0,0,0
base-0.7,T3581,1,stop,565,0,0,0,0,0,0,0,0,0,0,0,0,0,0,0
base-0.7,T3582,1,stop,383,0,0,0,0,0,0,0,0,0,0,0,0,0,0,0
base-0.7,T3583,1,stop,378,0,0,0,0,0,0,0,0,0,0,0,0,0,0,0
base-0.7,T3584,1,stop,512,0,0,0,0,0,0,0,0,0,0,0,0,0,0,0
base-0.7,T3585,1,stop,386,0,0,0,0,0,0,0,0,0,0,0,0,0,0,0
base-0.7,T3586,1,stop,44,0,0,0,0,0,0,0,0,0,0,0,0,0,0,0
base-0.7,T3587,1,stop,405,0,0,0,0,0,0,0,0,0,0,0,0,0,0,0
base-0.7,T3588,1,stop,762,0,0,0,0,0,0,0,0,0,0,0,0,0,0,0
base-0.7,T3589,1,length,864,0,0,0,0,0,0,0,0,0,0,0,0,0,0,0
base-0.7,T3590,1,stop,669,0,0,0,0,0,0,0,0,0,0,0,0,0,0,0
base-0.7,T3591,1,stop,215,0,0,0,0,0,0,0,0,0,0,0,0,0,0,0
base-0.7,T3592,1,stop,663,0,0,0,0,0,0,0,0,0,0,0,0,0,0,0
base-0.7,T3593,1,stop,642,0,0,0,0,0,0,0,0,0,0,0,0,0,0,0
base-0.7,T3594,1,stop,774,0,0,0,0,0,0,0,0,0,0,0,0,0,0,0
base-0.7,T3595,1,stop,576,0,0,0,0,0,0,0,0,0,0,0,0,0,0,0
base-0.7,T3596,1,stop,839,0,0,0,0,0,0,0,0,0,0,0,0,0,0,0
base-0.7,T3597,1,stop,421,0,0,0,0,0,0,0,0,0,0,0,0,0,0,0
base-0.7,T3598,1,stop,506,0,0,0,0,0,0,0,0,0,0,0,0,0,0,0
base-0.7,T3599,1,stop,782,0,0,0,0,0,0,0,0,0,0,0,0,0,0,0
base-0.7,T3600,1,length,866,0,0,0,0,0,0,0,1,0,0,0,0,0,0,0
base-0.7,T3601,1,stop,398,0,0,0,0,0,0,0,0,0,0,0,0,0,0,0
base-0.7,T3602,1,stop,569,0,0,0,0,0,0,0,0,0,0,0,0,0,0,0
base-0.7,T3603,1,length,938,0,0,0,0,0,0,0,0,0,0,0,0,0,0,0
base-0.7,T3604,1,stop,646,0,0,0,0,0,0,0,0,0,0,0,0,0,0,0
base-0.7,T3605,1,length,703,0,0,0,0,0,0,0,0,0,0,0,0,0,0,0
base-0.7,T3606,1,stop,632,0,0,0,0,0,0,0,0,0,0,0,0,0,0,0
base-0.7,T3607,1,stop,573,0,0,0,0,0,0,0,0,0,0,0,0,0,0,0
base-0.7,T3608,1,stop,432,0,0,0,0,0,0,0,0,0,0,0,0,0,0,0
base-0.7,T3609,1,length,799,0,0,0,0,0,0,0,0,0,0,0,0,0,0,0
base-0.7,T3610,1,stop,563,0,0,0,0,0,0,0,0,0,0,0,0,0,0,0
base-0.7,T3611,1,stop,393,0,0,0,0,0,0,0,0,0,0,0,0,0,0,0
base-0.7,T3612,1,length,712,0,0,0,0,0,0,0,0,1,0,0,0,0,0,0
base-0.7,T3613,1,stop,659,0,0,0,0,0,0,0,0,0,0,0,0,0,0,0
base-0.7,T3614,1,stop,112,0,0,0,0,0,0,0,0,0,0,0,0,0,0,0
base-0.7,T3615,1,stop,604,0,0,0,0,0,0,0,0,0,0,0,0,0,0,0
base-0.7,T3616,1,stop,558,0,0,0,0,0,0,0,0,0,0,0,0,0,0,0
base-0.7,T3617,1,stop,402,0,0,0,0,0,0,0,0,0,0,0,0,0,0,0
base-0.7,T3618,1,stop,348,0,0,0,0,0,0,0,0,0,0,0,0,0,0,0
base-0.7,T3619,1,stop,485,0,0,0,0,0,0,0,0,0,0,0,0,0,0,0
base-0.7,T3620,1,stop,498,0,0,0,0,0,0,0,0,0,0,0,0,0,0,0
base-0.7,T3621,1,stop,551,0,0,0,0,0,0,0,0,0,0,0,0,0,0,0
base-0.7,T3622,1,stop,644,0,0,0,0,0,0,0,0,0,0,0,0,0,0,0
base-0.7,T3623,1,stop,692,0,0,0,0,0,0,0,0,0,0,0,0,0,0,0
base-0.7,T3624,1,stop,433,0,0,0,0,0,0,0,0,0,0,0,0,2,0,0
base-0.7,T3625,1,stop,539,0,0,0,0,0,0,0,0,0,0,0,0,0,0,0
base-0.7,T3626,1,stop,673,0,0,0,0,0,0,0,0,0,0,0,0,0,0,0
base-0.7,T3627,1,stop,669,0,0,0,0,0,0,0,0,0,0,0,0,0,0,0
base-0.7,T3628,1,stop,624,0,0,0,0,0,0,0,0,0,0,0,0,0,0,0
base-0.7,T3629,1,length,868,0,0,0,0,0,0,0,0,0,0,0,0,0,0,0
base-0.7,T3630,1,stop,541,0,0,0,0,0,0,0,0,0,0,0,0,0,0,0
base-0.7,T3631,1,length,821,0,0,0,0,0,0,0,0,1,0,0,0,0,0,0
base-0.7,T3632,1,length,833,0,0,0,0,0,0,0,0,0,0,0,0,0,0,0
base-0.7,T3633,1,stop,483,0,0,0,0,0,0,0,0,0,0,0,0,0,0,0
base-0.7,T3634,1,stop,440,0,0,0,0,0,0,0,0,0,0,0,0,0,0,0
base-0.7,T3635,1,length,888,0,0,0,0,0,0,0,0,0,0,0,0,0,0,0
base-0.7,T3636,1,stop,293,0,0,0,0,0,0,0,0,0,0,0,0,0,0,0
base-0.7,T3637,1,length,897,0,0,0,0,0,0,0,0,0,0,0,0,0,0,0
base-0.7,T3638,1,stop,777,0,0,0,0,0,0,0,0,0,0,0,0,0,0,0
base-0.7,T3639,1,stop,561,0,0,0,0,0,0,0,0,0,0,0,0,0,0,0
base-0.7,T3640,1,stop,438,0,0,0,0,0,0,0,0,0,0,0,0,0,0,0
base-0.7,T3641,1,stop,420,0,0,0,0,0,0,0,0,0,0,0,0,0,0,0
base-0.7,T3642,1,stop,668,0,0,0,0,0,0,0,0,0,0,0,0,0,0,0
base-0.7,T3643,1,stop,631,0,0,0,0,0,0,1,0,0,0,0,0,0,0,0
base-0.7,T3644,1,length,513,0,0,0,0,0,0,0,0,0,0,0,0,0,0,0
base-0.7,T3645,1,stop,175,0,0,0,0,0,0,0,0,0,0,0,0,0,0,0
base-0.7,T3646,1,stop,795,0,0,0,0,0,0,0,0,0,0,0,0,0,0,0
base-0.7,T3647,1,stop,876,0,0,0,0,0,0,0,0,0,0,0,0,0,0,0
base-0.7,T3648,1,stop,581,0,0,0,0,0,0,0,0,0,0,0,0,0,0,0
base-0.7,T3649,1,stop,479,0,0,0,0,0,0,0,0,0,0,0,0,0,0,0
base-0.7,T3650,1,length,857,0,0,0,0,0,0,0,0,0,0,0,0,0,0,0
base-0.7,T3651,1,stop,423,0,0,0,0,0,0,0,0,0,0,0,0,0,0,0
base-0.7,T3652,1,length,835,0,0,0,0,0,0,0,0,0,0,0,0,0,0,0
base-0.7,T3653,1,length,770,0,0,0,0,0,0,0,0,0,0,0,0,0,0,0
base-0.7,T3654,1,stop,347,0,0,0,0,0,0,0,0,0,0,0,0,0,0,0
base-0.7,T3655,1,stop,519,0,0,0,0,0,0,0,0,0,0,0,0,0,0,0
base-0.7,T3656,1,stop,677,0,0,0,0,0,0,0,0,0,0,0,0,0,0,0
base-0.7,T3657,1,length,914,0,0,0,0,0,0,0,0,0,0,0,0,0,0,0
base-0.7,T3658,1,stop,461,0,0,0,0,0,0,0,0,0,0,0,0,0,0,0
base-0.7,T3659,1,length,876,0,0,0,0,0,0,0,0,0,0,0,0,0,0,0
base-0.7,T3660,1,length,804,0,0,0,0,0,0,0,0,0,0,0,0,0,0,0
base-0.7,T3661,1,stop,528,0,0,0,0,0,0,0,0,0,0,0,0,0,0,0
base-0.7,T3662,1,stop,247,0,0,0,0,0,0,0,0,0,0,0,0,0,0,0
base-0.7,T3663,1,stop,356,0,0,0,0,0,0,0,0,0,0,0,0,0,0,0
base-0.7,T3664,1,stop,765,0,0,0,0,0,0,0,0,0,0,0,0,0,0,0
base-0.7,T3665,1,stop,444,0,0,0,0,0,0,0,0,0,0,0,0,0,0,0
base-0.7,T3666,1,stop,739,0,0,0,0,0,0,0,0,0,0,0,0,0,0,0
base-0.7,T3667,1,length,852,0,0,0,0,0,0,0,0,0,0,0,0,0,0,0
base-0.7,T3668,1,stop,588,0,0,0,0,0,0,0,0,0,0,0,0,0,0,0
base-0.7,T3669,1,stop,506,0,0,0,0,0,0,0,0,0,0,0,0,0,0,0
base-0.7,T3670,1,stop,599,0,0,0,0,0,0,0,0,0,0,0,0,0,0,0
base-0.7,T3671,1,length,803,0,0,0,0,0,0,0,0,0,0,0,0,0,0,0
base-0.7,T3672,1,stop,517,0,0,0,0,0,0,0,0,0,0,0,0,0,0,0
base-0.7,T3673,1,length,945,0,0,0,0,0,0,0,0,0,0,0,0,0,0,0
base-0.7,T3674,1,length,895,0,0,0,0,0,0,0,0,0,0,0,0,0,0,0
base-0.7,T3675,1,stop,814,0,0,0,0,0,0,0,0,0,0,0,0,0,0,0
base-0.7,T3676,1,stop,156,0,0,1,0,0,0,0,0,0,0,0,0,0,0,0
base-0.7,T3677,1,stop,487,0,0,0,0,0,0,0,0,0,0,0,0,0,0,0
base-0.7,T3678,1,stop,761,0,0,0,0,0,0,0,0,0,0,0,0,0,0,0
base-0.7,T3679,1,stop,713,0,0,0,0,0,0,0,0,0,0,0,0,0,0,0
base-0.7,T3680,1,length,721,0,0,0,0,0,0,0,0,1,0,0,0,0,0,0
base-0.7,T3681,1,stop,504,0,0,0,0,0,0,0,0,0,0,0,0,0,0,0
base-0.7,T3682,1,stop,611,0,0,0,0,0,0,0,0,0,0,0,0,0,0,0
base-0.7,T3683,1,stop,552,0,0,0,0,0,0,0,0,0,0,0,0,0,0,0
base-0.7,T3684,1,stop,702,0,0,0,0,0,0,0,0,0,0,0,0,0,0,0
base-0.7,T3685,1,stop,341,0,0,0,0,0,0,0,0,0,0,0,0,0,0,0
base-0.7,T3686,1,length,788,0,0,0,0,0,0,0,0,0,0,0,0,0,0,0
base-0.7,T3687,1,stop,633,0,0,0,0,0,0,0,0,0,0,0,0,0,0,0
base-0.7,T3688,1,stop,492,0,0,0,0,0,0,0,0,0,0,0,0,0,0,0
base-0.7,T3689,1,stop,492,0,0,0,0,0,0,0,0,0,0,0,0,0,0,0
base-0.7,T3690,1,length,859,0,0,0,0,0,0,0,0,0,0,0,0,0,0,0
base-0.7,T3691,1,stop,508,0,0,0,0,0,0,0,0,0,0,0,0,0,0,0
base-0.7,T3692,1,stop,296,0,0,0,0,0,0,0,0,0,0,0,0,0,0,0
base-0.7,T3693,1,stop,772,0,0,0,0,0,0,0,0,0,0,0,0,0,0,0
base-0.7,T3694,1,stop,397,0,0,0,0,0,0,0,0,0,0,0,0,0,0,0
base-0.7,T3695,1,stop,570,0,0,0,0,0,0,0,0,0,0,0,0,0,0,0
base-0.7,T3696,1,length,909,0,0,0,0,0,0,0,0,0,0,0,0,0,0,0
base-0.7,T3697,1,length,616,0,0,0,0,0,0,0,0,0,0,0,0,0,0,0
base-0.7,T3698,1,length,830,0,0,0,0,0,0,0,0,0,0,0,0,0,0,0
base-0.7,T3699,1,stop,661,0,0,0,0,0,0,1,0,0,0,0,0,0,0,0
base-0.7,T3700,1,stop,543,0,0,0,0,0,0,0,0,0,0,0,0,0,0,0
base-0.7,T3701,1,stop,855,0,0,0,0,0,0,0,0,0,0,0,0,0,0,0
base-0.7,T3702,1,stop,558,0,0,0,0,0,0,0,0,0,0,0,0,0,0,0
base-0.7,T3703,1,stop,649,0,0,0,0,0,0,0,0,0,0,0,0,0,0,0
base-0.7,T3704,1,stop,467,0,0,0,0,0,0,0,0,0,0,0,0,0,0,0
base-0.7,T3705,1,stop,654,0,0,0,0,0,0,0,0,0,0,0,0,0,0,0
base-0.7,T3706,1,stop,454,0,0,0,0,0,0,0,0,0,0,0,0,0,0,0
base-0.7,T3707,1,stop,483,0,0,0,0,0,0,0,0,0,0,0,0,0,0,0
base-0.7,T3708,1,stop,447,0,0,0,0,0,0,0,0,0,0,0,0,0,0,0
base-0.7,T3709,1,length,674,0,0,0,0,0,0,0,0,0,0,0,0,0,0,0
base-0.7,T3710,1,stop,373,0,0,0,0,0,0,0,0,0,0,0,0,0,0,0
base-0.7,T3711,1,stop,683,0,0,0,0,0,0,0,0,0,0,0,0,0,0,0
base-0.7,T3712,1,stop,105,0,0,0,0,0,0,0,0,0,0,0,0,0,0,0
base-0.7,T3713,1,stop,790,0,0,0,0,0,0,0,0,0,0,0,0,0,0,0
base-0.7,T3714,1,stop,658,0,0,0,0,0,0,0,0,0,0,0,0,0,0,0
base-0.7,T3715,1,stop,622,0,0,0,0,0,0,0,0,0,0,0,0,0,0,0
base-0.7,T3716,1,stop,719,0,0,0,0,0,0,0,0,2,0,0,0,0,0,0
base-0.7,T3717,1,stop,202,0,0,0,0,0,0,0,0,0,0,0,0,0,0,0
base-0.7,T3718,1,length,754,0,0,0,0,0,0,0,0,0,0,0,0,0,0,0
base-0.7,T3719,1,length,835,0,0,0,0,0,0,0,0,0,0,0,0,0,0,0
base-0.7,T3720,1,stop,680,0,0,0,0,0,0,0,0,0,0,0,0,0,0,0
base-0.7,T3721,1,length,782,0,0,0,0,0,0,0,0,0,0,0,0,0,0,0
base-0.7,T3722,1,length,873,0,0,0,0,0,0,0,0,0,0,0,0,0,0,0
base-0.7,T3723,1,stop,602,0,0,0,0,0,0,0,0,0,0,0,0,0,0,0
base-0.7,T3724,1,stop,424,0,0,0,0,0,0,0,0,0,0,0,0,0,0,0
base-0.7,T3725,1,stop,286,0,0,0,0,0,0,0,0,0,0,0,0,0,1,0
base-0.7,T3726,1,length,818,0,0,0,0,0,0,0,0,0,0,0,0,0,0,0
base-0.7,T3727,1,stop,604,0,0,0,0,0,0,0,0,0,0,0,0,0,0,0
base-0.7,T3728,1,length,769,0,0,0,0,0,0,0,0,0,0,0,0,0,0,0
base-0.7,T3729,1,stop,721,0,0,0,0,0,0,0,0,0,0,0,0,0,0,0
base-0.7,T3730,1,length,790,0,0,0,0,0,0,1,0,0,0,0,0,0,0,0
base-0.7,T3731,1,stop,430,0,0,0,0,0,0,0,0,0,0,0,0,0,0,0
base-0.7,T3732,1,stop,466,0,0,0,0,0,0,0,0,0,0,0,0,0,0,0
base-0.7,T3733,1,length,858,0,0,0,0,0,0,0,0,0,0,0,0,0,0,0
base-0.7,T3734,1,stop,759,0,0,0,0,0,0,0,0,0,0,0,0,0,0,0
base-0.7,T3735,1,length,369,0,0,0,0,0,0,0,0,0,0,0,0,0,0,0
base-0.7,T3736,1,stop,312,0,0,0,0,0,0,0,0,0,0,0,0,0,0,0
base-0.7,T3737,1,length,836,0,0,0,0,0,0,0,0,0,0,0,0,0,0,0
base-0.7,T3738,1,stop,713,0,0,0,0,0,0,0,0,0,0,0,0,0,0,0
base-0.7,T3739,1,stop,422,0,0,0,0,0,0,0,0,0,0,0,0,0,0,0
base-0.7,T3740,1,stop,670,0,0,0,0,0,0,0,0,0,0,0,0,0,0,0
base-0.7,T3741,1,stop,379,0,0,0,0,0,0,0,0,0,0,0,0,0,0,0
base-0.7,T3742,1,stop,565,0,0,0,0,0,0,0,0,0,0,0,0,0,0,0
base-0.7,T3743,1,stop,640,0,0,0,0,0,0,2,0,2,0,0,0,0,0,0
base-0.7,T3744,1,stop,534,0,0,0,0,0,0,0,0,0,0,0,0,0,0,0
base-0.7,T3745,1,stop,504,0,0,0,0,0,0,0,0,0,0,0,0,0,0,0
base-0.7,T3746,1,stop,242,0,0,0,0,0,0,0,0,0,0,0,0,0,0,0
base-0.7,T3747,1,length,886,0,0,0,0,0,0,0,0,0,0,0,0,0,0,0
base-0.7,T3748,1,length,379,0,0,0,0,0,0,0,0,0,0,0,0,0,0,0
base-0.7,T3749,1,stop,576,0,0,0,0,0,0,1,0,0,0,0,0,0,0,0
base-0.7,T3750,1,stop,230,0,0,0,0,0,0,0,0,0,0,0,0,0,0,0
base-0.7,T3751,1,length,775,0,0,0,0,0,0,0,0,0,0,0,0,0,0,0
base-0.7,T3752,1,length,752,0,0,0,0,0,0,0,0,0,0,0,0,0,0,0
base-0.7,T3753,1,length,945,0,0,0,0,0,0,0,0,0,0,0,0,0,0,0
base-0.7,T3754,1,stop,406,0,0,0,0,0,0,0,0,0,0,0,0,0,0,0
base-0.7,T3755,1,length,785,0,0,0,0,0,0,0,0,0,0,0,0,0,0,0
base-0.7,T3756,1,length,790,0,0,0,0,0,0,0,0,0,0,0,0,0,0,0
base-0.7,T3757,1,stop,826,0,0,0,0,0,0,0,0,0,0,0,0,0,0,0
base-0.7,T3758,1,stop,582,0,0,0,0,0,0,0,0,0,0,0,0,0,0,0
base-0.7,T3759,1,stop,339,0,0,0,0,0,0,0,0,0,0,0,0,0,0,0
base-0.7,T3760,1,stop,508,0,0,0,0,0,0,0,0,0,0,0,0,0,0,0
base-0.7,T3761,1,stop,528,0,0,0,0,0,0,0,0,0,0,0,0,0,0,0
base-0.7,T3762,1,stop,607,0,0,0,0,0,0,0,0,0,0,0,0,0,0,0
base-0.7,T3763,1,stop,291,0,0,0,0,0,0,0,0,0,0,0,0,0,0,0
base-0.7,T3764,1,length,836,0,0,0,0,0,0,1,0,0,0,0,0,0,0,0
base-0.7,T3765,1,stop,454,0,0,0,0,0,0,0,0,0,0,0,0,0,0,0
base-0.7,T3766,1,stop,298,0,0,0,0,0,0,0,0,0,0,0,0,0,0,0
base-0.7,T3767,1,stop,318,0,0,0,0,0,0,0,0,0,0,0,0,0,0,0
base-0.7,T3768,1,stop,634,0,0,0,0,0,0,0,0,0,0,0,0,0,0,0
base-0.7,T3769,1,stop,545,0,0,0,0,0,0,0,0,0,0,0,0,1,0,0
base-0.7,T3770,1,length,798,0,0,0,0,0,0,0,0,0,0,0,0,0,0,0
base-0.7,T3771,1,length,819,0,0,0,0,0,0,0,0,0,0,0,0,0,0,0
base-0.7,T3772,1,stop,565,0,0,0,0,0,0,0,0,0,0,0,0,0,0,0
base-0.7,T3773,1,length,733,0,0,0,0,0,0,0,0,0,0,0,0,0,0,0
base-0.7,T3774,1,stop,459,0,0,0,0,0,0,0,0,0,0,0,0,0,0,0
base-0.7,T3775,1,stop,306,0,0,0,0,0,0,0,0,0,0,0,0,0,0,0
base-0.7,T3776,1,length,819,0,0,0,0,0,0,0,0,0,0,0,0,0,0,0
base-0.7,T3777,1,stop,432,0,0,0,0,0,0,0,0,0,0,0,0,0,0,0
base-0.7,T3778,1,stop,432,0,0,0,0,0,0,0,1,0,0,0,0,0,0,0
base-0.7,T3779,1,length,856,0,0,0,0,0,0,1,0,2,0,0,0,0,0,0
base-0.7,T3780,1,stop,653,0,0,0,0,0,0,1,0,0,0,0,0,0,0,0
base-0.7,T3781,1,stop,757,0,0,0,0,0,0,0,0,0,0,0,0,0,0,0
base-0.7,T3782,1,stop,335,0,0,0,0,0,0,0,0,0,0,0,0,0,0,0
base-0.7,T3783,1,stop,407,0,0,0,0,0,0,0,0,0,0,0,0,0,0,0
base-0.7,T3784,1,length,742,0,0,0,0,0,0,0,0,0,0,0,0,0,0,0
base-0.7,T3785,1,stop,623,0,0,0,0,0,0,0,0,0,0,0,0,0,0,0
base-0.7,T3786,1,stop,739,0,0,0,0,0,0,0,0,0,0,0,0,0,0,0
base-0.7,T3787,1,length,914,0,0,0,0,0,0,0,0,0,0,0,0,0,0,0
base-0.7,T3788,1,stop,283,0,0,0,0,0,0,0,0,0,0,0,0,0,0,0
base-0.7,T3789,1,stop,823,0,0,0,0,0,0,0,0,0,0,0,0,0,0,0
base-0.7,T3790,1,stop,632,0,0,0,0,0,0,0,0,0,0,0,0,0,0,0
base-0.7,T3791,1,stop,667,0,0,0,0,0,0,0,0,1,0,0,0,0,0,0
base-0.7,T3792,1,length,730,0,0,0,0,0,0,0,0,0,0,0,0,0,0,0
base-0.7,T3793,1,stop,407,0,0,0,0,0,0,0,0,0,0,0,0,0,0,0
base-0.7,T3794,1,length,903,0,0,0,0,0,0,0,0,0,0,0,0,0,0,0
base-0.7,T3795,1,stop,544,0,0,0,0,0,0,0,0,0,0,0,0,0,0,0
base-0.7,T3796,1,stop,643,0,0,0,0,0,0,0,0,0,0,0,0,0,0,0
base-0.7,T3797,1,length,773,0,0,0,0,0,0,0,0,0,0,0,0,0,0,0
base-0.7,T3798,1,stop,726,0,0,0,0,0,0,0,0,0,0,0,0,0,0,0
base-0.7,T3799,1,stop,460,0,0,0,0,0,0,0,0,0,0,0,0,0,0,0
base-0.7,T3800,1,stop,565,0,0,0,0,0,0,0,0,0,0,0,0,0,0,0
base-0.7,T3801,1,stop,384,0,0,0,0,0,0,0,0,0,0,0,0,0,0,0
base-0.7,T3802,1,stop,607,0,0,0,0,0,0,0,0,0,0,0,0,0,0,0
base-0.7,T3803,1,length,838,0,0,0,0,0,0,0,0,0,0,0,0,0,0,0
base-0.7,T3804,1,stop,117,0,0,0,0,0,0,0,0,0,0,0,0,0,0,0
base-0.7,T3805,1,stop,151,0,0,0,0,0,0,0,0,0,0,0,0,0,0,0
base-0.7,T3806,1,length,850,0,0,0,0,0,0,0,0,0,0,0,0,0,0,0
base-0.7,T3807,1,stop,463,0,0,0,0,0,0,0,0,0,0,0,0,0,0,0
base-0.7,T3808,1,length,862,0,0,0,0,0,0,0,0,0,0,0,0,0,0,0
base-0.7,T3809,1,stop,244,0,0,0,0,0,0,0,0,0,0,0,0,0,0,0
base-0.7,T3810,1,stop,410,0,0,0,0,0,0,0,0,0,0,0,0,0,0,0
base-0.7,T3811,1,length,796,0,0,0,0,0,0,0,0,0,0,0,0,0,0,0
base-0.7,T3812,1,stop,463,0,0,0,0,0,0,0,0,0,0,0,0,0,0,0
base-0.7,T3813,1,length,816,0,0,0,0,0,0,0,0,0,0,0,0,0,0,0
base-0.7,T3814,1,stop,291,0,0,0,0,0,0,0,0,0,0,0,0,0,0,0
base-0.7,T3815,1,stop,331,0,0,0,0,0,0,0,0,0,0,0,0,0,0,0
base-0.7,T3816,1,stop,703,0,0,0,0,0,0,0,0,0,0,0,0,0,0,0
base-0.7,T3817,1,length,827,0,0,0,0,0,0,0,0,0,0,0,0,0,0,0
base-0.7,T3818,1,stop,494,0,0,0,0,0,0,0,0,0,0,0,0,0,0,0
base-0.7,T3819,1,stop,349,0,0,0,0,0,0,0,0,0,0,0,0,0,0,0
base-0.7,T3820,1,stop,681,0,0,0,0,0,0,0,0,0,0,0,0,0,0,0
base-0.7,T3821,1,length,931,0,0,0,0,0,0,0,0,0,0,0,0,0,0,0
base-0.7,T3822,1,stop,641,0,0,0,0,0,0,0,0,0,0,0,0,0,0,0
base-0.7,T3823,1,length,887,0,0,0,0,0,0,0,0,0,0,0,0,0,0,0
base-0.7,T3824,1,stop,537,0,0,0,0,0,0,0,0,0,0,0,0,0,0,0
base-0.7,T3825,1,stop,413,0,0,0,0,0,0,0,0,0,0,0,0,0,0,0
base-0.7,T3826,1,stop,734,0,0,0,0,0,0,1,0,0,0,0,0,0,0,0
base-0.7,T3827,1,length,887,0,0,0,0,0,0,0,0,0,0,0,0,0,0,0
base-0.7,T3828,1,stop,496,0,0,0,0,0,0,0,0,0,0,0,0,0,0,0
base-0.7,T3829,1,stop,277,0,0,0,0,0,0,0,0,0,0,0,0,0,0,0
base-0.7,T3830,1,length,816,0,0,0,0,0,0,0,0,0,0,0,0,0,0,0
base-0.7,T3831,1,stop,451,0,0,0,0,0,0,0,0,0,0,0,0,0,0,0
base-0.7,T3832,1,stop,597,0,0,0,0,0,0,0,0,0,0,0,0,0,0,0
base-0.7,T3833,1,stop,535,0,0,0,0,0,0,0,0,0,0,0,0,0,0,0
base-0.7,T3834,1,stop,797,0,0,0,0,0,0,0,0,0,0,0,0,0,0,0
base-0.7,T3835,1,length,867,0,0,0,0,0,0,0,0,0,0,0,0,0,0,0
base-0.7,T3836,1,stop,557,0,0,0,0,0,0,0,0,0,0,0,0,0,0,0
base-0.7,T3837,1,stop,354,0,0,0,0,0,0,0,0,0,0,0,0,0,0,0
base-0.7,T3838,1,stop,749,0,0,0,0,0,0,0,0,0,0,0,0,0,0,0
base-0.7,T3839,1,stop,481,0,0,0,0,0,0,0,0,0,0,0,0,0,0,0
base-0.7,T3840,1,length,797,0,0,0,0,0,0,0,0,0,0,0,0,0,0,0
base-0.7,T3841,1,length,818,0,0,0,0,0,0,0,0,0,0,0,0,0,0,0
base-0.7,T3842,1,stop,495,0,0,0,0,0,0,0,0,1,0,0,0,0,0,0
base-0.7,T3843,1,stop,503,0,0,0,0,0,0,0,0,0,0,0,0,0,0,0
base-0.7,T3844,1,stop,77,0,0,0,0,0,0,0,0,0,0,0,0,0,0,0
base-0.7,T3845,1,length,858,0,0,0,0,0,0,0,0,0,0,0,0,0,0,0
base-0.7,T3846,1,stop,405,0,0,0,0,0,0,0,0,0,0,0,0,0,0,0
base-0.7,T3847,1,stop,666,0,0,0,0,0,0,0,0,0,0,0,0,0,0,0
base-0.7,T3848,1,length,842,0,0,0,0,0,0,0,0,2,0,0,0,0,0,0
base-0.7,T3849,1,stop,510,0,0,0,0,0,0,0,0,0,0,0,0,0,0,0
base-0.7,T3850,1,stop,465,0,0,0,0,0,0,0,0,0,0,0,0,0,0,0
base-0.7,T3851,1,length,918,0,0,0,0,0,0,0,0,0,0,0,0,0,0,0
base-0.7,T3852,1,stop,764,0,0,0,0,0,0,0,0,0,0,0,0,0,0,0
base-0.7,T3853,1,length,852,0,0,0,0,0,0,0,0,0,0,0,0,0,0,0
base-0.7,T3854,1,stop,352,0,0,0,0,0,0,0,0,0,0,0,0,0,0,0
base-0.7,T3855,1,stop,364,0,0,0,0,0,0,0,0,0,0,0,0,0,0,0
base-0.7,T3856,1,stop,579,0,0,0,0,0,0,0,0,0,0,0,0,0,0,0
base-0.7,T3857,1,stop,482,0,0,0,0,0,0,0,0,0,0,0,0,0,0,0
base-0.7,T3858,1,length,873,0,0,0,0,0,0,0,0,0,0,0,0,0,0,0
base-0.7,T3859,1,stop,399,0,0,0,0,0,0,0,0,0,0,0,0,1,0,0
base-0.7,T3860,1,stop,480,0,0,0,0,0,0,0,0,0,0,0,0,0,0,0
base-0.7,T3861,1,length,767,0,0,0,0,0,0,0,0,0,0,0,0,0,0,0
base-0.7,T3862,1,length,927,0,0,0,0,0,0,0,0,0,0,0,0,0,0,0
base-0.7,T3863,1,stop,654,0,0,0,0,0,0,0,0,0,0,0,0,0,0,0
base-0.7,T3864,1,stop,597,0,0,0,0,0,0,0,0,0,0,0,0,0,0,0
base-0.7,T3865,1,stop,718,0,0,0,0,0,0,0,0,0,0,0,0,0,0,0
base-0.7,T3866,1,stop,128,0,0,0,0,0,0,0,0,0,0,0,0,0,0,0
base-0.7,T3867,1,length,877,0,0,0,0,0,0,0,0,0,0,0,0,0,0,0
base-0.7,T3868,1,stop,747,0,0,0,0,0,0,0,0,0,0,0,0,0,0,0
base-0.7,T3869,1,stop,578,0,0,0,0,0,0,0,0,0,0,0,0,0,0,0
base-0.7,T3870,1,stop,435,0,0,0,0,0,0,0,0,0,0,0,0,0,0,0
base-0.7,T3871,1,stop,260,0,0,0,0,0,0,1,0,1,0,0,0,0,0,0
base-0.7,T3872,1,stop,358,0,0,0,0,0,0,0,0,0,0,0,0,0,0,0
base-0.7,T3873,1,stop,108,0,0,0,0,0,0,0,0,0,0,0,0,0,0,0
base-0.7,T3874,1,length,794,0,0,0,0,0,0,0,0,0,0,0,0,0,0,0
base-0.7,T3875,1,length,861,0,0,0,0,0,0,0,0,0,0,0,0,0,0,0
base-0.7,T3876,1,length,837,0,0,0,0,0,0,1,0,0,0,0,0,0,0,0
base-0.7,T3877,1,length,822,0,0,0,0,0,0,0,0,0,0,0,0,0,0,0
base-0.7,T3878,1,stop,444,0,0,0,0,0,0,0,0,0,0,0,0,0,0,0
base-0.7,T3879,1,stop,332,0,0,0,0,0,0,0,0,0,0,0,0,0,0,0
base-0.7,T3880,1,length,830,0,0,0,0,0,0,1,0,0,0,0,0,0,0,0
base-0.7,T3881,1,stop,421,0,0,0,0,0,0,0,0,0,0,0,0,0,0,0
base-0.7,T3882,1,length,805,0,0,0,0,0,0,0,0,0,0,0,0,0,0,0
base-0.7,T3883,1,stop,546,0,0,0,0,0,0,0,0,0,0,0,0,0,0,0
base-0.7,T3884,1,stop,301,0,0,0,0,0,0,0,0,0,0,0,0,0,0,0
base-0.7,T3885,1,stop,521,0,0,0,0,0,0,0,0,1,0,0,0,0,0,0
base-0.7,T3886,1,stop,295,0,0,0,0,0,0,0,0,0,0,0,0,0,0,0
base-0.7,T3887,1,length,832,0,0,0,0,0,0,0,0,0,2,0,0,0,0,0
base-0.7,T3888,1,stop,713,0,0,1,0,0,0,0,0,0,0,0,0,0,0,0
base-0.7,T3889,1,stop,509,0,0,0,0,0,0,0,0,0,0,0,0,0,0,0
base-0.7,T3890,1,stop,618,0,0,0,0,0,0,0,0,0,0,0,0,0,0,0
base-0.7,T3891,1,stop,479,0,0,0,0,0,0,0,0,0,0,0,0,0,0,0
base-0.7,T3892,1,stop,592,0,0,0,0,0,0,0,0,0,0,0,0,0,0,0
base-0.7,T3893,1,stop,465,0,0,0,0,0,0,0,0,0,0,0,0,0,0,0
base-0.7,T3894,1,length,821,1,0,0,0,0,0,0,0,0,0,0,0,0,0,0
base-0.7,T3895,1,stop,468,0,0,0,0,0,0,0,0,0,0,0,0,0,0,0
base-0.7,T3896,1,stop,64,0,0,0,0,0,0,0,0,0,0,0,0,0,0,0
base-0.7,T3897,1,stop,456,0,0,0,0,0,0,0,0,0,0,0,0,0,0,0
base-0.7,T3898,1,stop,402,0,0,0,0,0,0,0,0,0,0,0,0,0,0,0
base-0.7,T3899,1,stop,548,0,0,0,0,0,0,0,0,0,0,0,0,0,0,0
base-0.7,T3900,1,stop,452,0,0,0,0,0,0,0,0,0,0,0,0,0,0,0
base-0.7,T3901,1,length,847,0,0,0,0,0,0,0,0,0,0,0,0,0,0,0
base-0.7,T3902,1,stop,701,0,0,0,0,0,0,0,0,0,0,0,0,0,0,0
base-0.7,T3903,1,stop,464,0,0,0,0,0,0,0,0,0,0,0,0,0,0,0
base-0.7,T3904,1,stop,351,0,0,0,0,0,0,0,0,0,0,0,0,0,0,0
base-0.7,T3905,1,stop,430,0,0,0,0,0,0,0,0,0,0,0,0,0,0,0
base-0.7,T3906,1,stop,114,0,0,0,0,0,0,0,0,0,0,0,0,0,0,0
base-0.7,T3907,1,stop,289,0,0,0,0,0,0,0,0,0,0,0,0,0,0,0
base-0.7,T3908,1,length,790,0,0,0,0,0,0,1,0,0,0,0,0,0,0,0
base-0.7,T3909,1,stop,490,0,0,0,0,0,0,0,0,0,0,0,0,0,0,0
base-0.7,T3910,1,stop,524,0,0,0,0,0,0,0,0,0,0,0,0,0,0,0
base-0.7,T3911,1,length,880,0,0,0,0,0,0,0,0,0,0,0,0,1,0,0
base-0.7,T3912,1,stop,271,0,0,0,0,0,0,0,0,0,0,0,0,0,0,0
base-0.7,T3913,1,stop,203,0,0,0,0,0,0,0,0,0,0,0,0,0,0,0
base-0.7,T3914,1,stop,566,0,0,0,0,0,0,1,0,0,0,0,0,0,0,0
base-0.7,T3915,1,length,788,0,0,0,0,0,0,0,0,0,0,0,0,0,0,0
base-0.7,T3916,1,stop,614,0,0,0,0,0,0,0,0,0,0,0,0,0,0,0
base-0.7,T3917,1,length,909,0,0,0,0,0,0,0,0,0,0,0,0,0,0,0
base-0.7,T3918,1,length,921,0,0,0,0,0,0,0,0,0,0,0,0,0,0,0
base-0.7,T3919,1,stop,518,0,0,0,0,0,0,1,0,0,0,0,0,0,0,0
base-0.7,T3920,1,stop,657,0,0,0,0,0,0,0,0,0,0,0,0,0,0,0
base-0.7,T3921,1,stop,667,0,0,0,0,0,0,0,0,0,0,0,0,0,0,0
base-0.7,T3922,1,stop,288,0,0,0,0,0,0,0,0,0,0,0,0,0,0,0
base-0.7,T3923,1,stop,416,0,0,0,0,0,0,0,0,0,0,0,0,0,0,0
base-0.7,T3924,1,length,908,0,0,0,0,0,0,0,0,0,0,0,0,0,0,0
base-0.7,T3925,1,length,675,0,0,0,0,0,0,0,0,0,0,0,0,0,0,0
base-0.7,T3926,1,stop,358,0,0,0,0,0,0,0,0,0,0,0,0,0,0,0
base-0.7,T3927,1,stop,490,0,0,0,0,0,0,0,0,0,0,0,0,0,0,0
base-0.7,T3928,1,stop,550,0,0,0,0,0,0,0,0,0,0,0,0,0,0,0
base-0.7,T3929,1,stop,518,0,0,0,0,0,0,0,0,0,0,0,0,0,0,0
base-0.7,T3930,1,length,871,0,0,0,0,0,0,0,0,0,0,0,0,0,0,0
base-0.7,T3931,1,stop,636,0,0,0,0,0,0,0,0,0,0,0,0,0,0,0
base-0.7,T3932,1,stop,426,0,0,0,0,0,0,0,0,0,0,0,0,0,0,0
base-0.7,T3933,1,stop,505,0,0,0,0,0,0,0,0,0,0,0,0,0,0,0
base-0.7,T3934,1,length,835,0,0,0,0,0,0,0,0,0,0,0,0,0,0,0
base-0.7,T3935,1,length,806,0,0,0,0,0,0,0,0,1,0,0,0,0,0,0
base-0.7,T3936,1,length,812,0,0,0,0,0,0,0,0,0,0,0,0,0,0,0
base-0.7,T3937,1,stop,424,0,0,0,0,0,0,0,0,0,0,0,0,0,0,0
base-0.7,T3938,1,stop,799,0,0,0,0,0,0,0,0,0,0,0,0,0,0,0
base-0.7,T3939,1,stop,567,0,0,0,0,0,0,0,0,0,0,0,0,0,0,0
base-0.7,T3940,1,stop,692,0,0,0,0,0,0,0,0,0,0,0,0,0,0,0
base-0.7,T3941,1,length,515,0,0,0,0,0,0,0,0,0,0,0,0,0,0,0
base-0.7,T3942,1,stop,566,0,0,0,0,0,0,0,0,0,0,0,0,0,0,0
base-0.7,T3943,1,stop,385,0,0,0,0,0,0,0,0,0,0,0,0,0,0,0
base-0.7,T3944,1,stop,477,0,0,0,0,0,0,0,0,0,0,0,0,2,0,0
base-0.7,T3945,1,stop,621,0,0,0,0,0,0,0,0,0,0,0,0,0,0,0
base-0.7,T3946,1,stop,888,0,0,0,0,0,0,0,0,0,0,0,0,0,0,0
base-0.7,T3947,1,length,839,0,0,0,0,0,0,0,0,0,0,0,0,0,0,0
base-0.7,T3948,1,stop,330,0,0,0,0,0,0,0,0,0,0,0,0,0,0,0
base-0.7,T3949,1,stop,673,0,0,0,0,0,0,0,0,0,0,0,0,0,0,0
base-0.7,T3950,1,length,795,0,0,0,0,0,0,0,0,0,0,0,0,0,0,0
base-0.7,T3951,1,stop,142,0,0,0,0,0,0,0,0,0,0,0,0,0,0,0
base-0.7,T3952,1,stop,639,0,0,0,0,0,0,0,0,0,0,0,0,0,0,0
base-0.7,T3953,1,length,925,0,0,0,0,0,0,0,0,0,0,0,0,0,0,0
base-0.7,T3954,1,length,796,0,0,0,0,0,0,1,0,2,0,0,0,0,0,0
base-0.7,T3955,1,stop,486,0,0,0,0,0,0,0,0,0,0,0,0,0,0,0
base-0.7,T3956,1,stop,593,0,0,0,0,0,0,0,0,0,0,0,0,0,0,0
base-0.7,T3957,1,stop,484,0,0,0,0,0,0,0,0,0,0,0,0,0,0,0
base-0.7,T3958,1,length,847,0,0,0,0,0,0,0,0,0,0,0,0,0,0,0
base-0.7,T3959,1,stop,395,0,0,0,0,0,0,0,0,0,0,0,0,0,0,0
base-0.7,T3960,1,length,866,0,0,0,0,0,0,0,0,0,0,0,0,0,0,0
base-0.7,T3961,1,stop,649,0,0,0,0,0,0,0,0,0,0,0,0,0,0,0
base-0.7,T3962,1,stop,455,0,0,0,0,0,0,1,0,1,0,0,0,0,0,0
base-0.7,T3963,1,stop,817,0,0,0,0,0,0,0,0,0,0,0,0,0,0,0
base-0.7,T3964,1,stop,252,0,0,0,0,0,0,0,0,0,0,0,0,0,0,0
base-0.7,T3965,1,stop,556,0,0,0,0,0,0,0,0,0,0,0,0,0,0,0
base-0.7,T3966,1,stop,266,0,0,0,0,0,0,0,0,0,0,0,0,0,1,0
base-0.7,T3967,1,stop,120,0,0,0,0,0,0,0,0,0,0,0,0,0,0,0
base-0.7,T3968,1,stop,484,0,0,0,0,0,0,0,0,0,0,0,0,0,0,0
base-0.7,T3969,1,stop,766,0,0,0,0,0,0,0,0,0,0,0,0,0,0,0
base-0.7,T3970,1,stop,333,0,0,0,0,0,0,0,0,0,0,0,0,0,0,0
base-0.7,T3971,1,stop,404,0,0,0,0,0,0,0,0,0,0,0,0,0,0,0
base-0.7,T3972,1,length,870,0,0,0,0,0,0,0,0,0,0,0,0,0,0,0
base-0.7,T3973,1,stop,315,0,0,0,0,0,0,0,0,0,0,0,0,0,0,0
base-0.7,T3974,1,stop,621,0,0,0,0,0,0,0,0,0,0,0,0,0,0,0
base-0.7,T3975,1,length,869,0,0,0,0,0,0,0,0,0,0,0,0,0,0,0
base-0.7,T3976,1,stop,563,0,0,0,0,0,0,0,0,0,0,0,0,0,0,0
base-0.7,T3977,1,length,727,0,0,0,0,0,0,0,0,0,0,0,0,0,0,0
base-0.7,T3978,1,stop,701,0,0,0,0,0,0,0,0,0,0,0,0,0,0,0
base-0.7,T3979,1,length,854,0,0,0,0,0,0,1,0,0,0,0,0,0,0,0
base-0.7,T3980,1,stop,536,0,0,0,0,0,0,0,0,0,0,0,0,0,0,0
base-0.7,T3981,1,length,807,0,0,0,0,0,0,1,0,0,0,0,0,0,0,0
base-0.7,T3982,1,stop,533,0,0,0,0,0,0,0,0,0,0,0,0,0,0,0
base-0.7,T3983,1,length,844,0,0,0,0,0,0,0,0,0,0,0,0,0,0,0
base-0.7,T3984,1,stop,421,0,0,0,0,0,0,0,0,0,0,0,0,0,0,0
base-0.7,T3985,1,stop,416,0,0,0,0,0,0,0,0,0,0,0,0,0,0,0
base-0.7,T3986,1,stop,419,0,0,0,0,0,0,0,0,0,0,0,0,0,0,0
base-0.7,T3987,1,stop,322,0,0,0,0,0,0,0,0,0,0,0,0,0,0,0
base-0.7,T3988,1,stop,467,0,0,0,0,0,0,0,0,0,0,0,0,0,0,0
base-0.7,T3989,1,stop,653,0,0,0,0,0,0,0,0,0,0,0,0,0,0,0
base-0.7,T3990,1,stop,571,0,0,0,0,0,0,0,0,0,0,0,0,0,0,0
base-0.7,T3991,1,stop,503,0,0,0,0,0,0,0,0,0,0,0,0,0,0,0
base-0.7,T3992,1,stop,547,0,0,0,0,0,0,0,0,0,0,0,0,0,0,0
base-0.7,T3993,1,length,791,0,0,0,0,0,0,0,0,1,0,0,0,0,0,0
base-0.7,T3994,1,stop,501,0,0,0,0,0,0,1,0,0,0,0,0,0,0,0
base-0.7,T3995,1,length,816,0,0,0,0,0,0,0,0,0,0,0,0,0,0,0
base-0.7,T3996,1,stop,279,0,0,0,0,0,0,0,0,0,0,0,0,0,0,0
base-0.7,T3997,1,stop,772,0,0,0,0,0,0,0,0,0,0,0,0,0,0,0
base-0.7,T3998,1,length,791,0,0,0,0,0,0,0,0,0,0,0,0,0,0,0
base-0.7,T3999,1,stop,487,0,0,0,0,0,0,0,0,0,0,0,0,0,0,0
base-0.7,T4000,1,stop,594,0,0,0,0,0,0,0,0,0,0,0,0,0,0,0
base-1.0,T0001,1,stop,533,0,0,0,0,0,0,0,0,0,0,0,0,0,0,0
base-1.0,T0002,1,stop,778,0,0,0,0,0,0,0,0,0,0,0,0,0,0,0
base-1.0,T0003,1,length,782,0,0,0,0,0,0,0,0,0,0,0,0,0,0,0
base-1.0,T0004,1,stop,596,0,0,0,0,0,0,0,0,0,0,0,0,0,0,0
base-1.0,T0005,1,stop,834,0,0,0,0,0,0,0,0,0,0,0,0,0,0,0
base-1.0,T0006,1,stop,511,0,0,0,0,0,0,0,0,0,0,0,0,0,0,0
base-1.0,T0007,1,stop,580,0,0,0,0,0,0,1,0,0,0,0,0,0,0,0
base-1.0,T0008,1,stop,533,0,0,0,0,0,0,0,0,1,0,0,0,0,0,0
base-1.0,T0009,1,length,842,0,0,0,0,0,0,0,0,0,0,0,0,0,0,0
base-1.0,T0010,1,stop,606,0,0,0,0,0,0,0,0,0,0,0,0,0,0,0
base-1.0,T0011,1,length,786,0,0,0,0,0,0,0,0,0,0,0,0,0,0,0
base-1.0,T0012,1,stop,15,0,0,0,0,0,0,0,0,0,0,0,0,0,0,0
base-1.0,T0013,1,stop,497,0,0,0,0,0,0,0,0,0,0,0,0,0,0,0
base-1.0,T0014,1,stop,678,0,0,0,0,0,0,0,0,0,0,0,0,0,0,0
base-1.0,T0015,1,stop,653,0,0,0,0,0,0,1,0,1,0,0,0,0,0,0
base-1.0,T0016,1,length,679,0,0,0,0,0,0,0,0,0,0,0,0,0,0,0
base-1.0,T0017,1,length,811,0,0,1,0,0,0,0,0,0,0,0,0,0,0,0
base-1.0,T0018,1,stop,623,0,0,0,0,0,0,0,0,0,0,0,0,0,0,0
base-1.0,T0019,1,stop,444,0,0,0,0,0,0,0,0,0,0,0,0,0,0,0
base-1.0,T0020,1,stop,158,0,0,0,0,0,0,0,0,0,0,0,0,0,0,0
base-1.0,T0021,1,stop,51,0,0,0,0,0,0,0,0,0,0,0,0,0,0,0
base-1.0,T0022,1,stop,495,0,0,0,0,0,0,0,0,0,0,0,0,0,0,0
base-1.0,T0023,1,stop,297,0,0,0,0,0,0,0,0,0,0,0,0,0,0,0
base-1.0,T0024,1,stop,150,0,0,0,0,0,0,0,0,0,0,0,0,0,0,0
base-1.0,T0025,1,length,831,0,0,0,0,0,0,0,0,0,0,0,0,0,0,0
base-1.0,T0026,1,stop,794,0,0,0,0,0,0,0,0,0,1,0,0,0,0,0
base-1.0,T0027,1,stop,467,0,0,0,0,0,0,0,1,0,0,0,0,0,0,0
base-1.0,T0028,1,length,759,0,0,0,0,0,0,0,0,0,0,0,0,0,0,0
base-1.0,T0029,1,length,802,0,0,0,0,0,0,0,0,0,0,0,0,0,0,0
base-1.0,T0030,1,stop,537,0,0,0,0,0,0,0,0,0,0,0,0,0,0,0
base-1.0,T0031,1,stop,547,0,0,0,0,0,0,0,0,0,0,0,0,0,0,0
base-1.0,T0032,1,stop,576,0,0,0,0,0,0,0,0,0,0,0,0,0,0,0
base-1.0,T0033,1,stop,621,0,0,0,0,0,0,0,0,0,0,0,0,0,0,0
base-1.0,T0034,1,length,773,0,0,0,0,0,0,0,0,0,0,0,0,0,0,0
base-1.0,T0035,1,stop,177,0,0,0,0,0,0,0,0,0,0,0,0,0,0,0
base-1.0,T0036,1,length,846,0,0,0,0,0,0,0,0,0,0,0,0,0,0,0
base-1.0,T0037,1,stop,603,0,0,0,0,0,0,0,0,0,0,0,0,0,0,0
base-1.0,T0038,1,length,781,0,0,0,0,0,0,0,0,0,0,0,0,0,0,0
base-1.0,T0039,1,length,815,0,0,0,0,0,0,0,0,1,0,0,0,0,0,0
base-1.0,T0040,1,length,714,0,0,0,0,0,0,0,0,0,0,0,0,0,1,0
base-1.0,T0041,1,stop,311,0,0,0,0,0,0,0,0,0,0,0,0,0,0,0
base-1.0,T0042,1,stop,425,0,0,0,0,0,0,0,0,0,0,0,0,0,0,0
base-1.0,T0043,1,length,646,0,0,0,0,0,0,0,0,0,0,0,0,0,0,0
base-1.0,T0044,1,stop,454,0,0,0,0,0,0,0,0,0,0,0,0,0,0,0
base-1.0,T0045,1,stop,197,0,0,0,0,0,0,0,0,0,0,0,0,0,0,0
base-1.0,T0046,1,stop,489,0,0,0,0,0,0,0,0,0,0,0,0,0,0,0
base-1.0,T0047,1,stop,539,0,0,0,0,0,0,0,0,2,0,0,0,0,0,0
base-1.0,T0048,1,length,811,0,0,0,0,0,0,0,0,0,0,0,0,0,0,0
base-1.0,T0049,1,length,811,0,0,0,0,0,0,0,0,1,0,0,0,0,0,0
base-1.0,T0050,1,length,773,0,0,0,0,0,0,0,0,1,0,0,0,0,0,0
base-1.0,T0051,1,length,843,0,0,0,0,0,0,0,0,0,0,0,0,0,0,0
base-1.0,T0052,1,stop,166,0,0,0,0,0,0,0,0,0,0,0,0,0,0,0
base-1.0,T0053,1,stop,569,0,0,0,0,0,0,0,0,1,0,0,0,0,0,0
base-1.0,T0054,1,stop,487,0,0,0,0,0,0,0,0,0,0,0,0,0,0,0
base-1.0,T0055,1,stop,674,0,0,0,0,0,0,0,0,0,0,0,0,0,0,0
base-1.0,T0056,1,length,806,0,0,0,0,0,0,0,0,0,0,0,0,0,0,0
base-1.0,T0057,1,stop,602,0,0,0,0,0,0,0,0,0,0,0,0,0,0,0
base-1.0,T0058,1,length,792,0,0,0,0,0,0,0,0,0,0,0,0,0,0,0
base-1.0,T0059,1,length,882,0,0,0,0,0,0,0,0,0,0,0,0,0,0,0
base-1.0,T0060,1,stop,558,0,0,0,0,0,0,0,0,0,0,0,0,0,0,0
base-1.0,T0061,1,stop,654,0,0,0,0,0,0,0,0,0,0,0,0,0,0,0
base-1.0,T0062,1,stop,576,0,0,0,0,0,0,0,0,0,0,0,0,0,0,0
base-1.0,T0063,1,length,670,0,0,0,0,0,0,0,0,0,0,0,0,0,0,0
base-1.0,T0064,1,length,817,0,0,0,0,0,0,0,0,0,0,0,0,0,0,0
base-1.0,T0065,1,stop,477,0,0,0,0,0,0,0,0,0,0,0,0,0,0,0
base-1.0,T0066,1,length,834,0,0,0,0,0,0,0,0,0,0,0,0,0,0,0
base-1.0,T0067,1,stop,334,0,0,0,0,0,0,0,0,1,0,0,0,0,0,0
base-1.0,T0068,1,length,801,0,0,0,0,0,0,0,0,0,0,0,0,0,0,0
base-1.0,T0069,1,stop,479,0,0,0,0,0,0,0,0,0,0,0,0,0,0,0
base-1.0,T0070,1,length,915,0,0,0,0,0,0,0,0,0,0,0,0,0,0,0
base-1.0,T0071,1,stop,637,0,0,0,0,0,0,0,0,0,0,0,0,0,0,0
base-1.0,T0072,1,length,819,0,0,0,0,0,0,0,0,0,0,0,0,0,0,0
base-1.0,T0073,1,length,810,0,0,0,0,0,0,0,0,0,0,0,0,0,0,0
base-1.0,T0074,1,length,821,0,0,0,0,0,0,0,0,0,0,0,0,0,0,0
base-1.0,T0075,1,stop,562,0,0,0,0,0,0,0,0,0,0,0,0,0,0,0
base-1.0,T0076,1,stop,208,0,0,0,0,0,0,0,0,0,0,0,0,0,0,0
base-1.0,T0077,1,stop,632,0,0,0,0,0,0,0,0,0,0,0,0,0,0,0
base-1.0,T0078,1,length,850,0,0,0,0,0,0,0,0,0,0,0,0,0,0,0
base-1.0,T0079,1,stop,12,0,0,0,0,0,0,0,0,0,0,0,0,0,0,0
base-1.0,T0080,1,length,807,0,0,0,0,0,0,0,0,0,0,0,0,0,0,0
base-1.0,T0081,1,stop,135,0,0,0,0,0,0,0,0,0,0,0,0,0,0,0
base-1.0,T0082,1,stop,352,0,0,0,0,0,0,0,0,0,0,0,0,0,0,0
base-1.0,T0083,1,stop,71,0,0,0,0,0,0,0,0,0,0,0,0,0,0,0
base-1.0,T0084,1,stop,360,0,0,0,0,0,0,0,0,0,0,0,0,0,0,0
base-1.0,T0085,1,length,773,0,0,0,0,0,0,0,0,0,0,0,0,0,0,0
base-1.0,T0086,1,stop,744,0,0,0,0,0,0,0,1,0,0,0,0,0,0,0
base-1.0,T0087,1,length,847,0,0,0,0,0,0,0,0,0,0,0,0,0,0,0
base-1.0,T0088,1,stop,539,0,0,0,0,0,0,0,0,0,0,0,0,0,0,0
base-1.0,T0089,1,stop,679,0,0,0,0,0,0,0,0,0,0,0,0,0,0,0
base-1.0,T0090,1,stop,425,0,0,0,0,0,0,0,0,0,0,0,0,0,0,0
base-1.0,T0091,1,stop,813,0,0,0,0,0,0,1,0,0,0,0,0,0,0,0
base-1.0,T0092,1,length,808,0,0,0,0,0,0,0,0,0,0,0,0,0,0,0
base-1.0,T0093,1,stop,355,0,0,0,0,0,0,0,0,0,0,0,0,0,0,0
base-1.0,T0094,1,stop,698,0,0,0,0,0,0,0,0,0,0,0,0,0,0,0
base-1.0,T0095,1,stop,685,0,0,0,0,0,0,0,0,0,0,0,0,0,0,0
base-1.0,T0096,1,stop,529,0,0,0,0,0,0,0,0,0,0,0,0,0,0,0
base-1.0,T0097,1,stop,556,0,0,0,0,0,0,0,0,0,0,0,0,0,0,0
base-1.0,T0098,1,stop,561,0,0,0,0,0,0,0,0,0,0,0,0,0,0,0
base-1.0,T0099,1,stop,612,0,0,0,0,0,0,0,0,0,0,0,0,0,0,0
base-1.0,T0100,1,stop,602,0,0,0,0,0,0,0,0,0,0,0,0,0,0,0
base-1.0,T0101,1,length,779,0,0,0,0,0,0,0,0,2,0,0,0,0,0,0
base-1.0,T0102,1,stop,597,0,0,0,0,0,0,0,0,0,0,0,0,0,0,0
base-1.0,T0103,1,stop,701,0,0,0,0,0,0,0,0,0,0,0,0,0,0,0
base-1.0,T0104,1,stop,612,0,0,0,0,0,0,0,0,0,0,0,0,0,0,0
base-1.0,T0105,1,stop,728,0,0,0,0,0,0,0,0,0,0,0,0,0,0,0
base-1.0,T0106,1,length,785,0,0,0,0,0,0,0,0,0,0,0,0,0,0,0
base-1.0,T0107,1,stop,534,0,0,0,0,0,0,0,0,0,0,0,0,0,0,0
base-1.0,T0108,1,length,906,0,0,0,0,0,0,0,0,0,0,0,0,0,0,0
base-1.0,T0109,1,stop,651,0,0,0,0,0,0,0,0,0,0,0,0,0,0,0
base-1.0,T0110,1,length,777,0,0,0,0,0,0,1,0,0,0,0,0,0,0,0
base-1.0,T0111,1,length,892,0,0,0,0,0,0,0,0,0,0,0,0,0,0,0
base-1.0,T0112,1,stop,508,0,0,0,0,0,0,0,0,0,0,0,0,0,0,0
base-1.0,T0113,1,stop,737,0,0,0,0,0,0,0,0,0,0,0,0,0,0,0
base-1.0,T0114,1,stop,650,0,0,0,0,0,0,0,0,0,0,0,0,0,0,0
base-1.0,T0115,1,length,760,0,0,0,0,0,0,0,0,1,0,0,0,0,0,0
base-1.0,T0116,1,stop,796,0,0,0,0,0,0,0,0,0,0,0,0,0,0,0
base-1.0,T0117,1,stop,798,0,0,0,0,0,0,0,0,0,0,0,0,0,0,0
base-1.0,T0118,1,stop,359,0,0,0,0,0,0,0,0,0,0,0,0,0,0,0
base-1.0,T0119,1,stop,669,0,0,0,0,0,0,0,0,0,1,0,0,0,0,0
base-1.0,T0120,1,length,811,0,0,0,0,0,0,0,0,0,0,0,0,0,0,0
base-1.0,T0121,1,length,876,0,0,0,0,0,0,0,0,0,0,0,0,0,0,0
base-1.0,T0122,1,stop,283,0,0,0,0,0,0,0,0,0,0,0,0,0,0,0
base-1.0,T0123,1,stop,116,0,0,0,0,0,0,0,0,0,0,0,0,0,0,0
base-1.0,T0124,1,stop,521,0,0,0,0,0,0,0,0,0,0,0,0,0,0,0
base-1.0,T0125,1,stop,674,0,0,0,0,0,0,0,0,0,0,0,0,0,0,0
base-1.0,T0126,1,length,679,0,0,0,0,0,0,0,0,0,0,0,0,0,0,0
base-1.0,T0127,1,stop,372,0,0,0,0,0,0,0,0,0,0,0,0,0,0,0
base-1.0,T0128,1,stop,147,0,0,0,0,0,0,0,0,0,0,0,0,0,0,0
base-1.0,T0129,1,length,688,0,0,0,0,0,0,0,0,0,0,0,0,0,0,0
base-1.0,T0130,1,length,811,0,0,0,0,0,0,0,0,0,0,0,0,0,0,0
base-1.0,T0131,1,stop,614,0,0,0,0,0,0,0,0,0,0,0,0,0,0,0
base-1.0,T0132,1,stop,693,0,0,0,0,0,0,1,0,0,0,0,0,0,0,0
base-1.0,T0133,1,stop,779,0,0,0,0,0,0,0,0,0,0,0,0,0,0,0
base-1.0,T0134,1,stop,523,0,1,0,0,0,0,0,0,0,0,0,0,0,0,0
base-1.0,T0135,1,stop,567,0,0,0,0,0,0,1,0,2,0,0,0,0,0,0
base-1.0,T0136,1,stop,482,0,0,0,0,0,0,0,0,0,0,0,0,0,0,0
base-1.0,T0137,1,length,817,0,0,0,0,0,0,0,0,0,0,0,0,0,0,0
base-1.0,T0138,1,length,854,0,0,0,0,0,0,0,0,0,1,0,0,1,0,0
base-1.0,T0139,1,length,771,0,0,0,0,0,0,0,0,0,0,0,0,0,0,0
base-1.0,T0140,1,length,799,0,0,0,0,0,0,0,0,0,0,0,0,0,0,0
base-1.0,T0141,1,stop,490,0,0,0,0,0,0,0,0,0,0,0,0,0,0,0
base-1.0,T0142,1,stop,884,0,0,0,0,0,0,0,0,0,0,0,0,0,0,0
base-1.0,T0143,1,length,802,0,0,0,0,0,0,0,0,0,0,0,0,0,0,0
base-1.0,T0144,1,stop,236,0,0,0,0,0,0,0,0,0,0,0,0,0,0,0
base-1.0,T0145,1,length,876,0,0,0,0,0,0,0,0,0,0,0,0,0,0,0
base-1.0,T0146,1,stop,333,0,0,0,0,0,0,0,0,0,0,0,0,0,0,0
base-1.0,T0147,1,stop,750,0,0,0,0,0,0,0,0,0,0,0,0,0,0,0
base-1.0,T0148,1,stop,411,0,0,0,0,0,0,0,0,0,0,0,0,0,0,0
base-1.0,T0149,1,stop,566,0,0,0,0,0,0,0,0,0,0,0,0,0,0,0
base-1.0,T0150,1,length,836,0,0,0,0,0,0,0,0,0,0,0,0,0,0,0
base-1.0,T0151,1,length,742,0,0,0,0,0,0,0,0,0,0,0,0,0,0,0
base-1.0,T0152,1,length,757,0,0,0,0,0,0,0,0,0,0,0,0,0,0,0
base-1.0,T0153,1,stop,298,0,0,0,0,0,0,0,0,0,0,0,0,0,0,0
base-1.0,T0154,1,length,817,0,0,0,0,0,0,0,0,0,0,0,0,0,0,0
base-1.0,T0155,1,stop,655,0,0,0,0,0,0,0,0,0,0,0,0,0,0,0
base-1.0,T0156,1,stop,559,0,0,0,0,0,0,0,0,1,0,0,0,0,0,0
base-1.0,T0157,1,stop,344,0,0,0,0,0,0,0,0,0,0,0,0,0,0,0
base-1.0,T0158,1,length,822,0,0,0,0,0,0,0,0,0,0,0,0,0,0,0
base-1.0,T0159,1,length,786,0,0,0,0,0,0,0,0,0,0,0,0,0,0,0
base-1.0,T0160,1,stop,439,0,0,0,0,0,0,0,0,0,0,0,0,0,0,0
base-1.0,T0161,1,length,780,0,0,0,0,0,0,0,0,0,0,0,0,0,0,0
base-1.0,T0162,1,length,764,0,0,0,0,0,0,0,0,0,0,0,0,0,0,0
base-1.0,T0163,1,stop,523,0,0,0,0,0,0,0,0,0,0,0,0,0,0,0
base-1.0,T0164,1,length,920,0,0,0,0,0,0,0,0,1,0,0,0,0,0,0
base-1.0,T0165,1,stop,644,0,0,0,0,0,0,0,0,0,0,0,0,0,0,0
base-1.0,T0166,1,stop,389,0,0,0,0,0,0,0,0,0,0,0,0,0,0,0
base-1.0,T0167,1,stop,804,0,0,0,0,0,0,0,0,0,0,0,0,0,0,0
base-1.0,T0168,1,stop,484,0,0,0,0,0,0,0,0,0,0,0,0,0,0,0
base-1.0,T0169,1,stop,630,0,0,0,0,0,0,0,0,0,0,0,0,0,0,0
base-1.0,T0170,1,stop,400,0,0,0,0,0,0,0,0,0,0,0,0,0,0,0
base-1.0,T0171,1,stop,677,0,0,0,0,0,0,0,0,0,0,0,0,0,0,0
base-1.0,T0172,1,stop,403,0,0,0,0,0,0,0,0,0,0,0,0,0,0,0
base-1.0,T0173,1,stop,621,0,0,0,0,0,0,0,0,0,0,0,0,0,0,0
base-1.0,T0174,1,length,712,0,0,0,0,0,0,0,0,0,0,0,0,0,0,0
base-1.0,T0175,1,stop,554,0,0,0,0,0,0,0,0,0,0,0,0,0,0,0
base-1.0,T0176,1,stop,625,0,0,0,0,0,0,0,0,0,0,0,0,0,0,0
base-1.0,T0177,1,length,833,0,0,0,0,0,0,1,0,0,0,0,0,0,0,0
base-1.0,T0178,1,stop,191,0,0,0,0,0,0,0,0,0,0,0,0,0,0,0
base-1.0,T0179,1,stop,368,0,0,0,0,0,0,0,0,0,0,0,0,0,0,0
base-1.0,T0180,1,length,859,0,0,0,0,0,0,0,0,0,0,0,0,0,0,0
base-1.0,T0181,1,stop,515,0,0,0,0,0,0,0,0,1,0,0,0,0,0,0
base-1.0,T0182,1,stop,671,0,0,0,0,0,0,0,0,0,0,0,0,0,0,0
base-1.0,T0183,1,length,833,0,0,0,0,0,0,0,0,0,0,0,0,0,0,0
base-1.0,T0184,1,length,551,0,0,0,0,0,0,0,0,0,0,0,0,0,0,0
base-1.0,T0185,1,length,881,0,0,0,0,0,0,0,0,0,0,0,0,0,0,0
base-1.0,T0186,1,stop,295,0,0,0,0,0,0,0,0,0,0,0,0,0,0,0
base-1.0,T0187,1,stop,543,0,0,0,0,0,0,0,0,0,0,0,0,0,0,0
base-1.0,T0188,1,stop,352,0,0,0,1,0,0,0,0,0,0,0,0,0,0,0
base-1.0,T0189,1,stop,547,0,0,0,0,0,0,0,0,0,0,0,0,0,0,0
base-1.0,T0190,1,length,846,0,0,0,0,0,0,0,0,0,0,0,0,0,0,0
base-1.0,T0191,1,stop,652,0,0,0,0,0,0,0,0,0,0,0,0,0,0,0
base-1.0,T0192,1,length,850,0,0,0,0,0,0,0,0,0,0,0,0,0,0,0
base-1.0,T0193,1,stop,532,0,0,0,0,0,0,0,0,0,0,0,0,0,0,0
base-1.0,T0194,1,length,713,0,0,0,0,0,0,0,0,0,0,0,0,0,0,0
base-1.0,T0195,1,stop,595,0,0,0,0,0,0,0,0,0,0,0,0,0,0,0
base-1.0,T0196,1,stop,789,0,0,0,0,0,0,0,0,1,0,0,0,0,0,0
base-1.0,T0197,1,stop,772,0,0,0,0,0,0,0,0,0,0,0,0,0,0,0
base-1.0,T0198,1,stop,455,0,0,0,0,0,0,0,0,0,0,0,0,0,0,0
base-1.0,T0199,1,stop,678,0,0,0,0,0,0,0,0,0,0,0,0,0,0,0
base-1.0,T0200,1,length,719,0,0,0,0,0,0,0,0,0,0,0,0,0,0,0
base-1.0,T0201,1,stop,560,0,0,0,0,0,0,0,0,0,0,0,0,0,0,0
base-1.0,T0202,1,stop,811,0,0,0,0,0,0,0,0,0,0,0,0,0,0,0
base-1.0,T0203,1,length,895,0,0,0,0,0,0,0,0,0,0,0,0,0,0,0
base-1.0,T0204,1,length,830,0,0,0,0,0,0,0,0,0,0,0,0,0,0,0
base-1.0,T0205,1,stop,224,0,0,0,0,0,0,0,0,0,0,0,0,0,0,0
base-1.0,T0206,1,length,819,0,0,0,0,0,0,0,0,0,0,0,0,0,0,0
base-1.0,T0207,1,stop,137,0,0,0,0,0,0,0,0,0,0,0,0,0,0,0
base-1.0,T0208,1,length,797,0,0,0,0,0,0,0,0,0,0,0,0,0,0,0
base-1.0,T0209,1,stop,364,0,0,0,0,0,0,0,0,0,0,0,0,0,0,0
base-1.0,T0210,1,length,550,0,0,0,0,0,0,0,0,0,0,0,0,0,0,0
base-1.0,T0211,1,stop,294,0,0,0,0,0,0,0,0,0,0,0,0,0,0,0
base-1.0,T0212,1,length,776,0,0,0,0,0,0,2,0,1,0,0,0,1,0,0
base-1.0,T0213,1,length,842,0,0,0,0,0,0,0,0,0,0,0,0,0,0,0
base-1.0,T0214,1,stop,511,0,0,0,0,0,0,0,0,0,0,0,0,0,0,0
base-1.0,T0215,1,stop,582,0,0,0,0,0,0,0,0,0,0,0,0,0,0,0
base-1.0,T0216,1,length,799,0,0,0,0,0,0,0,0,0,0,0,0,0,0,0
base-1.0,T0217,1,stop,427,0,0,0,0,0,0,0,0,0,0,0,0,0,0,0
base-1.0,T0218,1,stop,447,0,0,0,0,0,0,0,0,0,0,0,0,0,0,0
base-1.0,T0219,1,stop,836,0,0,0,0,0,0,0,0,0,0,0,0,0,0,0
base-1.0,T0220,1,length,802,0,0,0,0,0,0,1,0,0,0,0,0,0,0,0
base-1.0,T0221,1,stop,67,0,0,0,0,0,0,0,0,0,0,0,0,0,0,0
base-1.0,T0222,1,stop,668,0,0,0,0,0,0,0,0,0,0,0,0,0,0,0
base-1.0,T0223,1,length,733,0,0,0,0,0,0,0,0,0,0,0,0,0,0,0
base-1.0,T0224,1,stop,117,0,0,0,0,0,0,0,0,0,0,0,0,0,0,0
base-1.0,T0225,1,length,825,0,0,0,0,0,0,0,0,0,0,0,0,0,0,0
base-1.0,T0226,1,stop,536,0,0,0,0,0,0,0,0,0,0,0,0,0,0,0
base-1.0,T0227,1,stop,762,0,0,0,0,0,0,0,0,1,0,0,0,0,0,0
base-1.0,T0228,1,stop,195,0,0,0,0,0,0,0,0,0,0,0,0,0,0,0
base-1.0,T0229,1,length,806,0,0,0,0,0,0,0,0,0,0,0,0,0,0,0
base-1.0,T0230,1,length,874,0,0,0,0,0,0,0,0,0,0,0,0,0,0,0
base-1.0,T0231,1,stop,236,0,0,0,0,0,0,0,0,0,0,0,0,0,0,0
base-1.0,T0232,1,stop,307,0,0,0,0,0,0,0,0,0,0,0,0,0,0,0
base-1.0,T0233,1,length,790,0,0,0,0,0,0,0,1,0,0,0,0,0,0,0
base-1.0,T0234,1,stop,424,0,0,0,0,0,0,0,0,0,0,0,0,0,0,0
base-1.0,T0235,1,length,757,0,0,0,0,0,0,0,0,0,0,0,0,0,0,0
base-1.0,T0236,1,length,832,0,0,0,0,0,0,0,0,0,0,0,0,0,0,0
base-1.0,T0237,1,length,820,0,0,0,0,0,0,0,0,0,0,0,0,0,0,0
base-1.0,T0238,1,stop,259,0,0,0,0,0,0,0,0,0,0,0,0,0,0,0
base-1.0,T0239,1,length,727,0,0,0,0,0,0,0,0,0,0,0,0,0,0,0
base-1.0,T0240,1,stop,518,0,0,0,0,0,0,0,0,1,0,0,0,0,0,0
base-1.0,T0241,1,length,799,0,0,0,0,0,0,0,0,0,0,0,0,1,0,0
base-1.0,T0242,1,stop,427,0,0,0,0,0,0,0,0,0,0,0,0,0,0,0
base-1.0,T0243,1,stop,640,0,0,0,0,0,0,0,0,0,0,0,0,0,0,0
base-1.0,T0244,1,stop,760,0,0,0,0,0,0,0,0,0,0,0,0,0,0,0
base-1.0,T0245,1,length,875,0,0,0,0,0,0,0,0,0,0,0,0,0,0,0
base-1.0,T0246,1,length,776,0,0,0,0,0,0,0,0,0,0,0,0,0,0,0
base-1.0,T0247,1,length,881,0,0,0,0,0,0,0,0,0,0,0,0,0,0,0
base-1.0,T0248,1,length,839,0,0,0,0,0,0,0,0,0,0,0,0,0,0,0
base-1.0,T0249,1,stop,226,0,0,0,0,0,0,0,0,0,0,0,0,0,0,0
base-1.0,T0250,1,length,816,0,0,0,0,0,0,0,0,0,0,0,0,0,0,0
base-1.0,T0251,1,stop,663,0,0,0,0,0,0,0,0,0,0,0,0,0,0,0
base-1.0,T0252,1,stop,35,0,0,0,0,0,0,0,0,0,0,0,0,0,0,0
base-1.0,T0253,1,stop,499,0,0,0,0,0,0,0,0,0,0,0,0,0,0,0
base-1.0,T0254,1,length,848,0,0,0,0,0,0,0,0,0,0,0,0,0,0,0
base-1.0,T0255,1,length,805,0,0,0,0,0,0,0,0,0,0,0,0,0,0,0
base-1.0,T0256,1,length,772,0,0,0,0,0,0,0,0,0,0,0,0,0,0,0
base-1.0,T0257,1,stop,556,0,0,0,0,0,0,0,0,0,0,0,0,0,0,0
base-1.0,T0258,1,stop,673,0,0,0,0,0,0,0,0,0,0,0,0,0,0,0
base-1.0,T0259,1,length,783,0,0,0,0,0,0,0,0,0,0,0,0,0,0,0
base-1.0,T0260,1,stop,446,0,0,0,0,0,0,0,0,0,0,0,0,0,0,0
base-1.0,T0261,1,stop,203,0,0,0,0,0,0,0,0,0,0,0,0,0,0,0
base-1.0,T0262,1,length,730,0,0,0,0,0,0,0,0,0,0,0,0,0,0,0
base-1.0,T0263,1,length,810,0,0,0,0,0,0,0,0,0,0,0,0,0,1,0
base-1.0,T0264,1,stop,602,0,0,0,0,0,0,0,0,1,0,0,0,0,0,0
base-1.0,T0265,1,length,801,0,0,0,0,0,0,0,0,0,0,0,0,0,0,0
base-1.0,T0266,1,length,774,0,0,0,0,0,0,0,0,0,0,0,0,0,0,0
base-1.0,T0267,1,stop,619,0,0,0,0,0,0,0,0,0,0,0,0,0,0,0
base-1.0,T0268,1,length,751,0,0,0,0,0,0,0,0,0,0,0,0,0,0,0
base-1.0,T0269,1,stop,149,0,0,0,0,0,0,0,0,0,0,0,0,0,0,0
base-1.0,T0270,1,length,879,0,0,0,0,0,0,0,1,1,0,0,0,0,0,0
base-1.0,T0271,1,stop,354,0,0,0,0,0,0,0,0,0,0,0,0,0,0,0
base-1.0,T0272,1,stop,704,0,0,0,0,0,0,0,0,0,0,0,0,0,0,0
base-1.0,T0273,1,stop,369,0,0,0,0,0,0,0,0,0,0,0,0,0,0,0
base-1.0,T0274,1,stop,710,0,0,0,0,0,0,0,0,0,0,0,0,0,0,0
base-1.0,T0275,1,stop,495,0,0,0,0,0,0,0,0,0,0,0,0,0,0,0
base-1.0,T0276,1,length,825,0,0,0,0,0,0,0,0,0,0,0,0,0,0,0
base-1.0,T0277,1,stop,814,0,0,0,0,0,0,2,0,0,0,0,0,0,0,0
base-1.0,T0278,1,length,814,0,0,0,0,0,0,0,0,0,0,0,0,0,0,0
base-1.0,T0279,1,length,867,0,0,0,0,0,0,0,0,0,0,0,0,0,0,0
base-1.0,T0280,1,length,795,0,0,0,0,0,0,0,1,0,0,0,0,0,0,0
base-1.0,T0281,1,stop,494,0,0,0,0,0,0,0,0,1,0,0,0,0,0,0
base-1.0,T0282,1,length,845,0,0,0,0,0,0,0,0,0,0,0,0,0,0,0
base-1.0,T0283,1,stop,131,0,0,0,0,0,0,0,0,0,0,0,0,0,0,0
base-1.0,T0284,1,stop,403,0,0,0,0,0,0,1,0,0,0,0,0,0,0,0
base-1.0,T0285,1,stop,297,0,0,0,0,0,0,0,0,0,0,0,0,0,0,0
base-1.0,T0286,1,stop,713,0,0,0,0,0,0,0,0,0,0,0,0,0,0,0
base-1.0,T0287,1,stop,598,0,0,0,0,0,0,0,0,0,0,0,0,0,0,0
base-1.0,T0288,1,stop,508,0,0,0,0,0,0,0,0,0,0,0,0,0,0,0
base-1.0,T0289,1,stop,719,0,0,0,0,0,0,0,0,0,0,0,0,0,0,0
base-1.0,T0290,1,length,820,0,0,0,0,0,0,0,0,0,0,0,0,0,0,0
base-1.0,T0291,1,stop,129,0,0,0,0,0,0,0,0,0,0,0,0,0,0,0
base-1.0,T0292,1,stop,509,0,0,0,0,0,0,0,0,0,0,0,0,0,0,0
base-1.0,T0293,1,length,762,0,0,0,0,0,0,0,0,0,0,0,0,0,0,0
base-1.0,T0294,1,stop,458,0,0,0,0,0,0,0,0,0,0,0,0,0,0,0
base-1.0,T0295,1,length,768,0,0,0,0,0,0,0,0,0,0,0,0,0,0,0
base-1.0,T0296,1,length,810,0,0,0,0,0,0,0,0,0,0,0,0,0,0,0
base-1.0,T0297,1,stop,20,0,0,0,0,0,0,0,0,0,0,0,0,0,0,0
base-1.0,T0298,1,stop,643,0,0,0,0,0,0,0,0,0,0,0,0,0,0,0
base-1.0,T0299,1,stop,232,0,0,0,0,0,0,0,0,0,0,0,0,0,0,0
base-1.0,T0300,1,stop,555,0,0,0,0,0,0,0,0,0,0,0,0,0,1,0
base-1.0,T0301,1,length,798,0,0,0,0,0,0,0,0,0,0,0,0,0,0,0
base-1.0,T0302,1,stop,372,0,0,0,0,0,0,0,0,0,0,0,0,0,0,0
base-1.0,T0303,1,stop,48,0,0,0,0,0,0,0,0,0,0,0,0,0,0,0
base-1.0,T0304,1,length,864,0,0,0,0,0,0,0,0,0,0,0,0,0,0,0
base-1.0,T0305,1,length,741,0,0,0,0,0,0,0,0,0,0,0,0,0,0,0
base-1.0,T0306,1,stop,546,0,0,0,0,0,0,0,0,0,0,0,0,0,0,0
base-1.0,T0307,1,stop,563,0,0,0,0,0,0,0,0,0,0,0,0,0,0,0
base-1.0,T0308,1,stop,387,0,0,0,0,0,0,0,0,0,0,0,0,0,0,0
base-1.0,T0309,1,length,826,0,0,0,0,0,0,0,0,1,0,0,0,0,0,0
base-1.0,T0310,1,stop,707,0,0,0,0,0,0,0,0,0,0,0,0,0,0,0
base-1.0,T0311,1,stop,282,0,0,0,0,0,0,0,0,0,0,0,0,0,0,0
base-1.0,T0312,1,stop,651,0,0,0,0,0,0,0,0,0,0,0,0,0,0,0
base-1.0,T0313,1,stop,702,0,0,0,0,0,0,0,0,0,0,0,0,0,0,0
base-1.0,T0314,1,length,794,0,0,0,0,0,0,0,0,0,0,0,0,0,0,0
base-1.0,T0315,1,stop,326,0,0,0,0,0,0,0,0,0,0,0,0,0,0,0
base-1.0,T0316,1,stop,460,0,0,0,0,0,0,0,0,0,0,0,0,0,0,0
base-1.0,T0317,1,length,913,0,0,0,0,0,0,0,0,0,0,0,0,0,0,0
base-1.0,T0318,1,length,717,0,0,0,0,0,0,0,0,0,0,0,0,0,0,0
base-1.0,T0319,1,length,790,0,0,0,0,0,0,0,0,0,0,0,0,0,0,0
base-1.0,T0320,1,length,878,0,0,0,0,0,0,0,0,0,0,0,0,0,0,0
base-1.0,T0321,1,stop,587,0,0,0,0,0,0,1,0,0,0,0,0,0,0,0
base-1.0,T0322,1,stop,733,0,0,0,0,0,0,0,0,0,0,0,0,0,0,0
base-1.0,T0323,1,stop,128,0,0,0,0,0,0,0,0,0,0,0,0,0,0,0
base-1.0,T0324,1,stop,388,0,0,0,0,0,0,0,0,0,0,0,0,0,0,0
base-1.0,T0325,1,stop,624,0,0,0,0,0,0,0,0,1,0,0,0,0,0,0
base-1.0,T0326,1,stop,640,0,0,0,0,0,0,0,0,0,0,0,0,0,0,0
base-1.0,T0327,1,length,801,0,0,0,0,0,0,0,0,0,0,0,0,0,0,0
base-1.0,T0328,1,length,640,0,0,0,0,0,0,0,0,0,0,0,0,0,0,0
base-1.0,T0329,1,stop,541,0,0,0,0,0,0,0,0,0,0,0,0,0,0,0
base-1.0,T0330,1,stop,446,0,0,0,0,0,0,0,0,0,0,0,0,0,0,0
base-1.0,T0331,1,stop,758,0,0,0,0,0,0,0,0,0,0,0,0,0,0,0
base-1.0,T0332,1,stop,734,0,0,0,0,0,0,0,0,0,0,0,0,0,0,0
base-1.0,T0333,1,stop,297,0,0,0,0,0,0,0,0,0,0,0,0,0,0,0
base-1.0,T0334,1,length,758,0,0,0,0,0,0,0,0,0,0,0,0,0,0,0
base-1.0,T0335,1,stop,179,0,0,0,0,0,0,0,0,0,0,0,0,0,0,0
base-1.0,T0336,1,length,811,0,0,0,0,0,0,0,0,2,0,0,0,0,0,0
base-1.0,T0337,1,stop,401,0,0,0,0,0,0,0,0,0,0,0,0,0,0,0
base-1.0,T0338,1,stop,673,0,0,0,0,0,0,0,0,0,0,0,0,0,0,0
base-1.0,T0339,1,stop,667,0,0,1,0,0,0,0,0,0,0,0,0,0,0,0
base-1.0,T0340,1,stop,612,0,0,0,0,0,0,0,0,0,0,0,0,0,0,0
base-1.0,T0341,1,stop,595,0,0,0,0,0,0,1,0,0,1,0,0,0,0,0
base-1.0,T0342,1,stop,232,0,0,0,0,0,0,0,0,0,0,0,0,0,0,0
base-1.0,T0343,1,stop,549,0,0,0,0,0,0,0,0,0,0,0,0,0,0,0
base-1.0,T0344,1,stop,397,0,0,0,0,0,0,0,0,0,0,0,0,0,0,0
base-1.0,T0345,1,stop,644,0,0,0,0,0,0,0,0,0,0,0,0,1,0,0
base-1.0,T0346,1,length,852,0,0,0,0,0,0,0,0,0,0,0,0,0,0,0
base-1.0,T0347,1,stop,818,0,0,0,0,0,0,0,0,0,0,0,0,0,0,0
base-1.0,T0348,1,length,827,0,0,0,0,0,0,0,0,0,0,0,0,0,0,0
base-1.0,T0349,1,stop,765,0,0,0,0,0,0,0,0,0,0,0,0,0,0,0
base-1.0,T0350,1,stop,754,0,0,0,0,0,0,0,2,1,0,0,0,0,0,0
base-1.0,T0351,1,length,747,0,0,0,0,0,0,0,0,0,0,0,0,0,0,0
base-1.0,T0352,1,stop,657,0,0,0,0,0,0,0,0,0,0,0,0,0,0,0
base-1.0,T0353,1,stop,208,0,0,0,0,0,0,0,0,0,0,0,0,0,0,0
base-1.0,T0354,1,length,712,0,0,0,0,0,0,0,0,0,0,0,0,0,0,0
base-1.0,T0355,1,stop,641,0,0,0,0,0,0,0,0,0,0,0,0,0,0,0
base-1.0,T0356,1,stop,145,0,0,0,0,0,0,0,0,0,0,0,0,0,0,0
base-1.0,T0357,1,stop,246,0,0,0,0,0,0,0,0,0,0,0,0,0,0,0
base-1.0,T0358,1,stop,644,0,0,0,0,0,0,0,0,0,0,0,0,0,0,0
base-1.0,T0359,1,length,115,0,0,0,0,0,0,0,0,0,0,0,0,0,0,0
base-1.0,T0360,1,length,844,0,0,0,0,0,0,0,0,0,0,0,0,0,0,0
base-1.0,T0361,1,length,844,0,0,0,0,0,0,0,0,0,0,0,0,0,0,0
base-1.0,T0362,1,stop,639,0,0,0,0,0,0,1,0,2,0,0,0,0,0,0
base-1.0,T0363,1,stop,679,0,0,0,0,0,0,0,0,0,0,0,0,0,0,0
base-1.0,T0364,1,stop,125,0,0,0,0,0,0,0,0,0,0,0,0,0,0,0
base-1.0,T0365,1,length,832,0,0,0,0,0,0,0,0,0,0,0,0,0,0,0
base-1.0,T0366,1,length,805,0,0,0,0,0,0,0,0,0,0,0,0,0,0,0
base-1.0,T0367,1,stop,201,0,0,0,0,0,0,0,0,0,0,0,0,0,0,0
base-1.0,T0368,1,stop,503,0,0,0,0,0,0,0,0,1,0,0,0,0,0,0
base-1.0,T0369,1,stop,585,0,0,0,0,0,0,0,0,0,0,0,0,0,0,0
base-1.0,T0370,1,stop,590,0,0,0,0,0,0,0,0,0,0,0,0,0,0,0
base-1.0,T0371,1,length,838,0,0,0,0,0,0,0,0,0,0,0,0,0,0,0
base-1.0,T0372,1,stop,98,0,0,0,0,0,0,0,0,0,0,0,0,0,0,0
base-1.0,T0373,1,stop,61,0,0,0,0,0,0,0,0,0,0,0,0,0,0,0
base-1.0,T0374,1,length,800,0,0,0,0,0,0,0,0,0,0,0,0,1,0,0
base-1.0,T0375,1,stop,518,0,0,0,0,0,0,1,0,0,0,0,0,0,0,0
base-1.0,T0376,1,stop,106,0,0,0,0,0,0,0,0,0,0,0,0,0,0,0
base-1.0,T0377,1,length,863,0,0,0,0,0,0,0,0,0,0,0,0,0,0,0
base-1.0,T0378,1,stop,768,0,0,0,0,0,0,0,0,0,0,0,0,0,0,0
base-1.0,T0379,1,length,833,0,0,0,0,0,0,0,0,0,0,0,0,0,0,0
base-1.0,T0380,1,length,879,0,0,0,0,0,0,0,0,0,0,0,0,0,0,0
base-1.0,T0381,1,stop,604,0,0,0,0,0,0,0,0,0,0,0,0,0,0,0
base-1.0,T0382,1,length,851,0,0,0,0,0,0,0,0,0,0,0,0,0,0,0
base-1.0,T0383,1,stop,564,0,0,0,0,0,0,0,0,0,0,0,0,0,0,0
base-1.0,T0384,1,length,758,0,0,0,0,0,0,0,0,1,0,0,0,0,0,0
base-1.0,T0385,1,stop,451,0,0,0,0,0,0,0,0,0,0,0,0,0,0,0
base-1.0,T0386,1,length,785,0,0,0,0,0,0,0,0,0,0,0,0,0,0,0
base-1.0,T0387,1,length,620,0,0,0,0,0,0,0,0,0,0,0,0,0,0,0
base-1.0,T0388,1,stop,459,0,0,0,0,0,0,0,0,0,0,0,0,0,0,0
base-1.0,T0389,1,stop,543,0,0,0,0,0,0,0,1,0,0,0,0,0,0,0
base-1.0,T0390,1,length,807,0,0,0,0,0,0,0,0,0,0,0,0,0,0,0
base-1.0,T0391,1,stop,266,0,0,0,0,0,0,0,0,0,0,0,0,0,0,0
base-1.0,T0392,1,length,728,0,0,0,0,0,0,0,0,0,0,0,0,0,0,0
base-1.0,T0393,1,stop,52,0,0,0,0,0,0,0,0,0,0,0,0,0,0,0
base-1.0,T0394,1,stop,319,0,0,0,0,0,0,0,0,0,0,0,0,0,0,0
base-1.0,T0395,1,length,812,0,0,0,0,0,0,0,0,2,1,0,0,0,0,0
base-1.0,T0396,1,stop,239,0,0,0,0,0,0,0,0,0,0,0,0,0,0,0
base-1.0,T0397,1,stop,425,0,0,0,0,0,0,0,0,0,0,0,0,0,0,0
base-1.0,T0398,1,stop,637,0,0,0,0,0,0,0,0,0,0,0,0,0,0,0
base-1.0,T0399,1,stop,523,0,0,0,0,0,0,0,0,0,0,0,0,0,0,0
base-1.0,T0400,1,stop,387,0,0,0,0,0,0,0,0,0,0,0,0,0,0,0
base-1.0,T0401,1,stop,710,0,0,0,0,0,0,0,0,0,0,0,0,0,0,0
base-1.0,T0402,1,stop,676,0,0,0,0,0,0,0,0,1,0,0,0,0,1,0
base-1.0,T0403,1,stop,287,0,0,0,0,0,0,0,0,0,0,0,0,0,0,0
base-1.0,T0404,1,length,799,0,0,0,0,0,0,0,0,0,0,0,0,0,0,0
base-1.0,T0405,1,stop,824,0,0,0,0,0,0,0,0,0,0,0,0,0,0,0
base-1.0,T0406,1,length,826,0,0,0,0,0,0,1,0,0,0,0,0,0,0,0
base-1.0,T0407,1,stop,485,0,0,0,0,0,0,0,0,0,0,0,0,0,0,0
base-1.0,T0408,1,length,771,0,0,0,0,0,0,0,0,0,0,0,0,0,0,0
base-1.0,T0409,1,stop,142,0,0,0,0,0,0,0,0,0,0,0,0,0,0,0
base-1.0,T0410,1,stop,297,0,0,0,0,0,0,0,0,0,0,0,0,0,0,0
base-1.0,T0411,1,stop,228,0,0,0,0,0,0,0,0,0,0,0,0,0,0,0
base-1.0,T0412,1,stop,734,0,0,0,0,0,0,0,0,1,0,0,0,0,0,0
base-1.0,T0413,1,stop,656,0,0,0,0,0,0,0,0,0,0,0,0,0,0,0
base-1.0,T0414,1,stop,763,0,0,0,0,0,0,0,0,0,0,0,0,0,0,0
base-1.0,T0415,1,stop,302,0,0,0,0,0,0,0,0,0,0,0,0,0,0,0
base-1.0,T0416,1,stop,389,0,0,0,0,0,0,0,0,0,0,0,0,0,0,0
base-1.0,T0417,1,stop,522,0,0,0,0,0,0,0,0,0,0,0,0,0,0,0
base-1.0,T0418,1,stop,793,0,0,0,0,0,0,0,0,0,0,0,0,0,0,0
base-1.0,T0419,1,stop,457,0,0,0,0,0,0,0,0,0,0,0,0,0,0,0
base-1.0,T0420,1,stop,448,0,0,0,0,0,0,0,0,0,0,0,0,0,0,0
base-1.0,T0421,1,stop,745,0,0,0,0,0,0,0,0,0,0,0,0,0,0,0
base-1.0,T0422,1,stop,655,0,0,0,0,0,0,0,0,0,0,0,0,0,0,0
base-1.0,T0423,1,stop,755,0,0,0,0,0,0,0,0,0,0,0,0,0,0,0
base-1.0,T0424,1,length,808,0,0,0,0,0,0,0,0,1,0,0,0,0,0,0
base-1.0,T0425,1,stop,486,0,0,0,0,0,0,0,0,0,0,0,0,0,0,0
base-1.0,T0426,1,length,701,0,0,0,0,0,0,0,0,0,0,0,0,0,0,0
base-1.0,T0427,1,stop,622,0,0,0,0,0,0,0,0,1,0,0,0,0,0,0
base-1.0,T0428,1,length,809,0,0,0,0,0,0,1,0,1,0,0,0,0,0,0
base-1.0,T0429,1,length,774,0,0,0,0,0,0,0,0,0,0,0,0,0,0,0
base-1.0,T0430,1,stop,266,0,0,0,0,0,0,0,0,0,0,0,0,0,0,0
base-1.0,T0431,1,stop,625,0,0,1,0,0,0,0,0,0,0,0,0,0,0,0
base-1.0,T0432,1,stop,277,0,0,0,0,0,0,0,0,0,0,0,0,0,0,0
base-1.0,T0433,1,length,881,0,0,0,0,0,0,0,0,0,0,0,0,0,0,0
base-1.0,T0434,1,stop,489,0,0,0,0,0,0,0,0,0,0,0,0,0,0,0
base-1.0,T0435,1,stop,479,0,0,0,0,0,0,0,0,0,0,0,0,0,0,0
base-1.0,T0436,1,stop,805,0,0,0,0,0,0,0,0,1,0,0,0,0,0,0
base-1.0,T0437,1,stop,595,0,0,0,0,0,0,0,0,0,0,0,0,0,0,0
base-1.0,T0438,1,stop,520,0,0,0,0,0,0,0,0,0,0,0,0,0,0,0
base-1.0,T0439,1,stop,548,0,0,0,0,0,0,0,0,0,0,0,0,0,0,0
base-1.0,T0440,1,stop,504,0,0,0,0,0,0,0,0,0,0,0,0,0,0,0
base-1.0,T0441,1,length,776,0,0,0,0,0,0,0,0,0,0,0,0,0,0,0
base-1.0,T0442,1,stop,736,0,0,0,0,0,0,0,0,0,0,0,0,0,0,0
base-1.0,T0443,1,stop,785,0,0,0,0,0,0,0,0,0,0,0,0,0,0,0
base-1.0,T0444,1,stop,581,0,0,0,0,0,0,0,0,0,0,0,0,0,0,0
base-1.0,T0445,1,length,826,0,0,0,0,0,0,0,0,0,0,0,0,0,0,0
base-1.0,T0446,1,length,765,0,0,0,0,0,0,0,0,0,0,0,0,0,0,0
base-1.0,T0447,1,stop,664,0,0,0,0,0,0,0,0,0,0,0,0,0,0,0
base-1.0,T0448,1,stop,169,0,0,0,0,0,0,0,0,0,0,0,0,0,0,0
base-1.0,T0449,1,stop,327,0,0,0,0,0,0,0,0,0,0,0,0,0,0,0
base-1.0,T0450,1,length,806,0,0,0,0,0,0,0,0,0,0,0,0,0,0,0
base-1.0,T0451,1,stop,700,0,0,0,0,0,0,0,0,0,0,0,0,0,0,0
base-1.0,T0452,1,stop,148,0,0,0,0,0,0,0,0,0,0,0,0,0,0,0
base-1.0,T0453,1,length,827,0,0,0,0,0,0,0,0,0,0,0,0,0,0,0
base-1.0,T0454,1,length,859,0,0,0,0,0,0,0,0,0,0,0,0,0,0,0
base-1.0,T0455,1,stop,353,0,0,0,0,0,0,0,0,0,0,0,0,0,0,0
base-1.0,T0456,1,length,805,0,0,0,0,0,0,0,0,0,0,0,0,0,0,0
base-1.0,T0457,1,stop,398,0,0,0,0,0,0,0,0,0,0,0,0,0,0,0
base-1.0,T0458,1,length,832,0,0,0,0,0,0,0,0,0,0,0,0,0,0,0
base-1.0,T0459,1,stop,598,0,0,0,0,0,0,0,0,0,0,0,0,0,0,0
base-1.0,T0460,1,length,815,0,0,0,0,0,0,0,1,0,0,0,0,0,0,0
base-1.0,T0461,1,stop,516,0,0,0,0,0,0,0,0,0,0,0,0,0,0,0
base-1.0,T0462,1,stop,681,0,0,0,0,0,0,0,0,0,0,0,0,0,0,0
base-1.0,T0463,1,length,832,0,0,1,0,0,0,0,0,0,0,0,0,0,0,0
base-1.0,T0464,1,length,638,0,0,0,0,0,0,0,0,0,0,0,0,0,0,0
base-1.0,T0465,1,length,858,0,0,0,0,0,0,0,0,2,0,0,0,0,0,0
base-1.0,T0466,1,stop,688,0,0,0,0,0,0,0,0,0,0,0,0,0,0,0
base-1.0,T0467,1,stop,491,0,0,0,0,0,0,0,0,0,0,0,0,0,0,0
base-1.0,T0468,1,length,679,0,0,0,0,0,0,0,0,0,0,0,0,0,0,0
base-1.0,T0469,1,stop,589,0,0,0,0,0,0,0,0,0,0,0,0,0,0,0
base-1.0,T0470,1,stop,510,0,0,0,0,0,0,0,0,0,0,0,0,0,0,0
base-1.0,T0471,1,stop,448,0,0,0,0,0,0,0,0,1,0,0,0,0,0,0
base-1.0,T0472,1,length,888,0,0,0,0,0,0,0,0,0,0,0,0,0,0,0
base-1.0,T0473,1,length,842,0,0,0,0,0,0,1,0,0,0,0,0,0,0,0
base-1.0,T0474,1,stop,499,0,0,0,0,0,0,0,0,0,0,0,0,0,0,0
base-1.0,T0475,1,stop,114,0,0,0,0,0,0,0,0,0,0,0,0,0,0,0
base-1.0,T0476,1,stop,465,0,0,0,0,0,0,0,0,0,0,0,0,0,0,0
base-1.0,T0477,1,length,788,0,0,0,0,0,0,0,0,0,0,0,0,0,0,0
base-1.0,T0478,1,stop,455,0,0,0,0,0,0,0,0,0,0,0,0,0,0,0
base-1.0,T0479,1,stop,568,0,0,0,0,0,0,0,0,0,0,0,0,0,0,0
base-1.0,T0480,1,stop,556,0,0,0,0,0,0,0,0,0,0,0,0,0,0,0
base-1.0,T0481,1,length,774,0,0,0,0,0,0,0,0,0,0,0,0,0,0,0
base-1.0,T0482,1,stop,801,0,0,0,0,0,0,0,0,0,0,0,0,0,0,0
base-1.0,T0483,1,stop,586,0,0,0,0,0,0,0,0,0,0,0,0,0,0,0
base-1.0,T0484,1,length,687,0,0,0,0,0,0,0,0,0,0,0,0,0,0,0
base-1.0,T0485,1,length,763,0,0,0,0,0,0,0,0,0,0,0,0,0,0,0
base-1.0,T0486,1,length,819,0,0,0,0,0,0,0,0,0,0,0,0,0,0,0
base-1.0,T0487,1,length,858,0,0,0,0,0,0,0,1,0,0,0,0,0,0,0
base-1.0,T0488,1,stop,91,0,0,0,0,0,0,0,0,0,0,0,0,0,0,0
base-1.0,T0489,1,length,863,0,0,0,0,0,0,0,0,0,0,0,0,0,0,0
base-1.0,T0490,1,stop,413,0,0,0,0,0,0,0,0,0,0,0,0,0,0,0
base-1.0,T0491,1,stop,44,0,0,0,0,0,0,0,0,0,0,0,0,0,0,0
base-1.0,T0492,1,stop,347,0,0,0,0,0,0,0,0,0,0,0,0,0,0,0
base-1.0,T0493,1,stop,559,0,0,0,0,0,0,0,0,0,0,0,0,0,0,0
base-1.0,T0494,1,length,792,0,0,0,0,0,0,0,0,0,0,0,0,0,0,0
base-1.0,T0495,1,stop,670,0,0,0,0,0,0,0,0,0,0,0,0,0,0,0
base-1.0,T0496,1,length,749,0,0,0,0,0,0,0,0,0,0,0,0,1,0,0
base-1.0,T0497,1,stop,484,0,0,0,0,0,0,0,0,0,0,0,0,0,0,0
base-1.0,T0498,1,stop,585,0,0,0,0,0,0,0,0,0,0,0,0,0,0,0
base-1.0,T0499,1,stop,389,0,0,0,0,0,0,0,0,0,0,0,0,0,0,0
base-1.0,T0500,1,stop,465,0,0,0,0,0,0,0,0,0,0,0,0,0,0,0
base-1.0,T0501,1,stop,539,0,0,0,0,0,0,0,0,0,0,0,0,0,0,0
base-1.0,T0502,1,stop,563,0,0,0,0,0,0,0,0,0,0,0,0,0,0,0
base-1.0,T0503,1,length,798,0,0,0,0,0,0,0,0,0,0,0,0,1,0,0
base-1.0,T0504,1,length,732,0,0,0,0,0,0,0,0,0,0,0,0,0,0,0
base-1.0,T0505,1,length,783,0,0,0,0,0,0,0,0,0,0,0,0,0,0,0
base-1.0,T0506,1,stop,604,0,0,0,0,0,0,0,0,0,0,0,0,0,0,0
base-1.0,T0507,1,stop,355,0,0,0,0,0,0,0,0,0,0,0,0,0,0,0
base-1.0,T0508,1,length,703,0,0,0,0,0,0,0,0,0,0,0,0,0,0,0
base-1.0,T0509,1,stop,346,0,0,0,0,0,0,0,0,0,0,0,0,0,0,0
base-1.0,T0510,1,length,845,0,0,0,0,0,0,0,0,0,0,0,0,0,0,0
base-1.0,T0511,1,length,646,0,0,0,0,0,0,0,0,0,0,0,0,0,0,0
base-1.0,T0512,1,stop,651,0,0,0,0,0,0,0,0,0,0,0,0,0,0,0
base-1.0,T0513,1,length,827,0,0,0,0,0,0,0,0,0,0,0,0,0,0,0
base-1.0,T0514,1,length,855,0,0,0,0,0,0,0,0,0,0,0,0,0,0,0
base-1.0,T0515,1,stop,551,0,0,0,0,0,0,0,0,0,0,0,0,0,0,0
base-1.0,T0516,1,length,811,0,0,0,0,0,0,0,0,0,0,0,0,0,0,0
base-1.0,T0517,1,stop,728,0,0,0,0,0,0,0,0,0,0,0,0,0,0,0
base-1.0,T0518,1,stop,826,0,0,0,0,0,0,0,0,0,0,0,0,0,0,0
base-1.0,T0519,1,length,767,0,0,0,0,0,0,0,0,0,0,0,0,0,0,0
base-1.0,T0520,1,length,841,0,0,0,0,0,0,0,0,0,0,0,0,0,0,0
base-1.0,T0521,1,length,848,0,0,0,0,0,0,0,0,0,0,0,0,0,0,0
base-1.0,T0522,1,length,823,0,0,0,0,0,0,0,0,0,0,0,0,0,0,0
base-1.0,T0523,1,length,879,0,0,0,0,0,0,0,0,0,0,0,0,1,0,0
base-1.0,T0524,1,stop,410,0,0,0,0,0,0,0,0,0,0,0,0,0,0,0
base-1.0,T0525,1,length,784,0,0,0,0,0,0,0,0,0,0,0,0,0,0,0
base-1.0,T0526,1,stop,261,0,0,0,0,0,0,0,0,0,0,0,0,0,0,0
base-1.0,T0527,1,stop,579,0,0,0,0,0,0,0,0,0,0,0,0,0,0,0
base-1.0,T0528,1,stop,572,0,0,0,0,0,0,0,0,0,0,0,0,0,0,0
base-1.0,T0529,1,length,828,0,0,0,0,0,0,0,0,0,1,0,0,0,0,0
base-1.0,T0530,1,stop,396,0,0,0,0,0,0,0,0,0,0,0,0,0,0,0
base-1.0,T0531,1,length,820,0,0,0,0,0,0,0,0,0,0,0,0,0,0,0
base-1.0,T0532,1,stop,655,0,0,0,0,0,0,0,0,0,0,0,0,0,0,0
base-1.0,T0533,1,stop,560,0,0,0,0,0,0,0,0,0,0,0,0,0,0,0
base-1.0,T0534,1,stop,736,0,0,0,0,0,0,0,0,1,0,0,0,0,0,0
base-1.0,T0535,1,stop,309,0,0,0,0,0,0,0,0,0,0,0,0,0,0,0
base-1.0,T0536,1,stop,210,0,0,0,0,0,0,0,0,0,0,0,0,0,0,0
base-1.0,T0537,1,length,804,0,0,0,0,0,0,0,0,0,0,0,0,0,0,0
base-1.0,T0538,1,length,737,0,0,0,0,0,0,0,0,0,0,0,0,0,0,0
base-1.0,T0539,1,stop,174,0,0,0,0,0,0,0,0,0,0,0,0,0,0,0
base-1.0,T0540,1,stop,319,0,0,0,0,0,0,0,0,0,0,0,0,0,0,0
base-1.0,T0541,1,stop,468,0,0,0,0,0,0,0,0,0,0,0,0,0,0,0
base-1.0,T0542,1,stop,718,0,0,0,0,0,0,0,0,0,0,0,0,0,0,0
base-1.0,T0543,1,length,775,0,0,0,0,0,0,0,0,0,0,0,0,0,0,0
base-1.0,T0544,1,length,863,0,0,0,0,0,0,0,0,0,0,0,0,0,0,0
base-1.0,T0545,1,stop,369,0,0,0,0,0,0,0,0,0,0,0,0,0,0,0
base-1.0,T0546,1,length,729,0,0,0,0,0,0,0,0,0,0,0,0,0,0,0
base-1.0,T0547,1,stop,45,0,0,0,0,0,0,0,0,0,0,0,0,0,0,0
base-1.0,T0548,1,length,781,0,0,0,0,0,0,0,0,0,0,0,0,0,0,0
base-1.0,T0549,1,length,849,0,0,0,0,0,0,0,0,0,0,0,0,0,0,0
base-1.0,T0550,1,length,847,0,0,0,0,0,0,0,0,0,0,0,0,0,0,0
base-1.0,T0551,1,stop,715,0,0,0,0,0,0,1,0,0,0,0,0,0,0,0
base-1.0,T0552,1,stop,528,0,0,0,0,0,0,0,0,1,0,0,0,0,0,0
base-1.0,T0553,1,length,837,0,0,0,0,0,0,0,0,0,0,0,0,1,0,0
base-1.0,T0554,1,stop,149,0,0,0,0,0,0,0,0,0,0,0,0,0,0,0
base-1.0,T0555,1,stop,625,0,0,0,0,0,0,0,0,0,0,0,0,0,0,0
base-1.0,T0556,1,length,774,1,0,0,0,0,0,0,0,0,0,0,0,0,0,0
base-1.0,T0557,1,length,852,0,0,0,0,0,0,0,0,0,0,0,0,0,0,0
base-1.0,T0558,1,stop,495,0,0,0,0,0,0,0,0,0,0,0,0,0,0,0
base-1.0,T0559,1,stop,469,0,0,0,0,0,0,0,0,0,0,0,0,0,0,0
base-1.0,T0560,1,stop,540,0,0,0,0,0,0,0,0,1,0,0,0,0,0,0
base-1.0,T0561,1,stop,309,0,0,0,0,0,0,0,0,0,0,0,0,0,0,0
base-1.0,T0562,1,length,642,0,0,0,0,0,0,0,0,0,0,0,0,0,0,0
base-1.0,T0563,1,length,777,1,0,0,0,0,0,0,0,0,0,0,0,0,0,0
base-1.0,T0564,1,length,837,0,0,0,0,0,0,0,0,0,0,0,0,0,0,0
base-1.0,T0565,1,stop,354,0,0,0,0,0,0,0,0,0,0,0,0,0,0,0
base-1.0,T0566,1,stop,495,0,0,0,0,0,0,0,0,0,0,0,0,0,0,0
base-1.0,T0567,1,length,889,0,0,0,0,0,0,0,0,0,0,0,0,0,0,0
base-1.0,T0568,1,stop,670,0,0,0,0,0,0,0,0,0,0,0,0,0,0,0
base-1.0,T0569,1,length,787,0,0,0,0,0,0,0,0,1,0,0,0,0,0,0
base-1.0,T0570,1,length,904,0,0,0,0,0,0,0,0,0,0,0,0,0,0,0
base-1.0,T0571,1,stop,769,0,0,0,0,0,0,0,0,0,0,0,0,0,0,0
base-1.0,T0572,1,stop,673,0,0,0,0,0,0,0,0,1,0,0,0,0,0,0
base-1.0,T0573,1,stop,700,0,0,0,0,0,0,0,0,0,0,0,0,0,0,0
base-1.0,T0574,1,stop,545,0,0,0,0,0,0,0,0,0,0,0,0,0,0,0
base-1.0,T0575,1,length,812,0,0,0,0,0,0,0,0,0,0,0,0,0,0,0
base-1.0,T0576,1,length,808,0,0,0,0,0,0,0,0,0,0,0,0,0,0,0
base-1.0,T0577,1,stop,543,0,0,0,0,0,0,0,0,0,0,0,0,0,0,0
base-1.0,T0578,1,stop,209,0,0,0,0,0,0,0,0,0,0,0,0,0,0,0
base-1.0,T0579,1,stop,357,0,0,0,0,0,0,0,0,0,0,0,0,0,0,0
base-1.0,T0580,1,stop,652,0,0,0,0,0,0,0,0,0,0,0,0,0,0,0
base-1.0,T0581,1,length,782,0,0,0,0,0,0,0,0,0,0,0,0,0,0,0
base-1.0,T0582,1,stop,556,0,0,0,0,0,0,0,0,1,0,0,0,0,0,0
base-1.0,T0583,1,length,753,0,0,0,0,0,0,1,0,0,0,0,0,0,0,0
base-1.0,T0584,1,stop,421,0,0,0,0,0,0,0,0,0,0,0,0,0,0,0
base-1.0,T0585,1,stop,567,0,0,0,0,0,0,0,0,0,0,0,0,0,0,0
base-1.0,T0586,1,length,785,0,0,0,0,0,0,0,0,0,0,0,0,0,0,0
base-1.0,T0587,1,length,793,0,0,0,0,0,0,1,0,0,0,0,0,0,0,0
base-1.0,T0588,1,stop,371,0,0,0,0,0,0,0,0,0,0,0,0,0,0,0
base-1.0,T0589,1,stop,707,0,0,0,0,0,0,0,0,0,0,0,0,0,0,0
base-1.0,T0590,1,stop,536,0,0,0,0,0,0,0,0,0,0,0,0,0,0,0
base-1.0,T0591,1,stop,528,0,0,0,0,0,0,0,0,0,1,0,0,0,0,0
base-1.0,T0592,1,stop,461,0,0,0,0,0,0,0,0,0,0,0,0,0,0,0
base-1.0,T0593,1,stop,616,0,0,0,0,0,0,0,0,0,0,0,0,0,0,0
base-1.0,T0594,1,stop,103,0,0,0,0,0,0,0,0,0,0,0,0,0,0,0
base-1.0,T0595,1,stop,749,0,0,0,0,0,0,0,0,0,0,0,0,0,0,0
base-1.0,T0596,1,stop,189,0,0,0,0,0,0,0,0,0,0,0,0,0,0,0
base-1.0,T0597,1,length,823,0,0,0,0,0,0,0,1,0,0,0,0,1,0,0
base-1.0,T0598,1,length,856,0,0,0,0,0,0,0,0,0,0,0,0,0,0,0
base-1.0,T0599,1,stop,723,0,0,0,0,0,0,0,0,0,0,0,0,0,0,0
base-1.0,T0600,1,stop,148,0,0,0,0,0,0,0,0,0,0,0,0,0,0,0
base-1.0,T0601,1,stop,154,0,0,0,0,0,0,0,0,0,0,0,0,0,0,0
base-1.0,T0602,1,stop,508,0,0,0,0,0,0,0,0,0,0,0,0,0,0,0
base-1.0,T0603,1,stop,546,0,0,0,0,0,0,0,1,0,0,0,0,0,0,0
base-1.0,T0604,1,length,775,0,0,0,0,0,0,0,0,0,0,0,0,0,0,0
base-1.0,T0605,1,stop,537,0,0,0,0,0,0,0,0,2,0,0,0,0,0,0
base-1.0,T0606,1,length,853,0,0,0,0,0,0,0,0,0,0,0,0,0,0,0
base-1.0,T0607,1,length,790,0,0,0,0,0,0,0,0,0,0,0,0,0,0,0
base-1.0,T0608,1,stop,578,0,0,0,0,0,0,0,0,0,0,0,0,1,0,0
base-1.0,T0609,1,length,863,0,0,0,0,0,0,0,0,0,0,0,0,0,0,0
base-1.0,T0610,1,length,874,0,0,0,0,0,0,0,0,0,0,0,0,0,0,0
base-1.0,T0611,1,length,884,0,0,0,0,0,0,0,0,0,0,0,0,0,0,0
base-1.0,T0612,1,length,757,0,0,0,0,0,0,0,0,0,0,0,0,0,0,0
base-1.0,T0613,1,stop,585,0,0,0,0,0,0,0,1,0,0,0,0,0,0,0
base-1.0,T0614,1,stop,329,0,0,0,0,0,0,0,0,0,0,0,0,0,1,0
base-1.0,T0615,1,stop,744,0,0,0,0,0,0,1,0,1,0,0,0,0,0,0
base-1.0,T0616,1,stop,483,0,0,0,0,0,0,0,0,0,0,0,0,0,0,0
base-1.0,T0617,1,length,769,0,0,0,0,0,0,0,0,1,0,0,0,0,0,0
base-1.0,T0618,1,stop,81,0,0,0,0,0,0,0,0,0,0,0,0,0,0,0
base-1.0,T0619,1,stop,516,0,0,0,0,0,0,0,0,0,0,0,0,0,0,0
base-1.0,T0620,1,length,839,0,0,0,0,0,0,0,0,0,0,0,0,0,0,0
base-1.0,T0621,1,stop,566,0,0,1,0,0,0,0,0,0,0,0,0,0,0,0
base-1.0,T0622,1,length,825,0,0,0,0,0,0,0,0,0,0,0,0,0,0,0
base-1.0,T0623,1,stop,249,0,0,0,0,0,0,0,0,0,0,0,0,0,0,0
base-1.0,T0624,1,stop,496,0,0,0,0,0,0,0,0,0,0,0,0,0,0,0
base-1.0,T0625,1,length,829,0,0,0,0,0,0,0,0,0,0,0,0,0,0,0
base-1.0,T0626,1,stop,85,0,0,0,0,0,0,0,0,0,0,0,0,0,0,0
base-1.0,T0627,1,length,804,0,0,0,0,0,0,0,0,0,0,0,0,0,0,0
base-1.0,T0628,1,stop,459,0,0,0,0,0,0,0,0,0,0,0,0,0,0,0
base-1.0,T0629,1,stop,528,0,0,0,0,0,0,0,0,0,0,0,0,0,0,0
base-1.0,T0630,1,length,730,0,0,0,0,0,0,0,0,1,0,0,0,0,0,0
base-1.0,T0631,1,stop,829,0,0,0,0,0,0,0,0,0,0,0,0,0,0,0
base-1.0,T0632,1,stop,142,0,0,0,0,0,0,0,0,0,0,0,0,0,0,0
base-1.0,T0633,1,length,845,0,0,0,0,0,0,0,0,0,0,0,0,0,0,0
base-1.0,T0634,1,length,849,0,0,0,0,0,0,0,0,0,0,0,0,0,0,0
base-1.0,T0635,1,length,865,0,0,0,0,0,0,0,0,0,0,0,0,0,0,0
base-1.0,T0636,1,stop,566,0,0,0,0,0,0,0,0,0,0,0,0,0,0,0
base-1.0,T0637,1,stop,54,0,0,0,0,0,0,0,0,0,0,0,0,0,0,0
base-1.0,T0638,1,stop,644,0,0,0,0,0,0,0,0,1,0,0,0,0,0,0
base-1.0,T0639,1,length,792,1,0,0,0,0,0,0,0,0,0,0,0,0,0,0
base-1.0,T0640,1,length,796,0,0,0,0,0,0,0,0,0,0,0,0,0,0,0
base-1.0,T0641,1,stop,473,0,0,0,0,0,0,0,0,0,0,0,0,0,0,0
base-1.0,T0642,1,stop,730,0,0,0,0,0,0,0,0,0,0,0,0,0,0,0
base-1.0,T0643,1,length,853,0,0,0,0,0,0,0,0,0,0,0,0,0,0,0
base-1.0,T0644,1,length,769,0,0,0,0,0,0,0,0,0,0,0,0,0,0,0
base-1.0,T0645,1,stop,443,0,0,0,0,0,0,0,0,0,0,0,0,0,0,0
base-1.0,T0646,1,length,823,0,0,0,0,0,0,0,0,0,0,0,0,0,0,0
base-1.0,T0647,1,stop,615,0,0,0,0,0,0,0,0,0,0,0,0,0,0,0
base-1.0,T0648,1,stop,273,0,0,0,0,0,0,0,0,0,0,0,0,0,0,0
base-1.0,T0649,1,length,861,0,0,0,0,0,0,0,0,0,0,0,0,0,0,0
base-1.0,T0650,1,stop,112,0,0,0,0,0,0,0,0,0,0,0,0,0,0,0
base-1.0,T0651,1,stop,296,0,0,0,0,0,0,0,0,1,0,0,0,0,0,0
base-1.0,T0652,1,stop,279,0,0,0,0,0,0,0,0,0,0,0,0,0,0,0
base-1.0,T0653,1,length,829,0,0,0,0,0,0,1,0,0,0,0,0,0,0,0
base-1.0,T0654,1,length,760,0,0,0,0,0,0,0,0,0,0,0,0,0,0,0
base-1.0,T0655,1,stop,566,0,0,1,0,0,0,0,0,0,0,0,0,0,0,0
base-1.0,T0656,1,length,773,0,0,0,0,0,0,0,0,0,0,0,0,0,0,0
base-1.0,T0657,1,stop,388,0,0,0,0,0,0,0,0,0,0,0,0,0,0,0
base-1.0,T0658,1,stop,565,0,0,0,0,0,0,0,0,0,0,0,0,0,0,0
base-1.0,T0659,1,length,850,0,0,0,0,0,0,0,0,0,0,0,0,0,0,0
base-1.0,T0660,1,stop,22,0,0,0,0,0,0,0,0,0,0,0,0,0,0,0
base-1.0,T0661,1,stop,631,0,0,0,0,0,0,0,0,0,0,0,0,0,0,0
base-1.0,T0662,1,length,752,0,0,0,0,0,0,0,0,0,0,0,0,0,0,0
base-1.0,T0663,1,length,874,0,0,0,0,0,0,0,0,0,0,0,0,0,0,0
base-1.0,T0664,1,stop,245,0,0,0,0,0,0,0,0,0,0,0,0,0,0,0
base-1.0,T0665,1,length,811,0,0,0,0,0,0,0,0,0,0,0,0,0,0,0
base-1.0,T0666,1,length,727,0,0,0,0,0,0,0,0,0,0,0,0,0,0,0
base-1.0,T0667,1,stop,264,0,0,0,0,0,0,0,0,0,0,0,0,0,0,0
base-1.0,T0668,1,stop,455,0,0,0,0,0,0,0,0,0,0,0,0,0,0,0
base-1.0,T0669,1,stop,495,0,0,0,0,0,0,0,0,0,0,0,0,0,0,0
base-1.0,T0670,1,length,829,0,0,0,0,0,0,0,0,0,0,0,0,0,0,0
base-1.0,T0671,1,length,824,0,0,0,0,0,0,0,0,0,0,0,0,0,0,0
base-1.0,T0672,1,length,864,0,0,0,0,0,0,0,0,0,0,0,0,0,0,0
base-1.0,T0673,1,stop,282,0,0,0,0,0,0,0,0,0,0,0,0,0,0,0
base-1.0,T0674,1,stop,378,0,0,0,0,0,0,0,0,0,0,0,0,0,0,0
base-1.0,T0675,1,stop,671,0,0,0,0,0,0,0,0,0,0,0,0,0,0,0
base-1.0,T0676,1,stop,461,0,0,0,0,0,0,0,0,0,0,0,0,0,0,0
base-1.0,T0677,1,stop,600,0,0,0,0,0,0,1,1,0,0,0,0,0,0,0
base-1.0,T0678,1,stop,518,0,0,0,0,0,0,0,0,0,0,0,0,0,0,0
base-1.0,T0679,1,length,858,0,0,0,0,0,0,0,0,0,0,0,0,0,0,0
base-1.0,T0680,1,length,829,0,0,0,0,0,0,0,0,0,0,0,0,0,0,0
base-1.0,T0681,1,stop,201,0,0,0,0,0,0,0,0,0,0,0,0,0,0,0
base-1.0,T0682,1,stop,669,0,0,0,0,0,0,0,0,0,0,0,0,0,0,0
base-1.0,T0683,1,stop,464,0,0,0,0,0,0,1,0,1,0,0,0,0,0,0
base-1.0,T0684,1,length,771,0,0,0,0,0,0,0,0,0,0,0,0,0,0,0
base-1.0,T0685,1,length,747,0,0,0,0,0,0,0,0,0,0,0,0,0,0,0
base-1.0,T0686,1,stop,222,0,0,0,0,0,0,0,0,0,0,0,0,0,0,0
base-1.0,T0687,1,stop,510,0,0,0,0,0,0,0,0,0,0,0,0,0,0,0
base-1.0,T0688,1,stop,483,0,0,0,0,0,0,0,0,0,0,0,0,0,0,0
base-1.0,T0689,1,stop,609,0,0,0,0,0,0,0,0,0,0,0,0,0,0,0
base-1.0,T0690,1,stop,90,0,0,0,0,0,0,0,0,0,0,0,0,0,0,0
base-1.0,T0691,1,stop,369,0,0,0,0,0,0,0,0,0,0,0,0,0,0,0
base-1.0,T0692,1,stop,463,0,0,0,0,0,0,0,0,0,0,0,0,0,0,0
base-1.0,T0693,1,stop,517,0,0,0,0,0,0,0,0,0,0,0,0,0,0,0
base-1.0,T0694,1,length,878,0,0,0,0,0,0,0,0,0,0,0,0,0,0,0
base-1.0,T0695,1,length,841,0,0,0,0,0,0,0,0,0,0,0,0,0,0,0
base-1.0,T0696,1,stop,489,0,0,0,0,0,0,0,0,0,0,0,0,0,0,0
base-1.0,T0697,1,length,813,0,0,0,0,0,0,0,0,0,0,0,0,0,0,0
base-1.0,T0698,1,length,849,0,0,0,0,0,0,0,0,0,1,0,0,0,0,0
base-1.0,T0699,1,length,822,0,0,0,0,0,0,0,0,0,0,0,0,0,0,0
base-1.0,T0700,1,length,832,0,0,0,0,0,0,0,0,0,0,0,0,0,0,0
base-1.0,T0701,1,stop,387,0,0,0,0,0,0,0,0,0,0,0,0,0,0,0
base-1.0,T0702,1,length,837,0,0,0,0,0,0,0,0,0,0,0,0,0,0,0
base-1.0,T0703,1,length,765,0,0,0,0,0,0,0,0,0,0,0,0,0,0,0
base-1.0,T0704,1,length,838,0,0,0,0,0,0,0,0,0,0,0,0,0,0,0
base-1.0,T0705,1,stop,539,0,0,0,0,0,0,0,0,0,0,0,0,0,0,0
base-1.0,T0706,1,stop,169,0,0,0,0,0,0,0,0,0,0,0,0,0,0,0
base-1.0,T0707,1,length,824,0,0,0,0,0,0,0,0,0,0,0,0,0,0,0
base-1.0,T0708,1,length,830,0,0,0,0,0,0,0,0,1,0,0,0,0,0,0
base-1.0,T0709,1,stop,732,0,0,0,0,0,0,0,0,0,0,0,0,0,0,0
base-1.0,T0710,1,length,791,0,0,0,0,0,0,0,0,0,0,0,0,0,0,0
base-1.0,T0711,1,stop,29,0,0,0,0,0,0,0,0,0,0,0,0,0,0,0
base-1.0,T0712,1,length,847,0,0,0,0,0,0,0,0,0,0,0,0,0,0,0
base-1.0,T0713,1,stop,727,0,0,0,0,0,0,0,0,0,0,0,0,0,0,0
base-1.0,T0714,1,stop,628,0,0,0,0,0,0,0,0,0,0,0,0,0,0,0
base-1.0,T0715,1,length,761,0,0,0,0,0,0,0,0,0,0,0,0,0,0,0
base-1.0,T0716,1,length,772,0,0,0,0,0,0,1,0,1,0,0,0,0,0,0
base-1.0,T0717,1,stop,209,0,0,0,0,0,0,0,0,0,0,0,0,0,0,0
base-1.0,T0718,1,stop,107,0,0,0,0,0,0,0,0,0,0,0,0,0,0,0
base-1.0,T0719,1,length,792,0,0,0,0,0,0,1,0,0,0,0,0,0,0,0
base-1.0,T0720,1,length,785,0,0,0,0,0,0,0,0,0,0,0,0,0,0,0
base-1.0,T0721,1,length,749,0,0,0,0,0,0,0,0,0,0,0,0,0,0,0
base-1.0,T0722,1,stop,519,0,0,0,0,0,0,0,0,0,0,0,0,1,0,0
base-1.0,T0723,1,stop,774,0,0,0,0,0,0,0,0,0,0,0,0,0,0,0
base-1.0,T0724,1,stop,584,0,0,0,0,0,0,0,0,0,0,0,0,0,0,0
base-1.0,T0725,1,stop,714,0,0,0,0,0,0,0,0,0,0,0,0,0,0,0
base-1.0,T0726,1,length,818,0,0,0,0,0,0,0,0,0,0,0,0,0,0,0
base-1.0,T0727,1,length,835,0,0,0,0,0,0,0,0,0,0,0,0,0,0,0
base-1.0,T0728,1,stop,657,0,0,0,0,0,0,0,0,0,0,0,0,0,0,0
base-1.0,T0729,1,stop,491,0,0,0,0,0,0,0,0,0,0,0,0,0,0,0
base-1.0,T0730,1,stop,512,0,0,0,0,0,0,0,0,0,0,0,0,0,0,0
base-1.0,T0731,1,stop,498,0,0,0,0,0,0,0,0,0,0,0,0,0,0,0
base-1.0,T0732,1,stop,729,0,0,0,0,0,0,1,0,0,0,0,0,0,0,0
base-1.0,T0733,1,stop,587,0,0,0,0,0,0,0,0,0,0,0,0,0,0,0
base-1.0,T0734,1,length,776,0,0,0,0,0,0,0,0,0,0,0,0,0,0,0
base-1.0,T0735,1,length,880,0,0,0,0,0,0,0,0,0,0,0,0,0,0,0
base-1.0,T0736,1,stop,641,0,0,0,0,0,0,0,0,0,0,0,0,0,0,0
base-1.0,T0737,1,stop,658,0,0,0,0,0,0,0,0,0,0,0,0,0,0,0
base-1.0,T0738,1,stop,120,0,0,0,0,0,0,0,0,0,0,0,0,0,0,0
base-1.0,T0739,1,length,838,0,0,0,0,0,0,0,0,0,0,0,0,0,0,0
base-1.0,T0740,1,stop,330,0,0,0,0,0,0,0,0,0,0,0,0,0,0,0
base-1.0,T0741,1,stop,615,0,0,0,0,0,0,0,0,0,0,0,0,0,0,0
base-1.0,T0742,1,length,810,0,0,0,0,0,0,0,0,0,0,0,0,0,0,0
base-1.0,T0743,1,length,744,0,0,0,0,0,0,1,0,2,0,0,0,0,0,0
base-1.0,T0744,1,length,843,0,0,0,0,0,0,0,0,0,0,0,0,0,0,0
base-1.0,T0745,1,stop,465,0,0,0,0,0,0,0,0,0,0,0,0,0,0,0
base-1.0,T0746,1,stop,435,0,0,0,0,0,0,0,0,0,0,0,0,0,0,0
base-1.0,T0747,1,stop,668,0,0,0,0,0,0,0,1,0,0,0,0,0,0,0
base-1.0,T0748,1,length,875,0,0,0,0,0,0,0,0,0,0,0,0,0,0,0
base-1.0,T0749,1,stop,583,0,0,0,0,0,0,0,0,0,0,0,0,0,0,0
base-1.0,T0750,1,length,785,0,0,0,0,0,0,0,0,0,0,0,0,0,0,0
base-1.0,T0751,1,stop,368,0,0,0,0,0,0,0,0,0,0,0,0,0,0,0
base-1.0,T0752,1,length,806,0,0,1,0,0,0,1,0,0,0,0,0,0,0,0
base-1.0,T0753,1,stop,467,0,0,0,0,0,0,0,0,0,0,0,0,0,0,0
base-1.0,T0754,1,stop,706,0,0,0,0,0,0,0,0,0,0,0,0,0,0,0
base-1.0,T0755,1,stop,538,0,0,0,0,0,0,0,0,0,0,0,0,0,0,0
base-1.0,T0756,1,length,790,0,0,0,0,0,0,0,0,0,0,0,0,0,0,0
base-1.0,T0757,1,length,917,0,0,0,0,0,0,0,0,0,0,0,0,0,0,0
base-1.0,T0758,1,stop,651,0,0,0,0,0,0,0,0,0,0,0,0,0,0,0
base-1.0,T0759,1,length,841,0,0,0,0,0,0,0,0,0,0,0,0,0,0,0
base-1.0,T0760,1,stop,491,0,0,0,0,0,0,0,0,0,0,0,0,0,0,0
base-1.0,T0761,1,stop,479,0,0,0,0,0,0,0,0,0,0,0,0,0,0,0
base-1.0,T0762,1,stop,257,0,0,0,0,0,0,0,0,0,0,0,0,0,0,0
base-1.0,T0763,1,length,796,0,0,0,0,0,0,0,0,0,0,0,0,0,0,0
base-1.0,T0764,1,length,828,0,0,0,0,0,0,0,0,0,0,0,0,0,0,0
base-1.0,T0765,1,length,810,0,0,0,0,0,0,1,0,0,0,0,0,0,0,0
base-1.0,T0766,1,stop,633,0,0,0,0,0,0,0,0,0,0,0,0,0,0,0
base-1.0,T0767,1,stop,38,0,0,0,0,0,0,0,0,0,0,0,0,0,0,0
base-1.0,T0768,1,stop,223,0,0,0,0,0,0,0,0,0,0,0,0,0,0,0
base-1.0,T0769,1,stop,472,0,0,0,0,0,0,0,0,0,0,0,0,0,0,0
base-1.0,T0770,1,length,774,0,0,0,0,0,0,0,0,0,0,0,0,0,0,0
base-1.0,T0771,1,length,859,0,0,0,0,0,0,0,0,0,0,0,0,0,0,0
base-1.0,T0772,1,stop,611,0,0,0,0,0,0,0,0,0,0,0,0,0,0,0
base-1.0,T0773,1,length,813,0,0,0,0,0,0,0,0,0,0,0,0,1,0,0
base-1.0,T0774,1,stop,764,0,0,0,0,0,0,0,0,0,0,0,0,0,0,0
base-1.0,T0775,1,stop,658,0,0,0,0,0,0,0,0,0,0,0,0,0,0,0
base-1.0,T0776,1,length,791,0,0,0,0,0,0,0,0,0,0,0,0,0,0,0
base-1.0,T0777,1,stop,177,0,0,0,0,0,0,0,0,0,0,0,0,0,0,0
base-1.0,T0778,1,stop,388,0,0,0,0,0,0,0,0,0,0,0,0,0,0,0
base-1.0,T0779,1,stop,374,0,0,0,0,0,0,0,0,0,0,0,0,0,0,0
base-1.0,T0780,1,stop,527,0,0,0,0,0,0,0,0,0,0,0,0,0,0,0
base-1.0,T0781,1,length,832,0,0,0,0,0,0,0,0,0,0,0,0,0,0,0
base-1.0,T0782,1,stop,532,0,0,0,0,0,0,0,0,0,0,0,0,0,0,0
base-1.0,T0783,1,length,774,0,0,0,0,0,0,0,0,0,0,0,0,0,0,0
base-1.0,T0784,1,stop,591,0,0,0,0,0,0,0,0,0,0,0,0,0,0,0
base-1.0,T0785,1,length,836,0,0,0,0,0,0,0,0,0,0,0,0,0,0,0
base-1.0,T0786,1,stop,500,0,0,0,0,0,0,0,0,0,0,0,0,0,0,0
base-1.0,T0787,1,stop,542,0,0,0,0,0,0,0,0,0,0,0,0,0,0,0
base-1.0,T0788,1,length,826,0,0,0,0,0,0,0,0,0,0,0,0,0,0,0
base-1.0,T0789,1,length,833,0,0,0,0,0,0,0,0,0,0,0,0,0,0,0
base-1.0,T0790,1,length,781,0,0,0,0,0,0,0,0,0,0,0,0,0,0,0
base-1.0,T0791,1,length,838,0,0,0,0,0,0,0,0,0,0,0,0,1,0,0
base-1.0,T0792,1,stop,189,0,0,0,0,0,0,0,0,0,0,0,0,0,0,0
base-1.0,T0793,1,stop,491,0,0,0,0,0,0,0,0,0,0,0,0,0,0,0
base-1.0,T0794,1,stop,631,0,0,0,0,0,0,0,0,0,0,0,0,0,0,0
base-1.0,T0795,1,stop,682,0,0,1,0,0,0,0,0,0,0,0,0,0,0,0
base-1.0,T0796,1,stop,794,0,0,0,0,0,0,0,0,0,0,0,0,0,0,0
base-1.0,T0797,1,length,881,0,0,0,0,0,0,1,0,0,0,0,0,0,0,0
base-1.0,T0798,1,stop,174,0,0,0,0,0,0,0,0,0,0,0,0,0,0,0
base-1.0,T0799,1,stop,548,0,0,0,0,0,0,0,0,0,0,0,0,0,0,0
base-1.0,T0800,1,length,798,0,0,0,0,0,0,0,0,0,0,0,0,0,0,0
base-1.0,T0801,1,length,807,0,0,0,0,0,0,0,0,0,0,0,0,0,0,0
base-1.0,T0802,1,length,864,0,0,0,0,0,0,0,0,0,0,0,0,0,0,0
base-1.0,T0803,1,stop,630,0,0,0,0,0,0,0,0,0,0,0,0,0,0,0
base-1.0,T0804,1,stop,42,0,0,0,0,0,0,0,0,0,0,0,0,0,0,0
base-1.0,T0805,1,length,836,0,0,0,0,0,0,1,0,0,0,0,0,0,0,0
base-1.0,T0806,1,stop,896,0,0,0,0,0,0,0,0,0,0,0,0,1,0,0
base-1.0,T0807,1,length,745,0,0,1,0,0,0,0,0,0,0,0,0,0,0,0
base-1.0,T0808,1,stop,552,0,0,0,0,0,0,0,0,0,0,0,0,0,0,0
base-1.0,T0809,1,stop,204,0,0,0,0,0,0,0,0,0,0,0,0,0,0,0
base-1.0,T0810,1,length,801,0,0,0,0,0,0,0,0,0,0,0,0,0,0,0
base-1.0,T0811,1,stop,771,0,0,0,0,0,0,0,0,0,0,0,0,0,0,0
base-1.0,T0812,1,stop,587,0,0,0,0,0,0,0,0,0,0,0,0,0,0,0
base-1.0,T0813,1,stop,498,0,0,0,0,0,0,0,0,0,0,0,0,0,0,0
base-1.0,T0814,1,length,901,0,0,0,0,0,0,0,0,0,0,0,0,0,0,0
base-1.0,T0815,1,stop,588,0,0,0,0,0,0,0,0,0,0,0,0,0,0,0
base-1.0,T0816,1,stop,612,0,0,0,0,0,0,0,0,0,0,0,0,0,0,0
base-1.0,T0817,1,stop,157,0,0,0,0,0,0,0,0,0,0,0,0,0,0,0
base-1.0,T0818,1,stop,407,0,0,0,0,0,0,0,0,0,0,0,0,0,0,0
base-1.0,T0819,1,stop,528,0,0,0,0,0,0,0,0,0,0,0,0,0,0,0
base-1.0,T0820,1,stop,559,0,0,0,0,0,0,0,0,0,0,0,0,0,0,0
base-1.0,T0821,1,length,795,0,0,0,0,0,0,0,0,0,0,0,0,0,0,0
base-1.0,T0822,1,stop,617,0,0,0,0,0,0,0,0,0,0,0,0,0,0,0
base-1.0,T0823,1,stop,533,0,0,0,0,0,0,0,1,0,0,0,0,0,0,0
base-1.0,T0824,1,length,765,0,0,0,0,0,0,0,0,0,0,0,0,0,0,0
base-1.0,T0825,1,stop,223,0,0,0,0,0,0,0,0,0,0,0,0,0,0,0
base-1.0,T0826,1,stop,476,0,0,0,0,0,0,0,0,0,0,0,0,0,0,0
base-1.0,T0827,1,stop,457,0,0,0,0,0,0,0,0,0,0,0,0,0,0,0
base-1.0,T0828,1,length,810,0,0,0,0,0,0,0,0,0,0,0,0,0,0,0
base-1.0,T0829,1,length,906,0,0,0,0,0,0,0,0,0,0,0,0,0,0,0
base-1.0,T0830,1,stop,512,0,0,0,0,0,0,0,0,0,0,0,0,0,0,0
base-1.0,T0831,1,length,724,0,0,0,0,0,0,0,0,2,0,0,0,0,0,0
base-1.0,T0832,1,stop,350,0,0,0,0,0,0,0,0,0,0,0,0,0,0,0
base-1.0,T0833,1,stop,465,0,0,0,0,0,0,0,0,0,0,0,0,0,0,0
base-1.0,T0834,1,stop,606,0,0,0,0,0,0,0,0,0,0,0,0,0,0,0
base-1.0,T0835,1,length,715,0,0,0,0,0,0,0,0,0,0,0,0,0,0,0
base-1.0,T0836,1,stop,446,0,0,0,0,0,0,1,0,0,0,0,0,0,0,0
base-1.0,T0837,1,length,814,0,0,0,0,0,0,0,0,0,0,0,0,0,0,0
base-1.0,T0838,1,length,652,0,0,0,0,0,0,0,0,0,0,0,0,0,0,0
base-1.0,T0839,1,stop,630,0,0,0,0,0,0,0,0,0,0,0,0,0,1,0
base-1.0,T0840,1,stop,76,0,0,0,0,0,0,0,0,0,0,0,0,0,0,0
base-1.0,T0841,1,stop,777,0,0,0,0,0,0,0,0,0,0,0,0,0,0,0
base-1.0,T0842,1,stop,423,0,0,0,0,0,0,0,0,0,0,0,0,0,0,0
base-1.0,T0843,1,stop,422,0,0,0,0,0,0,0,0,0,0,0,0,0,0,0
base-1.0,T0844,1,length,736,0,0,0,0,0,0,0,0,0,0,0,0,1,0,0
base-1.0,T0845,1,stop,594,0,0,1,0,0,0,0,0,0,0,0,0,0,0,0
base-1.0,T0846,1,stop,709,0,0,0,0,0,0,1,0,0,0,0,0,0,0,0
base-1.0,T0847,1,length,857,0,0,0,0,0,0,0,0,0,0,0,0,0,0,0
base-1.0,T0848,1,stop,482,0,0,0,0,0,0,0,1,2,0,0,0,0,0,0
base-1.0,T0849,1,stop,565,0,0,0,0,0,0,0,0,0,0,0,0,0,0,0
base-1.0,T0850,1,stop,466,0,0,0,0,0,0,0,0,0,0,0,0,0,0,0
base-1.0,T0851,1,stop,664,0,0,0,0,0,0,0,0,0,0,0,0,0,0,0
base-1.0,T0852,1,stop,691,0,0,0,0,0,0,0,0,0,0,0,0,0,0,0
base-1.0,T0853,1,stop,652,0,0,0,0,0,0,0,0,0,0,0,0,0,0,0
base-1.0,T0854,1,stop,295,0,0,0,0,0,0,0,0,0,0,0,0,0,0,0
base-1.0,T0855,1,stop,755,0,0,0,0,0,0,0,0,0,0,0,0,0,0,0
base-1.0,T0856,1,length,818,0,0,0,0,0,0,0,0,0,0,0,0,0,0,0
base-1.0,T0857,1,length,836,0,0,0,0,0,0,0,0,0,0,0,0,0,0,0
base-1.0,T0858,1,stop,624,0,0,0,0,0,0,0,0,0,0,0,0,0,0,0
base-1.0,T0859,1,stop,559,0,0,0,0,0,0,0,0,0,0,0,0,0,0,0
base-1.0,T0860,1,stop,137,0,0,0,0,0,0,0,0,0,0,0,0,0,0,0
base-1.0,T0861,1,length,742,0,0,0,0,0,0,0,0,0,0,0,0,0,0,0
base-1.0,T0862,1,stop,375,0,0,0,0,0,0,0,0,0,0,0,0,0,0,0
base-1.0,T0863,1,stop,551,0,0,0,0,0,0,0,0,0,0,0,0,0,0,0
base-1.0,T0864,1,stop,548,0,0,0,0,0,0,0,0,0,0,0,0,0,0,0
base-1.0,T0865,1,length,789,0,0,0,0,0,0,0,0,0,0,0,0,0,0,0
base-1.0,T0866,1,length,849,0,0,0,0,0,0,0,0,1,0,0,0,0,0,0
base-1.0,T0867,1,stop,300,0,0,0,0,0,0,0,0,0,0,0,0,0,0,0
base-1.0,T0868,1,stop,579,0,0,0,0,0,0,0,0,0,0,0,0,0,0,0
base-1.0,T0869,1,stop,631,0,0,0,0,0,0,0,0,0,0,0,0,0,0,0
base-1.0,T0870,1,length,857,0,0,0,0,0,0,0,0,0,0,0,0,0,0,0
base-1.0,T0871,1,length,847,0,0,0,0,0,0,0,0,0,0,0,0,0,0,1
base-1.0,T0872,1,stop,774,0,0,0,0,0,0,1,0,0,0,0,0,0,0,0
base-1.0,T0873,1,length,801,0,0,0,0,0,0,0,0,0,0,0,0,0,0,0
base-1.0,T0874,1,stop,476,0,0,0,0,0,0,0,0,0,0,0,0,0,0,0
base-1.0,T0875,1,stop,411,0,0,0,0,0,0,0,0,0,0,0,0,0,0,0
base-1.0,T0876,1,stop,481,0,0,0,0,0,0,0,0,0,0,0,0,0,0,0
base-1.0,T0877,1,length,769,0,0,0,0,0,0,0,0,0,0,0,0,0,0,0
base-1.0,T0878,1,length,726,0,0,0,0,0,0,0,0,0,0,0,0,0,0,0
base-1.0,T0879,1,stop,470,0,0,0,0,0,0,0,0,0,0,0,0,0,0,0
base-1.0,T0880,1,stop,538,0,0,0,0,0,0,0,0,0,0,0,0,0,0,0
base-1.0,T0881,1,stop,516,0,0,0,0,0,0,0,0,0,0,0,0,0,0,0
base-1.0,T0882,1,length,729,0,0,0,0,0,0,0,0,0,0,0,0,0,0,0
base-1.0,T0883,1,stop,135,0,0,0,0,0,0,0,0,0,0,0,0,0,0,0
base-1.0,T0884,1,length,724,0,0,0,0,0,0,0,0,1,0,0,0,0,0,0
base-1.0,T0885,1,stop,223,0,0,0,0,0,0,0,0,0,0,0,0,0,0,0
base-1.0,T0886,1,stop,564,0,0,0,0,0,0,0,0,1,0,0,0,0,0,0
base-1.0,T0887,1,stop,113,0,0,0,0,0,0,0,0,0,0,0,0,0,0,0
base-1.0,T0888,1,stop,569,0,0,0,0,0,0,0,0,0,0,0,0,0,0,0
base-1.0,T0889,1,stop,556,0,0,0,0,0,0,0,0,0,0,0,0,0,0,0
base-1.0,T0890,1,stop,667,0,0,0,0,0,0,0,0,0,0,0,0,0,0,0
base-1.0,T0891,1,length,792,0,0,0,0,0,0,0,0,0,0,0,0,0,0,0
base-1.0,T0892,1,stop,518,0,0,0,0,0,0,0,0,0,0,0,0,0,0,0
base-1.0,T0893,1,stop,340,0,0,0,0,0,0,0,0,0,0,0,0,0,0,0
base-1.0,T0894,1,length,827,0,0,0,0,0,0,0,0,0,0,0,0,0,0,0
base-1.0,T0895,1,length,734,0,0,0,0,0,0,0,0,0,0,0,0,0,0,0
base-1.0,T0896,1,length,791,0,0,0,0,0,0,0,0,0,0,0,0,0,0,0
base-1.0,T0897,1,stop,688,0,0,0,0,0,0,0,0,0,0,0,0,0,0,0
base-1.0,T0898,1,length,742,0,0,0,0,0,0,0,0,0,0,0,0,0,0,0
base-1.0,T0899,1,stop,437,0,0,0,0,0,0,0,0,0,0,0,0,0,0,0
base-1.0,T0900,1,stop,361,0,0,0,0,0,0,0,0,0,0,0,0,0,0,0
base-1.0,T0901,1,length,720,0,0,0,0,0,0,0,0,0,0,0,0,2,0,0
base-1.0,T0902,1,length,756,0,0,0,0,0,0,0,0,0,0,0,0,0,0,0
base-1.0,T0903,1,length,126,0,0,0,0,0,0,0,0,0,0,0,0,0,0,0
base-1.0,T0904,1,stop,631,0,0,0,0,0,0,0,0,0,0,0,0,0,0,0
base-1.0,T0905,1,length,881,0,0,0,0,0,0,0,0,0,0,0,0,0,0,0
base-1.0,T0906,1,length,759,0,0,0,0,0,0,0,0,1,0,0,0,0,0,0
base-1.0,T0907,1,stop,491,0,0,0,0,0,0,0,0,0,0,0,0,0,0,0
base-1.0,T0908,1,length,818,0,0,0,0,0,0,0,0,0,0,0,0,1,0,0
base-1.0,T0909,1,stop,606,0,0,0,0,0,0,0,0,0,0,0,0,0,0,0
base-1.0,T0910,1,stop,745,0,0,0,0,0,0,0,1,0,0,0,0,0,0,0
base-1.0,T0911,1,stop,633,0,0,0,0,0,0,0,0,0,0,0,0,0,0,0
base-1.0,T0912,1,length,786,0,0,0,0,0,0,0,1,0,0,0,0,0,0,0
base-1.0,T0913,1,stop,612,0,0,0,0,0,0,0,0,0,0,0,0,0,0,0
base-1.0,T0914,1,length,751,0,0,0,0,0,0,0,0,0,0,0,0,0,0,0
base-1.0,T0915,1,length,745,0,0,0,0,0,0,0,0,0,0,0,0,0,0,0
base-1.0,T0916,1,stop,355,0,0,0,0,0,0,0,0,0,0,0,0,0,0,0
base-1.0,T0917,1,length,836,0,0,0,0,0,0,0,0,0,0,0,0,0,0,0
base-1.0,T0918,1,length,859,0,0,0,0,0,0,0,0,1,0,0,0,0,0,0
base-1.0,T0919,1,stop,720,0,0,0,0,0,0,0,0,0,0,0,0,0,0,0
base-1.0,T0920,1,stop,420,0,0,0,0,0,0,0,0,0,0,0,0,0,0,0
base-1.0,T0921,1,length,812,0,0,0,0,0,0,0,0,1,0,0,0,0,0,0
base-1.0,T0922,1,stop,502,0,0,0,0,0,0,0,0,0,0,0,0,0,0,0
base-1.0,T0923,1,length,879,0,0,0,0,0,0,0,0,1,0,0,0,0,0,0
base-1.0,T0924,1,length,803,0,0,0,0,0,0,0,0,0,0,0,0,0,0,0
base-1.0,T0925,1,length,754,0,0,0,0,0,0,0,0,0,0,0,0,0,0,0
base-1.0,T0926,1,stop,617,0,0,0,0,0,0,1,0,2,0,0,0,0,0,0
base-1.0,T0927,1,stop,231,0,0,0,0,0,0,0,0,0,0,0,0,0,0,0
base-1.0,T0928,1,stop,538,0,0,0,0,0,0,0,0,0,0,0,0,0,0,0
base-1.0,T0929,1,stop,611,0,0,0,0,0,0,0,0,0,0,0,0,0,0,0
base-1.0,T0930,1,stop,688,0,0,0,0,0,0,0,0,0,0,0,0,0,0,0
base-1.0,T0931,1,stop,577,0,0,0,0,0,0,0,0,0,0,0,0,0,0,0
base-1.0,T0932,1,stop,587,0,0,0,0,0,0,0,0,0,0,0,0,0,0,0
base-1.0,T0933,1,stop,653,0,0,0,0,0,0,0,0,0,0,0,0,0,0,0
base-1.0,T0934,1,length,810,0,0,0,0,0,0,0,0,0,0,0,0,0,0,0
base-1.0,T0935,1,length,842,0,0,0,0,0,0,0,0,0,0,0,0,0,0,0
base-1.0,T0936,1,stop,461,0,0,0,0,0,0,0,0,0,0,0,0,0,0,0
base-1.0,T0937,1,stop,571,0,0,0,0,0,0,0,0,0,0,0,0,0,0,0
base-1.0,T0938,1,stop,611,0,0,0,0,0,0,0,0,0,0,0,0,0,0,0
base-1.0,T0939,1,length,852,0,0,0,0,0,0,0,0,0,0,0,0,0,0,0
base-1.0,T0940,1,stop,0,0,0,0,0,0,0,0,0,0,0,0,0,0,0,0
base-1.0,T0941,1,length,815,0,0,0,0,0,0,0,0,0,0,0,0,0,0,0
base-1.0,T0942,1,length,815,0,0,0,0,0,0,0,0,0,0,0,0,0,0,0
base-1.0,T0943,1,stop,611,0,0,0,0,0,0,0,0,0,0,0,0,0,0,0
base-1.0,T0944,1,stop,534,0,0,0,0,0,0,0,0,0,0,0,0,0,0,0
base-1.0,T0945,1,length,731,0,0,0,0,0,0,0,0,0,0,0,0,0,0,0
base-1.0,T0946,1,stop,694,0,0,0,0,0,0,0,0,0,0,0,0,0,0,0
base-1.0,T0947,1,stop,514,0,0,0,0,0,0,0,0,0,0,0,0,0,0,0
base-1.0,T0948,1,stop,514,0,0,0,0,0,0,0,0,0,0,0,0,0,0,0
base-1.0,T0949,1,stop,625,0,0,0,0,0,0,0,0,0,0,0,0,0,0,0
base-1.0,T0950,1,length,820,0,0,0,0,0,0,0,0,0,0,0,0,0,0,0
base-1.0,T0951,1,length,777,0,0,0,0,0,0,0,0,0,0,0,0,0,0,0
base-1.0,T0952,1,length,808,0,0,0,0,0,0,0,0,0,0,0,0,0,0,0
base-1.0,T0953,1,length,701,0,0,0,0,0,0,0,0,0,0,0,0,0,0,0
base-1.0,T0954,1,length,856,0,0,0,0,0,0,0,0,0,0,0,0,0,0,0
base-1.0,T0955,1,stop,733,0,0,0,0,0,0,0,0,0,0,0,0,0,0,0
base-1.0,T0956,1,stop,845,0,0,0,0,0,0,0,0,0,0,0,0,0,0,0
base-1.0,T0957,1,stop,515,0,0,0,0,0,0,0,0,0,0,0,0,0,0,0
base-1.0,T0958,1,length,790,0,0,0,0,0,0,0,0,0,0,0,0,0,0,0
base-1.0,T0959,1,length,791,0,0,0,0,0,0,0,0,0,0,0,0,0,0,0
base-1.0,T0960,1,length,826,0,0,0,0,0,0,0,0,0,0,0,0,0,0,0
base-1.0,T0961,1,length,854,0,0,0,0,0,0,0,0,0,0,0,0,0,0,0
base-1.0,T0962,1,length,873,0,0,0,0,0,0,0,0,0,0,0,0,1,0,0
base-1.0,T0963,1,length,818,0,0,0,0,0,0,0,0,0,0,0,0,0,0,0
base-1.0,T0964,1,stop,793,0,0,0,0,0,0,0,0,0,0,0,0,0,0,0
base-1.0,T0965,1,stop,294,0,0,0,0,0,0,0,0,0,0,0,0,0,0,0
base-1.0,T0966,1,length,782,0,0,0,0,0,0,0,0,0,1,0,0,0,0,0
base-1.0,T0967,1,length,823,0,0,0,0,0,0,0,0,0,0,0,0,0,0,0
base-1.0,T0968,1,stop,692,0,0,0,0,0,0,1,0,1,0,0,0,0,0,0
base-1.0,T0969,1,length,731,0,0,0,0,0,0,0,0,0,0,0,0,0,0,0
base-1.0,T0970,1,stop,375,0,0,0,0,0,0,0,0,0,0,0,0,0,0,0
base-1.0,T0971,1,length,806,0,0,0,0,0,0,2,0,0,0,0,0,0,0,0
base-1.0,T0972,1,stop,316,0,0,0,0,0,0,0,0,0,0,0,0,0,0,0
base-1.0,T0973,1,length,810,0,0,0,0,0,0,0,0,0,0,0,0,0,0,0
base-1.0,T0974,1,length,745,0,0,0,0,0,0,0,0,0,0,0,0,0,0,0
base-1.0,T0975,1,stop,98,0,0,0,0,0,0,0,0,0,0,0,0,0,0,0
base-1.0,T0976,1,stop,836,0,0,0,0,0,0,0,0,0,0,0,0,0,0,0
base-1.0,T0977,1,stop,49,0,0,0,0,0,0,0,0,0,0,0,0,0,0,0
base-1.0,T0978,1,stop,702,0,0,0,0,0,0,0,0,0,0,0,0,0,0,0
base-1.0,T0979,1,stop,113,0,0,0,0,0,0,0,0,0,0,0,0,0,0,0
base-1.0,T0980,1,length,844,0,0,0,0,0,0,0,0,0,0,0,0,0,0,0
base-1.0,T0981,1,stop,557,0,0,0,0,0,0,0,0,0,0,0,0,0,0,0
base-1.0,T0982,1,stop,650,0,0,0,0,0,0,0,0,0,0,0,0,0,0,0
base-1.0,T0983,1,length,757,0,0,0,0,0,0,1,0,0,0,0,0,0,0,0
base-1.0,T0984,1,stop,466,0,0,0,0,0,0,0,0,0,0,0,0,0,0,0
base-1.0,T0985,1,stop,613,0,0,0,0,0,0,0,0,0,0,0,0,0,0,0
base-1.0,T0986,1,stop,439,0,0,0,0,0,0,0,0,0,0,0,0,0,0,0
base-1.0,T0987,1,length,845,0,0,0,0,0,0,0,0,0,0,0,0,0,0,0
base-1.0,T0988,1,length,823,0,0,0,0,0,0,0,0,0,0,0,0,0,0,0
base-1.0,T0989,1,stop,513,0,0,0,0,0,0,0,0,0,0,0,0,0,0,0
base-1.0,T0990,1,length,770,0,0,0,0,0,0,0,0,2,0,0,0,0,0,0
base-1.0,T0991,1,stop,625,0,0,0,0,0,0,0,0,0,0,0,0,0,0,0
base-1.0,T0992,1,stop,636,0,0,0,0,0,0,0,0,0,0,0,0,0,0,0
base-1.0,T0993,1,length,813,0,0,0,0,0,0,0,0,0,0,0,0,0,0,0
base-1.0,T0994,1,stop,588,0,0,0,0,0,0,0,0,0,0,0,0,0,0,0
base-1.0,T0995,1,stop,573,0,0,0,0,0,0,0,0,1,0,0,0,0,0,0
base-1.0,T0996,1,length,848,0,0,0,0,0,0,0,0,0,0,0,0,0,0,0
base-1.0,T0997,1,length,764,0,0,0,0,0,0,0,0,0,0,0,0,0,0,0
base-1.0,T0998,1,stop,376,0,0,0,0,0,0,0,0,0,0,0,0,0,0,0
base-1.0,T0999,1,stop,28,0,0,0,0,0,0,0,0,0,0,0,0,0,0,0
base-1.0,T1000,1,length,754,0,0,0,0,0,0,0,0,0,0,0,0,0,0,0
base-1.0,T1001,1,length,253,0,0,0,0,0,0,0,0,0,0,0,0,0,0,0
base-1.0,T1002,1,stop,483,0,0,0,0,0,0,0,0,0,0,0,0,0,0,0
base-1.0,T1003,1,length,801,0,0,0,0,0,0,0,0,0,0,0,0,0,0,0
base-1.0,T1004,1,stop,346,0,0,0,0,0,0,0,0,0,0,0,0,0,0,0
base-1.0,T1005,1,stop,459,0,0,0,0,0,0,0,0,0,0,0,0,0,0,0
base-1.0,T1006,1,length,811,0,0,0,0,0,0,0,0,0,0,0,0,0,0,0
base-1.0,T1007,1,stop,779,0,0,0,0,0,0,0,0,0,0,0,0,0,0,0
base-1.0,T1008,1,stop,601,0,0,0,0,0,0,0,0,0,0,0,0,0,0,0
base-1.0,T1009,1,length,823,0,0,0,0,0,0,0,0,0,0,0,0,0,0,0
base-1.0,T1010,1,stop,547,0,0,0,0,0,0,0,0,0,0,0,0,0,0,0
base-1.0,T1011,1,stop,232,0,0,0,0,0,0,0,0,0,0,0,0,0,0,0
base-1.0,T1012,1,length,778,0,0,0,0,0,0,0,0,0,0,0,0,0,0,0
base-1.0,T1013,1,length,846,0,0,0,0,0,0,1,1,0,0,0,0,0,0,0
base-1.0,T1014,1,length,823,0,0,0,0,0,0,0,0,0,0,0,0,0,1,0
base-1.0,T1015,1,stop,386,0,0,0,0,0,0,0,0,0,0,0,0,0,0,0
base-1.0,T1016,1,stop,141,0,0,0,0,0,0,0,0,0,0,0,0,0,0,0
base-1.0,T1017,1,stop,464,0,0,0,0,0,0,0,0,0,0,0,0,0,0,0
base-1.0,T1018,1,stop,766,0,0,0,0,0,0,0,0,0,0,0,0,0,0,0
base-1.0,T1019,1,stop,735,0,0,0,0,0,0,0,0,0,0,0,0,0,0,0
base-1.0,T1020,1,stop,460,0,0,0,0,0,0,0,0,0,0,0,0,0,0,0
base-1.0,T1021,1,length,588,0,0,0,0,0,0,0,0,0,0,0,0,0,0,0
base-1.0,T1022,1,stop,481,0,0,0,0,0,0,0,0,1,0,0,0,0,0,0
base-1.0,T1023,1,stop,409,0,0,0,0,0,0,0,0,0,0,0,0,0,0,0
base-1.0,T1024,1,stop,445,0,0,0,0,0,0,0,0,0,0,0,0,0,0,0
base-1.0,T1025,1,length,759,0,0,0,0,0,0,0,0,0,0,0,0,0,0,0
base-1.0,T1026,1,length,859,0,0,0,0,0,0,0,0,0,0,0,0,0,0,0
base-1.0,T1027,1,stop,531,0,0,0,0,0,0,0,0,0,0,0,0,0,0,0
base-1.0,T1028,1,stop,587,0,0,0,0,0,0,0,0,0,0,0,0,0,0,0
base-1.0,T1029,1,stop,568,0,0,0,0,0,0,0,0,0,0,0,0,0,0,0
base-1.0,T1030,1,length,813,0,0,0,0,0,0,0,0,1,0,0,0,0,0,0
base-1.0,T1031,1,length,904,0,0,0,0,0,0,0,0,0,0,0,0,0,0,0
base-1.0,T1032,1,stop,560,0,0,0,0,0,0,0,0,0,0,0,0,0,0,0
base-1.0,T1033,1,stop,237,0,0,0,0,0,0,0,0,0,0,0,0,0,0,0
base-1.0,T1034,1,length,739,0,0,0,0,0,0,0,0,0,0,0,0,0,0,0
base-1.0,T1035,1,length,832,0,0,0,0,0,0,0,0,0,0,0,0,0,0,0
base-1.0,T1036,1,stop,208,0,0,0,0,0,0,0,0,0,0,0,0,0,0,0
base-1.0,T1037,1,stop,566,0,0,0,0,0,0,0,0,0,0,0,0,0,0,0
base-1.0,T1038,1,stop,677,0,0,0,0,0,0,0,0,0,0,0,0,0,0,0
base-1.0,T1039,1,stop,354,0,0,0,0,0,0,1,0,0,0,0,0,0,0,0
base-1.0,T1040,1,stop,109,0,0,0,0,0,0,0,0,0,0,0,0,0,0,0
base-1.0,T1041,1,length,787,0,0,0,0,0,0,0,0,1,0,0,0,0,0,0
base-1.0,T1042,1,stop,467,0,0,0,0,0,0,0,0,0,0,0,0,0,0,0
base-1.0,T1043,1,stop,489,0,0,0,0,0,0,0,0,0,0,0,0,0,0,0
base-1.0,T1044,1,stop,399,0,0,0,0,0,0,0,0,0,0,0,0,0,0,0
base-1.0,T1045,1,length,843,0,0,0,0,0,0,0,0,0,0,0,0,0,0,0
base-1.0,T1046,1,length,914,0,0,0,0,0,0,0,0,0,0,0,0,0,0,0
base-1.0,T1047,1,stop,633,0,0,0,0,0,0,0,0,0,0,0,0,0,0,0
base-1.0,T1048,1,stop,294,0,0,0,0,0,0,0,0,0,0,0,0,0,0,0
base-1.0,T1049,1,stop,605,0,0,0,0,0,0,0,0,0,0,0,0,0,0,0
base-1.0,T1050,1,stop,68,0,0,0,0,0,0,0,0,0,0,0,0,0,0,0
base-1.0,T1051,1,stop,384,0,0,0,0,0,0,0,0,0,0,0,0,0,0,0
base-1.0,T1052,1,stop,504,0,0,0,0,0,0,0,0,0,0,0,0,0,0,0
base-1.0,T1053,1,length,841,0,0,0,0,0,0,0,0,0,0,0,0,0,0,0
base-1.0,T1054,1,stop,735,0,0,0,0,0,0,0,0,0,1,0,0,0,0,0
base-1.0,T1055,1,length,730,0,0,0,0,0,0,0,0,0,0,0,0,0,0,0
base-1.0,T1056,1,stop,639,0,0,0,0,0,0,0,0,0,0,0,0,0,0,0
base-1.0,T1057,1,length,834,0,0,0,0,0,0,0,0,0,0,0,0,0,0,0
base-1.0,T1058,1,stop,558,0,0,0,0,0,0,0,0,0,0,0,0,0,0,0
base-1.0,T1059,1,stop,472,0,0,0,0,0,0,0,0,0,0,0,0,0,0,0
base-1.0,T1060,1,stop,228,0,0,0,0,0,0,0,0,0,0,0,0,0,0,0
base-1.0,T1061,1,stop,754,0,0,0,0,0,0,0,0,0,0,0,0,0,0,0
base-1.0,T1062,1,length,764,0,0,0,0,0,0,0,0,0,0,0,0,0,0,0
base-1.0,T1063,1,length,715,0,0,0,0,0,0,0,0,0,0,0,0,0,0,0
base-1.0,T1064,1,stop,774,0,0,0,0,0,0,0,0,0,0,0,0,0,0,0
base-1.0,T1065,1,length,838,0,0,0,0,0,0,0,0,0,0,0,0,0,0,0
base-1.0,T1066,1,stop,237,0,0,0,0,0,0,0,0,0,0,0,0,0,0,0
base-1.0,T1067,1,length,836,0,0,0,0,0,0,0,0,0,0,0,0,0,0,0
base-1.0,T1068,1,length,831,0,0,0,0,0,0,0,0,0,0,0,0,0,0,0
base-1.0,T1069,1,length,838,0,0,0,0,0,0,0,0,0,0,0,0,0,0,0
base-1.0,T1070,1,length,708,0,0,0,0,0,0,0,0,0,0,0,0,0,0,0
base-1.0,T1071,1,stop,697,0,0,0,0,0,0,0,0,0,0,0,0,0,0,0
base-1.0,T1072,1,length,784,0,0,0,0,0,0,0,0,2,0,0,0,0,0,0
base-1.0,T1073,1,stop,661,0,0,0,0,0,0,0,0,0,0,0,0,0,0,0
base-1.0,T1074,1,stop,438,0,0,0,0,0,0,0,0,0,0,0,0,0,0,0
base-1.0,T1075,1,length,780,0,0,0,0,0,0,0,0,0,0,0,0,0,0,0
base-1.0,T1076,1,length,845,0,0,0,0,0,0,0,0,0,0,0,0,0,0,0
base-1.0,T1077,1,stop,743,0,0,0,0,0,0,0,0,0,0,0,0,0,0,0
base-1.0,T1078,1,stop,331,0,0,0,0,0,0,0,0,0,0,0,0,0,0,0
base-1.0,T1079,1,stop,81,0,0,0,0,0,0,0,0,0,0,0,0,0,0,0
base-1.0,T1080,1,length,825,0,0,0,0,0,0,0,0,0,0,0,0,0,0,0
base-1.0,T1081,1,stop,246,0,0,0,0,0,0,0,0,0,0,0,0,0,0,0
base-1.0,T1082,1,stop,404,0,0,0,0,0,0,0,0,0,0,0,0,0,0,0
base-1.0,T1083,1,stop,515,0,0,0,0,0,0,0,0,0,0,0,0,0,0,0
base-1.0,T1084,1,stop,581,0,0,0,0,0,0,0,0,0,0,0,0,0,0,0
base-1.0,T1085,1,length,836,0,0,0,0,0,0,0,0,0,0,0,0,0,0,0
base-1.0,T1086,1,stop,344,0,0,0,0,0,0,0,0,0,0,0,0,0,0,0
base-1.0,T1087,1,stop,680,0,0,0,0,0,0,0,0,0,0,0,0,0,0,0
base-1.0,T1088,1,stop,783,0,0,0,0,0,0,0,0,0,0,0,0,0,0,0
base-1.0,T1089,1,length,847,0,0,0,0,0,0,0,0,0,0,0,0,0,0,0
base-1.0,T1090,1,length,754,0,0,0,0,0,0,0,0,0,0,0,0,0,0,0
base-1.0,T1091,1,length,803,0,0,0,0,0,0,0,0,0,0,0,0,0,0,0
base-1.0,T1092,1,stop,586,0,0,0,0,0,0,0,0,0,0,0,0,0,0,0
base-1.0,T1093,1,stop,735,0,0,0,0,0,0,0,0,0,0,0,0,0,0,0
base-1.0,T1094,1,length,781,0,0,0,0,0,0,0,0,0,0,0,0,0,0,0
base-1.0,T1095,1,stop,737,0,0,0,0,0,0,0,0,0,0,0,0,0,0,0
base-1.0,T1096,1,length,861,0,0,0,0,0,0,0,0,0,0,0,0,0,0,0
base-1.0,T1097,1,length,803,0,0,0,0,0,0,0,0,0,0,0,0,0,0,0
base-1.0,T1098,1,stop,805,0,0,0,0,0,0,0,0,0,0,0,0,0,0,0
base-1.0,T1099,1,stop,809,0,0,0,0,0,0,0,0,0,0,0,0,0,0,0
base-1.0,T1100,1,length,842,0,0,0,0,0,0,0,0,0,0,0,0,1,0,0
base-1.0,T1101,1,length,776,0,0,0,0,0,0,0,0,0,0,0,0,0,0,0
base-1.0,T1102,1,length,747,0,0,0,0,0,0,0,0,0,0,0,0,0,0,0
base-1.0,T1103,1,length,833,0,0,0,0,0,0,0,0,0,0,0,0,0,0,0
base-1.0,T1104,1,stop,498,0,0,0,0,0,0,0,0,0,0,0,0,0,0,0
base-1.0,T1105,1,stop,847,0,0,0,0,0,0,0,0,0,0,0,0,0,0,0
base-1.0,T1106,1,stop,444,0,0,0,0,0,0,0,0,0,0,0,0,0,0,0
base-1.0,T1107,1,stop,517,0,0,0,0,0,0,0,0,0,0,0,0,0,0,0
base-1.0,T1108,1,length,778,0,0,0,0,0,0,0,0,0,1,0,0,0,0,0
base-1.0,T1109,1,stop,516,0,0,0,0,0,0,0,0,0,0,0,0,0,0,0
base-1.0,T1110,1,stop,685,0,0,0,0,0,0,0,0,0,0,0,0,0,0,0
base-1.0,T1111,1,length,190,0,0,0,0,0,0,0,0,0,0,0,0,0,0,0
base-1.0,T1112,1,stop,617,0,0,0,0,0,0,0,0,0,0,0,0,0,0,0
base-1.0,T1113,1,length,819,0,0,0,0,0,0,0,1,0,0,0,0,0,0,0
base-1.0,T1114,1,stop,583,0,0,0,0,0,0,0,0,0,0,0,0,0,0,0
base-1.0,T1115,1,length,823,0,0,0,0,0,0,0,0,0,0,0,0,0,0,0
base-1.0,T1116,1,stop,530,0,0,0,0,0,0,0,0,0,0,0,0,0,0,0
base-1.0,T1117,1,stop,471,0,0,0,0,0,0,0,0,0,0,0,0,0,0,0
base-1.0,T1118,1,stop,735,0,0,0,0,0,0,0,0,0,0,0,0,0,1,0
base-1.0,T1119,1,stop,105,0,0,0,0,0,0,0,0,0,0,0,0,0,0,0
base-1.0,T1120,1,stop,555,0,0,0,0,0,0,0,0,0,0,0,0,0,0,0
base-1.0,T1121,1,stop,385,0,0,0,0,0,0,0,0,0,0,0,0,0,0,0
base-1.0,T1122,1,length,875,0,0,0,0,0,0,0,0,0,0,0,0,0,0,0
base-1.0,T1123,1,stop,666,0,0,0,0,0,0,0,0,0,0,0,0,0,0,0
base-1.0,T1124,1,length,679,0,0,0,0,0,0,0,0,0,0,0,0,0,0,0
base-1.0,T1125,1,stop,446,0,0,0,0,0,0,0,0,0,0,0,0,0,0,0
base-1.0,T1126,1,stop,551,0,0,0,0,0,0,0,0,0,0,0,0,0,0,0
base-1.0,T1127,1,length,808,0,0,0,0,0,0,0,0,0,0,0,0,0,0,0
base-1.0,T1128,1,stop,174,0,0,0,0,0,0,0,0,0,0,0,0,0,0,0
base-1.0,T1129,1,length,730,0,0,0,0,0,0,0,0,0,0,0,0,0,0,0
base-1.0,T1130,1,stop,540,0,0,0,0,0,0,0,0,0,0,0,0,0,0,0
base-1.0,T1131,1,stop,114,0,0,0,0,0,0,0,0,0,0,0,0,0,0,0
base-1.0,T1132,1,length,886,0,0,0,0,0,0,0,0,0,0,0,0,0,0,0
base-1.0,T1133,1,stop,597,0,0,0,0,0,0,0,0,0,0,0,0,0,0,0
base-1.0,T1134,1,stop,278,0,0,0,0,0,0,0,0,0,0,0,0,0,0,0
base-1.0,T1135,1,stop,245,0,0,0,0,0,0,0,0,0,0,0,0,0,0,0
base-1.0,T1136,1,stop,448,0,0,0,0,0,0,0,0,0,0,0,0,0,0,0
base-1.0,T1137,1,length,831,0,0,0,0,0,0,0,0,0,0,0,0,0,0,0
base-1.0,T1138,1,stop,656,0,0,0,0,0,0,0,0,0,0,0,0,0,0,0
base-1.0,T1139,1,stop,450,0,0,0,0,0,0,0,0,0,0,0,0,0,0,0
base-1.0,T1140,1,length,815,0,0,0,0,0,0,0,0,0,0,0,0,0,0,0
base-1.0,T1141,1,stop,397,0,0,0,0,0,0,0,0,0,0,0,0,0,0,0
base-1.0,T1142,1,stop,511,0,0,0,0,0,0,0,0,0,0,0,0,0,0,0
base-1.0,T1143,1,stop,565,0,0,0,0,0,0,0,0,1,0,0,0,0,0,0
base-1.0,T1144,1,stop,218,0,0,0,0,0,0,0,0,0,0,0,0,0,0,0
base-1.0,T1145,1,stop,763,0,0,0,0,0,0,0,0,0,0,0,0,0,0,0
base-1.0,T1146,1,stop,620,0,0,0,0,0,0,0,0,0,0,0,0,0,0,0
base-1.0,T1147,1,stop,481,0,0,0,0,0,0,0,0,0,0,0,0,0,0,0
base-1.0,T1148,1,stop,719,0,0,0,0,0,0,0,0,0,0,0,0,0,0,0
base-1.0,T1149,1,stop,209,0,0,0,0,0,0,0,0,0,0,0,0,0,0,0
base-1.0,T1150,1,stop,360,0,0,0,0,0,0,0,0,0,0,0,0,0,0,0
base-1.0,T1151,1,stop,502,0,0,0,0,0,0,1,0,0,0,0,0,0,0,0
base-1.0,T1152,1,stop,564,0,0,0,0,0,0,0,0,0,0,0,0,0,0,0
base-1.0,T1153,1,stop,471,0,0,0,0,0,0,0,0,0,0,0,0,0,0,0
base-1.0,T1154,1,stop,529,0,0,0,0,0,0,0,0,0,0,0,0,0,0,0
base-1.0,T1155,1,stop,638,0,0,0,0,0,0,0,0,0,0,0,0,0,0,0
base-1.0,T1156,1,stop,318,0,0,0,0,0,0,0,0,0,0,0,0,0,0,0
base-1.0,T1157,1,stop,273,0,0,0,0,0,0,0,0,0,0,0,0,0,0,0
base-1.0,T1158,1,stop,722,0,0,0,0,0,0,0,0,0,0,0,0,0,0,0
base-1.0,T1159,1,stop,660,0,0,0,0,0,0,0,0,0,0,0,0,0,0,0
base-1.0,T1160,1,length,785,0,0,0,0,0,0,0,0,0,0,0,0,0,0,0
base-1.0,T1161,1,length,778,0,0,0,0,0,0,0,0,0,0,0,0,0,0,0
base-1.0,T1162,1,length,850,0,0,0,0,0,0,0,0,0,0,0,0,0,0,0
base-1.0,T1163,1,length,870,0,0,0,0,0,0,0,0,0,0,0,0,0,0,0
base-1.0,T1164,1,length,738,0,0,1,0,0,0,0,0,0,0,0,0,0,0,0
base-1.0,T1165,1,stop,332,0,0,0,0,0,0,0,0,0,0,0,0,0,0,0
base-1.0,T1166,1,stop,709,0,0,0,0,0,0,0,0,0,0,0,0,0,0,0
base-1.0,T1167,1,length,834,0,0,0,0,0,0,0,0,0,0,0,0,0,0,0
base-1.0,T1168,1,length,762,0,0,0,0,0,0,0,0,0,0,0,0,0,0,0
base-1.0,T1169,1,stop,689,0,0,0,0,0,0,0,0,0,0,0,0,0,0,0
base-1.0,T1170,1,stop,689,0,0,0,0,0,0,0,0,1,0,0,0,0,0,0
base-1.0,T1171,1,stop,621,0,0,0,0,0,0,0,0,1,0,0,0,0,0,0
base-1.0,T1172,1,stop,704,0,0,0,0,0,0,0,0,0,0,0,0,0,0,0
base-1.0,T1173,1,stop,618,0,0,0,0,0,0,0,0,0,0,0,0,0,0,0
base-1.0,T1174,1,stop,474,0,0,0,0,0,0,0,0,0,0,0,0,0,0,0
base-1.0,T1175,1,stop,263,0,0,0,0,0,0,0,0,0,0,0,0,0,0,0
base-1.0,T1176,1,stop,739,0,0,0,0,0,0,0,0,0,0,0,0,0,0,0
base-1.0,T1177,1,stop,211,0,0,0,0,0,0,0,0,0,0,0,0,0,0,0
base-1.0,T1178,1,stop,542,0,0,0,0,0,0,0,0,0,0,0,0,0,0,0
base-1.0,T1179,1,stop,559,0,0,0,0,0,0,0,0,0,0,0,0,0,0,0
base-1.0,T1180,1,stop,720,0,1,0,0,0,0,0,0,0,0,0,0,0,0,0
base-1.0,T1181,1,length,818,0,0,0,0,0,0,0,0,0,0,0,0,0,0,0
base-1.0,T1182,1,length,804,0,0,0,0,0,0,0,0,0,0,0,0,0,0,0
base-1.0,T1183,1,length,792,0,0,0,0,0,0,0,0,0,0,0,0,0,0,0
base-1.0,T1184,1,length,825,0,0,0,0,0,0,0,0,1,0,0,0,0,0,0
base-1.0,T1185,1,stop,631,0,0,0,0,0,0,0,0,0,0,0,0,0,0,0
base-1.0,T1186,1,stop,578,0,0,1,0,0,0,0,0,0,0,0,0,0,0,0
base-1.0,T1187,1,stop,687,0,0,0,0,0,0,0,0,0,0,0,0,0,0,0
base-1.0,T1188,1,stop,763,0,0,0,0,0,0,0,0,0,0,0,0,0,0,0
base-1.0,T1189,1,stop,535,0,0,0,0,0,0,0,0,0,0,0,0,0,0,0
base-1.0,T1190,1,stop,521,0,0,0,0,0,0,0,0,0,0,0,0,0,0,0
base-1.0,T1191,1,stop,320,0,0,0,0,0,0,0,0,0,0,0,0,1,0,0
base-1.0,T1192,1,stop,505,0,0,0,0,0,0,0,0,0,0,0,0,0,0,0
base-1.0,T1193,1,stop,447,0,0,0,0,0,0,0,0,0,0,0,0,0,0,0
base-1.0,T1194,1,length,792,0,0,0,0,0,0,0,0,0,0,0,0,0,0,0
base-1.0,T1195,1,stop,577,0,0,0,0,0,0,0,0,0,0,0,0,0,0,0
base-1.0,T1196,1,length,862,0,0,0,0,0,0,0,0,0,0,0,0,0,0,0
base-1.0,T1197,1,stop,758,0,0,0,0,0,0,0,0,0,0,0,0,0,0,0
base-1.0,T1198,1,stop,407,0,0,0,0,0,0,0,0,0,0,0,0,0,0,0
base-1.0,T1199,1,stop,89,0,0,0,0,0,0,0,0,0,0,0,0,0,0,0
base-1.0,T1200,1,stop,517,0,0,0,0,0,0,0,0,0,0,0,0,0,0,0
base-1.0,T1201,1,length,769,0,0,0,0,0,0,0,0,0,0,0,0,0,0,0
base-1.0,T1202,1,stop,657,0,0,0,0,0,0,0,0,0,0,0,0,0,0,0
base-1.0,T1203,1,length,863,0,0,0,0,0,0,0,0,0,0,0,0,0,0,0
base-1.0,T1204,1,stop,681,0,0,0,0,0,0,0,0,0,0,0,0,0,0,0
base-1.0,T1205,1,stop,656,0,0,1,0,0,0,1,0,0,0,0,0,0,0,0
base-1.0,T1206,1,stop,548,0,0,0,0,0,0,0,0,0,0,0,0,0,0,0
base-1.0,T1207,1,length,865,0,0,0,0,0,0,0,0,0,0,0,0,0,0,0
base-1.0,T1208,1,length,851,0,0,0,0,0,0,0,0,0,0,0,0,0,0,0
base-1.0,T1209,1,length,938,0,0,0,0,0,0,0,0,0,0,0,0,0,0,0
base-1.0,T1210,1,length,797,0,0,0,0,0,0,0,0,0,0,0,0,0,0,0
base-1.0,T1211,1,stop,730,0,0,0,0,0,0,1,0,0,0,0,0,0,0,0
base-1.0,T1212,1,length,725,0,0,0,0,0,0,0,0,0,0,0,0,0,0,0
base-1.0,T1213,1,stop,650,0,0,0,0,0,0,0,0,0,0,0,0,0,0,0
base-1.0,T1214,1,length,787,0,0,0,0,0,0,0,0,0,0,0,0,0,0,0
base-1.0,T1215,1,length,719,0,0,0,0,0,0,0,0,0,0,0,0,0,0,0
base-1.0,T1216,1,stop,680,0,0,0,0,0,0,0,0,0,0,0,0,0,0,0
base-1.0,T1217,1,stop,545,0,0,0,0,0,0,0,0,0,0,0,0,0,0,0
base-1.0,T1218,1,stop,688,0,0,0,0,0,0,0,0,0,0,0,0,0,0,0
base-1.0,T1219,1,stop,722,0,0,0,0,0,0,0,0,0,0,0,0,0,0,0
base-1.0,T1220,1,length,736,0,0,0,0,0,0,0,0,0,0,0,0,0,0,0
base-1.0,T1221,1,length,839,0,0,0,0,0,0,0,0,0,0,0,0,0,0,0
base-1.0,T1222,1,length,803,0,0,0,0,0,0,0,0,0,0,0,0,0,0,0
base-1.0,T1223,1,stop,523,0,0,0,0,0,0,0,0,0,0,0,0,0,0,0
base-1.0,T1224,1,length,664,0,0,0,0,0,0,0,0,0,0,0,0,0,0,0
base-1.0,T1225,1,stop,400,0,0,0,0,0,0,0,0,0,0,0,0,0,0,0
base-1.0,T1226,1,length,817,0,0,0,0,0,0,0,0,0,0,0,0,0,0,0
base-1.0,T1227,1,stop,451,0,0,0,0,0,0,0,0,0,0,0,0,0,0,0
base-1.0,T1228,1,stop,267,0,0,0,0,0,0,0,0,0,0,0,0,0,0,0
base-1.0,T1229,1,stop,142,0,0,0,0,0,0,0,0,0,0,0,0,0,0,0
base-1.0,T1230,1,stop,280,0,0,0,0,0,0,0,0,0,0,0,0,0,0,0
base-1.0,T1231,1,stop,618,0,0,0,0,0,0,0,0,0,0,0,0,0,0,0
base-1.0,T1232,1,length,842,0,0,0,0,0,0,0,0,0,0,0,0,0,0,0
base-1.0,T1233,1,length,843,0,0,0,0,0,0,0,0,0,0,0,0,0,0,0
base-1.0,T1234,1,stop,577,0,0,0,0,0,0,0,0,0,0,0,0,2,0,0
base-1.0,T1235,1,stop,804,0,0,0,0,0,0,0,0,0,0,0,0,0,0,0
base-1.0,T1236,1,length,849,0,0,0,0,0,0,0,0,0,0,0,0,0,0,0
base-1.0,T1237,1,length,709,0,0,0,0,0,0,0,0,1,0,0,0,0,0,0
base-1.0,T1238,1,stop,760,0,0,0,0,0,0,0,0,0,0,0,0,0,0,0
base-1.0,T1239,1,length,790,0,0,0,0,0,0,0,0,0,0,0,0,0,0,0
base-1.0,T1240,1,stop,380,0,0,0,0,0,0,0,0,0,0,0,0,0,0,0
base-1.0,T1241,1,stop,473,0,0,0,0,0,0,0,0,0,0,0,0,0,0,0
base-1.0,T1242,1,stop,242,0,0,0,0,0,0,0,0,0,0,0,0,0,0,0
base-1.0,T1243,1,length,772,0,0,0,0,0,0,0,0,0,0,0,0,0,0,0
base-1.0,T1244,1,stop,397,0,0,0,0,0,0,0,0,0,0,0,0,0,0,0
base-1.0,T1245,1,length,795,0,0,0,0,0,0,0,0,0,0,0,0,0,0,0
base-1.0,T1246,1,length,779,0,0,0,0,0,0,0,0,1,0,0,0,0,0,0
base-1.0,T1247,1,length,587,0,0,0,0,0,0,0,0,0,0,0,0,0,0,0
base-1.0,T1248,1,stop,548,0,0,0,0,0,0,0,0,0,0,0,0,0,0,0
base-1.0,T1249,1,length,765,0,0,0,0,0,0,0,0,0,0,0,0,0,0,0
base-1.0,T1250,1,stop,563,0,0,0,0,0,0,0,0,0,0,0,0,0,0,0
base-1.0,T1251,1,stop,756,0,1,0,0,0,0,1,0,2,0,0,0,0,0,0
base-1.0,T1252,1,length,780,0,0,0,0,0,0,0,0,0,0,0,0,0,0,0
base-1.0,T1253,1,length,836,0,0,0,0,0,0,0,0,0,0,0,0,0,0,0
base-1.0,T1254,1,stop,97,0,0,0,0,0,0,0,0,0,0,0,0,0,0,0
base-1.0,T1255,1,length,830,0,0,0,0,0,0,0,0,0,0,0,0,0,0,0
base-1.0,T1256,1,length,812,0,0,0,0,0,0,0,0,0,0,0,0,0,0,0
base-1.0,T1257,1,stop,694,0,0,0,0,0,0,0,0,0,0,0,0,0,0,0
base-1.0,T1258,1,stop,681,0,0,0,0,0,0,0,0,0,0,0,0,0,0,0
base-1.0,T1259,1,length,860,0,0,0,0,0,0,0,0,0,0,0,0,0,0,0
base-1.0,T1260,1,stop,486,0,0,0,0,0,0,0,0,0,0,0,0,0,0,0
base-1.0,T1261,1,stop,499,0,0,0,0,0,0,0,0,0,0,0,0,0,0,0
base-1.0,T1262,1,stop,114,0,0,0,0,0,0,0,0,0,0,0,0,0,0,0
base-1.0,T1263,1,length,673,0,0,0,0,0,0,0,0,0,0,0,0,0,0,0
base-1.0,T1264,1,stop,634,0,0,0,0,0,0,0,0,0,0,0,0,0,0,0
base-1.0,T1265,1,stop,416,0,0,0,0,0,0,0,0,0,0,0,0,0,0,0
base-1.0,T1266,1,length,834,0,0,0,0,0,0,0,0,0,0,0,0,0,0,0
base-1.0,T1267,1,stop,363,0,0,0,0,0,0,0,0,0,0,0,0,0,0,0
base-1.0,T1268,1,length,817,0,0,0,0,0,0,0,0,0,0,0,0,0,0,0
base-1.0,T1269,1,length,831,0,0,0,0,0,0,0,0,0,0,0,0,0,0,0
base-1.0,T1270,1,stop,166,0,0,0,0,0,0,0,0,0,0,0,0,0,0,0
base-1.0,T1271,1,stop,498,0,0,0,0,0,0,0,0,0,0,0,0,0,0,0
base-1.0,T1272,1,stop,684,0,0,0,0,0,0,0,0,0,0,0,0,0,0,0
base-1.0,T1273,1,stop,443,0,0,0,0,0,0,0,0,0,0,0,0,0,0,0
base-1.0,T1274,1,length,816,0,0,0,0,0,0,0,0,0,0,0,0,0,0,0
base-1.0,T1275,1,length,891,0,0,0,0,0,0,0,0,0,0,0,0,0,0,0
base-1.0,T1276,1,length,801,0,0,0,0,0,0,0,0,0,0,0,0,0,0,0
base-1.0,T1277,1,stop,629,0,0,0,0,0,0,0,0,0,0,0,0,0,0,0
base-1.0,T1278,1,stop,103,0,0,0,0,0,0,0,0,0,0,0,0,0,0,0
base-1.0,T1279,1,length,766,0,0,0,0,0,0,0,0,0,0,0,0,0,0,0
base-1.0,T1280,1,stop,578,0,0,0,0,0,0,1,0,0,0,0,0,0,0,0
base-1.0,T1281,1,length,752,0,0,0,0,0,0,2,0,0,0,0,0,0,0,0
base-1.0,T1282,1,length,788,0,0,0,0,0,0,0,0,0,0,0,0,0,0,0
base-1.0,T1283,1,length,818,0,0,0,0,0,0,0,0,0,0,0,0,0,0,0
base-1.0,T1284,1,stop,391,0,0,0,0,0,0,0,0,0,0,0,0,0,0,0
base-1.0,T1285,1,stop,581,0,0,0,0,0,0,0,0,0,0,0,0,0,0,0
base-1.0,T1286,1,length,780,0,0,0,0,0,0,0,0,0,0,0,0,0,0,0
base-1.0,T1287,1,stop,639,0,0,0,0,0,0,0,0,0,0,0,0,0,0,0
base-1.0,T1288,1,stop,189,0,0,0,0,0,0,0,0,0,0,0,0,0,0,0
base-1.0,T1289,1,stop,636,0,0,0,0,0,0,0,0,0,0,0,0,0,0,0
base-1.0,T1290,1,stop,652,0,0,0,0,0,0,0,0,0,0,0,0,0,0,0
base-1.0,T1291,1,stop,463,0,0,0,0,0,0,0,0,0,0,0,0,0,0,0
base-1.0,T1292,1,length,827,0,0,0,0,0,0,0,0,0,0,0,0,0,0,0
base-1.0,T1293,1,stop,592,0,0,0,0,0,0,0,0,0,0,0,0,0,0,0
base-1.0,T1294,1,stop,608,0,0,0,0,0,0,0,0,0,0,0,0,0,0,0
base-1.0,T1295,1,length,753,0,0,0,0,0,0,0,0,0,0,0,0,0,0,0
base-1.0,T1296,1,length,802,0,0,0,0,0,0,0,0,0,0,0,0,0,0,0
base-1.0,T1297,1,length,735,0,0,0,0,0,0,0,0,0,0,0,0,0,0,0
base-1.0,T1298,1,stop,824,0,0,0,0,0,0,0,0,0,0,0,0,0,0,0
base-1.0,T1299,1,length,767,0,0,0,0,0,0,0,0,0,0,0,0,0,0,0
base-1.0,T1300,1,length,887,0,0,0,0,0,0,0,0,0,0,0,0,0,0,0
base-1.0,T1301,1,stop,808,0,0,0,0,0,0,0,0,0,0,0,0,0,0,0
base-1.0,T1302,1,stop,771,0,0,0,0,0,0,0,0,0,0,0,0,0,0,0
base-1.0,T1303,1,length,621,0,0,0,0,0,0,0,0,0,0,0,0,0,0,0
base-1.0,T1304,1,stop,175,0,0,0,0,0,0,0,0,0,0,0,0,0,0,0
base-1.0,T1305,1,stop,743,0,0,0,0,0,0,0,0,0,0,0,0,0,0,0
base-1.0,T1306,1,stop,243,0,0,0,0,0,0,0,0,0,0,0,0,0,0,0
base-1.0,T1307,1,stop,366,0,0,0,0,0,0,0,0,0,0,0,0,0,0,0
base-1.0,T1308,1,stop,244,0,0,0,0,0,0,0,0,0,0,0,0,0,0,0
base-1.0,T1309,1,stop,673,0,0,0,0,0,0,0,0,0,0,0,0,0,0,0
base-1.0,T1310,1,length,766,0,0,0,0,0,0,0,0,0,0,0,0,0,0,0
base-1.0,T1311,1,length,878,0,0,0,0,0,0,0,0,0,0,0,0,0,0,0
base-1.0,T1312,1,stop,547,0,0,0,0,0,0,0,0,0,0,0,0,0,0,0
base-1.0,T1313,1,length,677,0,0,0,0,0,0,0,0,0,0,0,0,0,0,0
base-1.0,T1314,1,stop,167,0,0,0,0,0,0,0,0,0,0,0,0,0,0,0
base-1.0,T1315,1,length,597,0,0,0,0,0,0,0,0,0,0,0,0,0,0,0
base-1.0,T1316,1,length,871,0,0,0,0,0,0,0,0,0,0,0,0,0,0,0
base-1.0,T1317,1,stop,594,0,0,0,0,0,0,0,0,0,0,0,0,0,0,0
base-1.0,T1318,1,stop,666,0,0,0,0,0,0,0,0,0,0,0,0,0,0,0
base-1.0,T1319,1,length,808,0,0,0,0,0,0,0,0,0,0,0,0,0,0,0
base-1.0,T1320,1,stop,738,0,0,0,0,0,0,0,0,0,0,0,0,0,0,0
base-1.0,T1321,1,stop,553,0,0,0,0,0,0,0,0,0,0,0,0,0,0,0
base-1.0,T1322,1,length,806,0,0,0,0,0,0,0,0,0,0,0,0,0,0,0
base-1.0,T1323,1,stop,643,0,0,0,0,0,0,0,0,0,0,0,0,0,0,0
base-1.0,T1324,1,stop,424,0,0,0,0,0,0,0,0,0,0,0,0,0,0,0
base-1.0,T1325,1,length,694,0,0,0,0,0,0,0,0,0,0,0,0,0,0,0
base-1.0,T1326,1,length,799,0,0,0,0,0,0,0,0,0,0,0,0,0,0,0
base-1.0,T1327,1,length,804,0,0,0,0,0,0,0,0,0,0,0,0,0,0,0
base-1.0,T1328,1,stop,598,0,0,0,0,0,0,0,0,0,0,0,0,0,0,0
base-1.0,T1329,1,stop,328,0,0,0,0,0,0,0,0,0,0,0,0,0,0,0
base-1.0,T1330,1,stop,402,0,0,0,0,0,0,0,0,0,0,0,0,0,0,0
base-1.0,T1331,1,length,841,0,0,0,0,0,0,0,0,0,0,0,0,0,0,0
base-1.0,T1332,1,stop,743,0,0,0,0,0,0,0,0,0,0,0,0,0,0,0
base-1.0,T1333,1,stop,248,0,0,0,0,0,0,0,0,0,0,0,0,0,0,0
base-1.0,T1334,1,stop,659,0,0,0,0,0,0,0,0,0,0,0,0,0,0,0
base-1.0,T1335,1,length,801,0,0,0,0,0,0,0,0,0,0,0,0,0,0,0
base-1.0,T1336,1,length,873,0,0,0,0,0,0,0,0,1,0,0,0,0,0,0
base-1.0,T1337,1,stop,459,0,0,0,0,0,0,0,0,0,0,0,0,0,0,0
base-1.0,T1338,1,length,802,0,0,0,0,0,0,0,0,0,0,0,0,0,0,0
base-1.0,T1339,1,length,851,0,0,0,0,0,0,0,0,0,0,0,0,0,0,0
base-1.0,T1340,1,stop,624,0,0,0,0,0,0,0,0,0,0,0,0,0,0,0
base-1.0,T1341,1,stop,309,0,0,0,0,0,0,0,0,0,0,0,0,0,0,0
base-1.0,T1342,1,stop,688,0,0,0,0,0,0,0,0,0,0,0,0,0,0,0
base-1.0,T1343,1,stop,739,0,0,0,0,0,0,0,0,0,0,0,0,0,0,0
base-1.0,T1344,1,stop,689,0,0,2,0,0,0,0,0,0,0,0,0,0,0,0
base-1.0,T1345,1,length,677,0,0,0,0,0,0,0,0,0,0,0,0,0,0,0
base-1.0,T1346,1,length,837,0,0,0,0,0,0,0,0,0,0,0,0,0,0,0
base-1.0,T1347,1,stop,460,0,0,0,0,0,0,0,0,0,0,0,0,0,0,0
base-1.0,T1348,1,stop,437,0,0,0,0,0,0,0,0,0,0,0,0,0,0,0
base-1.0,T1349,1,stop,428,0,0,0,0,0,0,0,0,0,0,0,0,0,0,0
base-1.0,T1350,1,length,785,0,0,0,0,0,0,0,0,0,0,0,0,0,0,0
base-1.0,T1351,1,length,811,0,0,0,0,0,0,0,0,0,0,0,0,0,0,0
base-1.0,T1352,1,length,844,0,0,0,0,0,0,0,0,0,0,0,0,0,0,0
base-1.0,T1353,1,length,680,0,0,0,0,0,0,0,0,0,0,0,0,0,0,0
base-1.0,T1354,1,stop,449,0,0,0,0,0,0,0,0,0,0,0,0,0,0,0
base-1.0,T1355,1,length,846,0,0,0,0,0,0,0,0,0,0,0,0,0,0,0
base-1.0,T1356,1,stop,620,0,0,0,0,0,0,0,0,0,0,0,0,0,0,0
base-1.0,T1357,1,length,739,0,0,0,0,0,0,0,0,1,0,0,0,0,1,0
base-1.0,T1358,1,length,756,0,0,0,0,0,0,0,0,0,0,0,0,0,0,0
base-1.0,T1359,1,stop,565,0,0,0,0,0,0,0,0,0,0,0,0,0,0,0
base-1.0,T1360,1,stop,539,0,0,0,0,0,0,0,0,0,0,0,0,0,0,0
base-1.0,T1361,1,length,836,0,0,0,0,0,0,1,0,0,0,0,0,0,0,0
base-1.0,T1362,1,stop,414,0,0,0,0,0,0,0,0,0,0,0,0,0,0,0
base-1.0,T1363,1,stop,437,0,0,0,0,0,0,0,0,0,0,0,0,0,0,0
base-1.0,T1364,1,stop,533,0,0,0,0,0,0,0,0,0,0,0,0,0,0,0
base-1.0,T1365,1,length,792,0,0,0,0,0,0,1,0,1,0,0,0,0,0,0
base-1.0,T1366,1,stop,362,0,0,0,0,0,0,0,0,0,0,0,0,0,0,0
base-1.0,T1367,1,stop,490,0,0,0,0,0,0,0,0,0,0,0,0,0,0,0
base-1.0,T1368,1,stop,476,0,0,0,0,0,0,0,0,0,0,0,0,0,0,0
base-1.0,T1369,1,length,787,0,0,0,0,0,0,0,0,0,0,0,0,0,0,0
base-1.0,T1370,1,length,755,0,0,0,0,0,0,0,0,0,0,0,0,0,0,0
base-1.0,T1371,1,stop,654,0,0,0,0,0,0,0,0,0,0,0,0,0,0,0
base-1.0,T1372,1,length,853,0,0,0,0,0,0,0,0,0,0,0,0,0,0,0
base-1.0,T1373,1,stop,749,0,0,0,0,0,0,0,0,0,0,0,0,0,0,0
base-1.0,T1374,1,stop,694,0,0,0,0,0,0,0,0,0,0,0,0,0,0,0
base-1.0,T1375,1,stop,344,0,0,0,0,0,0,0,0,0,0,0,0,0,0,0
base-1.0,T1376,1,stop,517,0,0,0,0,0,0,0,0,0,0,0,0,0,0,0
base-1.0,T1377,1,length,730,0,0,0,0,0,0,1,0,0,0,0,0,0,0,0
base-1.0,T1378,1,stop,578,0,0,0,0,0,0,0,0,0,0,0,0,0,0,0
base-1.0,T1379,1,stop,644,0,0,0,0,0,0,0,0,0,0,0,0,0,0,0
base-1.0,T1380,1,length,849,0,0,0,0,0,0,0,0,0,0,0,0,0,0,0
base-1.0,T1381,1,stop,626,0,0,0,0,0,0,0,0,0,0,0,0,0,0,0
base-1.0,T1382,1,length,843,0,0,0,0,0,0,0,0,1,0,0,0,0,0,0
base-1.0,T1383,1,stop,445,0,0,0,0,0,0,0,0,0,0,0,0,0,0,0
base-1.0,T1384,1,stop,73,0,0,0,0,0,0,0,0,0,0,0,0,0,0,0
base-1.0,T1385,1,length,865,0,0,0,0,0,0,0,0,0,0,0,0,0,0,0
base-1.0,T1386,1,length,729,0,0,1,0,0,0,0,0,0,0,0,0,0,0,0
base-1.0,T1387,1,length,727,0,0,0,0,0,0,0,0,0,0,0,0,0,0,0
base-1.0,T1388,1,stop,647,0,0,0,0,0,0,0,0,0,0,0,0,0,0,0
base-1.0,T1389,1,stop,545,0,0,0,0,0,0,0,0,0,0,0,0,0,0,0
base-1.0,T1390,1,stop,218,0,0,0,0,0,0,0,0,0,0,0,0,0,0,0
base-1.0,T1391,1,stop,110,0,0,0,0,0,0,0,0,0,0,0,0,0,0,0
base-1.0,T1392,1,length,827,0,0,0,0,0,0,0,0,0,0,0,0,0,0,0
base-1.0,T1393,1,length,720,0,0,0,0,0,0,0,0,0,0,0,0,0,0,0
base-1.0,T1394,1,length,743,0,0,0,0,0,0,0,0,0,0,0,0,0,0,0
base-1.0,T1395,1,stop,601,0,0,0,0,0,0,0,0,0,0,0,0,0,0,0
base-1.0,T1396,1,length,869,0,0,0,0,0,0,0,0,0,0,0,0,0,0,0
base-1.0,T1397,1,stop,406,0,0,0,0,0,0,0,0,0,0,0,0,0,0,0
base-1.0,T1398,1,stop,235,0,0,0,0,0,0,0,0,0,0,0,0,0,0,0
base-1.0,T1399,1,stop,807,0,0,0,0,0,0,0,0,0,0,0,0,0,0,0
base-1.0,T1400,1,length,774,0,0,0,0,0,0,0,0,0,0,0,0,0,0,0
base-1.0,T1401,1,stop,488,0,0,0,0,0,0,0,0,0,0,0,0,0,0,0
base-1.0,T1402,1,length,829,0,0,0,0,0,0,0,0,0,0,0,0,0,0,0
base-1.0,T1403,1,stop,545,0,0,0,0,0,0,0,0,1,0,0,0,1,0,0
base-1.0,T1404,1,length,823,0,0,0,0,0,0,0,0,0,0,0,0,0,0,0
base-1.0,T1405,1,stop,423,0,0,0,0,0,0,0,1,0,0,0,0,0,0,0
base-1.0,T1406,1,length,692,0,0,0,0,0,0,0,0,0,0,0,0,0,0,0
base-1.0,T1407,1,stop,659,0,0,0,0,0,0,0,0,0,0,0,0,0,0,0
base-1.0,T1408,1,stop,644,0,0,0,0,0,0,0,0,0,0,0,0,0,0,0
base-1.0,T1409,1,length,851,0,0,0,0,0,0,0,0,0,0,0,0,0,0,0
base-1.0,T1410,1,length,769,0,0,0,0,0,0,0,0,1,0,0,0,0,0,0
base-1.0,T1411,1,stop,425,0,0,0,0,0,0,0,0,0,0,0,0,0,0,0
base-1.0,T1412,1,length,873,0,0,0,0,0,0,0,0,0,0,0,0,1,0,0
base-1.0,T1413,1,stop,155,0,0,0,0,0,0,0,0,0,0,0,0,0,0,0
base-1.0,T1414,1,length,876,0,0,0,0,0,0,0,0,0,0,0,0,0,0,0
base-1.0,T1415,1,stop,370,0,0,0,0,0,0,0,0,0,0,0,0,0,0,0
base-1.0,T1416,1,stop,651,0,0,0,0,0,0,0,0,0,0,0,0,0,0,0
base-1.0,T1417,1,stop,600,0,0,0,0,0,0,0,0,0,0,0,0,0,0,0
base-1.0,T1418,1,stop,415,0,0,0,0,0,0,0,0,0,0,0,0,0,0,0
base-1.0,T1419,1,stop,403,0,0,0,0,0,0,0,0,0,0,0,0,0,0,0
base-1.0,T1420,1,stop,534,0,0,0,0,0,0,0,0,0,0,0,0,0,0,0
base-1.0,T1421,1,length,869,0,0,0,0,0,0,0,0,0,0,0,0,0,0,0
base-1.0,T1422,1,stop,535,0,0,0,0,0,0,0,0,0,0,0,0,0,0,0
base-1.0,T1423,1,stop,713,0,0,0,0,0,0,0,0,0,0,0,0,0,0,0
base-1.0,T1424,1,stop,544,0,0,0,0,0,0,0,0,0,0,0,0,0,0,0
base-1.0,T1425,1,stop,750,0,0,0,0,0,0,0,0,0,0,0,0,0,0,0
base-1.0,T1426,1,length,723,0,0,0,0,0,0,0,0,0,0,0,0,0,0,0
base-1.0,T1427,1,length,747,0,0,0,0,0,0,0,0,0,0,0,0,0,0,0
base-1.0,T1428,1,stop,359,0,0,0,0,0,0,0,0,0,0,0,0,0,0,0
base-1.0,T1429,1,length,627,0,0,0,0,0,0,0,0,0,0,0,0,0,0,0
base-1.0,T1430,1,length,800,1,0,0,0,0,0,0,0,0,0,0,0,0,0,0
base-1.0,T1431,1,stop,345,0,0,0,0,0,0,0,0,0,0,0,0,0,0,0
base-1.0,T1432,1,length,821,0,0,0,0,0,0,0,0,0,0,0,0,0,0,0
base-1.0,T1433,1,length,831,0,0,0,0,0,0,0,0,0,0,0,0,0,0,0
base-1.0,T1434,1,stop,748,0,0,0,0,0,0,0,0,0,0,0,0,0,0,0
base-1.0,T1435,1,stop,551,0,0,0,0,0,0,0,0,0,0,0,0,0,0,0
base-1.0,T1436,1,length,807,0,0,0,0,0,0,0,0,0,0,0,0,0,0,0
base-1.0,T1437,1,stop,705,0,0,0,0,0,0,0,0,0,0,0,0,0,0,0
base-1.0,T1438,1,length,799,0,0,0,0,0,0,0,0,0,0,0,0,0,0,0
base-1.0,T1439,1,length,844,0,0,0,0,0,0,0,0,0,0,0,0,0,0,0
base-1.0,T1440,1,stop,88,0,0,0,0,0,0,0,0,0,0,0,0,0,0,0
base-1.0,T1441,1,length,895,0,0,0,0,0,0,0,0,0,0,0,0,0,0,0
base-1.0,T1442,1,stop,210,0,0,0,0,0,0,0,0,0,0,0,0,0,0,0
base-1.0,T1443,1,length,832,0,0,0,0,0,0,0,0,0,0,0,0,0,0,0
base-1.0,T1444,1,length,709,0,0,0,0,0,0,0,0,0,0,0,0,0,0,0
base-1.0,T1445,1,stop,852,0,0,0,0,0,0,0,0,0,0,0,0,0,0,0
base-1.0,T1446,1,stop,785,0,0,0,0,0,0,0,0,0,0,0,0,0,0,0
base-1.0,T1447,1,stop,395,0,0,0,0,0,0,0,0,0,0,0,0,0,0,0
base-1.0,T1448,1,stop,385,0,0,0,0,0,0,0,0,0,0,0,0,0,0,0
base-1.0,T1449,1,length,817,0,0,0,0,0,0,0,0,0,0,0,0,0,0,0
base-1.0,T1450,1,stop,709,0,0,0,0,0,0,0,0,0,0,0,0,0,0,0
base-1.0,T1451,1,stop,304,0,0,0,0,0,0,0,0,0,0,0,0,0,0,0
base-1.0,T1452,1,stop,660,0,0,0,0,0,0,0,0,0,0,0,0,0,0,0
base-1.0,T1453,1,length,695,0,0,0,0,0,0,0,0,0,0,0,0,0,0,0
base-1.0,T1454,1,length,821,0,0,0,0,0,0,0,0,0,0,0,0,0,0,0
base-1.0,T1455,1,stop,558,0,0,0,0,0,0,0,0,0,0,0,0,0,0,0
base-1.0,T1456,1,length,748,0,0,0,0,0,0,0,0,0,0,0,0,0,0,0
base-1.0,T1457,1,stop,433,0,0,0,0,0,0,0,0,0,0,0,0,0,0,0
base-1.0,T1458,1,stop,623,0,0,0,0,0,0,0,0,0,0,0,0,0,0,0
base-1.0,T1459,1,stop,309,0,0,0,0,0,0,0,0,0,0,0,0,0,0,0
base-1.0,T1460,1,stop,686,0,0,0,0,0,0,0,0,1,0,0,0,0,0,0
base-1.0,T1461,1,stop,140,0,0,0,0,0,0,0,0,0,0,0,0,0,0,0
base-1.0,T1462,1,length,815,0,0,0,0,0,0,0,0,0,0,0,0,0,0,0
base-1.0,T1463,1,stop,491,0,0,0,0,0,0,0,0,0,0,0,0,0,0,0
base-1.0,T1464,1,stop,706,0,0,0,0,0,0,0,0,0,0,0,0,0,0,0
base-1.0,T1465,1,length,832,0,0,0,0,0,0,0,0,0,0,0,0,0,0,0
base-1.0,T1466,1,stop,537,0,0,0,0,0,0,0,0,0,0,0,0,0,0,0
base-1.0,T1467,1,stop,543,0,0,0,0,0,0,0,0,0,0,0,0,0,0,0
base-1.0,T1468,1,length,851,0,0,0,0,0,0,0,0,0,0,0,0,0,0,0
base-1.0,T1469,1,stop,172,0,0,0,0,0,0,0,0,0,0,0,0,0,0,0
base-1.0,T1470,1,length,839,0,0,1,0,0,0,0,0,1,0,0,0,1,0,0
base-1.0,T1471,1,length,808,0,0,0,0,0,0,0,0,0,0,0,0,0,0,0
base-1.0,T1472,1,stop,356,0,0,0,0,0,0,0,0,0,0,0,0,0,0,0
base-1.0,T1473,1,stop,735,0,0,0,0,0,0,0,0,0,0,0,0,0,0,0
base-1.0,T1474,1,stop,235,0,0,0,0,0,0,0,0,0,0,0,0,0,0,0
base-1.0,T1475,1,length,778,0,0,0,0,0,0,0,0,0,0,0,0,0,0,0
base-1.0,T1476,1,stop,825,0,0,0,0,0,0,0,0,0,0,0,0,0,0,0
base-1.0,T1477,1,length,776,0,0,0,0,0,0,0,0,0,0,0,0,0,0,0
base-1.0,T1478,1,stop,689,0,0,0,0,0,0,0,0,0,0,0,0,0,0,0
base-1.0,T1479,1,stop,473,0,0,0,0,0,0,0,0,0,0,0,0,0,0,0
base-1.0,T1480,1,length,803,0,0,0,0,0,0,0,0,0,0,0,0,0,0,0
base-1.0,T1481,1,stop,594,0,0,0,0,0,0,0,0,0,0,0,0,0,0,0
base-1.0,T1482,1,stop,473,0,0,0,0,0,0,0,0,0,0,0,0,1,0,0
base-1.0,T1483,1,stop,66,0,0,0,0,0,0,0,0,0,0,0,0,0,0,0
base-1.0,T1484,1,stop,568,0,0,0,0,0,0,0,0,0,0,0,0,0,0,0
base-1.0,T1485,1,length,700,0,0,0,0,0,0,0,0,0,0,0,0,0,0,0
base-1.0,T1486,1,length,853,0,0,0,0,0,0,0,0,0,0,0,0,0,0,0
base-1.0,T1487,1,stop,532,0,0,0,0,0,0,0,0,0,0,0,0,0,0,0
base-1.0,T1488,1,stop,300,0,0,0,0,0,0,0,0,0,0,0,0,0,0,0
base-1.0,T1489,1,length,845,0,0,0,0,0,0,0,0,0,0,0,0,0,0,0
base-1.0,T1490,1,stop,364,0,0,0,0,0,0,0,0,0,0,0,0,0,0,0
base-1.0,T1491,1,stop,381,0,0,0,0,0,0,0,0,0,0,0,0,0,0,0
base-1.0,T1492,1,stop,783,0,0,0,0,0,0,0,0,1,0,0,0,0,0,0
base-1.0,T1493,1,stop,617,0,0,0,0,0,0,0,0,0,0,0,0,1,0,0
base-1.0,T1494,1,length,795,0,0,0,0,0,0,0,0,1,0,0,0,0,0,0
base-1.0,T1495,1,stop,642,0,0,0,0,0,0,0,0,1,0,0,0,0,0,0
base-1.0,T1496,1,length,922,0,0,0,0,0,0,0,0,0,0,0,0,0,1,0
base-1.0,T1497,1,stop,662,0,0,0,0,0,0,0,0,0,0,0,0,0,0,0
base-1.0,T1498,1,length,862,0,0,0,0,0,0,0,0,0,0,0,0,0,0,0
base-1.0,T1499,1,length,729,0,0,0,0,0,0,0,0,0,0,0,0,0,0,0
base-1.0,T1500,1,stop,532,0,0,0,0,0,0,0,0,0,0,0,0,0,0,0
base-1.0,T1501,1,stop,693,0,0,0,0,0,0,0,0,0,0,0,0,0,0,0
base-1.0,T1502,1,length,771,0,0,0,0,0,0,0,0,0,0,0,0,0,0,0
base-1.0,T1503,1,length,773,0,0,0,0,0,0,0,0,0,0,0,0,0,0,0
base-1.0,T1504,1,stop,506,0,0,0,0,0,0,0,0,0,0,0,0,0,0,0
base-1.0,T1505,1,length,710,0,0,0,0,0,0,0,0,1,0,0,0,0,0,0
base-1.0,T1506,1,stop,565,0,0,0,0,0,0,0,0,0,0,0,0,0,0,0
base-1.0,T1507,1,stop,97,0,0,0,0,0,0,0,0,0,0,0,0,0,0,0
base-1.0,T1508,1,length,838,0,0,0,0,0,0,0,0,0,0,0,0,0,0,0
base-1.0,T1509,1,length,872,0,0,0,0,0,0,0,0,0,0,0,0,0,0,0
base-1.0,T1510,1,stop,472,0,0,0,0,0,0,0,0,0,0,0,0,0,0,0
base-1.0,T1511,1,stop,548,0,0,0,0,0,0,1,0,0,0,0,0,0,0,0
base-1.0,T1512,1,stop,339,0,0,0,0,0,0,0,0,0,0,0,0,0,0,0
base-1.0,T1513,1,length,794,0,0,0,0,0,0,0,0,0,0,0,0,0,0,0
base-1.0,T1514,1,length,770,0,0,0,0,0,0,0,0,1,0,0,0,0,0,0
base-1.0,T1515,1,length,737,0,0,0,0,0,0,0,0,0,0,0,0,0,0,0
base-1.0,T1516,1,stop,639,0,0,0,0,0,0,0,0,0,0,0,0,0,0,0
base-1.0,T1517,1,stop,853,0,0,0,0,0,0,0,0,1,0,0,0,0,0,0
base-1.0,T1518,1,length,767,0,0,0,0,0,0,0,0,0,0,0,0,0,0,0
base-1.0,T1519,1,stop,355,0,0,0,0,0,0,0,0,0,0,0,0,0,0,0
base-1.0,T1520,1,stop,464,0,0,0,0,0,0,0,0,0,0,0,0,0,0,0
base-1.0,T1521,1,stop,238,0,0,0,0,0,0,0,0,0,0,0,0,0,0,0
base-1.0,T1522,1,stop,480,0,0,0,0,0,0,0,0,0,0,0,0,0,0,0
base-1.0,T1523,1,length,884,0,0,0,0,0,0,0,0,0,0,0,0,0,0,0
base-1.0,T1524,1,stop,129,0,0,0,0,0,0,0,0,0,0,0,0,0,0,0
base-1.0,T1525,1,stop,626,0,0,0,0,0,0,0,0,0,0,0,0,0,0,0
base-1.0,T1526,1,stop,598,0,0,0,0,0,0,0,0,0,0,0,0,0,0,0
base-1.0,T1527,1,length,809,0,0,0,0,0,0,0,0,0,0,0,0,0,0,0
base-1.0,T1528,1,stop,279,0,0,0,0,0,0,0,0,0,0,0,0,0,0,0
base-1.0,T1529,1,stop,729,0,0,0,0,0,0,0,0,0,0,0,0,0,0,0
base-1.0,T1530,1,stop,546,0,0,0,0,0,0,0,0,0,0,0,0,0,0,0
base-1.0,T1531,1,stop,674,0,0,0,0,0,0,0,0,0,0,0,0,0,0,0
base-1.0,T1532,1,length,780,0,0,0,0,0,0,0,0,0,0,0,0,0,0,0
base-1.0,T1533,1,stop,758,0,0,0,0,0,0,0,0,0,0,0,0,0,0,0
base-1.0,T1534,1,length,883,0,0,0,0,0,0,0,0,0,0,0,0,0,0,0
base-1.0,T1535,1,length,800,0,0,0,0,0,0,0,0,0,0,0,0,0,0,0
base-1.0,T1536,1,stop,415,0,0,0,0,0,0,0,0,0,0,0,0,0,0,0
base-1.0,T1537,1,stop,762,0,0,0,0,0,0,0,0,0,0,0,0,0,1,0
base-1.0,T1538,1,length,783,0,0,0,0,0,0,0,0,0,0,0,0,0,0,0
base-1.0,T1539,1,stop,487,0,0,0,0,0,0,0,0,0,0,0,0,0,0,0
base-1.0,T1540,1,length,727,0,0,0,0,0,0,0,0,0,0,0,0,0,1,0
base-1.0,T1541,1,stop,516,0,0,0,0,0,0,0,0,0,0,0,0,0,0,0
base-1.0,T1542,1,length,679,0,0,0,0,0,0,1,0,0,0,0,0,0,0,0
base-1.0,T1543,1,stop,593,0,0,0,0,0,0,0,0,0,0,0,0,0,0,0
base-1.0,T1544,1,length,651,0,0,0,0,0,0,0,0,0,0,0,0,0,0,0
base-1.0,T1545,1,stop,490,0,0,0,0,0,0,0,0,0,0,0,0,0,0,0
base-1.0,T1546,1,stop,550,0,0,0,0,0,0,0,0,0,0,0,0,0,0,0
base-1.0,T1547,1,length,704,0,0,0,0,0,0,0,0,0,0,0,0,0,0,0
base-1.0,T1548,1,stop,595,0,0,0,0,0,0,0,0,0,0,0,0,0,0,0
base-1.0,T1549,1,length,720,0,0,0,0,0,0,0,0,0,0,0,0,0,0,0
base-1.0,T1550,1,length,760,0,0,0,0,0,0,0,0,0,0,0,0,0,0,0
base-1.0,T1551,1,stop,628,0,0,0,0,0,0,0,0,0,0,0,0,0,0,0
base-1.0,T1552,1,length,746,0,0,0,0,0,0,0,0,0,0,0,0,0,0,0
base-1.0,T1553,1,stop,762,0,0,0,0,0,0,0,0,0,0,0,0,0,0,0
base-1.0,T1554,1,stop,729,0,0,0,0,0,0,0,0,0,1,0,0,0,0,0
base-1.0,T1555,1,stop,718,0,0,0,0,0,0,0,0,1,0,0,0,0,0,0
base-1.0,T1556,1,stop,337,0,0,0,0,0,0,0,0,0,0,0,0,0,0,0
base-1.0,T1557,1,stop,302,0,0,0,0,0,0,0,0,0,0,0,0,0,0,0
base-1.0,T1558,1,stop,614,0,0,0,0,0,0,0,0,0,0,0,0,0,0,0
base-1.0,T1559,1,stop,536,0,0,0,0,0,0,0,0,0,0,0,0,0,0,0
base-1.0,T1560,1,length,893,0,0,0,0,0,0,1,0,1,0,0,0,0,0,0
base-1.0,T1561,1,stop,550,0,0,0,0,0,0,0,0,0,0,0,0,0,0,0
base-1.0,T1562,1,length,846,0,0,0,0,0,0,0,0,0,0,0,0,0,0,0
base-1.0,T1563,1,stop,895,0,0,0,0,0,0,0,0,0,0,0,0,0,0,0
base-1.0,T1564,1,stop,492,0,0,0,0,0,0,0,0,0,0,0,0,0,0,0
base-1.0,T1565,1,stop,183,0,0,0,0,0,0,0,0,0,0,0,0,0,0,0
base-1.0,T1566,1,stop,664,0,0,0,0,0,0,0,0,0,0,0,0,0,0,0
base-1.0,T1567,1,stop,437,0,0,0,0,0,0,0,0,0,0,0,0,0,0,0
base-1.0,T1568,1,length,801,0,0,0,0,0,0,0,0,0,0,0,0,0,0,0
base-1.0,T1569,1,length,726,0,0,0,0,0,0,0,0,0,0,0,0,0,0,0
base-1.0,T1570,1,length,866,0,0,0,0,0,0,0,0,0,0,0,0,0,0,0
base-1.0,T1571,1,stop,297,0,0,0,0,0,0,0,0,0,0,0,0,0,0,0
base-1.0,T1572,1,stop,859,0,0,0,0,0,0,0,0,0,0,0,0,0,0,0
base-1.0,T1573,1,stop,628,0,0,0,0,0,0,0,0,0,0,0,0,0,0,0
base-1.0,T1574,1,stop,449,0,0,0,0,0,0,0,0,0,0,0,0,0,0,0
base-1.0,T1575,1,length,873,0,0,0,0,0,0,0,0,0,0,0,0,0,0,0
base-1.0,T1576,1,stop,459,0,0,0,0,0,0,0,0,0,0,0,0,0,0,0
base-1.0,T1577,1,length,901,0,0,0,0,0,0,0,0,0,0,0,0,0,1,0
base-1.0,T1578,1,length,869,0,0,0,0,0,0,0,0,0,0,0,0,0,0,0
base-1.0,T1579,1,stop,758,0,0,0,0,0,0,1,0,0,0,0,0,0,0,0
base-1.0,T1580,1,stop,494,0,0,0,0,0,0,0,0,0,0,0,0,0,0,0
base-1.0,T1581,1,stop,691,0,0,0,0,0,0,0,0,0,0,0,0,0,0,0
base-1.0,T1582,1,stop,477,0,0,0,0,0,0,0,0,0,0,0,0,0,0,0
base-1.0,T1583,1,stop,473,0,0,0,0,0,0,0,0,0,0,0,0,0,0,0
base-1.0,T1584,1,length,850,0,0,0,0,0,0,0,0,0,0,0,0,0,0,0
base-1.0,T1585,1,length,251,0,0,0,0,0,0,0,0,0,0,0,0,0,0,0
base-1.0,T1586,1,stop,555,0,0,0,0,0,0,1,0,0,0,0,0,0,0,0
base-1.0,T1587,1,stop,387,0,0,0,0,0,0,0,0,0,0,0,0,0,0,0
base-1.0,T1588,1,stop,743,0,0,0,0,0,0,0,0,0,0,0,0,0,0,0
base-1.0,T1589,1,length,831,0,0,0,0,0,0,0,0,0,0,0,0,0,0,0
base-1.0,T1590,1,stop,538,0,0,0,0,0,0,0,0,0,0,0,0,0,0,0
base-1.0,T1591,1,length,861,0,0,0,0,0,0,0,0,0,0,0,0,0,0,0
base-1.0,T1592,1,length,823,0,0,0,0,0,0,0,0,0,0,0,0,0,0,0
base-1.0,T1593,1,stop,666,0,0,0,0,0,0,0,0,0,0,0,0,0,0,0
base-1.0,T1594,1,stop,389,0,0,0,0,0,0,0,0,0,0,0,0,0,0,0
base-1.0,T1595,1,stop,786,0,0,0,0,0,0,0,0,0,0,0,0,0,0,0
base-1.0,T1596,1,stop,513,0,0,0,0,0,0,0,0,0,0,0,0,0,0,0
base-1.0,T1597,1,length,878,0,0,0,0,0,0,0,0,0,0,0,0,0,0,0
base-1.0,T1598,1,length,826,0,0,0,0,0,0,0,0,0,0,0,0,0,0,0
base-1.0,T1599,1,length,858,0,0,0,0,0,0,0,0,0,0,0,0,0,0,0
base-1.0,T1600,1,stop,694,0,0,0,0,0,0,0,0,0,0,0,0,0,0,0
base-1.0,T1601,1,stop,443,0,0,0,0,0,0,0,0,0,0,0,0,0,0,0
base-1.0,T1602,1,stop,838,0,0,0,0,0,0,0,0,0,0,0,0,0,0,0
base-1.0,T1603,1,stop,707,0,0,0,0,0,0,0,0,0,0,0,0,0,0,0
base-1.0,T1604,1,stop,688,0,0,0,0,0,0,1,0,0,0,0,0,0,0,0
base-1.0,T1605,1,stop,349,0,0,0,0,0,0,0,0,0,0,0,0,0,0,0
base-1.0,T1606,1,stop,663,0,0,0,0,0,0,0,0,0,0,0,0,0,0,0
base-1.0,T1607,1,stop,516,0,0,0,0,0,0,0,0,0,0,0,0,0,0,0
base-1.0,T1608,1,length,827,0,0,0,0,0,0,0,0,0,0,0,0,0,0,0
base-1.0,T1609,1,stop,174,0,0,0,0,0,0,0,0,0,0,0,0,0,0,0
base-1.0,T1610,1,stop,612,0,0,0,0,0,0,0,0,0,0,0,0,0,0,0
base-1.0,T1611,1,length,824,0,0,0,0,0,0,0,0,0,0,0,0,0,0,0
base-1.0,T1612,1,stop,552,0,0,0,0,0,0,0,0,0,0,0,0,0,0,0
base-1.0,T1613,1,stop,597,0,0,0,0,0,0,0,0,0,0,0,0,0,0,0
base-1.0,T1614,1,stop,759,0,0,0,0,0,0,0,0,0,0,0,0,0,0,0
base-1.0,T1615,1,length,842,0,0,0,0,0,0,0,0,0,0,0,0,0,0,0
base-1.0,T1616,1,stop,557,0,0,0,0,0,0,0,0,0,0,0,0,0,0,0
base-1.0,T1617,1,stop,352,0,0,0,0,0,0,0,0,0,0,0,0,0,0,0
base-1.0,T1618,1,length,831,0,0,0,0,0,0,0,0,0,0,0,0,0,0,0
base-1.0,T1619,1,length,798,0,0,0,0,0,0,0,0,0,0,0,0,0,0,0
base-1.0,T1620,1,stop,424,0,0,0,0,0,0,0,0,0,0,0,0,0,0,0
base-1.0,T1621,1,stop,655,0,0,0,0,0,0,0,0,0,0,0,0,0,0,0
base-1.0,T1622,1,stop,73,0,0,0,0,0,0,0,0,0,0,0,0,0,0,0
base-1.0,T1623,1,stop,173,0,0,0,0,0,0,0,0,0,0,0,0,0,0,0
base-1.0,T1624,1,stop,827,0,0,0,0,0,0,0,0,0,0,0,0,0,0,0
base-1.0,T1625,1,length,836,0,0,0,0,0,0,0,0,1,0,0,0,0,0,0
base-1.0,T1626,1,length,828,0,0,0,0,0,0,0,0,0,0,0,0,0,0,0
base-1.0,T1627,1,stop,43,0,0,0,0,0,0,0,0,0,0,0,0,0,0,0
base-1.0,T1628,1,stop,421,0,0,0,0,0,0,0,0,0,0,0,0,0,0,0
base-1.0,T1629,1,stop,741,0,0,0,0,0,0,0,0,0,0,0,0,0,0,0
base-1.0,T1630,1,stop,195,0,0,0,0,0,0,0,0,0,0,0,0,0,0,0
base-1.0,T1631,1,stop,572,0,0,0,0,0,0,0,0,0,0,0,0,0,0,0
base-1.0,T1632,1,stop,712,0,0,0,0,0,0,0,0,0,0,0,0,0,0,0
base-1.0,T1633,1,stop,494,0,0,0,0,0,0,0,0,0,0,0,0,0,1,0
base-1.0,T1634,1,length,845,0,0,0,0,0,0,0,0,0,0,0,0,0,0,0
base-1.0,T1635,1,length,772,0,0,0,0,0,0,0,0,0,0,0,0,0,0,0
base-1.0,T1636,1,stop,166,0,0,0,0,0,0,0,0,0,0,0,0,0,0,0
base-1.0,T1637,1,length,855,0,0,0,0,0,0,0,0,0,0,0,0,0,0,0
base-1.0,T1638,1,length,786,0,0,0,0,0,0,0,1,0,0,0,0,0,0,0
base-1.0,T1639,1,stop,551,0,0,0,0,0,0,0,0,0,0,0,0,0,0,0
base-1.0,T1640,1,stop,548,0,0,0,0,0,0,0,0,0,0,0,0,0,0,0
base-1.0,T1641,1,stop,518,0,0,0,0,0,0,0,0,0,0,0,0,0,0,0
base-1.0,T1642,1,stop,125,0,0,0,0,0,0,0,0,0,0,0,0,0,0,0
base-1.0,T1643,1,length,822,0,0,0,0,0,0,1,0,0,0,0,0,0,0,0
base-1.0,T1644,1,stop,556,0,0,0,0,0,0,0,0,0,0,0,0,0,0,0
base-1.0,T1645,1,stop,392,0,0,0,0,0,0,0,0,0,0,0,0,0,0,0
base-1.0,T1646,1,length,840,0,0,0,0,0,0,0,0,0,0,0,0,0,0,0
base-1.0,T1647,1,stop,666,0,0,0,0,0,0,0,0,0,0,0,0,0,0,0
base-1.0,T1648,1,length,811,0,0,0,0,0,0,0,0,0,0,0,0,0,0,0
base-1.0,T1649,1,stop,211,0,0,0,0,0,0,0,0,0,0,0,0,0,0,0
base-1.0,T1650,1,length,742,0,0,0,0,0,0,0,0,1,0,0,0,0,0,0
base-1.0,T1651,1,stop,589,0,0,0,0,0,0,0,0,0,0,0,0,0,0,0
base-1.0,T1652,1,stop,558,0,0,0,0,0,0,0,0,0,0,0,0,0,0,0
base-1.0,T1653,1,stop,659,0,0,0,0,0,0,1,0,0,0,0,0,0,0,0
base-1.0,T1654,1,stop,710,0,0,0,0,0,0,0,0,0,0,0,0,0,0,0
base-1.0,T1655,1,stop,672,0,0,0,0,0,0,0,0,0,0,0,0,0,0,0
base-1.0,T1656,1,length,797,0,0,0,0,0,0,0,0,0,0,0,0,0,0,0
base-1.0,T1657,1,stop,480,0,0,0,0,0,0,0,0,0,0,0,0,0,0,0
base-1.0,T1658,1,stop,578,0,0,0,0,0,0,1,0,0,0,0,0,0,0,0
base-1.0,T1659,1,length,893,0,0,0,0,0,0,0,0,0,0,0,0,0,0,0
base-1.0,T1660,1,stop,517,0,0,0,0,0,0,0,0,0,0,0,0,0,0,0
base-1.0,T1661,1,length,733,0,0,0,0,0,0,0,0,0,0,0,0,0,0,0
base-1.0,T1662,1,length,766,0,0,0,0,0,0,0,0,0,0,0,0,0,0,0
base-1.0,T1663,1,length,735,0,0,0,0,0,0,0,0,0,0,0,0,0,0,0
base-1.0,T1664,1,length,773,0,0,0,0,0,0,0,0,0,0,0,0,0,0,0
base-1.0,T1665,1,length,764,0,0,0,0,0,0,0,0,0,0,0,0,0,0,0
base-1.0,T1666,1,stop,778,0,0,0,0,0,0,0,0,0,0,0,0,0,0,0
base-1.0,T1667,1,stop,184,0,0,0,0,0,0,0,0,0,0,0,0,0,0,0
base-1.0,T1668,1,stop,332,0,0,0,0,0,0,0,0,0,0,0,0,0,0,0
base-1.0,T1669,1,length,651,0,0,0,0,0,0,0,0,0,0,0,0,0,0,0
base-1.0,T1670,1,length,813,0,0,0,0,0,0,0,0,0,0,0,0,0,0,0
base-1.0,T1671,1,length,866,0,0,0,0,0,0,0,0,0,0,0,0,0,0,0
base-1.0,T1672,1,stop,489,0,0,0,0,0,0,0,0,0,0,0,0,0,0,0
base-1.0,T1673,1,stop,259,0,0,0,0,0,0,0,0,0,0,0,0,0,0,0
base-1.0,T1674,1,stop,534,0,0,0,0,0,0,0,0,0,0,0,0,0,0,0
base-1.0,T1675,1,stop,557,0,0,0,0,0,0,0,0,0,0,0,0,0,0,0
base-1.0,T1676,1,stop,723,0,0,0,0,0,0,0,0,0,0,0,0,0,0,0
base-1.0,T1677,1,length,740,0,0,0,0,0,0,0,0,0,0,0,0,0,0,0
base-1.0,T1678,1,stop,559,0,0,0,0,0,0,0,0,0,0,0,0,0,0,0
base-1.0,T1679,1,length,783,0,0,0,0,0,0,0,0,0,0,0,0,0,0,0
base-1.0,T1680,1,stop,117,0,0,0,0,0,0,0,0,0,0,0,0,0,0,0
base-1.0,T1681,1,stop,768,0,0,0,0,0,0,0,0,0,0,0,0,0,0,0
base-1.0,T1682,1,stop,704,0,0,0,0,0,0,0,0,0,0,0,0,0,0,0
base-1.0,T1683,1,length,855,0,0,0,0,0,0,0,0,0,0,0,0,0,0,0
base-1.0,T1684,1,stop,758,0,0,0,0,0,0,0,0,0,0,0,0,0,0,0
base-1.0,T1685,1,length,862,0,0,0,0,0,0,0,0,0,0,0,0,0,0,0
base-1.0,T1686,1,length,750,0,0,0,0,0,0,0,0,0,0,0,0,0,0,0
base-1.0,T1687,1,length,818,0,0,0,0,0,0,0,0,0,0,0,0,0,0,0
base-1.0,T1688,1,stop,428,0,0,0,0,0,0,0,0,0,0,0,0,0,0,0
base-1.0,T1689,1,stop,514,0,0,0,0,0,0,0,0,1,0,0,0,0,0,0
base-1.0,T1690,1,length,693,0,0,0,0,0,0,0,0,0,0,0,0,0,0,0
base-1.0,T1691,1,length,707,0,0,0,0,0,0,0,0,0,0,0,0,0,0,0
base-1.0,T1692,1,stop,546,0,0,0,0,0,0,0,0,0,0,0,0,0,0,0
base-1.0,T1693,1,length,763,0,0,0,0,0,0,0,0,0,0,0,0,0,0,0
base-1.0,T1694,1,length,779,0,0,0,0,0,0,0,0,0,0,0,0,0,0,0
base-1.0,T1695,1,stop,130,0,0,0,0,0,0,0,0,0,0,0,0,0,0,0
base-1.0,T1696,1,length,799,0,0,0,0,0,0,0,0,0,0,0,0,0,0,0
base-1.0,T1697,1,length,806,0,0,0,0,0,0,0,0,0,0,0,0,0,0,0
base-1.0,T1698,1,length,796,0,0,0,0,0,0,0,0,0,0,0,0,0,0,0
base-1.0,T1699,1,stop,423,0,0,0,0,0,0,0,0,0,0,0,0,0,0,0
base-1.0,T1700,1,length,706,0,0,0,0,0,0,0,1,0,0,0,0,0,0,0
base-1.0,T1701,1,stop,591,0,0,0,0,0,0,0,0,0,0,0,0,0,0,0
base-1.0,T1702,1,stop,370,0,0,0,0,0,0,0,0,0,0,0,0,0,0,0
base-1.0,T1703,1,stop,509,0,0,0,0,0,0,0,0,0,0,0,0,0,0,0
base-1.0,T1704,1,length,764,0,0,0,0,0,0,0,0,0,0,0,0,0,0,0
base-1.0,T1705,1,stop,280,0,0,0,0,0,0,0,0,0,0,0,0,0,0,0
base-1.0,T1706,1,length,752,0,0,0,0,0,0,1,0,0,0,0,0,0,0,0
base-1.0,T1707,1,stop,650,0,0,0,0,0,0,1,0,0,0,0,0,0,0,0
base-1.0,T1708,1,length,820,0,0,0,0,0,0,0,0,0,0,0,0,0,0,0
base-1.0,T1709,1,stop,415,0,0,0,0,0,0,0,0,0,0,0,0,0,0,0
base-1.0,T1710,1,stop,715,0,0,0,0,0,0,0,1,0,0,0,0,0,0,0
base-1.0,T1711,1,stop,223,0,0,0,0,0,0,0,0,0,0,0,0,0,0,0
base-1.0,T1712,1,stop,617,0,0,0,0,0,0,0,0,1,0,0,0,0,0,0
base-1.0,T1713,1,stop,443,0,0,0,0,0,0,0,0,0,0,0,0,0,0,0
base-1.0,T1714,1,length,899,0,0,0,0,0,0,0,0,0,0,0,0,0,0,0
base-1.0,T1715,1,stop,512,0,0,0,0,0,0,0,0,0,0,0,0,0,0,0
base-1.0,T1716,1,stop,583,0,0,0,0,0,0,0,0,0,0,0,0,0,0,0
base-1.0,T1717,1,stop,435,0,0,0,0,0,0,0,0,0,0,0,0,0,0,0
base-1.0,T1718,1,length,798,0,0,0,0,0,0,0,0,0,0,0,0,0,0,0
base-1.0,T1719,1,stop,476,0,0,0,0,0,0,0,0,0,0,0,0,0,0,0
base-1.0,T1720,1,length,823,0,0,0,0,0,0,0,0,0,0,0,0,0,0,0
base-1.0,T1721,1,stop,93,0,0,0,0,0,0,0,0,0,0,0,0,0,0,0
base-1.0,T1722,1,stop,727,0,0,0,0,0,0,0,0,1,0,0,0,0,0,0
base-1.0,T1723,1,stop,219,0,0,0,0,0,0,0,0,0,0,0,0,0,0,0
base-1.0,T1724,1,stop,668,0,0,0,0,0,0,0,0,0,0,0,0,0,0,0
base-1.0,T1725,1,stop,56,0,0,0,0,0,0,0,0,0,0,0,0,0,0,0
base-1.0,T1726,1,stop,253,0,0,0,0,0,0,0,0,0,0,0,0,0,0,0
base-1.0,T1727,1,stop,717,0,0,0,0,0,0,0,0,0,0,0,0,0,0,0
base-1.0,T1728,1,length,773,0,0,0,0,0,0,0,0,0,0,0,0,0,0,0
base-1.0,T1729,1,stop,591,0,0,0,0,0,0,0,0,0,0,0,0,0,0,0
base-1.0,T1730,1,stop,398,0,0,0,0,0,0,0,0,0,0,0,0,0,0,0
base-1.0,T1731,1,stop,272,0,0,0,0,0,0,0,0,0,0,0,0,0,0,0
base-1.0,T1732,1,stop,561,0,0,0,0,0,0,0,0,0,0,0,0,0,0,0
base-1.0,T1733,1,length,822,0,0,0,0,0,0,0,0,0,0,0,0,0,0,0
base-1.0,T1734,1,stop,441,0,0,0,0,0,0,0,0,0,0,0,0,0,0,0
base-1.0,T1735,1,stop,683,0,0,0,0,0,0,0,0,0,0,0,0,0,0,0
base-1.0,T1736,1,stop,7,0,0,0,0,0,0,0,0,0,0,0,0,0,0,0
base-1.0,T1737,1,stop,699,0,0,0,0,0,0,0,0,0,0,0,0,0,0,0
base-1.0,T1738,1,length,825,0,0,0,0,0,0,0,0,0,0,0,0,0,0,0
base-1.0,T1739,1,stop,205,0,0,0,0,0,0,0,0,0,0,0,0,0,0,0
base-1.0,T1740,1,stop,793,0,0,0,0,0,0,0,0,0,0,0,0,0,0,0
base-1.0,T1741,1,stop,261,0,0,0,0,0,0,0,0,0,0,0,0,0,0,0
base-1.0,T1742,1,stop,548,0,0,0,0,0,0,0,0,1,0,0,0,0,0,0
base-1.0,T1743,1,stop,735,0,0,0,0,0,0,0,0,0,0,0,0,0,1,0
base-1.0,T1744,1,stop,525,0,0,0,0,0,0,0,0,0,0,0,0,0,0,0
base-1.0,T1745,1,stop,682,0,0,0,0,0,0,0,0,0,0,0,0,0,0,0
base-1.0,T1746,1,length,791,0,0,0,0,0,0,0,0,0,0,0,0,0,0,0
base-1.0,T1747,1,stop,519,0,0,0,0,0,0,0,0,0,0,0,0,0,0,0
base-1.0,T1748,1,stop,565,0,0,0,0,0,0,0,0,0,0,0,0,0,0,0
base-1.0,T1749,1,stop,147,0,0,0,0,0,0,0,0,0,0,0,0,0,0,0
base-1.0,T1750,1,stop,373,0,0,0,0,0,0,0,0,0,0,0,0,1,0,0
base-1.0,T1751,1,length,864,0,0,0,0,0,0,0,0,0,0,0,0,0,0,0
base-1.0,T1752,1,stop,714,0,0,0,0,0,0,0,0,0,0,0,0,0,0,0
base-1.0,T1753,1,stop,596,0,0,0,0,0,0,0,0,0,0,0,0,0,0,0
base-1.0,T1754,1,stop,537,0,0,0,0,0,0,0,0,0,0,0,0,0,0,0
base-1.0,T1755,1,stop,577,0,0,0,0,0,0,0,0,0,0,0,0,0,0,0
base-1.0,T1756,1,stop,586,0,0,0,0,0,0,0,0,0,0,0,0,0,0,0
base-1.0,T1757,1,stop,536,0,0,0,0,0,0,0,0,0,0,0,0,0,0,0
base-1.0,T1758,1,length,756,0,0,0,0,0,0,0,0,0,0,0,0,0,0,0
base-1.0,T1759,1,length,817,0,0,0,0,0,0,0,0,0,0,0,0,0,0,0
base-1.0,T1760,1,stop,572,0,0,0,0,0,0,0,0,0,0,0,0,0,0,0
base-1.0,T1761,1,length,501,0,0,0,0,0,0,0,0,0,0,0,0,0,0,0
base-1.0,T1762,1,length,763,0,0,0,0,0,0,0,0,0,0,0,0,0,0,0
base-1.0,T1763,1,length,759,0,0,0,0,0,0,0,0,0,0,0,0,0,0,0
base-1.0,T1764,1,stop,665,0,0,0,0,0,0,0,0,0,0,0,0,0,0,0
base-1.0,T1765,1,length,845,0,0,0,0,0,0,0,0,0,0,0,0,0,0,0
base-1.0,T1766,1,stop,596,0,0,0,0,0,0,0,0,0,0,0,0,0,0,0
base-1.0,T1767,1,length,775,0,0,0,0,0,0,0,0,0,0,0,0,0,0,0
base-1.0,T1768,1,stop,456,0,0,0,0,0,0,0,0,0,0,0,0,0,0,0
base-1.0,T1769,1,length,873,0,0,0,0,0,0,0,0,0,0,0,0,0,0,0
base-1.0,T1770,1,length,792,0,0,0,0,0,0,0,0,0,0,0,0,0,0,0
base-1.0,T1771,1,length,772,0,0,0,0,0,0,0,0,2,0,0,0,0,0,0
base-1.0,T1772,1,stop,722,0,0,0,0,0,0,0,0,0,0,0,0,0,0,0
base-1.0,T1773,1,stop,343,0,0,0,0,0,0,0,0,0,0,0,0,0,0,0
base-1.0,T1774,1,stop,603,0,0,0,0,0,0,0,0,0,0,0,0,0,0,0
base-1.0,T1775,1,stop,692,0,0,0,0,0,0,0,0,0,0,0,0,0,0,0
base-1.0,T1776,1,length,822,0,0,0,0,0,0,0,0,0,0,0,0,0,0,0
base-1.0,T1777,1,stop,547,0,0,0,0,0,0,0,0,0,0,0,0,0,0,0
base-1.0,T1778,1,stop,251,0,0,0,0,0,0,0,0,0,0,0,0,0,0,0
base-1.0,T1779,1,length,843,0,0,0,0,0,0,0,0,0,0,0,0,0,0,0
base-1.0,T1780,1,stop,628,0,0,0,0,0,0,0,0,0,0,0,0,1,0,0
base-1.0,T1781,1,length,859,0,0,0,0,0,0,0,0,0,0,0,0,0,0,0
base-1.0,T1782,1,length,869,0,0,0,0,0,0,0,0,0,0,0,0,0,0,0
base-1.0,T1783,1,stop,117,0,0,0,0,0,0,0,0,0,0,0,0,0,0,0
base-1.0,T1784,1,stop,57,0,0,0,0,0,0,0,0,0,0,0,0,0,0,0
base-1.0,T1785,1,stop,389,0,0,0,0,0,0,0,0,0,0,0,0,0,0,0
base-1.0,T1786,1,stop,840,0,0,0,0,0,0,0,0,0,0,0,0,2,0,0
base-1.0,T1787,1,length,758,0,0,0,0,0,0,0,0,1,0,0,0,0,0,0
base-1.0,T1788,1,stop,642,0,0,0,0,0,0,0,0,0,0,0,0,0,0,0
base-1.0,T1789,1,length,812,0,0,0,0,0,0,0,0,0,0,0,0,0,0,0
base-1.0,T1790,1,stop,462,0,0,0,0,0,0,0,0,0,0,0,0,0,0,0
base-1.0,T1791,1,length,837,0,0,0,0,0,0,0,0,0,0,0,0,0,0,0
base-1.0,T1792,1,stop,612,0,0,0,0,0,0,0,0,0,0,0,0,0,0,0
base-1.0,T1793,1,stop,23,0,0,0,0,0,0,0,0,0,0,0,0,0,0,0
base-1.0,T1794,1,stop,78,0,0,0,0,0,0,0,0,0,0,0,0,0,0,0
base-1.0,T1795,1,stop,459,0,0,0,0,0,0,0,0,0,0,0,0,0,0,0
base-1.0,T1796,1,stop,153,0,0,0,0,0,0,0,0,0,0,0,0,0,0,0
base-1.0,T1797,1,length,875,0,0,0,0,0,0,0,0,0,0,0,0,0,0,0
base-1.0,T1798,1,length,802,0,0,0,0,0,0,0,0,0,0,0,0,0,0,0
base-1.0,T1799,1,length,717,0,0,0,0,0,0,0,0,0,0,0,0,0,0,0
base-1.0,T1800,1,stop,716,0,0,0,0,0,0,0,0,0,0,0,0,0,0,0
base-1.0,T1801,1,stop,708,0,0,0,0,0,0,0,0,0,0,0,0,0,0,0
base-1.0,T1802,1,stop,414,0,0,0,0,0,0,0,0,0,0,0,0,0,0,0
base-1.0,T1803,1,stop,252,0,0,0,0,0,0,0,0,0,0,0,0,0,0,0
base-1.0,T1804,1,stop,470,0,0,0,0,0,0,0,0,0,0,0,0,0,0,0
base-1.0,T1805,1,length,791,0,0,0,0,0,0,0,0,0,0,0,0,0,0,0
base-1.0,T1806,1,length,813,0,0,0,0,0,0,0,0,0,0,0,0,0,0,0
base-1.0,T1807,1,stop,578,0,0,0,0,0,0,0,0,0,0,0,0,0,0,0
base-1.0,T1808,1,stop,515,0,0,0,0,0,0,0,0,0,0,0,0,0,0,0
base-1.0,T1809,1,length,853,0,0,0,0,0,0,0,0,0,0,0,0,0,0,0
base-1.0,T1810,1,stop,370,0,0,0,0,0,0,0,0,0,0,0,0,0,0,0
base-1.0,T1811,1,length,830,0,0,0,0,0,0,0,0,0,0,0,0,0,0,0
base-1.0,T1812,1,stop,696,0,0,0,0,0,0,0,0,0,0,0,0,0,0,0
base-1.0,T1813,1,stop,209,0,0,0,0,0,0,0,0,0,0,0,0,0,0,0
base-1.0,T1814,1,length,782,0,0,0,0,0,0,0,0,0,0,0,0,0,0,0
base-1.0,T1815,1,length,747,0,0,0,0,0,0,0,0,0,0,0,0,0,0,0
base-1.0,T1816,1,stop,309,0,0,0,0,0,0,0,0,0,0,0,0,0,0,0
base-1.0,T1817,1,length,859,0,0,0,0,0,0,0,0,0,0,0,0,0,0,0
base-1.0,T1818,1,stop,700,0,0,0,0,0,0,0,0,0,0,0,0,0,0,0
base-1.0,T1819,1,length,871,0,0,0,0,0,0,0,0,0,0,0,0,0,0,0
base-1.0,T1820,1,stop,507,0,0,0,0,0,0,0,0,0,0,0,0,0,0,0
base-1.0,T1821,1,length,803,0,0,0,0,0,0,0,0,0,0,0,0,0,0,0
base-1.0,T1822,1,length,854,0,0,0,0,0,0,0,0,0,0,0,0,0,0,0
base-1.0,T1823,1,stop,87,0,0,0,0,0,0,0,0,0,0,0,0,0,0,0
base-1.0,T1824,1,stop,159,0,0,0,0,0,0,0,0,0,0,0,0,0,0,0
base-1.0,T1825,1,stop,117,0,0,0,0,0,0,0,0,0,0,0,0,0,0,0
base-1.0,T1826,1,stop,61,0,0,0,0,0,0,0,0,0,0,0,0,0,0,0
base-1.0,T1827,1,stop,544,0,0,0,0,0,0,0,0,0,0,0,0,0,0,0
base-1.0,T1828,1,length,817,0,0,0,0,0,0,0,0,0,0,0,0,0,0,0
base-1.0,T1829,1,length,894,0,0,0,0,0,0,0,0,0,0,0,0,0,0,0
base-1.0,T1830,1,stop,598,0,0,0,0,0,0,0,0,1,0,0,0,0,0,0
base-1.0,T1831,1,stop,399,0,0,0,0,0,0,0,1,1,0,0,0,0,0,0
base-1.0,T1832,1,stop,588,0,0,0,0,0,0,0,0,0,0,0,0,0,0,0
base-1.0,T1833,1,length,822,0,0,0,0,0,0,0,0,0,0,0,0,0,0,0
base-1.0,T1834,1,stop,655,0,0,0,0,0,0,0,0,0,0,0,0,0,0,0
base-1.0,T1835,1,length,823,0,0,0,0,0,0,0,0,0,0,0,0,0,0,0
base-1.0,T1836,1,stop,785,0,0,0,0,0,0,0,0,0,0,0,0,0,0,0
base-1.0,T1837,1,length,799,0,0,0,0,0,0,0,0,1,0,0,0,0,0,0
base-1.0,T1838,1,stop,271,0,0,0,0,0,0,0,0,0,0,0,0,0,0,0
base-1.0,T1839,1,stop,444,0,0,0,0,0,0,0,0,0,0,0,0,0,0,0
base-1.0,T1840,1,length,839,0,0,0,0,0,0,0,0,0,0,0,0,0,0,0
base-1.0,T1841,1,stop,299,0,0,0,0,0,0,0,0,0,0,0,0,0,0,0
base-1.0,T1842,1,stop,775,0,0,0,0,0,0,0,0,0,0,0,0,0,0,0
base-1.0,T1843,1,stop,581,0,0,0,0,0,0,0,0,0,0,0,0,0,0,0
base-1.0,T1844,1,stop,605,0,0,0,0,0,0,0,0,0,0,0,0,0,0,0
base-1.0,T1845,1,stop,252,0,0,0,0,0,0,0,0,0,0,0,0,0,0,0
base-1.0,T1846,1,length,822,0,0,0,0,0,0,0,0,0,0,0,0,0,0,0
base-1.0,T1847,1,stop,677,0,0,0,0,0,0,0,0,0,0,0,0,0,0,0
base-1.0,T1848,1,stop,686,0,0,0,0,0,0,0,0,0,0,0,0,0,0,0
base-1.0,T1849,1,length,815,0,0,0,0,0,0,0,0,0,0,0,0,0,0,0
base-1.0,T1850,1,stop,492,0,0,0,0,0,0,0,0,0,0,0,0,0,0,0
base-1.0,T1851,1,length,821,0,0,0,0,0,0,0,0,0,0,0,0,0,0,0
base-1.0,T1852,1,stop,823,0,0,0,0,0,0,0,0,0,0,0,0,0,0,0
base-1.0,T1853,1,stop,539,0,0,0,0,0,0,0,0,0,0,0,0,0,0,0
base-1.0,T1854,1,stop,724,0,0,0,0,0,0,0,0,0,0,0,0,0,0,0
base-1.0,T1855,1,stop,357,0,0,0,0,0,0,0,0,0,0,0,0,0,0,0
base-1.0,T1856,1,length,799,0,0,0,0,0,0,0,0,0,0,0,0,0,0,0
base-1.0,T1857,1,length,769,0,0,0,0,0,0,0,0,0,0,0,0,0,0,0
base-1.0,T1858,1,length,738,0,0,0,0,0,0,1,0,1,0,0,0,0,0,0
base-1.0,T1859,1,stop,522,0,0,0,0,0,0,0,0,0,0,0,0,0,0,0
base-1.0,T1860,1,stop,211,0,0,0,0,0,0,0,0,0,0,0,0,0,0,0
base-1.0,T1861,1,stop,160,0,0,0,0,0,0,0,0,0,0,0,0,0,1,0
base-1.0,T1862,1,length,797,0,0,0,0,0,0,0,0,0,0,0,0,0,0,0
base-1.0,T1863,1,stop,770,0,0,0,0,0,0,0,0,0,0,0,0,0,0,0
base-1.0,T1864,1,length,800,0,0,0,0,0,0,0,0,0,0,0,0,0,0,0
base-1.0,T1865,1,length,837,0,0,0,0,0,0,0,0,0,0,0,0,0,0,0
base-1.0,T1866,1,stop,639,0,0,0,0,0,0,0,0,0,0,0,0,0,0,0
base-1.0,T1867,1,stop,365,0,0,0,0,0,0,1,0,0,0,0,0,0,0,0
base-1.0,T1868,1,length,862,0,0,0,0,0,0,0,0,0,0,0,0,0,0,0
base-1.0,T1869,1,stop,577,0,0,0,0,0,0,0,0,0,0,0,0,0,0,0
base-1.0,T1870,1,stop,468,0,0,0,0,0,0,0,0,0,0,0,0,0,0,0
base-1.0,T1871,1,stop,710,0,0,0,0,0,0,0,0,0,0,0,0,0,0,0
base-1.0,T1872,1,length,99,0,0,0,0,0,0,0,0,0,0,0,0,0,0,0
base-1.0,T1873,1,stop,669,0,0,0,0,0,0,0,0,0,0,0,0,0,0,0
base-1.0,T1874,1,length,860,0,0,0,0,0,0,0,0,0,0,0,0,0,0,0
base-1.0,T1875,1,stop,541,0,0,0,0,0,0,0,0,0,0,0,0,0,0,0
base-1.0,T1876,1,stop,121,0,0,0,0,0,0,0,0,0,0,0,0,0,0,0
base-1.0,T1877,1,stop,472,0,0,0,0,0,0,0,0,0,0,0,0,0,0,0
base-1.0,T1878,1,length,857,0,0,0,0,0,0,0,0,0,0,0,0,0,0,0
base-1.0,T1879,1,stop,533,0,0,0,0,0,0,0,0,0,0,0,0,0,0,0
base-1.0,T1880,1,stop,591,0,0,0,0,0,0,0,0,0,0,0,0,0,0,0
base-1.0,T1881,1,length,840,0,0,0,0,0,0,0,0,0,0,0,0,0,0,0
base-1.0,T1882,1,stop,684,0,0,0,0,0,0,0,0,0,0,0,0,0,0,0
base-1.0,T1883,1,stop,722,0,0,0,0,0,0,0,0,0,0,0,0,0,0,0
base-1.0,T1884,1,length,851,0,0,0,0,0,0,0,0,0,0,0,0,0,0,0
base-1.0,T1885,1,length,769,0,0,0,0,0,0,0,0,0,0,0,0,0,0,0
base-1.0,T1886,1,length,772,0,0,0,0,0,0,0,0,2,0,0,0,0,0,0
base-1.0,T1887,1,length,812,0,0,0,0,0,0,0,0,0,0,0,0,0,0,0
base-1.0,T1888,1,stop,448,0,0,0,0,0,0,0,0,0,0,0,0,0,0,0
base-1.0,T1889,1,length,789,0,0,0,0,0,0,0,0,0,0,0,0,0,0,0
base-1.0,T1890,1,stop,557,0,0,0,0,0,0,0,0,0,0,0,0,0,0,0
base-1.0,T1891,1,length,785,0,0,0,0,0,0,0,0,0,0,0,0,0,0,0
base-1.0,T1892,1,length,812,0,0,0,0,0,0,0,0,0,0,0,0,1,0,0
base-1.0,T1893,1,length,798,0,0,0,0,0,0,0,0,0,0,0,0,0,0,0
base-1.0,T1894,1,stop,560,0,0,0,0,0,0,0,0,0,0,0,0,0,0,0
base-1.0,T1895,1,length,772,0,0,0,0,0,0,0,0,0,0,0,0,0,0,0
base-1.0,T1896,1,stop,766,0,0,0,0,0,0,0,0,0,0,0,0,0,0,0
base-1.0,T1897,1,stop,214,0,0,0,0,0,0,0,0,0,0,0,0,0,0,0
base-1.0,T1898,1,stop,682,0,0,0,0,0,0,0,0,0,0,0,0,0,0,0
base-1.0,T1899,1,stop,792,0,0,0,0,0,0,0,0,0,0,0,0,0,0,0
base-1.0,T1900,1,stop,658,0,0,0,0,0,0,0,0,0,0,0,0,1,0,0
base-1.0,T1901,1,length,744,0,0,0,0,0,0,0,0,0,0,0,0,0,0,0
base-1.0,T1902,1,stop,355,0,0,0,0,0,0,0,0,0,0,0,0,0,0,0
base-1.0,T1903,1,stop,488,0,0,0,0,0,0,0,0,0,0,0,0,0,0,0
base-1.0,T1904,1,stop,823,0,0,0,0,0,0,0,0,0,0,0,0,0,0,0
base-1.0,T1905,1,length,854,0,0,0,0,0,0,0,0,0,0,0,0,0,0,0
base-1.0,T1906,1,stop,303,0,0,0,0,0,0,0,0,0,0,0,0,0,0,0
base-1.0,T1907,1,length,803,0,0,0,0,0,0,0,0,0,0,0,0,0,0,0
base-1.0,T1908,1,stop,653,0,0,0,0,0,0,0,0,0,0,0,0,0,0,0
base-1.0,T1909,1,stop,465,0,0,0,0,0,0,0,0,0,0,0,0,0,0,0
base-1.0,T1910,1,stop,565,0,0,0,0,0,0,0,0,0,0,0,0,1,0,0
base-1.0,T1911,1,length,809,0,0,0,0,0,0,0,0,0,0,0,0,0,0,0
base-1.0,T1912,1,length,802,0,0,0,0,0,0,0,0,0,0,0,0,0,0,0
base-1.0,T1913,1,length,797,0,0,0,0,0,0,0,0,0,0,0,0,0,1,0
base-1.0,T1914,1,length,772,0,0,0,0,0,0,0,0,0,0,0,0,0,0,0
base-1.0,T1915,1,stop,661,0,0,0,0,0,0,0,0,0,0,0,0,0,0,0
base-1.0,T1916,1,stop,628,0,0,0,0,0,0,0,0,0,0,0,0,0,0,0
base-1.0,T1917,1,stop,804,0,0,0,0,0,0,0,0,0,0,0,0,0,0,0
base-1.0,T1918,1,stop,498,0,0,0,0,0,0,0,0,0,0,0,0,0,0,0
base-1.0,T1919,1,stop,304,0,0,0,0,0,0,0,0,0,0,0,0,0,0,0
base-1.0,T1920,1,stop,399,0,0,0,0,0,0,0,0,0,0,0,0,0,0,0
base-1.0,T1921,1,stop,622,0,0,0,0,0,0,0,0,0,0,0,0,0,0,0
base-1.0,T1922,1,stop,384,0,0,0,0,0,0,0,0,0,0,0,0,0,0,0
base-1.0,T1923,1,stop,163,0,0,0,0,0,0,0,0,0,0,0,0,0,0,0
base-1.0,T1924,1,length,877,0,0,0,0,0,0,0,0,1,0,0,0,0,0,0
base-1.0,T1925,1,length,767,0,0,0,0,0,0,0,0,0,0,0,0,0,0,0
base-1.0,T1926,1,length,797,0,0,0,0,0,0,0,0,1,0,0,0,0,0,0
base-1.0,T1927,1,stop,377,0,0,0,0,0,0,0,0,0,0,0,0,0,0,0
base-1.0,T1928,1,length,848,0,0,0,0,0,0,0,0,0,0,0,0,0,0,0
base-1.0,T1929,1,stop,444,0,0,0,0,0,1,0,0,0,0,0,0,0,0,0
base-1.0,T1930,1,stop,617,0,0,0,0,0,0,0,0,0,0,0,0,0,0,0
base-1.0,T1931,1,stop,505,0,0,0,0,0,0,0,0,0,0,0,0,0,0,0
base-1.0,T1932,1,stop,495,0,0,0,0,0,0,0,0,0,0,0,0,0,0,0
base-1.0,T1933,1,stop,491,0,0,0,0,0,0,0,0,0,0,0,0,0,0,0
base-1.0,T1934,1,stop,409,0,0,0,0,0,0,0,0,0,0,0,0,0,0,0
base-1.0,T1935,1,stop,470,0,0,0,0,0,0,0,0,1,0,0,0,0,0,0
base-1.0,T1936,1,stop,709,0,0,0,0,0,0,0,0,0,0,0,0,0,0,0
base-1.0,T1937,1,length,848,0,0,0,0,0,0,1,0,0,0,0,0,0,0,0
base-1.0,T1938,1,stop,171,0,0,0,0,0,0,0,0,0,0,0,0,0,0,0
base-1.0,T1939,1,length,779,1,0,0,0,0,0,0,0,3,0,0,0,1,0,0
base-1.0,T1940,1,stop,648,0,0,0,0,0,0,0,0,0,0,0,0,0,0,0
base-1.0,T1941,1,stop,550,0,0,0,0,0,0,0,0,0,0,0,0,0,0,0
base-1.0,T1942,1,length,895,0,0,0,0,0,0,0,0,0,0,0,0,0,0,0
base-1.0,T1943,1,stop,689,0,0,0,0,0,0,0,0,0,0,0,0,0,0,0
base-1.0,T1944,1,length,825,0,0,0,0,0,0,0,0,0,0,0,0,0,0,0
base-1.0,T1945,1,stop,156,0,0,0,0,0,0,0,0,0,0,0,0,0,0,0
base-1.0,T1946,1,stop,337,0,0,0,0,0,0,0,0,0,0,0,0,0,0,0
base-1.0,T1947,1,stop,476,0,0,0,0,0,0,0,0,0,0,0,0,0,0,0
base-1.0,T1948,1,stop,471,0,0,0,0,0,0,0,0,0,0,0,0,0,0,0
base-1.0,T1949,1,stop,114,0,0,0,0,0,0,0,0,0,0,0,0,0,0,0
base-1.0,T1950,1,length,770,0,0,0,0,0,0,0,0,0,0,0,0,0,0,0
base-1.0,T1951,1,length,795,0,0,0,0,0,0,0,0,0,0,0,0,0,0,0
base-1.0,T1952,1,length,740,0,0,0,0,0,0,0,0,0,0,0,0,0,0,0
base-1.0,T1953,1,length,834,0,0,0,0,0,0,0,0,0,0,0,0,0,0,0
base-1.0,T1954,1,length,741,0,0,0,0,0,0,0,0,0,0,0,0,0,0,0
base-1.0,T1955,1,stop,563,0,0,0,0,0,0,0,0,0,0,0,0,0,0,0
base-1.0,T1956,1,stop,563,0,0,0,0,0,0,1,0,0,0,0,0,0,0,0
base-1.0,T1957,1,length,799,0,0,0,0,0,0,0,0,0,0,0,0,0,0,0
base-1.0,T1958,1,length,789,0,0,0,0,0,0,0,0,0,0,0,0,0,0,0
base-1.0,T1959,1,length,799,0,0,0,0,0,0,0,0,0,0,0,0,0,0,0
base-1.0,T1960,1,stop,90,0,0,0,0,0,0,0,0,0,0,0,0,0,0,0
base-1.0,T1961,1,length,855,0,0,0,0,0,0,0,0,0,0,0,0,0,0,0
base-1.0,T1962,1,stop,404,0,0,0,0,0,0,0,0,0,0,0,0,0,0,0
base-1.0,T1963,1,stop,617,0,0,0,0,0,0,0,0,0,0,0,0,0,0,0
base-1.0,T1964,1,stop,299,0,0,0,0,0,0,0,0,0,0,0,0,0,0,0
base-1.0,T1965,1,stop,509,0,0,0,0,0,0,0,0,0,0,0,0,0,0,0
base-1.0,T1966,1,length,662,0,0,0,0,0,0,0,1,0,0,0,0,0,0,0
base-1.0,T1967,1,stop,561,0,0,0,0,0,0,0,0,0,0,0,0,0,0,0
base-1.0,T1968,1,length,828,0,0,0,0,0,0,0,0,0,0,0,0,0,0,0
base-1.0,T1969,1,length,656,0,0,0,0,0,0,0,0,0,0,0,0,0,0,0
base-1.0,T1970,1,length,919,0,0,0,0,0,0,0,0,0,0,0,0,0,0,0
base-1.0,T1971,1,stop,193,0,0,0,0,0,0,0,0,0,0,0,0,0,0,0
base-1.0,T1972,1,stop,477,0,0,0,0,0,0,0,0,0,0,0,0,0,0,0
base-1.0,T1973,1,length,777,0,0,0,0,0,0,0,0,0,0,0,0,0,0,0
base-1.0,T1974,1,stop,436,0,0,0,0,0,0,0,0,0,0,0,0,0,0,0
base-1.0,T1975,1,stop,559,0,0,0,0,0,0,0,0,0,0,0,0,0,0,0
base-1.0,T1976,1,stop,362,0,0,0,0,0,0,0,0,0,0,0,0,0,0,0
base-1.0,T1977,1,stop,356,0,0,0,0,0,0,0,0,0,0,0,0,0,0,0
base-1.0,T1978,1,stop,308,0,0,0,0,0,0,0,0,0,0,0,0,0,0,0
base-1.0,T1979,1,stop,582,0,0,0,0,0,0,0,0,0,0,0,0,0,0,0
base-1.0,T1980,1,length,878,0,0,0,0,0,1,0,0,0,0,0,0,0,0,0
base-1.0,T1981,1,length,867,0,0,0,0,0,0,0,0,0,0,0,0,0,0,0
base-1.0,T1982,1,length,664,0,0,0,0,0,0,0,0,0,0,0,0,0,0,0
base-1.0,T1983,1,stop,83,0,0,0,0,0,0,0,0,0,0,0,0,0,0,0
base-1.0,T1984,1,stop,614,0,0,0,0,0,0,0,0,0,0,0,0,0,0,0
base-1.0,T1985,1,length,834,0,0,0,0,0,0,0,0,0,0,0,0,0,0,0
base-1.0,T1986,1,length,751,0,0,0,0,0,0,0,0,0,0,0,0,0,0,0
base-1.0,T1987,1,length,744,0,0,0,0,0,0,0,0,1,0,0,0,0,0,0
base-1.0,T1988,1,stop,583,0,0,0,0,0,0,0,0,0,0,0,0,0,0,0
base-1.0,T1989,1,stop,627,0,0,0,0,0,0,0,0,0,0,0,0,0,0,0
base-1.0,T1990,1,length,667,0,0,0,0,0,0,0,0,0,0,0,0,0,0,0
base-1.0,T1991,1,stop,310,0,0,0,0,0,0,0,0,0,0,0,0,0,0,0
base-1.0,T1992,1,stop,633,0,0,0,0,0,0,0,0,0,0,0,0,0,0,0
base-1.0,T1993,1,length,793,0,0,0,0,0,0,0,0,0,0,0,0,0,0,0
base-1.0,T1994,1,stop,786,0,0,0,0,0,0,0,0,0,0,0,0,1,0,0
base-1.0,T1995,1,length,826,0,0,0,0,0,0,0,0,1,0,0,0,0,0,0
base-1.0,T1996,1,stop,561,0,0,0,0,0,0,0,0,0,0,0,0,0,0,0
base-1.0,T1997,1,stop,39,0,0,0,0,0,0,0,0,0,0,0,0,0,0,0
base-1.0,T1998,1,length,803,0,0,0,0,0,0,0,0,0,0,0,0,0,0,0
base-1.0,T1999,1,length,723,0,0,0,0,0,0,0,0,1,0,0,0,0,0,0
base-1.0,T2000,1,stop,856,0,0,0,0,0,0,0,0,0,0,0,0,0,0,0
base-1.0,T2001,1,stop,568,0,0,0,0,0,0,0,0,0,0,0,0,0,0,0
base-1.0,T2002,1,stop,52,0,0,0,0,0,0,0,0,0,0,0,0,0,0,0
base-1.0,T2003,1,length,822,0,0,0,0,0,0,0,0,0,0,0,0,0,0,0
base-1.0,T2004,1,stop,773,0,0,0,0,0,0,0,0,0,0,0,0,0,0,0
base-1.0,T2005,1,length,778,0,0,0,0,0,0,0,0,0,0,0,0,0,0,0
base-1.0,T2006,1,length,809,0,0,0,0,0,0,0,0,0,0,0,0,0,0,0
base-1.0,T2007,1,stop,421,0,0,0,0,0,0,0,0,0,0,0,0,0,0,0
base-1.0,T2008,1,stop,706,0,0,0,0,0,0,0,0,0,0,0,0,0,0,0
base-1.0,T2009,1,length,801,0,0,0,0,0,0,0,0,0,0,0,0,0,0,0
base-1.0,T2010,1,length,860,0,0,0,0,0,0,0,0,0,0,0,0,0,0,0
base-1.0,T2011,1,stop,733,0,0,0,0,0,0,0,0,0,0,0,0,0,0,0
base-1.0,T2012,1,length,700,0,0,0,0,0,0,0,0,0,0,0,0,0,0,0
base-1.0,T2013,1,stop,574,0,0,0,0,0,0,0,0,0,0,0,0,0,0,0
base-1.0,T2014,1,length,671,0,0,0,0,0,0,0,0,0,0,0,0,0,0,0
base-1.0,T2015,1,length,814,0,0,0,0,0,0,0,0,0,0,0,0,0,0,0
base-1.0,T2016,1,stop,543,0,0,0,0,0,0,1,0,0,0,0,0,0,0,0
base-1.0,T2017,1,stop,575,0,0,0,0,0,0,0,0,0,0,0,0,0,0,0
base-1.0,T2018,1,stop,755,0,0,0,0,0,0,0,0,0,0,0,0,0,0,0
base-1.0,T2019,1,stop,405,0,0,0,0,0,0,0,0,0,0,0,0,0,0,0
base-1.0,T2020,1,length,876,0,0,0,0,0,0,0,0,0,0,0,0,0,0,0
base-1.0,T2021,1,stop,664,0,0,0,0,0,0,1,0,0,0,0,0,0,0,0
base-1.0,T2022,1,stop,718,0,0,0,0,0,0,0,0,0,0,0,0,0,0,0
base-1.0,T2023,1,stop,458,0,0,0,0,0,0,0,0,0,0,0,0,0,0,0
base-1.0,T2024,1,stop,437,0,0,0,0,0,0,0,0,0,0,0,0,0,0,0
base-1.0,T2025,1,stop,393,0,0,0,0,0,0,0,0,0,0,0,0,0,0,0
base-1.0,T2026,1,stop,374,0,0,0,0,0,0,0,0,0,0,0,0,0,0,0
base-1.0,T2027,1,stop,86,0,0,0,0,0,0,0,0,0,0,0,0,0,0,0
base-1.0,T2028,1,stop,529,0,0,0,0,0,0,0,0,0,0,0,0,0,0,0
base-1.0,T2029,1,stop,525,0,0,0,0,0,0,0,0,0,0,0,0,0,0,0
base-1.0,T2030,1,stop,270,0,0,0,0,0,0,0,0,0,0,0,0,0,0,0
base-1.0,T2031,1,stop,9,0,0,0,0,0,0,0,0,0,0,0,0,0,0,0
base-1.0,T2032,1,stop,384,0,0,0,0,0,0,0,0,0,0,0,0,0,0,0
base-1.0,T2033,1,length,828,0,0,0,0,0,0,0,0,0,0,0,0,0,0,0
base-1.0,T2034,1,stop,111,0,0,0,0,0,0,0,0,0,0,0,0,0,0,0
base-1.0,T2035,1,stop,780,0,0,0,0,0,0,0,0,0,0,0,0,0,0,0
base-1.0,T2036,1,stop,744,0,0,0,0,0,0,0,0,0,0,0,0,0,0,0
base-1.0,T2037,1,stop,638,0,0,0,0,0,0,0,0,0,0,0,0,0,0,0
base-1.0,T2038,1,length,741,0,0,0,0,0,0,0,0,0,0,0,0,0,0,0
base-1.0,T2039,1,length,848,0,0,0,0,0,0,0,0,0,0,0,0,0,0,0
base-1.0,T2040,1,length,801,0,0,0,0,0,0,0,0,0,0,0,0,0,0,0
base-1.0,T2041,1,length,808,0,0,0,0,0,0,0,0,0,0,0,0,0,0,0
base-1.0,T2042,1,stop,564,0,0,0,0,0,0,0,0,0,0,0,0,0,0,0
base-1.0,T2043,1,stop,256,0,0,0,0,0,0,0,0,0,0,0,0,0,0,0
base-1.0,T2044,1,stop,689,0,0,0,0,0,0,0,0,0,0,0,0,0,0,0
base-1.0,T2045,1,length,777,0,0,0,0,0,0,0,0,0,0,0,0,0,0,0
base-1.0,T2046,1,length,870,0,0,0,0,0,0,0,0,0,0,0,0,0,2,0
base-1.0,T2047,1,stop,490,0,0,0,0,0,0,0,0,0,0,0,0,0,0,0
base-1.0,T2048,1,stop,429,0,0,0,0,0,0,0,0,0,0,0,0,0,0,0
base-1.0,T2049,1,stop,426,0,0,0,0,0,0,0,0,0,0,0,0,0,0,0
base-1.0,T2050,1,stop,825,0,0,0,0,0,0,0,0,0,0,0,0,0,0,0
base-1.0,T2051,1,length,669,0,0,0,0,0,0,0,0,0,0,0,0,0,0,0
base-1.0,T2052,1,length,835,0,0,0,0,0,0,0,0,0,0,0,0,0,0,0
base-1.0,T2053,1,stop,496,0,0,0,0,0,0,0,0,0,0,0,0,0,0,0
base-1.0,T2054,1,length,864,0,0,0,0,0,0,0,0,0,0,0,0,0,0,0
base-1.0,T2055,1,stop,487,0,0,0,0,0,0,0,0,0,0,0,0,0,0,0
base-1.0,T2056,1,stop,564,0,0,0,0,0,0,0,0,0,0,0,0,0,0,0
base-1.0,T2057,1,stop,343,0,0,0,0,0,0,0,0,0,0,0,0,0,0,0
base-1.0,T2058,1,stop,216,0,0,0,0,0,0,0,0,0,0,0,0,0,0,0
base-1.0,T2059,1,stop,578,0,0,0,0,0,0,0,0,0,0,0,0,0,0,0
base-1.0,T2060,1,length,861,0,0,0,0,0,0,0,0,0,0,0,0,0,0,0
base-1.0,T2061,1,length,812,0,0,1,0,0,0,1,0,1,0,0,0,0,0,0
base-1.0,T2062,1,stop,570,0,0,0,0,0,0,0,0,0,0,0,0,0,0,0
base-1.0,T2063,1,stop,576,0,0,0,0,0,0,0,0,0,0,0,0,0,0,0
base-1.0,T2064,1,length,723,0,0,0,0,0,0,0,0,0,0,0,0,0,0,0
base-1.0,T2065,1,length,688,0,0,0,0,0,0,0,0,0,0,0,0,0,0,0
base-1.0,T2066,1,stop,604,0,0,0,0,0,0,0,0,0,0,0,0,0,0,0
base-1.0,T2067,1,length,807,0,0,0,0,0,0,0,0,0,0,0,0,0,0,0
base-1.0,T2068,1,length,883,0,0,0,0,0,0,0,0,0,0,0,0,0,0,0
base-1.0,T2069,1,length,764,0,0,0,0,0,0,0,0,1,0,0,0,0,0,0
base-1.0,T2070,1,length,921,0,0,0,0,0,0,0,0,0,0,0,0,1,0,0
base-1.0,T2071,1,stop,226,0,0,0,0,0,0,0,0,0,0,0,0,0,0,0
base-1.0,T2072,1,stop,566,0,0,0,0,0,0,0,0,1,0,0,0,0,0,0
base-1.0,T2073,1,stop,525,0,0,0,0,0,0,0,0,0,0,0,0,0,0,0
base-1.0,T2074,1,length,844,0,0,0,0,0,0,0,0,0,0,0,0,0,0,0
base-1.0,T2075,1,stop,470,0,0,0,0,0,0,0,0,0,0,0,0,0,0,0
base-1.0,T2076,1,length,801,0,0,0,0,0,0,1,0,1,0,0,0,0,0,0
base-1.0,T2077,1,length,814,0,0,0,0,0,0,0,0,0,0,0,0,0,0,0
base-1.0,T2078,1,stop,712,0,0,0,0,0,0,0,0,0,0,0,0,0,0,0
base-1.0,T2079,1,stop,477,0,0,0,0,0,0,0,0,0,0,0,0,0,0,0
base-1.0,T2080,1,stop,488,0,0,0,0,0,0,0,0,0,0,0,0,0,0,0
base-1.0,T2081,1,stop,619,0,0,0,0,0,0,1,0,0,0,0,0,0,0,0
base-1.0,T2082,1,stop,453,0,0,0,0,0,0,0,0,0,0,0,0,0,0,0
base-1.0,T2083,1,length,788,0,0,0,0,0,0,0,0,0,1,0,0,0,0,0
base-1.0,T2084,1,length,912,0,0,0,0,0,0,0,0,0,0,0,0,0,0,0
base-1.0,T2085,1,length,822,0,0,0,0,0,0,0,0,0,0,0,0,0,0,0
base-1.0,T2086,1,length,765,0,0,0,0,0,0,0,0,0,0,0,0,0,0,0
base-1.0,T2087,1,stop,701,0,0,0,0,0,0,0,0,0,0,0,0,0,0,0
base-1.0,T2088,1,length,373,0,0,0,0,0,0,0,0,0,0,0,0,0,0,0
base-1.0,T2089,1,length,749,0,0,0,0,0,0,0,0,0,1,0,0,0,0,0
base-1.0,T2090,1,stop,578,0,0,0,0,0,0,0,0,0,0,0,0,0,0,0
base-1.0,T2091,1,stop,589,0,0,0,0,0,0,0,0,0,0,0,0,0,0,0
base-1.0,T2092,1,stop,624,0,0,0,0,0,0,0,0,0,0,0,0,0,0,0
base-1.0,T2093,1,stop,529,0,0,0,0,0,0,0,0,0,0,0,0,0,0,0
base-1.0,T2094,1,stop,139,0,0,0,0,0,0,0,0,0,0,0,0,0,0,0
base-1.0,T2095,1,stop,343,0,0,0,0,0,0,0,0,0,0,0,0,0,0,0
base-1.0,T2096,1,length,805,0,0,0,0,0,0,0,0,0,0,0,0,0,0,0
base-1.0,T2097,1,stop,347,0,0,0,0,0,0,0,0,0,0,0,0,0,0,0
base-1.0,T2098,1,stop,700,0,0,0,0,0,0,0,0,0,0,0,0,0,0,0
base-1.0,T2099,1,stop,558,0,0,0,0,0,0,0,0,0,0,0,0,0,0,0
base-1.0,T2100,1,stop,605,0,0,0,0,0,0,0,0,0,0,0,0,0,0,0
base-1.0,T2101,1,stop,493,0,0,0,0,0,0,0,0,0,0,0,0,0,0,0
base-1.0,T2102,1,stop,294,0,0,0,0,0,0,0,0,0,0,0,0,0,0,0
base-1.0,T2103,1,stop,329,0,0,0,0,0,0,1,0,1,0,0,0,0,0,0
base-1.0,T2104,1,stop,71,0,0,0,0,0,0,0,0,0,0,0,0,0,0,0
base-1.0,T2105,1,length,632,0,0,0,0,0,0,0,0,0,0,0,0,0,0,0
base-1.0,T2106,1,length,713,0,0,0,0,0,0,0,0,0,0,0,0,0,0,0
base-1.0,T2107,1,length,820,0,0,0,0,0,0,0,0,0,0,0,0,0,0,0
base-1.0,T2108,1,stop,687,0,0,0,0,0,0,1,0,0,0,0,0,0,0,0
base-1.0,T2109,1,length,807,0,0,0,0,0,0,0,0,0,0,0,0,0,0,0
base-1.0,T2110,1,length,845,0,0,0,0,0,0,1,0,0,0,0,0,0,0,0
base-1.0,T2111,1,length,896,0,0,0,0,0,0,0,0,0,0,0,0,0,0,0
base-1.0,T2112,1,length,810,0,0,0,0,0,0,0,0,0,0,0,0,0,0,0
base-1.0,T2113,1,length,878,0,0,2,0,0,0,0,0,0,0,0,0,0,0,0
base-1.0,T2114,1,stop,565,0,0,0,0,0,0,0,0,0,0,0,0,0,0,0
base-1.0,T2115,1,length,855,0,0,0,0,0,0,0,0,0,0,0,0,0,0,0
base-1.0,T2116,1,length,735,0,0,0,0,0,0,0,0,0,0,0,0,0,0,0
base-1.0,T2117,1,length,866,0,0,0,0,0,0,0,0,0,0,0,0,0,0,0
base-1.0,T2118,1,stop,668,0,0,0,0,0,0,0,0,0,0,0,0,0,0,0
base-1.0,T2119,1,stop,450,0,0,0,0,0,0,0,0,0,0,0,0,0,0,0
base-1.0,T2120,1,length,755,0,0,0,0,0,0,0,0,0,0,0,0,0,0,0
base-1.0,T2121,1,stop,778,0,0,0,0,0,0,0,0,0,0,0,0,0,0,0
base-1.0,T2122,1,length,903,0,0,0,0,0,0,0,0,0,0,0,0,0,0,0
base-1.0,T2123,1,stop,272,0,0,0,0,0,0,0,0,0,0,0,0,0,0,0
base-1.0,T2124,1,stop,374,0,0,0,0,0,0,0,0,0,0,0,0,0,0,0
base-1.0,T2125,1,length,787,0,0,0,0,0,0,1,0,1,0,0,0,0,0,0
base-1.0,T2126,1,length,851,0,0,0,0,0,0,0,0,0,0,0,0,0,0,0
base-1.0,T2127,1,stop,125,0,0,0,0,0,0,0,0,0,0,0,0,0,0,0
base-1.0,T2128,1,length,588,0,0,0,0,0,0,0,0,0,0,0,0,0,0,0
base-1.0,T2129,1,length,802,0,0,0,0,0,0,0,0,0,0,0,0,0,0,0
base-1.0,T2130,1,stop,555,0,0,0,0,0,0,0,0,0,0,0,0,0,0,0
base-1.0,T2131,1,stop,383,0,0,0,0,0,0,0,0,0,0,0,0,0,0,0
base-1.0,T2132,1,stop,767,0,0,0,0,0,0,0,0,0,0,0,0,0,0,0
base-1.0,T2133,1,stop,498,0,0,0,0,0,0,0,0,1,0,0,0,0,0,0
base-1.0,T2134,1,stop,514,0,0,0,0,0,0,0,0,0,0,0,0,0,0,0
base-1.0,T2135,1,stop,563,0,0,0,0,0,0,0,0,0,0,0,0,0,0,0
base-1.0,T2136,1,length,829,0,0,0,0,0,0,0,0,0,0,0,0,0,0,0
base-1.0,T2137,1,stop,503,0,0,0,0,0,0,0,0,0,0,0,0,0,0,0
base-1.0,T2138,1,length,842,0,0,0,0,0,0,0,0,0,0,0,0,0,0,0
base-1.0,T2139,1,stop,575,0,0,0,0,0,0,0,0,0,0,0,0,0,0,0
base-1.0,T2140,1,stop,387,0,0,0,0,0,0,0,0,0,0,0,0,0,0,0
base-1.0,T2141,1,length,878,0,0,0,0,0,0,0,0,0,0,0,0,0,0,0
base-1.0,T2142,1,stop,132,0,0,0,0,0,0,0,0,0,0,0,0,0,0,0
base-1.0,T2143,1,length,772,0,0,0,0,0,0,0,0,0,0,0,0,0,0,0
base-1.0,T2144,1,stop,544,0,0,0,0,0,0,0,0,0,0,0,0,0,0,0
base-1.0,T2145,1,stop,233,0,0,0,0,0,0,0,0,0,0,0,0,0,0,0
base-1.0,T2146,1,length,755,0,0,0,0,0,0,0,0,2,0,0,0,0,0,0
base-1.0,T2147,1,stop,526,0,0,0,0,0,0,0,0,0,0,0,0,0,0,0
base-1.0,T2148,1,stop,627,0,0,0,0,0,0,1,0,1,0,0,0,0,0,0
base-1.0,T2149,1,stop,276,0,0,0,0,0,0,0,0,1,0,0,0,0,0,0
base-1.0,T2150,1,length,786,0,0,0,0,0,0,0,0,0,0,0,0,0,0,0
base-1.0,T2151,1,length,678,0,0,0,0,0,0,0,0,0,0,0,0,0,0,0
base-1.0,T2152,1,stop,617,0,0,0,0,0,0,0,0,0,0,0,0,0,0,0
base-1.0,T2153,1,stop,684,0,0,0,0,0,0,0,0,0,0,0,0,0,0,0
base-1.0,T2154,1,length,846,0,0,0,0,0,0,0,0,0,0,0,0,0,0,0
base-1.0,T2155,1,stop,555,0,0,0,0,0,0,1,0,0,0,0,0,0,0,0
base-1.0,T2156,1,length,796,0,0,0,0,0,0,0,0,0,0,0,0,0,0,0
base-1.0,T2157,1,stop,339,0,0,0,0,0,0,0,0,0,0,0,0,0,0,0
base-1.0,T2158,1,stop,83,0,0,0,0,0,0,0,0,0,0,0,0,0,0,0
base-1.0,T2159,1,stop,601,0,0,0,0,0,0,0,0,0,0,0,0,0,0,0
base-1.0,T2160,1,stop,491,0,0,0,0,0,0,0,0,0,0,0,0,0,0,0
base-1.0,T2161,1,length,797,0,0,0,0,0,0,0,0,0,0,0,0,0,0,0
base-1.0,T2162,1,length,774,0,0,0,0,0,0,0,0,0,0,0,0,0,0,0
base-1.0,T2163,1,stop,681,0,0,0,0,0,0,0,0,0,0,0,0,0,0,0
base-1.0,T2164,1,stop,481,0,0,0,0,0,0,0,0,0,0,0,0,0,0,0
base-1.0,T2165,1,length,830,0,0,0,0,0,0,0,0,0,0,0,0,2,0,0
base-1.0,T2166,1,stop,650,0,0,0,0,0,0,0,0,0,0,0,0,0,0,0
base-1.0,T2167,1,length,790,0,0,0,0,0,0,0,0,0,0,0,0,0,0,0
base-1.0,T2168,1,length,799,0,0,0,0,0,0,0,0,0,0,0,0,0,0,0
base-1.0,T2169,1,stop,443,0,0,0,0,0,0,0,0,0,0,0,0,0,0,0
base-1.0,T2170,1,stop,243,0,0,0,0,0,0,0,0,0,0,0,0,0,0,0
base-1.0,T2171,1,length,776,0,0,0,0,0,0,0,0,0,0,0,0,0,0,0
base-1.0,T2172,1,stop,472,0,0,0,0,0,0,0,0,0,0,0,0,0,0,0
base-1.0,T2173,1,stop,360,0,0,0,0,0,0,0,0,0,0,0,0,0,0,0
base-1.0,T2174,1,length,860,0,0,0,0,0,0,0,0,0,0,0,0,0,0,0
base-1.0,T2175,1,stop,549,0,0,0,0,0,0,0,0,0,0,0,0,0,0,0
base-1.0,T2176,1,length,842,0,0,0,0,0,0,0,0,0,0,0,0,0,0,0
base-1.0,T2177,1,length,691,0,0,0,0,0,0,0,0,0,0,0,0,0,0,0
base-1.0,T2178,1,stop,776,0,0,0,0,0,0,0,0,0,0,0,0,0,0,0
base-1.0,T2179,1,stop,794,0,0,0,0,0,0,0,0,0,0,0,0,0,0,0
base-1.0,T2180,1,length,589,0,0,0,0,0,0,0,0,0,0,0,0,0,0,0
base-1.0,T2181,1,length,778,0,0,0,0,0,0,0,0,0,0,0,0,0,0,0
base-1.0,T2182,1,stop,456,0,0,0,0,0,0,0,0,0,1,0,0,0,0,0
base-1.0,T2183,1,stop,680,0,0,0,0,0,0,0,0,0,0,0,0,0,0,0
base-1.0,T2184,1,stop,604,0,0,0,0,0,0,0,0,0,0,0,0,0,0,0
base-1.0,T2185,1,length,820,0,0,0,0,0,0,0,0,0,0,0,0,0,0,0
base-1.0,T2186,1,length,768,0,0,0,0,0,0,0,0,0,0,0,0,0,0,0
base-1.0,T2187,1,length,792,0,0,0,0,0,0,0,0,0,1,0,0,0,0,0
base-1.0,T2188,1,stop,663,0,0,0,0,0,0,0,0,1,0,0,0,0,0,0
base-1.0,T2189,1,stop,622,0,0,0,0,0,0,0,0,1,0,0,0,0,0,0
base-1.0,T2190,1,stop,588,0,0,0,0,0,0,0,1,0,0,0,0,0,0,0
base-1.0,T2191,1,stop,546,0,0,0,0,0,0,0,0,0,0,0,0,0,0,0
base-1.0,T2192,1,stop,503,0,0,0,0,0,0,0,0,0,0,0,0,0,0,0
base-1.0,T2193,1,length,775,0,0,0,0,0,0,0,0,0,0,0,0,0,0,0
base-1.0,T2194,1,stop,489,0,0,0,0,0,0,0,0,0,0,0,0,0,0,0
base-1.0,T2195,1,stop,712,0,0,0,0,0,0,0,0,0,0,0,0,0,0,0
base-1.0,T2196,1,length,862,0,0,0,0,0,0,0,0,0,0,0,0,0,0,0
base-1.0,T2197,1,length,858,0,0,0,0,0,0,0,0,0,0,0,0,0,0,0
base-1.0,T2198,1,length,729,0,0,0,0,0,0,0,0,0,0,0,0,0,0,0
base-1.0,T2199,1,stop,490,0,0,0,0,0,0,0,0,0,0,0,0,0,0,0
base-1.0,T2200,1,stop,324,0,0,0,0,0,0,0,0,0,0,0,0,0,0,0
base-1.0,T2201,1,length,835,0,0,0,0,0,0,0,0,0,0,0,0,0,0,0
base-1.0,T2202,1,stop,679,0,0,0,0,0,0,0,0,0,0,0,0,0,0,0
base-1.0,T2203,1,stop,578,0,0,0,0,0,0,0,0,0,0,0,0,0,0,0
base-1.0,T2204,1,stop,428,0,0,0,0,0,0,0,0,0,0,0,0,0,0,0
base-1.0,T2205,1,stop,374,0,0,0,0,0,0,0,0,0,0,0,0,0,0,0
base-1.0,T2206,1,stop,696,0,0,0,0,0,0,0,0,0,0,0,0,0,0,0
base-1.0,T2207,1,length,827,0,0,0,0,0,0,0,0,0,0,0,0,0,0,0
base-1.0,T2208,1,stop,670,0,0,0,0,0,0,0,0,0,0,0,0,0,0,0
base-1.0,T2209,1,length,917,0,0,0,0,0,0,0,0,0,0,0,0,0,0,0
base-1.0,T2210,1,length,840,0,0,0,0,0,0,0,0,0,0,0,0,0,0,0
base-1.0,T2211,1,length,812,0,0,0,0,0,0,0,0,0,0,0,0,0,0,0
base-1.0,T2212,1,length,804,0,0,0,0,0,0,0,0,0,0,0,0,0,0,0
base-1.0,T2213,1,stop,744,0,0,0,0,0,0,0,0,0,0,0,0,0,0,0
base-1.0,T2214,1,stop,510,0,0,0,0,0,0,0,0,0,0,0,0,0,0,0
base-1.0,T2215,1,stop,519,0,0,0,0,0,0,0,0,0,0,0,0,0,0,0
base-1.0,T2216,1,stop,810,0,0,0,0,0,0,0,0,0,0,0,0,0,0,0
base-1.0,T2217,1,length,692,0,0,0,0,0,0,0,0,0,0,0,0,0,0,0
base-1.0,T2218,1,stop,742,0,0,0,0,0,0,0,0,0,0,0,0,0,0,0
base-1.0,T2219,1,length,843,0,0,0,0,0,0,0,0,0,0,0,0,0,0,0
base-1.0,T2220,1,stop,730,0,0,0,0,0,0,0,0,0,0,0,0,0,0,0
base-1.0,T2221,1,length,718,0,0,0,0,0,0,0,0,0,0,0,0,0,0,0
base-1.0,T2222,1,stop,583,0,0,0,0,0,0,0,0,0,0,0,0,0,0,0
base-1.0,T2223,1,length,837,0,0,0,0,0,0,0,0,0,0,0,0,0,0,0
base-1.0,T2224,1,length,822,0,0,0,0,0,0,0,0,0,0,0,0,0,0,0
base-1.0,T2225,1,stop,551,0,0,0,0,0,0,0,0,0,0,0,0,0,0,0
base-1.0,T2226,1,length,784,0,0,0,0,0,0,0,0,0,0,0,0,0,0,0
base-1.0,T2227,1,stop,487,0,0,0,0,0,0,0,0,0,0,0,0,0,0,0
base-1.0,T2228,1,stop,130,0,0,0,0,0,0,0,0,0,0,0,0,0,0,0
base-1.0,T2229,1,stop,233,0,0,0,0,0,0,0,0,0,0,0,0,0,0,0
base-1.0,T2230,1,length,724,0,0,0,0,0,0,0,0,0,0,0,0,0,0,0
base-1.0,T2231,1,length,892,0,0,0,0,0,0,0,0,0,0,0,0,0,0,0
base-1.0,T2232,1,stop,349,0,0,0,0,0,0,0,0,0,0,0,0,0,0,0
base-1.0,T2233,1,length,797,0,0,0,0,0,0,1,0,0,0,0,0,0,0,0
base-1.0,T2234,1,stop,445,0,0,0,0,0,0,0,0,0,0,0,0,0,0,0
base-1.0,T2235,1,stop,542,0,0,0,0,0,0,0,0,0,0,0,0,0,0,0
base-1.0,T2236,1,length,781,0,0,0,0,0,0,0,0,0,0,0,0,0,0,0
base-1.0,T2237,1,length,855,0,0,0,0,0,0,0,0,0,0,0,0,0,0,0
base-1.0,T2238,1,length,754,0,0,0,0,0,0,0,0,0,0,0,0,0,0,0
base-1.0,T2239,1,length,814,0,0,0,0,0,0,0,0,0,0,0,0,0,0,0
base-1.0,T2240,1,stop,605,0,0,0,0,0,0,0,0,0,0,0,0,0,0,0
base-1.0,T2241,1,stop,674,0,0,0,0,0,0,1,0,0,0,0,0,0,0,0
base-1.0,T2242,1,stop,99,0,0,0,0,0,0,0,0,0,0,0,0,0,0,0
base-1.0,T2243,1,stop,321,0,0,0,0,0,0,0,0,0,0,0,0,0,0,0
base-1.0,T2244,1,length,832,0,0,0,0,0,0,0,0,0,0,0,0,0,0,0
base-1.0,T2245,1,stop,565,0,0,0,0,0,0,0,0,0,0,0,0,0,0,0
base-1.0,T2246,1,stop,617,0,0,0,0,0,0,0,0,0,0,0,0,0,0,0
base-1.0,T2247,1,length,832,0,0,0,0,0,0,0,0,0,0,0,0,0,0,0
base-1.0,T2248,1,length,808,0,0,0,0,0,0,0,0,0,0,0,0,0,0,0
base-1.0,T2249,1,stop,374,0,0,0,0,0,0,0,0,0,0,0,0,0,0,0
base-1.0,T2250,1,length,802,0,0,0,0,0,0,0,0,0,0,0,0,0,0,0
base-1.0,T2251,1,length,812,0,0,0,0,0,0,0,0,0,0,0,0,0,0,0
base-1.0,T2252,1,stop,801,0,0,0,0,0,0,0,0,0,0,0,0,0,0,0
base-1.0,T2253,1,length,874,0,0,0,0,0,0,0,0,0,0,0,0,0,0,0
base-1.0,T2254,1,stop,532,0,0,0,0,0,0,0,0,0,0,0,0,0,0,0
base-1.0,T2255,1,stop,565,0,0,0,0,0,0,0,0,0,0,0,0,0,0,0
base-1.0,T2256,1,length,790,0,0,0,0,0,0,0,0,0,0,0,0,0,0,0
base-1.0,T2257,1,stop,577,0,0,0,0,0,0,0,0,0,0,0,0,0,0,0
base-1.0,T2258,1,stop,792,0,0,0,0,0,0,0,0,0,0,0,0,0,0,0
base-1.0,T2259,1,stop,566,0,0,0,0,0,0,0,0,0,0,0,0,0,0,0
base-1.0,T2260,1,length,836,0,0,0,0,0,0,1,0,0,0,0,0,0,0,0
base-1.0,T2261,1,stop,512,0,0,0,0,0,0,0,0,0,0,0,0,0,0,0
base-1.0,T2262,1,stop,147,0,0,0,0,0,0,0,0,0,0,0,0,0,0,0
base-1.0,T2263,1,stop,583,0,0,0,0,0,0,0,0,3,0,0,0,0,0,0
base-1.0,T2264,1,length,877,0,0,0,0,0,0,0,0,0,0,0,0,0,0,0
base-1.0,T2265,1,stop,470,0,0,0,0,0,0,0,0,0,0,0,0,0,0,0
base-1.0,T2266,1,stop,413,0,0,0,0,0,0,0,0,0,0,0,0,0,0,0
base-1.0,T2267,1,length,808,0,0,0,0,0,0,0,0,0,0,0,0,0,0,0
base-1.0,T2268,1,length,833,0,0,0,0,0,0,0,0,0,0,0,0,0,0,0
base-1.0,T2269,1,stop,629,0,0,0,0,0,0,0,0,0,0,0,0,0,0,0
base-1.0,T2270,1,length,706,0,0,0,0,0,0,0,0,1,0,0,0,0,0,0
base-1.0,T2271,1,length,767,0,0,0,0,0,0,0,0,0,0,0,0,0,0,0
base-1.0,T2272,1,stop,642,0,0,0,0,0,0,0,0,0,0,0,0,0,0,0
base-1.0,T2273,1,length,759,0,0,0,0,0,0,0,0,0,0,0,0,0,0,0
base-1.0,T2274,1,stop,669,0,0,0,0,0,0,0,0,0,0,0,0,0,0,0
base-1.0,T2275,1,length,757,0,0,0,0,0,0,0,0,0,0,0,0,0,1,0
base-1.0,T2276,1,length,819,0,0,0,0,0,0,0,0,1,0,0,0,0,0,0
base-1.0,T2277,1,length,829,0,0,0,0,0,0,0,0,1,0,0,0,0,0,0
base-1.0,T2278,1,stop,387,0,0,0,0,0,0,0,0,0,0,0,0,0,0,0
base-1.0,T2279,1,stop,419,0,0,0,0,0,0,0,0,0,0,0,0,0,0,0
base-1.0,T2280,1,stop,499,0,0,0,0,0,0,0,0,0,0,0,0,0,0,0
base-1.0,T2281,1,stop,442,0,0,0,0,0,0,0,0,0,0,0,0,0,0,0
base-1.0,T2282,1,stop,668,0,0,0,0,0,0,0,0,0,0,0,0,0,0,0
base-1.0,T2283,1,stop,728,0,0,0,0,0,0,0,0,0,0,0,0,0,0,0
base-1.0,T2284,1,length,849,0,0,0,0,0,0,0,0,0,0,0,0,0,0,0
base-1.0,T2285,1,stop,571,0,0,0,0,0,0,0,0,0,0,0,0,0,0,0
base-1.0,T2286,1,length,864,0,0,0,0,0,0,0,0,0,0,0,0,0,0,0
base-1.0,T2287,1,stop,608,0,0,0,0,0,0,0,0,0,0,0,0,0,0,0
base-1.0,T2288,1,stop,493,0,0,0,0,0,0,0,0,0,0,0,0,0,0,0
base-1.0,T2289,1,length,786,0,0,0,0,0,0,0,0,0,0,0,0,0,0,0
base-1.0,T2290,1,stop,688,0,0,0,0,0,0,0,0,0,0,0,0,0,0,0
base-1.0,T2291,1,stop,546,0,0,0,0,0,0,0,0,0,0,0,0,0,0,0
base-1.0,T2292,1,length,835,0,0,0,0,0,0,0,0,0,0,0,0,0,0,0
base-1.0,T2293,1,stop,416,0,0,0,0,0,0,0,0,0,0,0,0,0,0,0
base-1.0,T2294,1,length,851,0,0,0,0,0,0,0,0,0,0,0,0,0,0,0
base-1.0,T2295,1,stop,683,0,0,0,0,0,0,0,0,0,0,0,0,0,0,0
base-1.0,T2296,1,stop,469,0,0,0,0,0,0,0,0,0,0,0,0,0,0,0
base-1.0,T2297,1,length,786,0,0,0,0,0,0,0,0,0,0,0,0,0,0,0
base-1.0,T2298,1,length,818,0,0,0,0,0,0,0,0,1,0,0,0,0,0,0
base-1.0,T2299,1,length,823,0,0,0,0,0,0,0,0,0,0,0,0,0,0,0
base-1.0,T2300,1,length,825,0,0,0,0,0,0,0,0,0,0,0,0,0,0,0
base-1.0,T2301,1,stop,606,0,0,0,0,0,0,0,0,0,0,0,0,0,0,0
base-1.0,T2302,1,stop,480,0,0,0,0,0,0,0,0,0,0,0,0,0,0,0
base-1.0,T2303,1,length,823,0,0,0,0,0,0,0,0,0,0,0,0,0,0,0
base-1.0,T2304,1,stop,394,0,0,0,0,0,0,0,0,0,0,0,0,0,0,0
base-1.0,T2305,1,stop,353,0,0,0,0,0,0,0,0,0,0,0,0,0,0,0
base-1.0,T2306,1,stop,750,0,0,0,0,0,0,0,0,0,0,0,0,0,0,0
base-1.0,T2307,1,stop,274,0,0,0,0,0,0,0,0,0,0,0,0,0,0,0
base-1.0,T2308,1,stop,540,0,0,0,0,0,0,0,0,1,0,0,0,0,0,0
base-1.0,T2309,1,stop,449,0,0,0,0,0,0,0,0,0,0,0,0,0,0,0
base-1.0,T2310,1,length,856,0,0,0,0,0,0,0,0,0,0,0,0,0,0,0
base-1.0,T2311,1,length,825,0,0,0,0,0,0,0,0,0,0,0,0,0,0,0
base-1.0,T2312,1,length,874,0,0,0,0,0,0,0,0,0,0,0,0,0,0,0
base-1.0,T2313,1,stop,450,0,0,0,0,0,0,0,0,0,0,0,0,0,0,0
base-1.0,T2314,1,length,787,0,0,1,0,0,0,0,0,0,0,0,0,0,0,0
base-1.0,T2315,1,stop,638,0,0,0,0,0,0,0,0,0,0,0,0,0,0,0
base-1.0,T2316,1,stop,125,0,0,0,0,0,0,0,0,0,0,0,0,0,0,0
base-1.0,T2317,1,length,706,0,0,0,0,0,0,0,0,0,0,0,0,0,0,0
base-1.0,T2318,1,stop,590,0,0,0,0,0,0,0,0,0,0,0,0,0,0,0
base-1.0,T2319,1,length,808,0,0,0,0,0,0,0,0,0,0,0,0,0,0,0
base-1.0,T2320,1,stop,44,0,0,0,0,0,0,0,0,0,0,0,0,0,0,0
base-1.0,T2321,1,stop,343,0,0,0,0,0,0,0,0,0,0,0,0,1,0,0
base-1.0,T2322,1,stop,384,0,0,0,0,0,0,0,0,0,0,0,0,0,0,0
base-1.0,T2323,1,stop,783,0,0,0,0,0,0,0,0,0,0,0,0,0,0,0
base-1.0,T2324,1,length,765,0,0,0,0,0,0,0,0,0,0,0,0,0,0,0
base-1.0,T2325,1,length,680,0,0,0,0,0,0,0,0,0,0,0,0,0,0,0
base-1.0,T2326,1,stop,571,0,0,0,0,0,0,0,0,0,0,0,0,0,0,0
base-1.0,T2327,1,stop,807,0,0,0,0,0,0,0,0,0,0,0,0,0,0,0
base-1.0,T2328,1,stop,602,0,0,0,0,0,0,0,0,0,0,0,0,0,0,0
base-1.0,T2329,1,length,903,0,0,0,0,0,0,0,0,0,0,0,0,0,0,0
base-1.0,T2330,1,stop,261,0,0,0,0,0,0,0,0,0,0,0,0,0,0,0
base-1.0,T2331,1,length,839,0,0,0,0,0,0,0,0,0,0,0,0,0,0,0
base-1.0,T2332,1,stop,522,0,0,0,0,0,0,0,0,0,0,0,0,0,0,0
base-1.0,T2333,1,stop,568,0,0,0,0,0,0,0,0,0,0,0,0,0,0,0
base-1.0,T2334,1,stop,479,0,0,0,0,0,0,0,0,0,0,0,0,0,0,0
base-1.0,T2335,1,stop,796,0,0,0,0,0,0,0,0,0,0,0,0,0,0,0
base-1.0,T2336,1,stop,557,0,0,0,0,0,0,0,0,0,0,0,0,0,0,0
base-1.0,T2337,1,stop,72,0,0,0,0,0,0,0,0,0,0,0,0,0,0,0
base-1.0,T2338,1,stop,394,0,0,0,0,0,0,0,0,0,0,0,0,0,0,0
base-1.0,T2339,1,stop,633,0,0,0,0,0,0,0,0,0,0,0,0,0,0,0
base-1.0,T2340,1,length,889,0,0,0,0,0,0,0,0,0,0,0,0,0,0,0
base-1.0,T2341,1,stop,632,0,0,0,0,0,0,1,0,0,0,0,0,0,0,0
base-1.0,T2342,1,stop,424,0,0,0,0,0,0,0,0,0,0,0,0,0,0,0
base-1.0,T2343,1,stop,126,0,0,0,0,0,0,0,0,0,0,0,0,0,0,0
base-1.0,T2344,1,length,771,0,0,0,0,0,0,0,0,0,0,0,0,0,0,0
base-1.0,T2345,1,stop,782,0,0,0,0,0,0,0,0,0,0,0,0,0,0,0
base-1.0,T2346,1,length,915,0,0,0,0,0,0,0,0,0,0,0,0,0,0,0
base-1.0,T2347,1,length,538,0,0,0,0,0,0,0,0,0,0,0,0,0,0,0
base-1.0,T2348,1,stop,495,0,0,0,0,0,0,0,0,0,0,0,0,0,0,0
base-1.0,T2349,1,stop,95,0,0,0,0,0,0,0,0,0,0,0,0,0,0,0
base-1.0,T2350,1,stop,381,0,0,0,0,0,0,0,0,0,0,0,0,0,0,0
base-1.0,T2351,1,stop,532,0,0,0,0,0,0,0,0,0,0,0,0,0,0,0
base-1.0,T2352,1,stop,265,0,0,0,0,0,0,0,0,0,0,0,0,0,0,0
base-1.0,T2353,1,length,865,0,0,0,0,0,0,0,0,0,0,0,0,0,0,0
base-1.0,T2354,1,length,823,0,0,0,0,0,0,0,0,0,0,0,0,0,0,0
base-1.0,T2355,1,stop,556,0,0,0,0,0,0,0,0,0,0,0,0,0,0,0
base-1.0,T2356,1,stop,658,0,0,0,0,0,0,1,0,1,0,0,0,0,0,0
base-1.0,T2357,1,length,839,0,0,0,0,0,0,0,0,0,0,0,0,1,0,0
base-1.0,T2358,1,length,767,0,0,0,0,0,0,0,0,0,0,0,0,0,0,0
base-1.0,T2359,1,stop,655,0,0,0,0,0,0,0,0,0,0,0,0,0,0,0
base-1.0,T2360,1,stop,180,0,0,0,0,0,0,0,0,0,0,0,0,0,0,0
base-1.0,T2361,1,stop,738,0,0,0,0,0,0,0,0,0,0,0,0,0,0,0
base-1.0,T2362,1,length,823,0,0,0,0,0,0,0,0,0,0,0,0,0,0,0
base-1.0,T2363,1,stop,342,0,0,0,0,0,0,0,0,0,0,0,0,0,0,0
base-1.0,T2364,1,stop,393,0,0,0,0,0,0,0,0,0,0,0,0,0,0,0
base-1.0,T2365,1,length,83,0,0,0,0,0,0,0,0,0,0,0,0,0,0,0
base-1.0,T2366,1,stop,563,0,0,0,0,0,0,0,1,0,0,0,0,0,0,0
base-1.0,T2367,1,length,726,0,0,0,0,0,0,0,0,0,0,0,0,0,0,0
base-1.0,T2368,1,stop,612,0,0,0,0,0,0,0,0,0,0,0,0,0,0,0
base-1.0,T2369,1,stop,756,0,0,0,0,0,0,0,0,0,0,0,0,0,0,0
base-1.0,T2370,1,stop,823,0,0,0,0,0,0,0,0,0,0,0,0,0,0,0
base-1.0,T2371,1,length,823,0,0,0,0,0,0,0,0,0,0,0,0,0,0,0
base-1.0,T2372,1,stop,278,0,0,0,0,0,0,0,0,0,0,0,0,0,0,0
base-1.0,T2373,1,length,846,0,0,0,0,0,0,0,0,0,0,0,0,0,0,0
base-1.0,T2374,1,stop,373,0,0,0,0,0,0,0,0,0,0,0,0,0,0,0
base-1.0,T2375,1,stop,451,0,0,0,0,0,0,0,0,0,0,0,0,0,0,0
base-1.0,T2376,1,stop,588,0,0,0,0,0,0,0,0,0,0,0,0,0,0,0
base-1.0,T2377,1,length,809,0,0,0,0,0,0,0,0,0,0,0,0,0,0,0
base-1.0,T2378,1,stop,84,0,0,0,0,0,0,0,0,0,0,0,0,0,0,0
base-1.0,T2379,1,length,827,0,0,0,0,0,0,0,0,0,0,0,0,0,0,0
base-1.0,T2380,1,stop,234,0,0,0,0,0,0,0,0,0,0,0,0,0,0,0
base-1.0,T2381,1,length,831,0,0,0,0,0,0,0,0,0,0,0,0,0,0,0
base-1.0,T2382,1,stop,705,0,0,0,0,0,0,0,0,0,0,0,0,0,0,0
base-1.0,T2383,1,length,802,0,0,0,0,0,0,0,0,1,0,0,0,0,0,0
base-1.0,T2384,1,stop,661,0,0,0,0,0,0,0,0,0,0,0,0,0,0,0
base-1.0,T2385,1,stop,567,0,0,0,0,0,0,0,0,0,0,0,0,0,0,0
base-1.0,T2386,1,stop,488,0,0,0,0,0,0,0,0,0,0,0,0,0,0,0
base-1.0,T2387,1,stop,731,0,0,0,0,0,0,0,0,1,0,0,0,0,0,0
base-1.0,T2388,1,length,825,0,0,0,0,0,0,0,0,0,0,0,0,0,0,0
base-1.0,T2389,1,stop,477,0,0,0,0,0,0,0,0,0,0,0,0,0,0,0
base-1.0,T2390,1,stop,365,0,0,0,0,0,0,0,0,0,0,0,0,0,0,0
base-1.0,T2391,1,stop,356,0,0,0,0,0,0,0,0,0,0,0,0,0,0,0
base-1.0,T2392,1,stop,218,0,0,0,0,0,0,0,0,0,0,0,0,0,0,0
base-1.0,T2393,1,stop,550,0,0,0,0,0,0,0,0,0,0,0,0,1,0,0
base-1.0,T2394,1,stop,446,0,0,0,0,0,0,0,0,0,0,0,0,0,0,0
base-1.0,T2395,1,stop,559,0,0,0,0,0,0,0,0,0,0,0,0,0,0,0
base-1.0,T2396,1,stop,650,0,0,0,0,0,0,0,0,0,0,0,0,0,0,0
base-1.0,T2397,1,stop,238,0,0,0,0,0,0,0,0,0,0,0,0,0,0,0
base-1.0,T2398,1,stop,67,0,0,0,0,0,0,0,0,0,0,0,0,0,0,0
base-1.0,T2399,1,stop,872,0,0,0,0,0,0,0,0,0,0,0,0,0,0,0
base-1.0,T2400,1,length,776,0,0,0,0,0,0,0,0,1,0,0,0,0,0,0
base-1.0,T2401,1,stop,399,0,0,0,0,0,0,0,0,0,0,0,0,0,0,0
base-1.0,T2402,1,length,778,0,0,0,0,0,0,1,0,0,0,0,0,0,0,0
base-1.0,T2403,1,stop,499,0,0,0,0,0,0,0,0,0,0,0,0,0,0,0
base-1.0,T2404,1,stop,445,0,0,0,0,0,0,0,0,0,0,0,0,0,0,0
base-1.0,T2405,1,stop,628,0,0,0,0,0,0,0,0,0,1,0,0,0,0,0
base-1.0,T2406,1,stop,615,0,0,0,0,0,0,0,0,0,0,0,0,0,1,0
base-1.0,T2407,1,length,807,0,0,0,0,0,0,0,0,0,0,0,0,0,0,0
base-1.0,T2408,1,stop,663,0,0,0,0,0,0,0,0,0,0,0,0,0,0,0
base-1.0,T2409,1,stop,328,0,0,0,0,0,0,0,0,0,0,0,0,0,0,0
base-1.0,T2410,1,stop,456,0,0,0,0,0,0,0,0,0,0,0,0,0,0,0
base-1.0,T2411,1,stop,770,0,0,0,0,0,0,0,1,0,0,0,0,0,0,0
base-1.0,T2412,1,length,801,0,0,0,0,0,0,0,0,0,0,0,0,0,0,0
base-1.0,T2413,1,stop,761,0,0,0,0,0,0,0,0,1,0,0,0,0,1,0
base-1.0,T2414,1,stop,560,0,0,0,0,0,0,0,1,0,0,0,0,0,0,0
base-1.0,T2415,1,stop,485,0,0,0,0,0,0,0,0,0,0,0,0,0,0,0
base-1.0,T2416,1,stop,452,0,0,0,0,0,0,0,0,0,0,0,0,0,0,0
base-1.0,T2417,1,stop,534,0,0,0,0,0,0,0,0,0,0,0,0,0,0,0
base-1.0,T2418,1,length,805,0,0,0,0,0,0,0,0,0,0,0,0,0,0,0
base-1.0,T2419,1,length,618,0,0,0,0,0,0,0,0,0,0,0,0,0,0,0
base-1.0,T2420,1,stop,824,0,0,0,0,0,0,0,0,0,0,0,0,0,0,0
base-1.0,T2421,1,stop,611,0,0,0,0,0,0,0,0,0,0,0,0,0,0,0
base-1.0,T2422,1,length,794,0,0,0,0,0,0,0,0,0,0,0,0,0,0,0
base-1.0,T2423,1,length,746,0,0,0,0,0,0,0,0,0,0,0,0,0,0,0
base-1.0,T2424,1,length,834,0,0,0,0,0,0,0,0,0,1,0,0,0,0,0
base-1.0,T2425,1,stop,607,0,0,0,0,0,0,0,0,0,0,0,0,0,0,0
base-1.0,T2426,1,stop,47,0,0,0,0,0,0,0,0,0,0,0,0,0,0,0
base-1.0,T2427,1,stop,759,0,0,0,0,0,0,0,0,0,0,0,0,0,0,0
base-1.0,T2428,1,length,847,0,0,0,0,0,0,0,0,0,0,0,0,0,0,0
base-1.0,T2429,1,stop,156,0,0,0,0,0,0,0,0,0,0,0,0,0,0,0
base-1.0,T2430,1,stop,429,0,0,0,0,0,0,0,0,0,0,0,0,0,0,0
base-1.0,T2431,1,length,767,0,0,0,0,0,0,0,0,1,0,0,0,0,0,0
base-1.0,T2432,1,stop,763,0,0,0,0,0,0,0,0,0,0,0,0,0,0,0
base-1.0,T2433,1,length,848,0,0,0,0,0,0,0,0,0,0,0,0,0,0,0
base-1.0,T2434,1,stop,585,0,0,0,0,0,0,0,0,0,0,0,0,0,0,0
base-1.0,T2435,1,length,736,0,0,0,0,0,0,0,0,0,0,0,0,0,0,0
base-1.0,T2436,1,stop,426,0,0,0,0,0,0,0,0,0,0,0,0,0,0,0
base-1.0,T2437,1,length,756,0,0,0,0,0,0,0,0,0,0,0,0,0,0,0
base-1.0,T2438,1,length,758,0,0,0,0,0,0,0,0,0,0,0,0,0,0,0
base-1.0,T2439,1,stop,546,0,0,0,0,0,0,0,0,0,0,0,0,0,0,0
base-1.0,T2440,1,length,863,0,0,0,0,0,0,0,0,1,0,0,0,0,0,0
base-1.0,T2441,1,stop,111,0,0,0,0,0,0,0,0,0,0,0,0,1,0,0
base-1.0,T2442,1,length,760,0,0,0,0,0,0,0,0,0,0,0,0,0,0,0
base-1.0,T2443,1,stop,525,0,0,0,0,0,0,0,0,0,0,0,0,0,0,0
base-1.0,T2444,1,stop,638,0,0,0,0,0,0,0,0,1,0,0,0,0,0,0
base-1.0,T2445,1,stop,730,0,0,0,0,0,0,0,0,0,0,0,0,0,0,0
base-1.0,T2446,1,length,707,0,0,0,0,0,0,0,0,0,0,0,0,0,0,0
base-1.0,T2447,1,length,815,0,0,0,0,0,0,0,0,0,0,0,0,0,0,0
base-1.0,T2448,1,stop,525,0,0,0,0,0,0,0,0,0,0,0,0,0,0,0
base-1.0,T2449,1,stop,496,0,0,0,0,0,0,0,0,0,0,0,0,0,0,0
base-1.0,T2450,1,length,883,0,0,0,0,0,0,0,0,0,1,0,0,0,0,0
base-1.0,T2451,1,length,717,0,0,0,0,0,0,0,0,0,0,0,0,0,0,0
base-1.0,T2452,1,stop,686,0,0,0,0,0,0,0,0,0,0,0,0,0,0,0
base-1.0,T2453,1,stop,380,0,0,0,0,0,0,0,0,0,0,0,0,0,0,0
base-1.0,T2454,1,length,732,0,0,0,0,0,0,0,0,0,0,0,0,0,0,0
base-1.0,T2455,1,length,649,0,0,0,0,0,0,0,0,0,0,0,0,0,0,0
base-1.0,T2456,1,stop,159,0,0,0,0,0,0,0,0,0,0,0,0,0,0,0
base-1.0,T2457,1,stop,724,0,0,0,0,0,0,0,1,1,0,0,0,0,0,0
base-1.0,T2458,1,stop,615,0,0,0,0,0,0,0,0,0,0,0,0,0,0,0
base-1.0,T2459,1,stop,544,0,0,0,0,0,0,0,0,0,0,0,0,0,0,0
base-1.0,T2460,1,length,826,0,0,0,0,0,0,0,0,0,0,0,0,0,0,0
base-1.0,T2461,1,stop,760,0,0,0,0,0,0,0,0,0,0,0,0,0,0,0
base-1.0,T2462,1,stop,460,0,0,0,0,0,0,0,0,0,0,0,0,0,0,0
base-1.0,T2463,1,length,663,0,0,0,0,0,0,0,0,0,0,0,0,0,0,0
base-1.0,T2464,1,length,863,0,0,0,0,0,0,0,0,0,0,0,0,0,0,0
base-1.0,T2465,1,stop,561,0,0,0,0,0,0,0,0,0,0,0,0,0,0,0
base-1.0,T2466,1,stop,794,0,0,0,0,0,0,0,0,0,0,0,0,0,0,0
base-1.0,T2467,1,stop,503,0,0,0,0,0,0,0,0,0,0,0,0,0,0,0
base-1.0,T2468,1,length,875,0,0,0,0,0,0,1,0,0,0,0,0,0,0,0
base-1.0,T2469,1,stop,751,0,0,0,0,0,0,0,0,0,0,0,0,0,0,0
base-1.0,T2470,1,stop,726,0,0,0,0,0,0,0,0,0,0,0,0,0,0,0
base-1.0,T2471,1,stop,415,0,0,0,0,0,0,0,0,0,0,0,0,0,0,0
base-1.0,T2472,1,length,774,0,0,0,0,0,0,0,0,0,0,0,0,0,0,0
base-1.0,T2473,1,length,737,0,0,0,0,0,0,0,0,0,0,0,0,0,0,0
base-1.0,T2474,1,stop,454,0,0,0,0,0,0,0,0,0,0,0,0,0,0,0
base-1.0,T2475,1,stop,704,0,0,0,0,0,0,0,0,0,0,0,0,0,0,0
base-1.0,T2476,1,length,874,0,0,0,0,0,0,0,0,0,0,0,0,0,0,0
base-1.0,T2477,1,length,731,0,0,0,0,0,0,0,0,0,0,0,0,0,0,0
base-1.0,T2478,1,stop,630,0,0,0,0,0,0,0,0,0,0,0,0,0,0,0
base-1.0,T2479,1,stop,610,0,0,0,0,0,0,0,0,0,0,0,0,0,0,0
base-1.0,T2480,1,stop,190,0,0,0,0,0,0,0,0,0,0,0,0,0,0,0
base-1.0,T2481,1,stop,439,0,0,0,0,0,0,0,0,0,0,0,0,0,0,0
base-1.0,T2482,1,length,694,0,0,0,0,0,0,0,0,0,0,0,0,0,0,0
base-1.0,T2483,1,stop,606,0,0,0,0,0,0,0,0,0,0,0,0,0,0,0
base-1.0,T2484,1,stop,524,0,0,0,0,0,0,0,0,0,0,0,0,0,0,0
base-1.0,T2485,1,stop,687,0,0,0,0,0,0,0,1,1,0,0,0,0,0,0
base-1.0,T2486,1,stop,434,0,0,0,0,0,0,0,0,0,0,0,0,0,0,0
base-1.0,T2487,1,length,834,0,0,0,0,0,0,0,0,0,0,0,0,0,0,0
base-1.0,T2488,1,stop,78,0,0,0,0,0,0,0,0,0,0,0,0,0,0,0
base-1.0,T2489,1,length,851,0,0,0,0,0,0,0,0,0,0,0,0,0,0,0
base-1.0,T2490,1,length,887,0,0,0,0,0,0,0,0,0,0,0,0,0,0,0
base-1.0,T2491,1,length,773,0,0,0,0,0,0,0,0,0,0,0,0,0,0,0
base-1.0,T2492,1,stop,821,0,0,0,0,0,0,0,0,0,0,0,0,0,0,0
base-1.0,T2493,1,stop,556,0,0,0,0,0,0,0,0,1,0,0,0,0,0,0
base-1.0,T2494,1,stop,788,0,0,0,0,0,0,0,0,0,0,0,0,0,0,0
base-1.0,T2495,1,length,776,0,0,0,0,0,0,0,0,0,0,0,0,0,0,0
base-1.0,T2496,1,stop,75,0,0,0,0,0,0,0,0,0,0,0,0,0,0,0
base-1.0,T2497,1,stop,561,0,0,0,0,0,0,0,0,0,0,0,0,0,1,0
base-1.0,T2498,1,stop,349,0,0,0,0,0,0,0,0,0,0,0,0,0,0,0
base-1.0,T2499,1,length,821,0,0,0,0,0,0,0,0,0,0,0,0,0,0,0
base-1.0,T2500,1,stop,85,0,0,0,0,0,0,0,0,0,0,0,0,0,0,0
base-1.0,T2501,1,length,832,0,0,1,0,0,0,0,0,0,0,0,0,0,0,0
base-1.0,T2502,1,stop,737,0,0,0,0,0,0,0,0,0,0,0,0,0,0,0
base-1.0,T2503,1,length,830,0,0,0,0,0,0,0,0,0,0,0,0,0,0,0
base-1.0,T2504,1,stop,587,0,0,0,0,0,0,0,0,0,0,0,0,0,0,0
base-1.0,T2505,1,stop,725,0,0,0,0,0,0,0,0,0,0,0,0,0,0,0
base-1.0,T2506,1,stop,552,0,0,0,0,0,0,0,0,0,0,0,0,0,0,0
base-1.0,T2507,1,stop,164,0,0,0,0,0,0,0,0,0,0,0,0,0,0,0
base-1.0,T2508,1,stop,476,0,0,0,0,0,0,0,0,0,0,0,0,0,0,0
base-1.0,T2509,1,stop,657,0,0,0,0,0,0,0,0,0,0,0,0,0,0,0
base-1.0,T2510,1,stop,373,0,0,0,0,0,0,0,0,0,0,0,0,0,0,0
base-1.0,T2511,1,stop,649,0,0,0,0,0,0,0,0,1,0,0,0,0,0,0
base-1.0,T2512,1,stop,546,0,0,0,0,0,0,0,0,0,0,0,0,0,0,0
base-1.0,T2513,1,length,881,0,0,0,0,0,0,0,0,0,0,0,0,0,0,0
base-1.0,T2514,1,length,841,0,0,0,0,0,0,0,0,0,0,0,0,0,0,0
base-1.0,T2515,1,length,858,0,0,0,0,0,0,0,0,0,0,0,0,0,0,0
base-1.0,T2516,1,stop,323,0,0,0,0,0,0,0,0,0,0,0,0,0,0,0
base-1.0,T2517,1,stop,780,0,0,0,0,0,0,0,0,0,0,0,0,0,0,0
base-1.0,T2518,1,stop,211,0,0,0,0,0,0,0,0,0,0,0,0,0,0,0
base-1.0,T2519,1,length,831,0,0,0,0,0,0,0,0,0,0,0,0,0,0,0
base-1.0,T2520,1,length,816,0,0,0,0,0,0,0,0,0,0,0,0,0,0,0
base-1.0,T2521,1,stop,461,0,0,0,0,0,0,0,0,0,0,0,0,0,0,0
base-1.0,T2522,1,length,810,0,0,0,0,0,0,0,0,0,0,0,0,0,0,0
base-1.0,T2523,1,length,779,0,0,0,0,0,0,0,0,0,0,0,0,0,0,0
base-1.0,T2524,1,stop,431,0,0,0,0,0,0,0,0,0,0,0,0,0,0,0
base-1.0,T2525,1,length,670,0,0,0,0,0,0,0,0,0,0,0,0,0,0,0
base-1.0,T2526,1,length,863,0,0,0,0,0,0,0,0,0,0,0,0,0,0,0
base-1.0,T2527,1,length,763,0,0,0,0,0,0,0,0,0,0,0,0,0,0,0
base-1.0,T2528,1,stop,503,0,0,0,0,0,0,0,0,0,0,0,0,0,0,0
base-1.0,T2529,1,stop,244,0,0,0,0,0,0,0,0,0,0,0,0,0,0,0
base-1.0,T2530,1,length,791,0,0,0,0,0,0,0,0,0,0,0,0,0,0,0
base-1.0,T2531,1,stop,526,0,0,0,0,0,0,2,0,0,0,0,0,0,0,0
base-1.0,T2532,1,stop,407,0,0,0,0,0,0,0,0,0,0,0,0,0,0,0
base-1.0,T2533,1,length,811,0,0,0,0,0,0,0,0,0,0,0,0,0,0,0
base-1.0,T2534,1,length,874,0,0,0,0,0,0,0,0,0,0,0,0,0,0,1
base-1.0,T2535,1,stop,687,0,0,0,0,0,0,0,0,1,0,0,0,0,0,0
base-1.0,T2536,1,stop,824,0,0,0,0,0,0,0,0,0,0,0,0,0,0,0
base-1.0,T2537,1,stop,798,0,0,0,0,0,0,0,0,0,0,0,0,0,0,0
base-1.0,T2538,1,length,750,0,0,1,0,0,0,0,0,0,0,0,0,0,0,0
base-1.0,T2539,1,length,787,0,0,0,0,0,0,0,0,0,0,0,0,0,0,0
base-1.0,T2540,1,stop,488,0,0,0,0,0,0,0,0,0,0,0,0,0,0,0
base-1.0,T2541,1,stop,202,0,0,0,0,0,0,0,0,0,0,0,0,0,0,0
base-1.0,T2542,1,length,734,0,0,0,0,0,0,0,0,0,0,0,0,0,0,0
base-1.0,T2543,1,stop,442,0,0,0,0,0,0,0,0,0,0,0,0,0,0,0
base-1.0,T2544,1,stop,598,0,0,0,0,0,0,0,0,1,0,0,0,0,0,0
base-1.0,T2545,1,stop,430,0,0,0,0,0,0,0,0,0,0,0,0,0,0,0
base-1.0,T2546,1,stop,687,0,0,0,0,0,0,0,0,0,0,0,0,0,0,0
base-1.0,T2547,1,length,865,0,0,0,0,0,0,0,0,0,0,0,0,0,0,0
base-1.0,T2548,1,length,838,0,0,0,0,0,0,0,0,0,0,0,0,0,0,0
base-1.0,T2549,1,stop,646,0,0,0,0,0,0,0,0,1,0,0,0,0,0,0
base-1.0,T2550,1,length,838,0,0,0,0,0,0,0,0,0,0,0,0,0,0,0
base-1.0,T2551,1,stop,370,0,0,0,0,0,0,0,0,0,0,0,0,0,0,0
base-1.0,T2552,1,length,785,0,0,0,0,0,0,0,0,0,0,0,0,0,0,0
base-1.0,T2553,1,stop,573,0,0,0,0,0,0,0,0,0,0,0,0,0,0,0
base-1.0,T2554,1,length,883,0,0,0,0,0,0,0,0,0,0,0,0,0,0,0
base-1.0,T2555,1,length,785,0,0,0,0,0,0,0,0,0,0,0,0,0,0,0
base-1.0,T2556,1,stop,686,0,0,0,0,0,0,0,0,0,0,0,0,0,0,0
base-1.0,T2557,1,stop,868,0,0,0,0,0,0,0,0,0,0,0,0,0,0,0
base-1.0,T2558,1,stop,544,0,0,0,0,0,0,0,0,0,0,0,0,0,0,0
base-1.0,T2559,1,stop,386,0,0,0,0,0,0,0,0,0,0,0,0,0,0,0
base-1.0,T2560,1,stop,230,0,0,0,0,0,0,0,0,0,0,0,0,0,0,0
base-1.0,T2561,1,length,852,0,0,1,0,0,0,1,0,1,0,0,0,1,0,0
base-1.0,T2562,1,length,895,0,0,0,0,0,0,0,0,0,0,0,0,0,0,0
base-1.0,T2563,1,stop,298,0,0,0,0,0,0,0,0,0,0,0,0,0,0,0
base-1.0,T2564,1,length,813,0,0,0,0,0,0,0,0,0,0,0,0,0,0,0
base-1.0,T2565,1,stop,629,0,0,0,0,0,0,0,0,0,0,0,0,0,0,0
base-1.0,T2566,1,stop,567,0,0,0,0,0,0,0,0,0,0,0,0,0,0,0
base-1.0,T2567,1,stop,638,0,0,0,0,0,0,0,0,0,0,0,0,0,0,0
base-1.0,T2568,1,length,717,0,0,0,0,0,0,0,0,0,0,0,0,0,0,0
base-1.0,T2569,1,length,768,0,0,0,0,0,0,0,0,0,0,0,0,0,0,0
base-1.0,T2570,1,stop,497,0,0,0,0,0,0,0,0,0,0,0,0,1,0,0
base-1.0,T2571,1,length,849,0,0,0,0,0,0,0,0,0,0,0,0,0,0,0
base-1.0,T2572,1,length,849,0,0,0,0,0,0,0,0,0,0,0,0,0,0,0
base-1.0,T2573,1,stop,453,0,0,0,0,0,0,0,0,0,0,0,0,0,0,0
base-1.0,T2574,1,length,729,0,0,1,0,0,0,0,0,0,0,0,0,0,0,0
base-1.0,T2575,1,stop,38,0,0,0,0,0,0,0,0,0,0,0,0,0,0,0
base-1.0,T2576,1,length,886,0,0,0,0,0,0,0,0,0,0,0,0,0,0,0
base-1.0,T2577,1,length,780,0,0,0,0,0,0,0,0,0,0,0,0,0,1,0
base-1.0,T2578,1,length,848,0,0,0,0,0,0,0,0,0,0,0,0,0,0,0
base-1.0,T2579,1,stop,600,0,0,0,0,0,0,0,0,0,0,0,0,0,0,0
base-1.0,T2580,1,length,814,0,0,0,0,0,0,0,0,0,0,0,0,0,0,0
base-1.0,T2581,1,stop,206,0,0,0,0,0,0,0,0,0,0,0,0,0,0,0
base-1.0,T2582,1,stop,725,0,0,0,0,0,0,0,0,1,0,0,0,0,0,0
base-1.0,T2583,1,stop,285,0,0,0,0,0,0,0,0,0,0,0,0,0,0,0
base-1.0,T2584,1,length,808,0,0,0,0,0,0,0,0,1,0,0,0,0,0,0
base-1.0,T2585,1,stop,697,0,0,0,0,0,0,0,0,0,0,0,0,0,0,0
base-1.0,T2586,1,stop,737,0,0,0,0,0,0,2,0,0,0,0,0,0,0,0
base-1.0,T2587,1,length,788,0,0,0,0,0,0,0,0,0,0,0,0,0,0,0
base-1.0,T2588,1,length,840,0,0,0,0,0,0,0,0,0,0,0,0,0,0,0
base-1.0,T2589,1,stop,537,0,0,0,0,0,0,0,0,0,0,0,0,0,0,0
base-1.0,T2590,1,stop,621,0,0,0,0,0,0,0,0,0,0,0,0,0,0,0
base-1.0,T2591,1,length,762,0,0,0,0,0,0,0,0,0,0,0,0,0,0,0
base-1.0,T2592,1,stop,152,0,0,0,0,0,0,0,0,0,0,0,0,0,0,0
base-1.0,T2593,1,stop,216,0,0,0,0,0,0,0,0,0,0,0,0,0,0,0
base-1.0,T2594,1,length,771,0,0,0,0,0,0,0,0,0,0,0,0,0,0,0
base-1.0,T2595,1,stop,721,0,0,0,0,0,0,0,0,0,0,0,0,0,0,0
base-1.0,T2596,1,stop,658,0,0,0,0,0,0,1,0,0,0,0,0,0,0,0
base-1.0,T2597,1,stop,277,0,0,0,0,0,0,0,0,0,0,0,0,0,0,0
base-1.0,T2598,1,length,822,0,0,0,0,0,0,0,0,0,0,0,0,0,0,0
base-1.0,T2599,1,length,846,0,0,0,0,0,0,0,0,0,0,0,0,0,0,0
base-1.0,T2600,1,length,735,0,0,0,0,0,0,0,0,0,0,0,0,0,0,0
base-1.0,T2601,1,stop,617,0,0,0,0,0,0,0,0,0,0,0,0,0,0,0
base-1.0,T2602,1,stop,555,0,0,0,0,0,0,0,0,0,0,0,0,0,0,0
base-1.0,T2603,1,stop,635,0,0,0,0,0,0,0,0,0,0,0,0,0,0,0
base-1.0,T2604,1,stop,196,0,0,0,0,0,0,0,0,0,0,0,0,0,0,0
base-1.0,T2605,1,stop,507,0,0,0,0,0,0,0,0,0,0,0,0,0,0,0
base-1.0,T2606,1,length,860,0,0,0,0,0,0,1,0,0,0,0,0,0,0,0
base-1.0,T2607,1,length,610,0,0,0,0,0,0,0,0,0,0,0,0,0,0,0
base-1.0,T2608,1,stop,679,0,0,0,0,0,0,0,0,0,0,0,0,0,0,0
base-1.0,T2609,1,stop,453,0,0,0,0,0,0,0,0,0,0,0,0,0,0,0
base-1.0,T2610,1,stop,298,0,0,0,0,0,0,0,0,0,0,0,0,0,0,0
base-1.0,T2611,1,length,785,0,0,0,0,0,0,0,0,0,0,0,0,0,0,0
base-1.0,T2612,1,stop,516,0,0,0,0,0,0,0,0,0,0,0,0,0,0,0
base-1.0,T2613,1,stop,156,0,0,0,0,0,0,0,0,0,0,0,0,0,0,0
base-1.0,T2614,1,length,875,0,0,0,0,0,0,0,0,0,0,0,0,0,0,0
base-1.0,T2615,1,stop,376,0,0,0,0,0,0,0,0,0,0,0,0,0,0,0
base-1.0,T2616,1,stop,490,0,0,0,0,0,0,0,0,0,0,0,0,0,0,0
base-1.0,T2617,1,stop,76,0,0,0,0,0,0,0,0,0,0,0,0,0,0,0
base-1.0,T2618,1,length,846,0,0,0,0,0,0,0,0,0,0,0,0,0,0,0
base-1.0,T2619,1,length,810,0,0,0,0,0,0,0,0,0,0,0,0,0,0,0
base-1.0,T2620,1,stop,195,0,0,0,0,0,0,0,0,0,0,0,0,0,0,0
base-1.0,T2621,1,length,721,0,0,0,0,0,0,0,0,0,0,0,0,0,0,0
base-1.0,T2622,1,stop,421,0,0,0,0,0,0,0,0,0,0,0,0,0,0,0
base-1.0,T2623,1,length,820,0,0,0,0,0,0,0,0,0,0,0,0,0,0,0
base-1.0,T2624,1,stop,229,0,0,0,0,0,0,0,0,0,0,0,0,0,0,0
base-1.0,T2625,1,length,545,0,0,0,0,0,0,0,0,0,0,0,0,0,0,0
base-1.0,T2626,1,stop,417,0,0,0,0,0,0,0,0,0,0,0,0,0,0,0
base-1.0,T2627,1,stop,568,0,0,0,0,0,0,2,0,0,0,0,0,0,0,0
base-1.0,T2628,1,stop,380,0,0,0,0,0,0,0,0,0,0,0,0,0,0,0
base-1.0,T2629,1,length,907,0,0,0,0,0,0,0,0,0,0,0,0,0,0,0
base-1.0,T2630,1,stop,729,0,0,0,0,0,0,0,0,0,0,0,0,0,0,0
base-1.0,T2631,1,stop,208,0,0,0,0,0,0,0,0,0,0,0,0,0,0,0
base-1.0,T2632,1,stop,22,0,0,0,0,0,0,0,0,0,0,0,0,0,0,0
base-1.0,T2633,1,stop,331,0,0,0,0,0,0,0,0,0,0,0,0,0,0,0
base-1.0,T2634,1,stop,105,0,0,0,0,0,0,0,0,0,0,0,0,0,0,0
base-1.0,T2635,1,stop,602,0,0,0,0,0,0,0,0,0,0,0,0,0,0,0
base-1.0,T2636,1,length,808,0,0,0,0,0,0,0,0,0,0,0,0,0,0,0
base-1.0,T2637,1,stop,48,0,0,0,0,0,0,0,0,0,0,0,0,0,0,0
base-1.0,T2638,1,length,754,0,0,0,0,0,0,0,0,1,0,0,0,0,0,0
base-1.0,T2639,1,stop,707,0,0,0,0,0,0,0,0,0,0,0,0,0,0,0
base-1.0,T2640,1,stop,542,0,0,0,0,0,0,0,0,0,0,0,0,0,0,0
base-1.0,T2641,1,length,796,0,0,0,0,0,0,0,0,0,0,0,0,0,0,0
base-1.0,T2642,1,stop,324,0,0,0,0,0,0,0,0,0,0,0,0,0,0,0
base-1.0,T2643,1,length,765,0,0,0,0,0,0,0,0,0,0,0,0,0,0,0
base-1.0,T2644,1,length,876,0,0,0,0,0,0,0,0,0,0,0,0,0,0,0
base-1.0,T2645,1,stop,213,0,0,0,0,0,0,0,0,0,0,0,0,0,0,0
base-1.0,T2646,1,length,757,0,0,0,0,0,0,0,0,0,0,0,0,0,0,0
base-1.0,T2647,1,stop,573,0,0,0,0,0,0,0,0,0,0,0,0,0,0,0
base-1.0,T2648,1,stop,601,0,0,0,0,0,0,0,0,0,0,0,0,0,0,0
base-1.0,T2649,1,stop,478,0,0,0,0,0,0,0,0,0,0,0,0,0,0,0
base-1.0,T2650,1,length,753,0,0,0,0,0,0,0,0,0,0,0,0,0,0,0
base-1.0,T2651,1,length,834,0,0,0,0,0,0,1,0,3,0,0,0,0,0,0
base-1.0,T2652,1,stop,652,0,0,0,0,0,0,0,0,0,0,0,0,0,0,0
base-1.0,T2653,1,stop,572,0,0,0,0,0,0,0,0,0,0,0,0,0,0,0
base-1.0,T2654,1,stop,738,0,0,0,0,0,0,0,0,0,0,0,0,0,0,0
base-1.0,T2655,1,stop,593,0,0,0,0,0,0,0,0,0,0,0,0,0,0,0
base-1.0,T2656,1,stop,166,0,0,0,0,0,0,0,0,0,0,0,0,0,0,0
base-1.0,T2657,1,stop,596,0,0,0,0,0,0,0,0,1,0,0,0,0,0,0
base-1.0,T2658,1,stop,84,0,0,0,0,0,0,0,0,0,0,0,0,0,0,0
base-1.0,T2659,1,stop,644,0,0,0,0,0,0,0,0,0,0,0,0,0,0,0
base-1.0,T2660,1,length,780,0,0,1,0,0,0,0,0,0,0,0,0,0,0,0
base-1.0,T2661,1,stop,198,0,0,0,0,0,0,0,0,0,0,0,0,0,0,0
base-1.0,T2662,1,length,879,0,0,0,0,0,0,0,0,0,0,0,0,0,0,0
base-1.0,T2663,1,stop,666,0,0,0,0,0,0,0,0,0,0,0,0,0,0,0
base-1.0,T2664,1,stop,765,0,0,0,0,0,0,0,0,0,0,0,0,0,0,0
base-1.0,T2665,1,length,849,0,0,0,0,0,0,0,0,0,0,0,0,0,0,0
base-1.0,T2666,1,stop,608,0,0,0,0,0,0,0,0,0,0,0,0,0,0,0
base-1.0,T2667,1,stop,761,0,0,0,0,0,0,0,0,0,0,0,0,0,0,0
base-1.0,T2668,1,length,763,0,0,0,0,0,0,0,0,1,0,0,0,0,0,0
base-1.0,T2669,1,length,768,0,0,0,0,0,0,0,0,0,0,0,0,0,0,0
base-1.0,T2670,1,length,784,0,0,0,0,0,0,0,0,0,0,0,0,0,0,0
base-1.0,T2671,1,stop,350,0,0,0,0,0,0,0,0,0,0,0,0,0,0,0
base-1.0,T2672,1,stop,780,0,0,0,0,0,0,0,0,0,0,0,0,0,0,0
base-1.0,T2673,1,stop,638,0,0,0,0,0,0,0,0,0,0,0,0,0,0,0
base-1.0,T2674,1,stop,505,0,0,0,0,0,0,0,0,0,0,0,0,0,0,0
base-1.0,T2675,1,length,728,0,0,0,0,0,0,0,1,0,0,0,0,0,0,0
base-1.0,T2676,1,stop,767,0,0,0,0,0,0,0,0,0,0,0,0,0,0,0
base-1.0,T2677,1,stop,371,0,0,0,0,0,0,0,0,0,0,0,0,0,0,0
base-1.0,T2678,1,length,874,0,0,0,0,0,0,0,0,0,0,0,0,0,0,0
base-1.0,T2679,1,stop,402,0,0,0,0,0,0,0,0,0,0,0,0,0,0,0
base-1.0,T2680,1,stop,560,0,0,0,0,0,0,0,0,0,0,0,0,0,0,0
base-1.0,T2681,1,stop,644,0,0,0,0,0,0,0,0,0,0,0,0,0,0,0
base-1.0,T2682,1,stop,420,0,0,0,0,0,0,0,0,0,0,0,0,0,0,0
base-1.0,T2683,1,stop,4,0,0,0,0,0,0,0,0,0,0,0,0,0,0,0
base-1.0,T2684,1,stop,535,0,0,0,0,0,0,0,1,0,0,0,0,0,0,0
base-1.0,T2685,1,stop,608,0,0,0,0,0,0,0,0,0,0,0,0,0,0,0
base-1.0,T2686,1,stop,399,0,0,0,0,0,0,0,0,0,0,0,0,0,0,0
base-1.0,T2687,1,length,782,0,0,0,0,0,0,0,0,0,0,0,0,0,0,0
base-1.0,T2688,1,stop,418,0,0,0,0,0,0,0,0,0,0,0,0,0,0,0
base-1.0,T2689,1,length,782,0,0,0,0,0,0,0,0,0,0,0,0,0,0,0
base-1.0,T2690,1,stop,422,0,0,0,0,0,0,0,0,0,0,0,0,0,0,0
base-1.0,T2691,1,length,776,0,0,0,0,0,0,0,0,0,0,0,0,0,0,0
base-1.0,T2692,1,length,820,0,0,0,0,0,0,0,0,1,0,0,0,0,0,0
base-1.0,T2693,1,stop,142,0,0,0,0,0,0,0,0,0,0,0,0,0,0,0
base-1.0,T2694,1,stop,286,0,0,0,0,0,0,0,0,0,0,0,0,0,0,0
base-1.0,T2695,1,length,797,0,0,0,0,0,0,0,0,0,0,0,0,0,0,0
base-1.0,T2696,1,stop,648,0,0,0,0,0,0,0,0,0,0,0,0,0,0,0
base-1.0,T2697,1,length,756,0,0,0,0,0,0,0,0,0,0,0,0,0,0,0
base-1.0,T2698,1,stop,634,0,0,0,0,0,0,0,0,0,0,0,0,0,0,0
base-1.0,T2699,1,length,852,0,0,0,0,0,0,0,0,1,0,0,0,0,0,0
base-1.0,T2700,1,length,805,0,0,0,0,0,0,0,0,0,0,0,0,0,0,0
base-1.0,T2701,1,stop,409,0,0,0,0,0,0,0,0,0,0,0,0,0,0,0
base-1.0,T2702,1,stop,391,0,0,0,0,0,0,0,0,0,0,0,0,0,0,0
base-1.0,T2703,1,length,844,0,0,0,0,0,0,0,0,0,0,0,0,0,0,0
base-1.0,T2704,1,length,800,0,0,0,0,0,0,0,0,1,0,0,0,0,0,0
base-1.0,T2705,1,stop,543,0,0,0,0,0,0,0,0,0,0,0,0,0,0,0
base-1.0,T2706,1,stop,92,0,0,0,0,0,0,0,0,0,0,0,0,0,0,0
base-1.0,T2707,1,length,848,0,0,0,0,0,0,0,0,0,0,0,0,0,0,0
base-1.0,T2708,1,length,835,0,1,0,0,0,0,0,0,0,0,0,0,0,0,0
base-1.0,T2709,1,stop,732,0,0,0,0,0,0,0,0,0,1,0,0,0,0,0
base-1.0,T2710,1,stop,176,0,0,0,0,0,0,0,0,0,0,0,0,0,0,0
base-1.0,T2711,1,length,737,0,0,0,0,0,0,0,0,0,0,0,0,0,0,0
base-1.0,T2712,1,stop,420,0,0,0,0,0,0,0,0,0,0,0,0,0,0,0
base-1.0,T2713,1,stop,491,0,0,0,0,0,0,0,0,0,0,0,0,0,0,0
base-1.0,T2714,1,length,860,0,0,0,0,0,0,0,0,0,0,0,0,0,0,0
base-1.0,T2715,1,stop,439,0,0,0,0,0,0,0,0,0,0,0,0,0,0,0
base-1.0,T2716,1,length,799,0,0,0,0,0,0,0,0,0,0,0,0,0,0,0
base-1.0,T2717,1,stop,367,0,0,0,0,0,0,0,0,0,0,0,0,0,0,0
base-1.0,T2718,1,stop,356,0,0,0,0,0,0,0,0,1,0,0,0,0,0,0
base-1.0,T2719,1,stop,427,0,0,0,0,0,0,0,0,0,0,0,0,0,0,0
base-1.0,T2720,1,stop,660,0,0,1,0,0,0,0,1,0,0,0,0,0,0,0
base-1.0,T2721,1,length,738,0,0,0,0,0,0,0,0,0,0,0,0,0,0,0
base-1.0,T2722,1,length,631,0,0,0,0,0,0,0,0,0,0,0,0,0,0,0
base-1.0,T2723,1,stop,752,0,0,0,0,0,0,0,0,0,0,0,0,0,0,0
base-1.0,T2724,1,length,818,0,0,0,0,0,0,0,0,0,0,0,0,0,0,0
base-1.0,T2725,1,stop,627,0,0,0,0,0,0,0,0,0,0,0,0,0,0,0
base-1.0,T2726,1,stop,404,0,0,0,0,0,0,0,0,0,0,0,0,0,0,0
base-1.0,T2727,1,stop,688,0,0,0,0,0,0,0,0,1,0,0,0,0,0,0
base-1.0,T2728,1,length,858,0,0,0,0,0,0,1,0,0,0,0,0,0,0,0
base-1.0,T2729,1,stop,527,0,0,0,0,0,0,0,0,0,0,0,0,0,0,0
base-1.0,T2730,1,length,802,0,0,0,0,0,0,0,0,0,0,0,0,0,0,0
base-1.0,T2731,1,stop,368,0,0,0,0,0,0,0,0,0,0,0,0,0,0,0
base-1.0,T2732,1,stop,557,0,0,0,0,0,0,0,0,0,0,0,0,0,0,0
base-1.0,T2733,1,length,859,0,0,0,0,0,0,0,0,0,0,0,0,0,0,0
base-1.0,T2734,1,stop,307,0,0,0,0,0,0,0,0,0,0,0,0,0,0,0
base-1.0,T2735,1,length,766,0,0,0,0,0,0,0,0,0,1,0,0,0,0,0
base-1.0,T2736,1,stop,462,0,0,0,0,0,0,0,0,0,0,0,0,0,0,0
base-1.0,T2737,1,length,767,0,0,1,0,0,0,0,0,0,0,0,0,0,0,0
base-1.0,T2738,1,stop,655,0,0,0,0,0,0,0,0,0,0,0,0,0,0,0
base-1.0,T2739,1,stop,695,0,0,0,0,0,0,0,0,0,0,0,0,0,0,0
base-1.0,T2740,1,stop,508,0,0,0,0,0,0,0,0,0,0,0,0,0,0,0
base-1.0,T2741,1,length,759,0,0,0,0,0,0,0,0,0,0,0,0,0,0,0
base-1.0,T2742,1,stop,665,0,0,0,0,0,0,0,0,1,0,0,0,0,0,0
base-1.0,T2743,1,stop,271,0,0,0,0,0,0,0,0,0,0,0,0,0,0,0
base-1.0,T2744,1,length,684,0,0,0,0,0,0,0,0,0,0,0,0,0,0,0
base-1.0,T2745,1,length,825,0,0,0,0,0,0,0,0,0,0,0,0,0,0,0
base-1.0,T2746,1,length,657,0,0,0,0,0,0,0,0,0,0,0,0,0,0,0
base-1.0,T2747,1,length,650,0,0,0,0,0,0,0,0,0,0,0,0,0,0,0
base-1.0,T2748,1,stop,190,0,0,0,0,0,0,0,0,0,0,0,0,0,0,0
base-1.0,T2749,1,stop,479,0,0,0,0,0,0,0,0,0,0,0,0,0,0,0
base-1.0,T2750,1,stop,625,0,0,0,0,0,0,0,0,0,0,0,0,0,0,0
base-1.0,T2751,1,stop,180,0,0,0,0,0,0,0,0,0,0,0,0,0,0,0
base-1.0,T2752,1,stop,615,0,0,0,0,0,0,0,0,0,0,0,0,0,0,0
base-1.0,T2753,1,length,769,0,0,0,0,0,0,0,0,0,0,0,0,0,0,0
base-1.0,T2754,1,length,864,0,0,0,0,0,0,0,0,0,0,0,0,0,0,0
base-1.0,T2755,1,length,812,0,0,0,0,0,0,0,0,0,0,0,0,0,0,0
base-1.0,T2756,1,stop,579,0,0,0,0,0,0,0,0,0,0,0,0,0,0,0
base-1.0,T2757,1,stop,514,0,0,0,0,0,0,0,0,0,0,0,0,0,0,0
base-1.0,T2758,1,stop,498,0,0,0,0,0,0,0,0,0,0,0,0,0,0,0
base-1.0,T2759,1,length,779,0,0,0,0,0,0,0,0,0,0,0,0,0,0,0
base-1.0,T2760,1,stop,150,0,0,0,0,0,0,0,0,0,0,0,0,0,0,0
base-1.0,T2761,1,stop,497,0,0,0,0,0,0,0,0,0,0,0,0,0,0,0
base-1.0,T2762,1,stop,634,0,0,0,0,0,0,0,0,0,0,0,0,0,0,0
base-1.0,T2763,1,stop,825,0,0,0,0,0,0,0,0,0,0,0,0,0,1,0
base-1.0,T2764,1,stop,497,0,0,0,0,0,0,0,0,0,0,0,0,0,0,0
base-1.0,T2765,1,length,832,0,0,0,0,0,0,0,0,0,0,0,0,0,0,0
base-1.0,T2766,1,stop,560,0,0,0,0,0,0,0,0,0,0,0,0,0,0,0
base-1.0,T2767,1,stop,648,0,0,0,0,0,0,0,0,0,0,0,0,0,0,0
base-1.0,T2768,1,stop,412,0,0,0,0,0,0,0,0,0,0,0,0,0,0,0
base-1.0,T2769,1,length,792,0,0,0,0,0,0,0,0,0,0,0,0,0,0,0
base-1.0,T2770,1,stop,346,0,0,0,0,0,0,0,0,0,0,0,0,0,0,0
base-1.0,T2771,1,stop,285,0,0,0,0,0,0,0,0,0,0,0,0,0,0,0
base-1.0,T2772,1,stop,672,0,0,0,0,0,0,0,0,0,0,0,0,0,0,0
base-1.0,T2773,1,stop,695,0,0,0,0,0,0,0,0,0,0,0,0,0,0,0
base-1.0,T2774,1,stop,207,0,0,0,0,0,0,0,0,0,0,0,0,0,0,0
base-1.0,T2775,1,length,899,0,0,0,0,0,0,0,0,0,0,0,0,0,0,0
base-1.0,T2776,1,stop,759,0,0,0,0,0,0,0,0,0,0,0,0,0,0,0
base-1.0,T2777,1,stop,456,0,0,0,0,0,0,0,0,0,0,0,0,0,0,0
base-1.0,T2778,1,length,844,0,0,0,0,0,0,0,0,0,0,0,0,0,0,0
base-1.0,T2779,1,length,723,0,0,0,0,0,0,0,0,0,0,0,0,0,0,0
base-1.0,T2780,1,length,811,0,0,0,0,0,0,0,0,0,0,0,0,0,0,0
base-1.0,T2781,1,stop,793,0,0,0,0,0,0,0,0,0,0,0,0,0,0,0
base-1.0,T2782,1,stop,552,0,0,0,0,0,0,0,0,0,0,0,0,0,0,0
base-1.0,T2783,1,stop,546,0,0,0,0,0,0,0,0,0,0,0,0,0,0,0
base-1.0,T2784,1,length,901,0,0,0,0,0,0,0,0,0,0,0,0,0,0,0
base-1.0,T2785,1,stop,584,0,0,0,0,0,0,0,0,0,0,0,0,0,0,0
base-1.0,T2786,1,length,817,0,0,0,0,0,0,0,0,0,0,0,0,0,0,0
base-1.0,T2787,1,length,829,0,0,0,0,0,0,0,0,0,0,0,0,0,0,0
base-1.0,T2788,1,stop,795,0,0,0,0,0,0,0,0,0,0,0,0,0,0,0
base-1.0,T2789,1,stop,560,0,0,0,0,0,0,0,0,0,0,0,0,0,0,0
base-1.0,T2790,1,stop,371,0,0,0,0,0,0,0,0,0,0,0,0,0,0,0
base-1.0,T2791,1,length,878,0,0,0,0,0,0,0,0,0,0,0,0,0,0,0
base-1.0,T2792,1,stop,586,0,0,0,0,0,0,0,0,0,0,0,0,0,0,0
base-1.0,T2793,1,stop,539,0,0,0,0,0,0,0,0,0,0,0,0,0,0,0
base-1.0,T2794,1,length,809,0,0,0,0,0,0,0,0,0,0,0,0,0,0,0
base-1.0,T2795,1,stop,255,0,0,0,0,0,0,1,0,0,0,0,0,0,0,0
base-1.0,T2796,1,stop,141,0,0,0,0,0,0,0,0,0,0,0,0,0,0,0
base-1.0,T2797,1,length,836,0,0,0,0,0,0,0,0,0,0,0,0,0,0,0
base-1.0,T2798,1,length,857,0,0,0,0,0,0,0,0,0,0,0,0,0,0,0
base-1.0,T2799,1,length,707,0,0,0,0,0,0,0,0,0,1,0,0,0,0,0
base-1.0,T2800,1,stop,644,0,0,0,0,0,0,0,0,0,0,0,0,0,0,0
base-1.0,T2801,1,length,782,0,0,0,0,0,0,0,0,0,0,0,0,0,0,0
base-1.0,T2802,1,stop,349,0,0,0,0,0,0,0,0,0,0,0,0,0,0,0
base-1.0,T2803,1,stop,218,0,0,0,0,0,0,0,0,0,0,0,0,0,0,0
base-1.0,T2804,1,stop,295,0,0,0,0,0,0,0,0,0,0,0,0,0,0,0
base-1.0,T2805,1,length,680,0,0,0,0,0,0,0,0,0,0,0,0,0,0,0
base-1.0,T2806,1,stop,661,0,0,0,0,0,0,0,0,0,0,0,0,0,0,0
base-1.0,T2807,1,stop,149,0,0,0,0,0,0,0,0,0,0,0,0,0,0,0
base-1.0,T2808,1,stop,593,0,0,0,0,0,0,0,0,0,0,0,0,0,0,0
base-1.0,T2809,1,stop,221,0,0,0,0,0,0,0,0,0,0,0,0,0,0,0
base-1.0,T2810,1,length,862,1,0,0,0,0,0,0,0,0,0,0,0,0,1,0
base-1.0,T2811,1,stop,460,0,0,0,0,0,0,0,0,0,0,0,0,0,0,0
base-1.0,T2812,1,stop,596,0,0,0,0,0,0,0,0,0,0,0,0,0,0,0
base-1.0,T2813,1,stop,398,0,0,0,0,0,0,0,0,0,0,0,0,0,0,0
base-1.0,T2814,1,stop,491,0,0,0,0,0,0,0,0,0,0,0,0,0,0,0
base-1.0,T2815,1,length,808,0,0,0,0,0,0,1,0,1,0,0,0,0,0,0
base-1.0,T2816,1,stop,659,0,0,0,0,0,0,0,0,1,0,0,0,0,0,0
base-1.0,T2817,1,stop,557,0,0,0,0,0,0,0,0,0,0,0,0,0,0,0
base-1.0,T2818,1,length,702,0,0,0,0,0,0,0,0,0,0,0,0,0,1,0
base-1.0,T2819,1,length,834,0,0,0,0,0,0,0,0,0,0,0,0,0,0,0
base-1.0,T2820,1,stop,630,0,0,0,0,0,0,0,0,0,0,0,0,0,0,0
base-1.0,T2821,1,stop,321,0,0,0,0,0,0,0,0,0,0,0,0,0,0,0
base-1.0,T2822,1,stop,244,0,0,0,0,0,0,0,0,0,0,0,0,0,0,0
base-1.0,T2823,1,length,768,0,0,0,0,0,0,0,0,0,0,0,0,0,0,0
base-1.0,T2824,1,length,778,0,0,0,0,0,0,0,0,0,0,0,0,0,0,0
base-1.0,T2825,1,length,851,0,0,0,0,0,0,1,0,0,0,0,0,0,0,0
base-1.0,T2826,1,stop,752,0,0,0,0,0,0,0,0,0,0,0,0,0,0,0
base-1.0,T2827,1,length,830,0,0,0,0,0,0,0,0,0,0,0,0,0,0,0
base-1.0,T2828,1,length,770,0,0,0,0,0,0,0,0,0,0,0,0,0,0,0
base-1.0,T2829,1,stop,634,0,0,0,0,0,0,0,0,0,0,0,0,0,0,0
base-1.0,T2830,1,length,774,0,0,0,0,0,0,0,0,0,0,0,0,1,0,0
base-1.0,T2831,1,stop,427,0,0,0,0,0,0,0,0,0,0,0,0,0,0,0
base-1.0,T2832,1,stop,39,0,0,0,0,0,0,0,0,0,0,0,0,0,0,0
base-1.0,T2833,1,stop,668,0,0,0,0,0,0,0,0,0,0,0,0,1,0,0
base-1.0,T2834,1,stop,299,0,0,0,0,0,0,0,0,0,0,0,0,0,0,0
base-1.0,T2835,1,stop,61,0,0,0,0,0,0,0,0,0,0,0,0,0,0,0
base-1.0,T2836,1,stop,82,0,0,0,0,0,0,0,0,0,0,0,0,0,0,0
base-1.0,T2837,1,length,827,0,0,0,0,0,0,0,0,0,0,0,0,0,0,0
base-1.0,T2838,1,stop,590,0,0,1,0,0,0,0,0,0,0,0,0,0,0,0
base-1.0,T2839,1,stop,136,0,0,0,0,0,0,0,0,0,0,0,0,0,0,0
base-1.0,T2840,1,stop,379,0,0,0,0,0,0,0,0,0,0,0,0,0,0,0
base-1.0,T2841,1,stop,637,0,0,0,0,0,0,0,0,0,0,0,0,0,0,0
base-1.0,T2842,1,stop,422,0,0,0,0,0,0,0,0,0,0,0,0,0,0,0
base-1.0,T2843,1,stop,387,0,0,0,0,0,0,0,0,0,0,0,0,0,0,0
base-1.0,T2844,1,length,797,0,0,0,0,0,0,0,0,1,0,0,0,0,0,0
base-1.0,T2845,1,length,679,0,0,0,0,0,0,0,0,0,0,0,0,0,0,0
base-1.0,T2846,1,stop,770,0,0,0,0,0,0,0,0,1,0,0,0,0,0,0
base-1.0,T2847,1,length,796,0,0,0,0,0,0,0,0,0,0,0,0,0,0,0
base-1.0,T2848,1,stop,273,0,0,0,0,0,0,0,0,0,0,0,0,0,0,0
base-1.0,T2849,1,stop,525,0,0,0,0,0,0,0,0,0,0,0,0,1,0,0
base-1.0,T2850,1,length,849,0,0,0,0,0,0,0,0,0,0,0,0,0,0,0
base-1.0,T2851,1,stop,616,0,0,0,0,0,0,0,0,0,0,0,0,0,0,0
base-1.0,T2852,1,length,751,0,0,0,0,0,0,0,0,0,0,0,0,0,0,0
base-1.0,T2853,1,stop,612,0,0,0,0,0,0,0,0,1,0,0,0,0,0,0
base-1.0,T2854,1,stop,446,0,0,0,0,0,0,0,0,0,0,0,0,0,0,0
base-1.0,T2855,1,stop,243,0,0,0,0,0,0,0,0,0,0,0,0,0,0,0
base-1.0,T2856,1,length,762,0,0,0,0,0,0,0,0,0,0,0,0,0,0,0
base-1.0,T2857,1,stop,110,0,0,0,0,0,0,0,0,0,0,0,0,0,0,0
base-1.0,T2858,1,length,783,0,0,0,0,0,0,0,0,0,0,0,0,0,0,0
base-1.0,T2859,1,length,884,0,0,0,0,0,0,0,0,0,0,0,0,0,0,0
base-1.0,T2860,1,stop,214,0,0,0,0,0,0,0,0,0,0,0,0,0,0,0
base-1.0,T2861,1,length,733,0,0,0,0,0,0,0,0,0,0,0,0,0,0,0
base-1.0,T2862,1,length,862,0,0,0,1,0,0,0,0,0,0,0,0,0,0,0
base-1.0,T2863,1,stop,609,0,0,0,0,0,0,0,0,0,0,0,0,0,0,0
base-1.0,T2864,1,stop,557,0,0,0,0,0,0,0,0,0,0,0,0,0,0,0
base-1.0,T2865,1,length,412,0,0,0,0,0,0,0,0,0,0,0,0,0,0,0
base-1.0,T2866,1,stop,131,0,0,0,0,0,0,0,0,0,0,0,0,0,0,0
base-1.0,T2867,1,length,837,0,0,0,0,0,0,0,0,0,0,0,0,0,0,0
base-1.0,T2868,1,stop,334,0,0,0,0,0,0,0,0,0,0,0,0,0,0,0
base-1.0,T2869,1,stop,327,0,0,0,0,0,0,0,0,0,0,0,0,0,0,0
base-1.0,T2870,1,length,794,0,0,0,0,0,0,0,0,0,0,0,0,0,0,0
base-1.0,T2871,1,stop,202,0,0,0,0,0,0,0,0,0,0,0,0,0,0,0
base-1.0,T2872,1,stop,660,0,0,0,0,0,0,0,0,0,0,0,0,0,0,0
base-1.0,T2873,1,stop,462,0,0,0,0,0,0,0,0,0,0,0,0,0,0,0
base-1.0,T2874,1,stop,631,0,0,0,0,0,0,0,0,0,0,0,0,0,0,0
base-1.0,T2875,1,length,698,0,0,0,0,0,0,0,0,0,0,0,0,0,0,0
base-1.0,T2876,1,length,782,0,0,0,0,0,0,0,0,0,0,0,0,0,0,0
base-1.0,T2877,1,stop,508,0,0,0,0,0,0,1,0,0,0,0,0,0,0,0
base-1.0,T2878,1,stop,758,0,0,0,0,0,0,0,0,0,0,0,0,0,0,0
base-1.0,T2879,1,stop,579,0,0,0,0,0,0,0,0,0,0,0,0,0,0,0
base-1.0,T2880,1,length,781,0,0,0,0,0,0,0,0,0,0,0,0,0,0,0
base-1.0,T2881,1,stop,312,0,0,0,0,0,0,0,0,0,0,0,0,0,0,0
base-1.0,T2882,1,stop,117,0,0,0,0,0,0,0,0,0,0,0,0,0,0,0
base-1.0,T2883,1,length,926,0,0,0,0,0,0,0,0,0,0,0,0,0,0,0
base-1.0,T2884,1,stop,575,0,0,0,0,0,0,0,0,0,0,0,0,0,0,0
base-1.0,T2885,1,stop,436,0,0,0,0,0,0,0,0,0,0,0,0,0,0,0
base-1.0,T2886,1,stop,196,0,0,0,0,0,0,0,0,0,0,0,0,0,0,0
base-1.0,T2887,1,stop,549,0,0,0,0,0,0,0,0,0,0,0,0,0,0,0
base-1.0,T2888,1,stop,594,0,0,0,0,0,0,0,0,0,0,0,0,0,0,0
base-1.0,T2889,1,stop,797,0,0,0,0,0,0,0,0,0,0,0,0,0,0,0
base-1.0,T2890,1,length,807,0,0,0,0,0,0,0,0,0,0,0,0,0,0,0
base-1.0,T2891,1,stop,737,0,0,0,0,0,0,0,0,0,0,0,0,0,0,0
base-1.0,T2892,1,length,834,0,0,0,0,0,0,0,0,0,0,0,0,0,0,0
base-1.0,T2893,1,stop,567,0,0,0,0,0,0,0,0,0,0,0,0,0,0,0
base-1.0,T2894,1,length,741,0,0,0,0,0,0,1,0,0,0,0,0,0,0,0
base-1.0,T2895,1,stop,187,0,0,0,0,0,0,0,0,0,0,0,0,0,0,0
base-1.0,T2896,1,length,855,0,0,0,0,0,0,0,0,0,1,0,0,0,0,0
base-1.0,T2897,1,length,815,0,0,0,0,0,0,0,0,0,0,0,0,0,0,0
base-1.0,T2898,1,stop,348,0,0,0,0,0,0,0,0,0,0,0,0,0,0,0
base-1.0,T2899,1,stop,518,0,0,0,0,0,0,0,0,0,0,0,0,0,0,0
base-1.0,T2900,1,stop,492,0,0,0,0,0,0,0,0,0,0,0,0,0,0,0
base-1.0,T2901,1,stop,536,0,0,0,0,0,0,0,0,0,0,0,0,0,0,0
base-1.0,T2902,1,length,785,0,0,0,0,0,0,0,0,0,0,0,0,0,0,0
base-1.0,T2903,1,stop,514,0,0,0,0,0,0,0,0,0,0,0,0,0,0,0
base-1.0,T2904,1,length,873,0,0,0,0,0,0,0,0,0,0,0,0,0,0,0
base-1.0,T2905,1,length,733,0,0,0,0,0,0,0,0,0,0,0,0,0,0,0
base-1.0,T2906,1,stop,167,0,0,0,0,0,0,0,0,0,0,0,0,0,0,0
base-1.0,T2907,1,stop,648,0,0,0,0,0,0,1,0,0,0,0,0,0,0,0
base-1.0,T2908,1,length,891,0,0,0,0,0,0,0,0,0,0,0,0,0,0,0
base-1.0,T2909,1,length,843,0,0,0,0,0,0,0,0,0,0,0,0,0,0,0
base-1.0,T2910,1,stop,651,0,0,0,0,0,0,0,0,0,0,0,0,0,0,0
base-1.0,T2911,1,length,802,0,0,0,0,0,0,0,0,0,0,0,0,0,0,0
base-1.0,T2912,1,stop,278,0,0,0,0,0,0,0,0,0,0,0,0,0,0,0
base-1.0,T2913,1,length,840,0,0,0,0,0,0,0,0,0,0,0,0,0,0,0
base-1.0,T2914,1,stop,107,0,0,0,0,0,0,0,0,0,0,0,0,0,0,0
base-1.0,T2915,1,length,765,0,0,0,0,0,0,0,0,0,0,0,0,0,0,0
base-1.0,T2916,1,stop,208,0,0,0,0,0,0,0,0,0,0,0,0,0,0,0
base-1.0,T2917,1,stop,9,0,0,0,0,0,0,0,0,0,0,0,0,0,0,0
base-1.0,T2918,1,stop,336,0,0,0,0,0,0,0,0,0,0,0,0,0,0,0
base-1.0,T2919,1,length,844,0,0,0,0,0,0,1,0,0,0,0,0,0,0,0
base-1.0,T2920,1,length,807,0,0,0,0,0,0,0,0,0,0,0,0,0,0,0
base-1.0,T2921,1,length,791,0,0,0,0,0,0,0,0,0,0,0,0,0,0,0
base-1.0,T2922,1,length,759,0,0,0,0,0,0,1,0,0,0,0,0,0,0,0
base-1.0,T2923,1,stop,218,0,0,0,0,0,0,0,0,0,0,0,0,0,0,0
base-1.0,T2924,1,length,815,0,0,0,0,0,0,0,0,0,0,0,0,0,0,0
base-1.0,T2925,1,stop,741,0,0,0,0,0,0,0,0,0,0,0,0,0,0,0
base-1.0,T2926,1,stop,811,0,0,0,0,0,0,1,0,0,0,0,0,0,0,0
base-1.0,T2927,1,stop,716,0,0,0,0,0,0,0,0,0,0,0,0,0,0,0
base-1.0,T2928,1,stop,777,0,0,0,0,0,0,0,0,0,0,0,0,0,0,0
base-1.0,T2929,1,stop,625,0,0,0,0,0,0,0,0,0,0,0,0,0,0,0
base-1.0,T2930,1,stop,229,0,0,0,0,0,0,0,0,0,0,0,0,0,0,0
base-1.0,T2931,1,stop,608,0,0,0,0,0,0,0,0,0,0,0,0,0,0,0
base-1.0,T2932,1,length,876,0,0,0,0,0,0,0,0,0,0,0,0,0,0,0
base-1.0,T2933,1,length,822,0,0,0,0,0,0,0,0,0,0,0,0,0,0,0
base-1.0,T2934,1,stop,474,0,0,0,0,0,0,0,0,0,0,0,0,0,0,0
base-1.0,T2935,1,stop,741,0,0,0,0,0,0,0,0,0,0,0,0,0,0,0
base-1.0,T2936,1,length,846,0,0,0,0,0,0,0,0,0,0,0,0,0,0,0
base-1.0,T2937,1,stop,438,0,0,0,0,0,0,0,0,0,0,0,0,0,0,0
base-1.0,T2938,1,stop,530,0,0,0,0,0,0,0,0,0,0,0,0,0,0,0
base-1.0,T2939,1,stop,571,0,0,0,0,0,0,0,0,0,0,0,0,0,0,0
base-1.0,T2940,1,stop,370,0,0,0,0,0,0,0,0,0,0,0,0,0,0,0
base-1.0,T2941,1,stop,497,0,0,0,0,0,0,0,0,0,0,0,0,0,0,0
base-1.0,T2942,1,length,746,0,0,0,0,0,0,0,0,0,0,0,0,0,0,0
base-1.0,T2943,1,stop,577,0,0,0,0,0,0,0,0,0,0,0,0,0,0,0
base-1.0,T2944,1,length,826,0,0,0,0,0,0,0,0,0,0,0,0,0,0,0
base-1.0,T2945,1,stop,596,0,0,0,0,0,0,0,1,0,0,0,0,0,0,0
base-1.0,T2946,1,length,849,0,0,0,0,0,0,0,0,0,0,0,0,0,0,0
base-1.0,T2947,1,stop,525,0,0,0,0,0,0,0,0,0,0,0,0,0,0,0
base-1.0,T2948,1,stop,592,0,0,0,0,0,0,1,0,0,0,0,0,0,0,0
base-1.0,T2949,1,stop,539,0,0,0,0,0,0,0,0,0,0,0,0,0,0,0
base-1.0,T2950,1,length,775,0,0,0,0,0,0,0,0,0,0,0,0,0,0,0
base-1.0,T2951,1,length,769,0,0,0,0,0,0,0,0,1,0,0,0,0,0,0
base-1.0,T2952,1,length,830,0,0,0,0,0,0,0,0,0,0,0,0,0,0,0
base-1.0,T2953,1,length,889,0,0,0,0,0,0,0,0,0,0,0,0,0,0,0
base-1.0,T2954,1,stop,702,0,0,0,0,0,0,0,0,0,0,0,0,0,0,0
base-1.0,T2955,1,length,822,0,0,0,0,0,0,0,0,0,0,0,0,0,0,0
base-1.0,T2956,1,stop,678,0,0,0,0,0,0,0,0,0,0,0,0,0,0,0
base-1.0,T2957,1,stop,452,0,0,0,0,0,0,1,0,0,0,0,0,0,1,0
base-1.0,T2958,1,stop,670,0,0,0,0,0,0,0,0,0,0,0,0,0,0,0
base-1.0,T2959,1,stop,430,0,0,0,0,0,0,0,0,0,0,0,0,0,0,0
base-1.0,T2960,1,length,772,0,0,0,0,0,0,0,0,2,1,0,0,0,0,0
base-1.0,T2961,1,stop,562,0,0,0,0,0,0,0,0,0,0,0,0,0,0,0
base-1.0,T2962,1,stop,690,0,0,0,0,0,0,0,0,0,0,0,0,0,0,0
base-1.0,T2963,1,stop,511,0,0,0,0,0,0,0,0,0,0,0,0,0,0,0
base-1.0,T2964,1,stop,677,0,0,0,0,0,0,0,0,0,0,0,0,0,0,0
base-1.0,T2965,1,stop,667,0,0,0,0,0,0,0,0,0,0,0,0,0,0,0
base-1.0,T2966,1,length,751,0,0,0,0,0,0,0,0,0,0,0,0,0,0,0
base-1.0,T2967,1,stop,557,0,0,0,0,0,0,0,0,0,0,0,0,0,0,0
base-1.0,T2968,1,length,400,0,0,0,0,0,0,0,0,0,0,0,0,0,0,0
base-1.0,T2969,1,length,806,0,0,0,0,0,0,0,0,0,0,0,0,0,0,0
base-1.0,T2970,1,length,819,0,0,0,0,0,0,0,0,0,0,0,0,0,0,0
base-1.0,T2971,1,length,877,0,0,0,0,0,0,0,0,0,0,0,0,0,0,0
base-1.0,T2972,1,stop,697,0,0,0,0,0,0,0,0,1,0,0,0,1,0,0
base-1.0,T2973,1,length,724,0,0,0,0,0,0,0,0,0,0,0,0,0,0,0
base-1.0,T2974,1,length,795,0,0,0,0,0,0,0,0,0,0,0,0,0,0,0
base-1.0,T2975,1,length,884,0,0,0,0,0,0,0,0,0,0,0,0,0,0,0
base-1.0,T2976,1,stop,780,0,0,0,0,0,0,0,0,0,0,0,0,0,0,0
base-1.0,T2977,1,length,883,0,0,0,0,0,0,0,0,0,0,0,0,0,0,0
base-1.0,T2978,1,stop,576,0,0,0,0,0,0,0,0,1,0,0,0,0,0,0
base-1.0,T2979,1,stop,428,0,0,0,0,0,0,0,0,0,0,0,0,0,0,0
base-1.0,T2980,1,stop,464,0,0,0,0,0,0,0,0,0,0,0,0,0,0,0
base-1.0,T2981,1,stop,565,0,0,1,0,0,0,0,0,0,0,0,0,0,0,0
base-1.0,T2982,1,stop,515,0,0,0,0,0,0,0,0,0,0,0,0,0,0,0
base-1.0,T2983,1,length,826,0,0,0,0,0,0,0,0,0,0,0,0,0,0,0
base-1.0,T2984,1,stop,778,0,0,0,0,0,0,0,0,0,0,0,0,0,0,0
base-1.0,T2985,1,stop,761,0,0,0,0,0,0,0,0,0,0,0,0,0,0,0
base-1.0,T2986,1,length,798,0,1,0,0,0,0,0,0,0,0,0,0,0,0,0
base-1.0,T2987,1,stop,673,0,0,0,0,0,0,0,0,1,0,0,0,0,0,0
base-1.0,T2988,1,stop,689,0,0,0,0,0,0,0,0,0,0,0,0,0,0,0
base-1.0,T2989,1,stop,447,0,0,0,0,0,0,0,0,0,0,0,0,0,0,0
base-1.0,T2990,1,length,753,0,0,0,0,0,0,0,0,0,0,0,0,0,0,0
base-1.0,T2991,1,length,831,0,0,0,0,0,0,0,0,0,0,0,0,0,0,0
base-1.0,T2992,1,length,814,0,0,0,0,0,0,0,0,0,0,0,0,0,0,0
base-1.0,T2993,1,stop,782,0,0,0,0,0,0,0,0,0,0,0,0,0,0,0
base-1.0,T2994,1,length,737,0,0,0,0,0,0,0,0,0,0,0,0,0,0,0
base-1.0,T2995,1,length,869,0,0,0,0,0,0,0,0,0,0,0,0,0,0,0
base-1.0,T2996,1,length,825,0,0,0,0,0,0,0,0,0,0,0,0,0,1,0
base-1.0,T2997,1,stop,599,0,0,0,0,0,0,0,0,0,0,0,0,0,0,0
base-1.0,T2998,1,length,815,0,0,0,0,0,0,0,0,0,0,0,0,0,0,0
base-1.0,T2999,1,length,791,0,0,0,0,0,0,0,0,0,0,0,0,0,0,0
base-1.0,T3000,1,stop,560,0,0,0,0,0,0,0,0,0,0,0,0,0,0,0
base-1.0,T3001,1,length,806,0,0,0,0,0,0,0,0,0,0,0,0,0,0,0
base-1.0,T3002,1,length,858,0,0,0,0,0,0,0,0,0,0,0,0,1,0,0
base-1.0,T3003,1,length,726,0,0,0,0,0,0,0,0,0,0,0,0,0,0,0
base-1.0,T3004,1,length,857,0,0,0,0,0,0,0,0,0,0,0,0,0,0,0
base-1.0,T3005,1,stop,517,0,0,0,0,0,0,0,1,0,0,0,0,0,0,0
base-1.0,T3006,1,length,843,0,0,0,0,0,0,0,0,0,0,0,0,0,0,0
base-1.0,T3007,1,stop,445,0,0,0,0,0,0,0,0,0,0,0,0,0,1,0
base-1.0,T3008,1,stop,225,0,0,0,0,0,0,0,0,0,0,0,0,0,0,0
base-1.0,T3009,1,length,914,0,0,0,0,0,0,0,0,0,0,0,0,0,0,0
base-1.0,T3010,1,length,743,0,0,0,0,0,0,0,0,0,0,0,0,0,0,0
base-1.0,T3011,1,length,814,0,0,0,0,0,0,0,0,1,0,0,0,0,0,0
base-1.0,T3012,1,stop,669,0,0,0,0,0,0,0,0,0,0,0,0,0,0,0
base-1.0,T3013,1,stop,536,0,0,0,0,0,0,0,0,0,0,0,0,0,0,0
base-1.0,T3014,1,stop,546,0,0,0,0,0,0,1,0,0,0,0,0,0,0,0
base-1.0,T3015,1,stop,198,0,0,0,0,0,0,0,0,0,0,0,0,0,0,0
base-1.0,T3016,1,stop,470,0,0,0,0,0,0,0,0,0,0,0,0,0,0,0
base-1.0,T3017,1,stop,484,0,0,0,0,0,0,0,0,0,0,0,0,0,0,0
base-1.0,T3018,1,stop,621,0,0,0,0,0,0,0,0,0,0,0,0,0,0,0
base-1.0,T3019,1,stop,639,0,0,0,0,0,0,0,0,0,0,0,0,0,0,0
base-1.0,T3020,1,stop,42,0,0,0,0,0,0,0,0,0,0,0,0,0,0,0
base-1.0,T3021,1,stop,643,0,0,0,0,0,0,0,0,0,0,0,0,0,0,0
base-1.0,T3022,1,length,889,0,0,0,0,0,0,0,0,0,0,0,0,0,0,0
base-1.0,T3023,1,length,819,0,0,0,0,0,0,0,0,0,0,0,0,0,0,0
base-1.0,T3024,1,stop,736,0,0,0,0,0,0,0,0,0,0,0,0,0,0,0
base-1.0,T3025,1,stop,60,0,0,0,0,0,0,0,0,0,0,0,0,0,0,0
base-1.0,T3026,1,length,814,0,0,0,0,0,0,0,0,0,0,0,0,0,0,0
base-1.0,T3027,1,stop,260,0,0,0,0,0,0,0,0,0,0,0,0,0,0,0
base-1.0,T3028,1,stop,499,0,0,0,0,0,0,0,0,0,0,0,0,0,0,0
base-1.0,T3029,1,stop,459,0,0,0,0,0,0,0,0,0,0,0,0,0,0,0
base-1.0,T3030,1,stop,706,0,0,0,0,0,0,0,0,0,0,0,0,0,0,0
base-1.0,T3031,1,stop,569,0,0,0,0,0,0,0,0,0,0,0,0,0,0,0
base-1.0,T3032,1,stop,174,0,0,0,0,0,0,0,0,0,0,0,0,0,0,0
base-1.0,T3033,1,stop,476,0,0,0,0,0,0,0,0,0,0,0,0,0,0,0
base-1.0,T3034,1,stop,745,0,0,0,0,0,0,0,0,0,0,0,0,0,0,0
base-1.0,T3035,1,stop,687,0,0,0,0,0,0,0,0,0,0,0,0,0,0,0
base-1.0,T3036,1,length,765,0,0,0,0,0,0,0,0,0,0,0,0,0,0,0
base-1.0,T3037,1,stop,141,0,0,0,0,0,0,0,0,0,0,0,0,0,0,0
base-1.0,T3038,1,stop,64,0,0,0,0,0,0,0,0,0,0,0,0,0,0,0
base-1.0,T3039,1,stop,329,0,0,0,0,0,0,0,0,0,0,0,0,0,0,0
base-1.0,T3040,1,length,869,0,0,0,0,0,0,0,0,1,0,0,0,0,0,0
base-1.0,T3041,1,stop,549,0,0,0,0,0,0,0,0,0,0,0,0,0,0,0
base-1.0,T3042,1,stop,851,0,0,0,0,0,0,0,0,0,0,0,0,1,0,0
base-1.0,T3043,1,stop,434,0,0,0,0,0,0,0,0,0,0,0,0,0,0,0
base-1.0,T3044,1,stop,363,0,0,0,0,0,0,0,0,0,0,0,0,0,0,0
base-1.0,T3045,1,stop,394,0,0,0,0,0,0,0,0,0,0,0,0,0,0,0
base-1.0,T3046,1,stop,631,0,0,0,0,0,0,0,0,0,0,0,0,0,0,0
base-1.0,T3047,1,length,739,0,0,0,0,0,0,0,0,0,0,0,0,0,0,0
base-1.0,T3048,1,length,822,0,0,0,0,0,0,0,0,0,0,0,0,0,0,0
base-1.0,T3049,1,stop,19,0,0,0,0,0,0,0,0,0,0,0,0,0,0,0
base-1.0,T3050,1,length,668,0,0,0,0,0,0,0,0,0,0,0,0,0,0,0
base-1.0,T3051,1,length,783,0,0,0,0,0,0,0,0,0,0,0,0,0,0,0
base-1.0,T3052,1,length,880,0,0,0,0,0,0,0,0,0,0,0,0,0,1,0
base-1.0,T3053,1,stop,390,0,0,0,0,0,0,0,0,0,0,0,0,0,0,0
base-1.0,T3054,1,stop,510,0,0,0,0,0,0,0,0,0,0,0,0,0,0,0
base-1.0,T3055,1,length,817,0,0,0,0,0,0,0,0,0,0,0,0,0,0,0
base-1.0,T3056,1,stop,345,0,0,0,0,0,0,0,0,0,0,0,0,0,0,0
base-1.0,T3057,1,stop,280,0,0,0,0,0,0,0,0,0,0,0,0,0,0,0
base-1.0,T3058,1,length,795,0,0,0,0,0,0,0,0,0,0,0,0,0,0,0
base-1.0,T3059,1,stop,481,0,0,0,0,0,0,0,0,0,0,0,0,0,0,0
base-1.0,T3060,1,stop,568,0,0,0,0,0,0,0,0,0,0,0,0,0,0,0
base-1.0,T3061,1,stop,287,0,0,0,0,0,0,0,0,0,0,0,0,0,0,0
base-1.0,T3062,1,length,808,0,0,0,0,0,0,0,0,0,0,0,0,0,0,0
base-1.0,T3063,1,length,817,0,0,0,0,0,0,0,0,0,0,0,0,0,0,0
base-1.0,T3064,1,length,831,0,0,0,0,0,0,0,0,0,0,0,0,0,0,0
base-1.0,T3065,1,length,821,0,0,0,0,0,0,0,0,0,0,0,0,0,0,0
base-1.0,T3066,1,stop,774,0,0,0,0,0,0,0,0,0,0,0,0,0,0,0
base-1.0,T3067,1,length,832,0,0,0,0,0,0,0,2,0,0,0,0,0,0,0
base-1.0,T3068,1,length,816,0,0,0,0,0,0,0,0,0,0,0,0,0,0,0
base-1.0,T3069,1,stop,684,0,0,0,0,0,0,0,0,0,0,0,0,0,0,0
base-1.0,T3070,1,stop,453,0,0,0,0,0,0,0,0,0,0,0,0,0,0,0
base-1.0,T3071,1,length,815,0,0,0,0,0,0,0,0,0,0,0,0,0,0,0
base-1.0,T3072,1,stop,250,0,0,0,0,0,0,0,0,0,0,0,0,0,0,0
base-1.0,T3073,1,length,818,0,0,0,0,0,0,0,0,0,0,0,0,0,0,0
base-1.0,T3074,1,length,789,0,0,0,0,0,0,0,0,0,0,0,0,0,0,0
base-1.0,T3075,1,length,716,0,0,0,0,0,0,0,0,0,0,0,0,0,0,0
base-1.0,T3076,1,stop,484,0,0,0,0,0,0,0,0,0,0,0,0,0,0,0
base-1.0,T3077,1,stop,457,0,0,0,0,0,0,0,0,0,0,0,0,0,0,0
base-1.0,T3078,1,length,800,0,0,0,0,0,0,0,0,0,0,0,0,0,0,0
base-1.0,T3079,1,stop,367,0,0,0,0,0,0,0,0,0,0,0,0,0,0,0
base-1.0,T3080,1,stop,569,0,0,0,0,0,0,0,0,0,0,0,0,0,0,0
base-1.0,T3081,1,stop,627,0,0,0,0,0,0,0,0,0,0,0,0,0,0,0
base-1.0,T3082,1,length,832,0,0,0,0,0,0,0,0,0,0,0,0,0,0,0
base-1.0,T3083,1,stop,414,0,0,0,0,0,0,0,0,0,0,0,0,0,0,0
base-1.0,T3084,1,length,511,0,0,0,0,0,0,0,0,0,0,0,0,0,0,0
base-1.0,T3085,1,length,821,0,0,0,0,0,0,0,0,0,0,0,0,0,0,0
base-1.0,T3086,1,length,792,0,0,0,0,0,0,0,0,0,0,0,0,0,0,0
base-1.0,T3087,1,stop,789,0,0,3,0,0,0,0,0,0,0,0,0,0,0,0
base-1.0,T3088,1,stop,479,0,0,0,0,0,0,0,0,0,0,0,0,0,0,0
base-1.0,T3089,1,length,821,0,0,0,0,0,0,0,0,0,0,0,0,0,0,0
base-1.0,T3090,1,length,753,0,0,0,0,0,0,0,0,0,0,0,0,0,0,0
base-1.0,T3091,1,stop,510,0,0,0,0,0,0,0,0,0,0,0,0,0,0,0
base-1.0,T3092,1,length,854,0,0,0,0,0,0,0,0,0,0,0,0,0,0,0
base-1.0,T3093,1,length,854,0,0,0,0,0,0,0,0,0,0,0,0,0,0,0
base-1.0,T3094,1,stop,310,0,0,0,0,0,0,0,0,0,0,0,0,0,0,0
base-1.0,T3095,1,length,847,0,0,0,0,0,0,0,0,0,0,0,0,0,0,0
base-1.0,T3096,1,length,848,0,0,0,0,0,0,0,0,0,0,0,0,0,0,0
base-1.0,T3097,1,stop,526,0,0,0,0,0,0,0,0,0,0,0,0,0,0,0
base-1.0,T3098,1,length,776,0,0,0,0,0,0,0,0,0,0,0,0,0,0,0
base-1.0,T3099,1,stop,322,0,0,0,0,0,0,0,0,0,0,0,0,0,0,0
base-1.0,T3100,1,stop,603,0,0,0,0,0,0,0,0,0,0,0,0,0,0,0
base-1.0,T3101,1,length,856,0,0,0,0,0,0,0,0,0,0,0,0,0,0,0
base-1.0,T3102,1,stop,444,0,0,0,0,0,0,0,0,0,0,0,0,0,0,0
base-1.0,T3103,1,length,755,0,0,0,0,0,0,0,0,0,0,0,0,0,0,0
base-1.0,T3104,1,stop,425,0,0,0,0,0,0,0,0,0,0,0,0,0,0,0
base-1.0,T3105,1,stop,515,0,0,0,0,0,0,0,0,0,0,0,0,0,0,0
base-1.0,T3106,1,length,814,0,0,0,0,0,0,0,0,0,0,0,0,0,0,0
base-1.0,T3107,1,length,855,0,0,0,0,0,0,0,0,0,0,0,0,0,0,0
base-1.0,T3108,1,length,847,0,0,0,0,0,0,0,0,0,0,0,0,0,0,0
base-1.0,T3109,1,length,581,0,0,0,0,0,0,0,0,0,0,0,0,0,0,0
base-1.0,T3110,1,stop,591,0,0,0,0,0,0,0,0,0,0,0,0,0,0,0
base-1.0,T3111,1,stop,518,0,0,0,0,0,0,0,0,0,0,0,0,0,0,0
base-1.0,T3112,1,stop,537,0,0,0,0,0,0,0,0,0,0,0,0,0,0,0
base-1.0,T3113,1,stop,540,0,0,0,0,0,0,0,0,0,0,0,0,0,0,0
base-1.0,T3114,1,length,707,0,0,0,0,0,0,0,0,0,0,0,0,0,0,0
base-1.0,T3115,1,length,834,0,0,0,0,0,0,0,0,0,0,0,0,0,0,0
base-1.0,T3116,1,stop,614,0,0,0,0,0,0,0,0,0,0,0,0,0,0,0
base-1.0,T3117,1,stop,400,0,0,0,0,0,0,0,1,0,0,0,0,0,0,0
base-1.0,T3118,1,length,871,0,0,0,0,0,0,0,0,0,0,0,0,0,0,0
base-1.0,T3119,1,length,796,0,0,0,0,0,0,0,0,0,0,0,0,0,0,0
base-1.0,T3120,1,stop,66,0,0,0,0,0,0,0,0,0,0,0,0,0,0,0
base-1.0,T3121,1,length,837,0,0,0,0,0,0,0,0,0,0,0,0,0,0,0
base-1.0,T3122,1,stop,691,0,0,0,0,0,0,0,0,0,0,0,0,0,1,0
base-1.0,T3123,1,length,848,0,0,0,0,0,0,0,0,0,0,0,0,0,0,0
base-1.0,T3124,1,stop,415,0,0,0,0,0,0,0,0,0,0,0,0,0,0,0
base-1.0,T3125,1,length,854,0,0,0,0,0,0,0,0,0,0,0,0,0,0,0
base-1.0,T3126,1,stop,283,0,0,0,0,0,0,0,0,0,0,0,0,0,0,0
base-1.0,T3127,1,stop,599,0,0,0,0,0,0,0,0,0,0,0,0,0,0,0
base-1.0,T3128,1,stop,449,0,0,0,0,0,0,0,0,0,0,0,0,0,0,0
base-1.0,T3129,1,length,843,0,0,0,0,0,0,0,0,1,0,0,0,0,0,0
base-1.0,T3130,1,stop,800,0,0,0,0,0,0,0,0,0,0,0,0,0,0,0
base-1.0,T3131,1,stop,563,0,0,0,0,0,0,0,0,0,0,0,0,0,0,0
base-1.0,T3132,1,stop,567,0,0,0,0,0,0,0,0,0,0,0,0,0,0,0
base-1.0,T3133,1,stop,700,0,0,0,0,0,0,0,0,0,0,0,0,0,0,0
base-1.0,T3134,1,stop,740,0,0,0,0,0,0,0,0,0,0,0,0,0,0,0
base-1.0,T3135,1,stop,614,0,0,0,0,0,0,0,0,0,0,0,0,0,0,0
base-1.0,T3136,1,stop,516,0,0,0,0,0,0,0,0,0,0,0,0,0,0,0
base-1.0,T3137,1,stop,595,0,0,0,0,0,0,0,0,0,0,0,0,0,0,0
base-1.0,T3138,1,length,693,0,0,0,0,0,0,0,0,0,0,0,0,0,0,0
base-1.0,T3139,1,stop,310,0,0,0,0,0,0,0,0,0,0,0,0,0,0,0
base-1.0,T3140,1,length,836,0,0,0,0,0,0,0,0,0,0,0,0,0,0,0
base-1.0,T3141,1,stop,560,0,0,0,0,0,0,0,0,0,0,0,0,0,0,0
base-1.0,T3142,1,stop,450,0,0,0,0,0,0,0,0,0,0,0,0,0,0,0
base-1.0,T3143,1,length,807,0,0,0,0,0,0,0,0,0,0,0,0,0,0,0
base-1.0,T3144,1,stop,198,0,0,0,0,0,0,0,0,0,0,0,0,0,0,0
base-1.0,T3145,1,length,786,0,0,0,0,0,0,0,0,0,0,0,0,0,0,0
base-1.0,T3146,1,length,586,0,0,0,0,0,0,0,0,0,0,0,0,0,0,0
base-1.0,T3147,1,length,739,0,0,0,0,0,0,0,0,0,0,0,0,0,0,0
base-1.0,T3148,1,stop,668,0,0,0,0,0,0,0,0,0,0,0,0,0,0,0
base-1.0,T3149,1,length,812,0,0,0,0,0,0,0,0,0,0,0,0,0,0,0
base-1.0,T3150,1,stop,732,0,0,0,0,0,0,0,0,0,0,0,0,0,0,0
base-1.0,T3151,1,length,780,0,0,0,0,0,0,0,0,0,0,0,0,0,0,1
base-1.0,T3152,1,stop,668,0,0,0,0,0,0,0,0,0,0,0,0,0,0,0
base-1.0,T3153,1,stop,791,0,0,0,0,0,0,0,0,0,0,0,0,0,0,0
base-1.0,T3154,1,length,817,0,0,0,0,0,0,0,0,0,0,0,0,0,0,0
base-1.0,T3155,1,length,795,0,0,0,0,0,0,0,0,0,0,0,0,0,0,0
base-1.0,T3156,1,stop,240,0,0,0,0,0,0,0,0,0,0,0,0,0,0,0
base-1.0,T3157,1,stop,338,0,0,0,0,0,0,0,0,0,0,0,0,0,0,0
base-1.0,T3158,1,stop,678,0,0,0,0,0,0,0,0,0,0,0,0,0,0,0
base-1.0,T3159,1,length,776,0,0,0,0,0,0,0,0,0,0,0,0,0,0,0
base-1.0,T3160,1,stop,704,0,0,0,0,0,0,0,0,0,0,0,0,0,0,0
base-1.0,T3161,1,stop,641,0,0,0,0,0,0,0,0,0,0,0,0,0,0,0
base-1.0,T3162,1,stop,688,0,0,0,0,0,0,0,1,0,0,0,0,0,0,0
base-1.0,T3163,1,length,883,0,0,0,0,0,0,0,0,0,0,0,0,0,0,0
base-1.0,T3164,1,stop,569,0,0,0,0,0,0,0,0,0,0,0,0,0,0,0
base-1.0,T3165,1,stop,586,0,0,0,0,0,0,0,0,0,0,0,0,0,0,0
base-1.0,T3166,1,length,837,0,0,0,0,0,0,0,0,0,0,0,0,0,0,0
base-1.0,T3167,1,length,818,0,0,0,0,0,0,0,0,0,0,0,0,0,0,0
base-1.0,T3168,1,stop,614,0,0,0,0,0,0,0,0,0,0,0,0,0,0,0
base-1.0,T3169,1,length,703,0,0,0,0,0,0,0,0,0,0,0,0,1,0,0
base-1.0,T3170,1,stop,19,0,0,0,0,0,0,0,0,0,0,0,0,0,0,0
base-1.0,T3171,1,stop,632,0,0,0,0,0,0,0,0,1,0,0,0,0,0,0
base-1.0,T3172,1,stop,669,0,0,0,0,0,0,0,0,0,0,0,0,0,0,0
base-1.0,T3173,1,length,720,0,0,0,0,0,0,0,0,0,0,0,0,0,0,0
base-1.0,T3174,1,stop,171,0,0,0,0,0,0,0,0,0,0,0,0,0,0,0
base-1.0,T3175,1,stop,44,0,0,0,0,0,0,0,0,0,0,0,0,0,0,0
base-1.0,T3176,1,length,807,0,0,0,0,0,0,0,0,0,0,0,0,0,0,0
base-1.0,T3177,1,length,748,0,0,0,0,0,0,0,0,0,0,0,0,0,0,0
base-1.0,T3178,1,stop,369,0,0,0,0,0,0,0,0,0,0,0,0,0,0,0
base-1.0,T3179,1,stop,763,0,0,0,0,0,0,0,0,0,0,0,0,0,0,0
base-1.0,T3180,1,stop,312,0,0,0,0,0,0,0,0,0,0,0,0,0,0,0
base-1.0,T3181,1,stop,604,0,0,0,0,0,0,1,0,0,0,0,0,0,0,0
base-1.0,T3182,1,length,766,0,0,0,0,0,0,0,0,0,0,0,0,0,0,0
base-1.0,T3183,1,stop,59,0,0,0,0,0,0,0,0,0,0,0,0,0,0,0
base-1.0,T3184,1,stop,472,0,0,0,0,0,0,0,0,0,0,0,0,0,0,0
base-1.0,T3185,1,stop,2,0,0,0,0,0,0,0,0,0,0,0,0,0,0,0
base-1.0,T3186,1,length,746,0,0,0,0,0,0,0,0,0,0,0,0,0,0,0
base-1.0,T3187,1,length,797,0,0,0,0,0,0,0,0,0,0,0,0,0,0,0
base-1.0,T3188,1,stop,257,0,0,0,0,0,0,0,0,0,0,0,0,0,0,0
base-1.0,T3189,1,length,830,0,0,0,1,0,0,0,0,0,0,0,0,0,0,0
base-1.0,T3190,1,stop,371,0,0,0,0,0,0,0,0,0,0,0,0,0,0,0
base-1.0,T3191,1,stop,703,0,0,0,0,0,0,0,0,0,0,0,0,0,0,0
base-1.0,T3192,1,length,784,0,0,0,0,0,0,0,0,0,0,0,0,0,0,0
base-1.0,T3193,1,length,484,0,0,0,0,0,0,0,0,0,0,0,0,0,0,0
base-1.0,T3194,1,stop,582,0,0,0,0,0,0,0,0,0,0,0,0,0,0,0
base-1.0,T3195,1,stop,325,0,0,0,0,0,0,0,0,0,0,0,0,0,0,0
base-1.0,T3196,1,length,879,0,0,0,0,0,0,0,0,0,0,0,0,0,0,0
base-1.0,T3197,1,stop,613,0,0,0,0,0,0,0,0,1,0,0,0,0,0,0
base-1.0,T3198,1,length,860,0,0,0,0,0,0,0,0,0,0,0,0,0,0,0
base-1.0,T3199,1,stop,249,0,0,0,0,0,0,0,0,0,0,0,0,0,0,0
base-1.0,T3200,1,stop,257,0,0,0,0,0,0,0,0,0,0,0,0,0,0,0
base-1.0,T3201,1,stop,661,0,0,0,0,0,0,0,0,0,0,0,0,0,0,0
base-1.0,T3202,1,length,851,0,0,0,0,0,0,0,0,0,0,0,0,0,0,0
base-1.0,T3203,1,stop,608,0,0,0,0,0,0,0,0,0,0,0,0,0,0,0
base-1.0,T3204,1,stop,508,0,0,0,0,0,0,0,0,0,0,0,0,0,0,0
base-1.0,T3205,1,length,629,0,0,0,0,0,0,0,0,0,0,0,0,0,0,0
base-1.0,T3206,1,length,773,0,0,0,0,0,0,0,0,0,0,0,0,0,0,0
base-1.0,T3207,1,stop,651,0,0,0,0,0,0,0,0,0,0,0,0,0,0,0
base-1.0,T3208,1,stop,757,0,0,0,0,0,0,0,0,0,0,0,0,0,0,0
base-1.0,T3209,1,stop,511,0,0,0,0,0,0,0,0,0,0,0,0,0,0,0
base-1.0,T3210,1,stop,624,0,0,0,0,0,0,0,0,0,0,0,0,0,0,0
base-1.0,T3211,1,stop,432,0,0,0,0,0,0,0,0,0,0,0,0,0,0,0
base-1.0,T3212,1,length,870,0,0,0,0,0,0,0,0,0,0,0,0,0,0,0
base-1.0,T3213,1,stop,681,0,0,0,0,0,0,0,0,0,0,0,0,0,0,0
base-1.0,T3214,1,stop,480,0,0,0,0,0,0,0,0,0,0,0,0,0,0,0
base-1.0,T3215,1,stop,747,0,0,0,0,0,0,0,0,0,0,0,0,0,0,0
base-1.0,T3216,1,length,833,0,0,0,0,0,0,0,0,0,0,0,0,0,0,0
base-1.0,T3217,1,length,867,0,0,0,0,0,0,0,0,0,0,0,0,0,0,0
base-1.0,T3218,1,length,925,0,0,0,0,0,0,0,0,0,0,0,0,0,0,0
base-1.0,T3219,1,stop,561,0,0,0,0,0,0,1,0,0,0,0,0,1,0,0
base-1.0,T3220,1,stop,628,0,0,0,0,0,0,0,0,0,0,0,0,0,0,0
base-1.0,T3221,1,length,409,0,0,0,0,0,0,0,0,0,0,0,0,0,0,0
base-1.0,T3222,1,length,855,0,0,0,0,0,0,0,0,0,0,0,0,0,0,0
base-1.0,T3223,1,stop,419,0,0,0,0,0,0,0,0,0,0,0,0,0,0,0
base-1.0,T3224,1,length,849,0,0,0,0,0,0,0,0,0,0,0,0,0,0,0
base-1.0,T3225,1,stop,731,0,0,0,0,0,0,0,0,0,0,0,0,0,0,0
base-1.0,T3226,1,length,809,0,0,0,0,0,0,0,0,0,0,0,0,0,0,0
base-1.0,T3227,1,length,869,0,0,0,0,0,0,0,0,0,0,0,0,0,0,0
base-1.0,T3228,1,length,800,0,0,0,0,0,0,0,0,0,0,0,0,0,0,0
base-1.0,T3229,1,stop,137,0,0,0,0,0,0,0,0,0,0,0,0,0,0,0
base-1.0,T3230,1,stop,643,0,0,0,0,0,0,0,0,0,0,0,0,0,0,0
base-1.0,T3231,1,stop,659,0,0,0,0,0,0,0,0,0,0,0,0,0,0,0
base-1.0,T3232,1,length,703,0,0,0,0,0,0,0,0,0,0,0,0,0,0,0
base-1.0,T3233,1,stop,708,0,0,0,0,0,0,0,0,0,0,0,0,0,0,0
base-1.0,T3234,1,stop,115,0,0,0,0,0,0,0,0,0,0,0,0,0,0,0
base-1.0,T3235,1,stop,564,0,0,0,0,0,0,0,0,0,0,0,0,0,0,0
base-1.0,T3236,1,stop,345,0,0,0,0,0,0,0,0,0,0,0,0,0,0,0
base-1.0,T3237,1,stop,471,0,0,0,0,0,0,0,0,0,0,0,0,0,0,0
base-1.0,T3238,1,length,750,0,0,0,0,0,0,0,0,0,0,0,0,0,0,0
base-1.0,T3239,1,length,664,0,0,0,0,0,0,0,0,0,0,0,0,0,0,0
base-1.0,T3240,1,length,818,0,0,0,0,0,0,0,0,0,0,0,0,0,0,0
base-1.0,T3241,1,stop,375,0,0,0,0,0,0,0,0,0,0,0,0,0,0,0
base-1.0,T3242,1,stop,248,0,0,0,0,0,0,0,0,0,0,0,0,0,0,0
base-1.0,T3243,1,stop,479,0,0,0,0,0,0,0,0,0,0,0,0,0,0,0
base-1.0,T3244,1,length,877,0,0,0,0,0,0,0,0,0,0,0,0,0,0,0
base-1.0,T3245,1,length,725,0,0,0,0,0,0,0,0,0,0,0,0,0,0,0
base-1.0,T3246,1,stop,335,0,0,0,0,0,0,0,0,0,0,0,0,0,0,0
base-1.0,T3247,1,stop,726,0,0,0,0,0,0,0,0,0,0,0,0,0,0,0
base-1.0,T3248,1,stop,461,0,0,0,0,0,0,0,0,0,0,0,0,0,0,0
base-1.0,T3249,1,stop,604,0,0,0,0,0,0,0,0,0,0,0,0,0,0,0
base-1.0,T3250,1,length,855,0,0,0,0,0,0,0,0,0,0,0,0,0,0,0
base-1.0,T3251,1,length,882,0,0,0,0,0,0,0,0,0,0,0,0,0,0,0
base-1.0,T3252,1,stop,440,1,0,0,0,0,0,0,0,1,0,0,0,0,0,0
base-1.0,T3253,1,length,798,0,0,0,0,0,0,0,0,0,0,0,0,0,0,0
base-1.0,T3254,1,stop,632,0,0,0,0,0,0,0,0,0,0,0,0,0,0,0
base-1.0,T3255,1,length,731,0,0,0,0,0,0,0,0,0,0,0,0,0,0,0
base-1.0,T3256,1,stop,123,0,0,0,0,0,0,0,0,0,0,0,0,0,0,0
base-1.0,T3257,1,stop,88,0,0,0,0,0,0,0,0,0,0,0,0,0,0,0
base-1.0,T3258,1,length,842,0,0,0,0,0,0,0,0,0,0,0,0,0,0,0
base-1.0,T3259,1,length,813,0,0,0,0,0,0,0,0,0,0,0,0,0,0,0
base-1.0,T3260,1,stop,483,0,0,0,0,0,0,0,0,0,0,0,0,0,0,0
base-1.0,T3261,1,length,790,0,0,0,0,0,0,0,0,0,0,0,0,0,0,0
base-1.0,T3262,1,stop,371,0,0,0,0,0,0,0,0,0,0,0,0,1,0,0
base-1.0,T3263,1,stop,196,0,0,0,0,0,0,0,0,0,0,0,0,0,0,0
base-1.0,T3264,1,length,780,0,0,0,0,0,0,0,0,0,0,0,0,0,0,0
base-1.0,T3265,1,length,813,0,0,0,0,0,0,0,0,2,0,0,0,0,0,0
base-1.0,T3266,1,length,832,0,0,0,0,0,0,0,0,0,0,0,0,0,0,0
base-1.0,T3267,1,stop,548,0,0,0,0,0,0,0,0,0,0,0,0,0,0,0
base-1.0,T3268,1,stop,360,0,0,0,0,0,0,0,0,0,0,0,0,0,0,0
base-1.0,T3269,1,stop,92,0,0,0,0,0,0,0,0,0,0,0,0,0,0,0
base-1.0,T3270,1,stop,291,0,0,0,0,0,0,0,0,0,0,0,0,0,0,0
base-1.0,T3271,1,stop,593,0,0,0,0,0,0,0,0,0,0,0,0,0,0,0
base-1.0,T3272,1,length,834,0,0,0,0,0,0,0,0,0,0,0,0,0,0,0
base-1.0,T3273,1,length,846,0,0,0,0,0,0,0,0,0,0,0,0,0,0,0
base-1.0,T3274,1,stop,407,0,0,0,0,0,0,0,0,0,0,0,0,0,0,0
base-1.0,T3275,1,stop,636,0,0,0,0,0,0,0,0,0,0,0,0,0,0,0
base-1.0,T3276,1,length,718,0,0,0,0,0,0,0,0,0,0,0,0,0,0,0
base-1.0,T3277,1,stop,587,0,0,0,0,0,0,0,0,0,0,0,0,0,0,0
base-1.0,T3278,1,stop,610,0,0,0,0,0,0,0,0,1,1,0,0,0,0,0
base-1.0,T3279,1,stop,721,0,0,0,0,0,0,0,0,0,0,0,0,0,0,0
base-1.0,T3280,1,length,803,0,0,0,0,0,0,0,0,0,0,0,0,0,0,0
base-1.0,T3281,1,stop,412,0,0,0,0,0,0,0,0,0,0,0,0,0,0,0
base-1.0,T3282,1,length,741,0,0,0,0,0,0,0,0,0,0,0,0,0,0,0
base-1.0,T3283,1,length,848,0,0,0,0,0,0,0,0,0,0,0,0,0,0,0
base-1.0,T3284,1,stop,451,0,0,0,0,0,0,0,0,0,0,0,0,0,0,0
base-1.0,T3285,1,stop,544,0,0,0,0,0,0,0,0,0,0,0,0,0,0,0
base-1.0,T3286,1,stop,511,0,0,0,0,0,0,0,0,0,0,0,0,0,0,0
base-1.0,T3287,1,stop,509,0,0,0,0,0,0,0,0,0,0,0,0,0,0,0
base-1.0,T3288,1,stop,278,0,0,0,0,0,0,0,0,0,0,0,0,0,0,0
base-1.0,T3289,1,stop,432,0,0,0,0,0,0,0,0,0,0,0,0,0,0,0
base-1.0,T3290,1,stop,473,0,0,0,0,0,0,0,0,0,0,0,0,0,0,0
base-1.0,T3291,1,stop,326,0,0,0,0,0,0,0,0,0,0,0,0,0,0,0
base-1.0,T3292,1,stop,735,0,0,0,0,0,0,0,0,0,0,0,0,0,0,0
base-1.0,T3293,1,stop,329,0,0,0,0,0,0,0,0,0,0,0,0,0,0,0
base-1.0,T3294,1,length,826,0,0,0,0,0,0,0,0,0,0,0,0,0,0,0
base-1.0,T3295,1,stop,704,0,0,0,0,0,0,0,0,0,0,0,0,0,0,0
base-1.0,T3296,1,stop,88,0,0,0,0,0,0,0,0,0,0,0,0,0,0,0
base-1.0,T3297,1,length,736,0,0,0,0,0,0,0,0,0,0,0,0,0,0,0
base-1.0,T3298,1,stop,245,0,0,0,0,0,0,0,0,0,0,0,0,0,0,0
base-1.0,T3299,1,stop,379,0,0,0,0,0,0,0,0,0,0,0,0,0,0,0
base-1.0,T3300,1,stop,634,0,0,0,0,0,0,0,0,0,0,0,0,0,0,0
base-1.0,T3301,1,stop,766,0,0,0,0,0,0,0,0,0,0,0,0,0,0,0
base-1.0,T3302,1,stop,654,0,0,0,0,0,0,0,0,0,0,0,0,0,0,0
base-1.0,T3303,1,stop,345,0,0,0,0,0,0,0,0,0,0,0,0,0,0,0
base-1.0,T3304,1,stop,334,0,0,0,0,0,0,0,0,0,0,0,0,0,0,0
base-1.0,T3305,1,stop,485,0,0,0,0,0,0,0,0,0,0,0,0,0,0,0
base-1.0,T3306,1,stop,167,0,0,0,0,0,0,0,0,0,0,0,0,0,0,0
base-1.0,T3307,1,stop,784,0,0,0,0,0,0,0,0,0,0,0,0,0,0,0
base-1.0,T3308,1,stop,438,0,0,0,0,0,0,0,0,0,0,0,0,0,0,0
base-1.0,T3309,1,stop,575,0,0,0,0,0,0,1,0,0,0,0,0,0,0,0
base-1.0,T3310,1,stop,596,0,0,0,0,0,0,0,0,0,0,0,0,0,0,0
base-1.0,T3311,1,stop,604,0,0,0,0,0,0,0,0,0,0,0,0,0,0,0
base-1.0,T3312,1,stop,186,0,0,0,0,0,0,0,0,0,0,0,0,0,0,0
base-1.0,T3313,1,length,867,0,0,0,0,0,0,0,0,0,0,0,0,0,0,0
base-1.0,T3314,1,length,845,0,0,0,0,0,0,0,0,0,0,0,0,0,0,0
base-1.0,T3315,1,stop,571,0,0,0,0,0,0,0,0,0,0,0,0,0,0,0
base-1.0,T3316,1,length,830,0,0,0,0,0,0,0,0,0,0,0,0,0,0,0
base-1.0,T3317,1,stop,702,0,0,0,0,0,0,0,0,0,0,0,0,0,0,0
base-1.0,T3318,1,length,739,0,0,0,0,0,0,0,0,1,0,0,0,0,0,0
base-1.0,T3319,1,stop,243,0,0,0,0,0,0,0,0,0,0,0,0,0,0,0
base-1.0,T3320,1,length,793,0,0,0,0,0,0,0,0,1,0,0,0,0,0,0
base-1.0,T3321,1,stop,329,0,0,0,0,0,0,0,0,0,0,0,0,0,0,0
base-1.0,T3322,1,stop,554,0,0,0,0,0,0,0,0,0,0,0,0,0,0,0
base-1.0,T3323,1,stop,340,0,0,0,0,0,0,1,0,0,0,0,0,0,0,0
base-1.0,T3324,1,stop,177,0,0,0,0,0,0,0,0,0,0,0,0,0,0,0
base-1.0,T3325,1,stop,275,0,0,0,0,0,0,0,0,0,0,0,0,0,0,0
base-1.0,T3326,1,length,816,0,0,0,0,0,0,0,0,0,0,0,0,0,0,0
base-1.0,T3327,1,length,811,0,0,0,0,0,0,0,0,0,0,0,0,0,0,0
base-1.0,T3328,1,length,827,0,0,0,0,0,0,0,0,0,0,0,0,0,0,0
base-1.0,T3329,1,stop,313,0,0,0,0,0,0,0,0,0,0,0,0,0,0,0
base-1.0,T3330,1,stop,820,0,0,0,0,0,0,0,0,0,0,0,0,0,0,0
base-1.0,T3331,1,stop,892,0,0,0,0,0,0,0,0,0,0,0,0,3,0,0
base-1.0,T3332,1,stop,569,0,0,0,0,0,0,0,0,0,0,0,0,0,0,0
base-1.0,T3333,1,stop,651,0,0,0,0,0,0,0,0,0,0,0,0,0,0,0
base-1.0,T3334,1,stop,459,0,0,0,0,0,0,0,0,0,0,0,0,0,0,0
base-1.0,T3335,1,length,685,0,0,0,0,0,0,0,0,0,0,0,0,0,0,0
base-1.0,T3336,1,stop,574,0,0,0,0,0,0,0,0,0,0,0,0,0,0,0
base-1.0,T3337,1,length,869,0,0,0,0,0,0,0,0,0,0,0,0,1,0,0
base-1.0,T3338,1,stop,331,0,0,0,0,0,0,0,0,0,0,0,0,0,0,0
base-1.0,T3339,1,stop,792,0,0,0,0,0,0,0,0,0,0,0,0,0,0,0
base-1.0,T3340,1,length,865,0,0,0,0,0,0,0,0,0,0,0,0,0,0,0
base-1.0,T3341,1,stop,374,0,0,0,0,0,0,0,0,0,0,0,0,0,0,0
base-1.0,T3342,1,stop,111,0,0,0,0,0,0,0,0,0,0,0,0,0,0,0
base-1.0,T3343,1,length,866,0,0,0,0,0,0,0,0,0,0,0,0,0,0,0
base-1.0,T3344,1,stop,630,0,0,0,0,0,0,0,0,0,0,0,0,0,0,0
base-1.0,T3345,1,length,809,0,0,0,0,0,0,0,0,1,0,0,0,0,0,0
base-1.0,T3346,1,length,745,0,0,0,0,0,0,0,0,0,0,0,0,0,0,0
base-1.0,T3347,1,length,840,0,0,0,0,0,0,0,0,0,0,0,0,0,0,0
base-1.0,T3348,1,stop,230,0,0,0,0,0,0,0,0,0,0,0,0,0,0,0
base-1.0,T3349,1,stop,657,0,0,0,0,0,0,0,0,0,0,0,0,0,0,0
base-1.0,T3350,1,stop,547,0,0,0,0,0,0,0,0,0,0,0,0,0,0,0
base-1.0,T3351,1,stop,141,0,0,0,0,0,0,0,0,0,0,0,0,0,0,0
base-1.0,T3352,1,stop,548,0,0,0,0,0,0,0,0,0,0,0,0,0,0,0
base-1.0,T3353,1,stop,430,0,0,0,0,0,0,0,0,0,0,0,0,0,0,0
base-1.0,T3354,1,stop,344,0,0,0,0,0,0,0,0,0,0,0,0,0,0,0
base-1.0,T3355,1,stop,560,0,0,0,0,0,0,0,0,0,0,0,0,0,0,0
base-1.0,T3356,1,length,848,0,0,0,0,0,0,0,0,0,0,0,0,0,0,0
base-1.0,T3357,1,stop,140,0,0,0,0,0,0,0,0,0,0,0,0,0,0,0
base-1.0,T3358,1,stop,557,0,0,0,0,0,0,0,0,0,0,0,0,0,0,0
base-1.0,T3359,1,stop,295,0,0,0,0,0,0,0,0,0,0,0,0,0,0,0
base-1.0,T3360,1,length,775,0,0,0,0,0,0,0,0,0,0,0,0,0,0,0
base-1.0,T3361,1,stop,229,0,0,0,0,0,0,0,0,0,0,0,0,0,0,0
base-1.0,T3362,1,length,816,0,0,0,0,0,0,0,0,0,0,0,0,0,0,0
base-1.0,T3363,1,stop,362,0,0,0,0,0,0,0,0,0,0,0,0,0,0,0
base-1.0,T3364,1,stop,588,0,0,0,0,0,0,1,0,1,0,0,0,0,0,0
base-1.0,T3365,1,stop,403,0,0,0,0,0,0,0,0,0,0,0,0,0,0,0
base-1.0,T3366,1,stop,698,0,0,0,0,0,0,0,0,0,0,0,0,0,0,0
base-1.0,T3367,1,stop,710,0,0,0,0,0,0,0,0,0,0,0,0,0,0,0
base-1.0,T3368,1,stop,411,0,0,0,0,0,0,0,0,0,0,0,0,0,0,0
base-1.0,T3369,1,stop,598,1,0,0,0,0,0,0,0,0,0,0,0,0,0,0
base-1.0,T3370,1,stop,642,0,0,0,0,0,0,0,0,0,0,0,0,0,0,0
base-1.0,T3371,1,stop,650,0,0,0,0,0,0,0,0,0,0,0,0,0,0,0
base-1.0,T3372,1,length,747,0,0,0,0,0,0,0,0,1,0,0,0,0,0,0
base-1.0,T3373,1,length,821,0,0,0,0,0,0,0,0,1,0,0,0,0,0,0
base-1.0,T3374,1,length,694,0,0,0,0,0,0,0,0,0,0,0,0,0,0,0
base-1.0,T3375,1,stop,555,0,0,0,0,0,0,0,0,0,0,0,0,0,0,0
base-1.0,T3376,1,length,788,0,0,0,0,0,0,0,0,0,0,0,0,0,0,0
base-1.0,T3377,1,length,796,0,0,0,0,0,0,0,0,0,0,0,0,0,0,0
base-1.0,T3378,1,length,760,0,0,0,0,0,0,0,0,0,0,0,0,0,0,0
base-1.0,T3379,1,length,788,0,0,0,0,0,0,0,0,0,0,0,0,0,0,0
base-1.0,T3380,1,stop,399,0,0,0,0,0,0,0,0,0,0,0,0,0,0,0
base-1.0,T3381,1,length,782,0,0,0,0,0,0,0,0,0,0,0,0,0,0,0
base-1.0,T3382,1,length,865,0,0,0,0,0,0,0,0,0,0,0,0,0,0,0
base-1.0,T3383,1,length,856,0,0,0,0,0,0,0,0,0,0,0,0,0,0,0
base-1.0,T3384,1,stop,113,0,0,0,0,0,0,0,0,0,0,0,0,0,0,0
base-1.0,T3385,1,stop,464,0,0,0,0,0,0,0,0,0,0,0,0,0,0,0
base-1.0,T3386,1,stop,577,0,0,0,0,0,0,0,0,0,0,0,0,0,0,0
base-1.0,T3387,1,length,709,0,0,0,0,0,0,0,0,0,0,0,0,0,0,0
base-1.0,T3388,1,length,792,0,0,0,0,0,0,0,0,0,0,0,0,0,0,0
base-1.0,T3389,1,stop,602,0,0,0,0,0,0,0,0,0,0,0,0,0,0,0
base-1.0,T3390,1,stop,548,0,0,0,0,0,0,0,0,0,0,0,0,0,0,0
base-1.0,T3391,1,stop,421,0,0,0,0,0,0,0,0,0,0,0,0,0,0,0
base-1.0,T3392,1,stop,323,0,0,0,0,0,0,0,0,0,0,0,0,0,0,0
base-1.0,T3393,1,stop,571,0,0,0,0,0,0,0,0,0,0,0,0,0,0,0
base-1.0,T3394,1,stop,350,0,0,0,0,0,0,0,0,0,0,0,0,0,0,0
base-1.0,T3395,1,stop,356,0,0,0,0,0,0,0,0,0,0,0,0,0,0,0
base-1.0,T3396,1,stop,472,0,0,0,0,0,0,0,0,0,0,0,0,0,0,0
base-1.0,T3397,1,length,817,0,0,0,0,0,0,0,0,0,0,0,0,0,0,0
base-1.0,T3398,1,stop,563,0,0,0,0,0,0,0,0,0,0,0,0,0,0,0
base-1.0,T3399,1,length,769,0,0,0,0,0,0,0,0,0,0,0,0,0,0,0
base-1.0,T3400,1,stop,691,0,0,0,0,0,0,0,0,1,0,0,0,0,0,0
base-1.0,T3401,1,length,763,0,0,0,0,0,0,0,0,0,0,0,0,0,0,0
base-1.0,T3402,1,stop,789,0,0,0,0,0,0,0,0,0,0,0,0,0,0,0
base-1.0,T3403,1,stop,702,0,0,0,0,0,0,0,0,0,0,0,0,0,0,0
base-1.0,T3404,1,stop,644,0,0,0,0,0,0,0,0,0,0,0,0,0,0,0
base-1.0,T3405,1,length,869,0,0,0,0,0,0,0,0,0,0,0,0,0,0,0
base-1.0,T3406,1,stop,519,0,0,0,0,0,0,0,0,1,0,0,0,0,0,0
base-1.0,T3407,1,stop,667,0,0,0,0,0,0,0,0,1,0,0,0,0,0,0
base-1.0,T3408,1,stop,667,0,0,0,0,0,0,0,0,0,0,0,0,0,0,0
base-1.0,T3409,1,length,761,0,0,0,0,0,0,0,0,0,0,0,0,0,0,0
base-1.0,T3410,1,stop,709,0,0,0,0,0,0,0,1,0,0,0,0,0,0,0
base-1.0,T3411,1,stop,665,0,0,0,0,0,0,2,0,0,0,0,0,0,0,0
base-1.0,T3412,1,stop,869,0,0,0,0,0,0,0,0,0,0,0,0,0,0,0
base-1.0,T3413,1,stop,624,0,0,0,0,0,0,0,0,0,0,0,0,0,0,0
base-1.0,T3414,1,length,852,0,0,0,0,0,0,0,0,0,0,0,0,0,0,0
base-1.0,T3415,1,stop,545,0,0,0,0,0,0,0,0,0,0,0,0,0,0,0
base-1.0,T3416,1,stop,510,0,0,0,0,0,0,0,0,0,0,0,0,0,0,0
base-1.0,T3417,1,length,745,0,0,0,0,0,0,0,0,0,0,0,0,0,0,0
base-1.0,T3418,1,length,836,0,0,0,0,0,0,0,0,0,0,0,0,0,0,0
base-1.0,T3419,1,length,838,0,0,0,0,0,0,0,0,0,0,0,0,0,0,0
base-1.0,T3420,1,length,809,0,0,0,0,0,0,0,0,0,0,0,0,0,0,0
base-1.0,T3421,1,length,791,0,0,0,0,0,0,0,0,0,0,0,0,0,0,0
base-1.0,T3422,1,stop,773,0,0,0,0,0,0,0,0,1,0,0,0,1,0,0
base-1.0,T3423,1,length,814,0,0,0,0,0,0,0,0,0,0,0,0,0,0,0
base-1.0,T3424,1,stop,663,0,0,0,0,0,0,1,0,0,0,0,0,0,0,0
base-1.0,T3425,1,stop,468,0,0,0,0,0,0,0,0,0,0,0,0,0,0,0
base-1.0,T3426,1,stop,490,0,0,0,0,0,0,0,0,0,0,0,0,0,0,0
base-1.0,T3427,1,stop,197,0,0,0,0,0,0,0,0,0,0,0,0,0,0,0
base-1.0,T3428,1,stop,615,0,0,0,0,0,0,0,0,0,0,0,0,0,0,0
base-1.0,T3429,1,stop,421,0,0,0,0,0,0,0,0,0,0,0,0,0,0,0
base-1.0,T3430,1,stop,732,0,0,0,0,0,0,0,0,0,0,0,0,0,0,0
base-1.0,T3431,1,length,683,0,0,0,0,0,0,0,0,0,0,0,0,0,0,0
base-1.0,T3432,1,length,820,0,0,0,0,0,0,0,0,0,0,0,0,0,0,0
base-1.0,T3433,1,length,851,0,0,0,0,0,0,0,0,0,0,0,0,0,0,0
base-1.0,T3434,1,length,807,0,0,0,0,0,0,0,0,0,0,0,0,0,0,0
base-1.0,T3435,1,length,875,0,0,0,0,0,0,0,0,0,1,0,0,0,0,0
base-1.0,T3436,1,length,797,0,0,0,0,0,0,0,0,0,0,0,0,0,0,0
base-1.0,T3437,1,stop,531,0,0,0,0,0,0,0,0,0,0,0,0,0,0,0
base-1.0,T3438,1,stop,50,0,0,0,0,0,0,0,0,0,0,0,0,0,0,0
base-1.0,T3439,1,stop,570,0,0,0,0,0,0,0,0,0,0,0,0,0,0,0
base-1.0,T3440,1,stop,499,0,0,0,0,0,0,0,0,0,0,0,0,0,0,0
base-1.0,T3441,1,stop,492,0,0,0,0,0,0,0,0,0,0,0,0,0,0,0
base-1.0,T3442,1,length,735,0,0,1,0,0,0,0,0,0,0,0,0,0,0,0
base-1.0,T3443,1,length,786,0,0,0,0,0,0,0,0,0,0,0,0,0,0,0
base-1.0,T3444,1,length,905,0,0,0,0,0,0,0,0,0,0,0,0,0,0,0
base-1.0,T3445,1,stop,483,0,0,0,0,0,0,0,0,0,0,0,0,0,0,0
base-1.0,T3446,1,stop,555,0,0,0,0,0,0,0,0,0,0,0,0,0,0,0
base-1.0,T3447,1,stop,761,0,0,0,0,0,0,0,0,0,0,0,0,0,0,0
base-1.0,T3448,1,length,815,0,0,0,0,0,0,0,0,0,0,0,0,0,0,0
base-1.0,T3449,1,length,549,0,0,0,0,0,0,0,0,0,0,0,0,0,0,0
base-1.0,T3450,1,stop,454,0,0,0,0,0,0,0,0,0,0,0,0,0,0,0
base-1.0,T3451,1,length,811,0,0,0,0,0,0,0,0,0,0,0,0,0,0,0
base-1.0,T3452,1,stop,315,0,0,0,0,0,0,0,0,0,0,0,0,0,0,0
base-1.0,T3453,1,stop,35,0,0,0,0,0,0,0,0,0,0,0,0,0,0,0
base-1.0,T3454,1,stop,158,0,0,0,0,0,0,0,0,0,0,0,0,0,0,0
base-1.0,T3455,1,stop,684,0,0,0,0,0,0,0,0,0,0,0,0,0,0,0
base-1.0,T3456,1,stop,371,0,0,0,0,0,0,0,0,0,0,0,0,0,0,0
base-1.0,T3457,1,length,780,0,0,0,0,0,0,0,0,0,0,0,0,0,0,0
base-1.0,T3458,1,length,845,0,0,0,0,0,0,0,0,0,0,0,0,0,0,0
base-1.0,T3459,1,stop,289,0,0,0,0,0,0,0,0,0,0,0,0,0,0,0
base-1.0,T3460,1,stop,827,0,0,0,0,0,0,0,0,0,0,0,0,0,0,0
base-1.0,T3461,1,length,731,0,0,0,0,0,0,0,0,0,0,0,0,0,0,0
base-1.0,T3462,1,length,862,0,0,0,0,0,0,0,0,0,0,0,0,0,0,0
base-1.0,T3463,1,stop,101,0,0,0,0,0,0,0,0,0,0,0,0,0,0,0
base-1.0,T3464,1,length,790,0,0,0,0,0,0,0,0,0,0,0,0,0,0,0
base-1.0,T3465,1,stop,101,0,0,0,0,0,0,0,0,0,0,0,0,0,0,0
base-1.0,T3466,1,length,780,0,0,0,0,0,0,0,0,0,0,0,0,0,0,0
base-1.0,T3467,1,stop,166,0,0,0,0,0,0,0,0,0,0,0,0,0,0,0
base-1.0,T3468,1,stop,411,0,0,0,0,0,0,0,0,0,0,0,0,0,0,0
base-1.0,T3469,1,length,806,0,0,0,0,0,0,0,0,0,0,0,0,0,0,0
base-1.0,T3470,1,stop,653,0,0,0,0,0,0,0,0,1,0,0,0,0,0,0
base-1.0,T3471,1,stop,124,0,0,0,0,0,0,0,0,0,0,0,0,0,0,0
base-1.0,T3472,1,stop,245,0,0,0,0,0,0,0,0,0,0,0,0,0,0,0
base-1.0,T3473,1,length,845,0,0,0,0,0,0,0,0,0,0,0,0,0,0,0
base-1.0,T3474,1,length,811,0,0,0,0,0,0,0,0,0,0,0,0,0,0,0
base-1.0,T3475,1,length,870,0,0,0,0,0,0,0,0,0,0,0,0,0,0,0
base-1.0,T3476,1,stop,776,0,0,0,0,0,0,0,0,0,0,0,0,0,0,0
base-1.0,T3477,1,stop,707,0,0,0,0,0,0,0,0,0,0,0,0,0,0,0
base-1.0,T3478,1,stop,616,0,0,0,0,0,0,0,0,0,0,0,0,0,0,0
base-1.0,T3479,1,length,703,0,0,0,0,0,0,0,0,0,0,0,0,0,0,0
base-1.0,T3480,1,stop,401,0,0,0,0,0,0,0,0,0,0,0,0,0,0,0
base-1.0,T3481,1,stop,46,0,0,0,0,0,0,0,0,0,0,0,0,0,0,0
base-1.0,T3482,1,stop,551,0,0,0,0,0,0,0,0,0,0,0,0,0,0,0
base-1.0,T3483,1,stop,86,0,0,0,0,0,0,0,0,0,0,0,0,0,0,0
base-1.0,T3484,1,stop,629,0,0,0,0,0,0,0,0,0,0,0,0,0,0,0
base-1.0,T3485,1,stop,525,0,0,0,0,0,0,0,0,0,0,0,0,0,1,0
base-1.0,T3486,1,stop,639,0,0,0,0,0,0,0,0,0,0,0,0,0,0,0
base-1.0,T3487,1,length,746,0,0,0,0,0,0,0,0,0,0,0,0,0,0,0
base-1.0,T3488,1,stop,437,0,0,0,0,0,0,0,0,0,0,0,0,0,0,0
base-1.0,T3489,1,length,752,0,0,0,0,0,0,0,0,0,0,0,0,0,0,0
base-1.0,T3490,1,stop,503,0,0,0,0,0,0,0,0,0,0,0,0,0,0,0
base-1.0,T3491,1,stop,344,0,0,0,0,0,0,0,0,0,0,0,0,0,0,0
base-1.0,T3492,1,stop,444,0,0,0,0,0,0,0,0,0,0,0,0,0,0,0
base-1.0,T3493,1,stop,658,0,0,0,0,0,0,0,2,0,0,0,0,0,0,0
base-1.0,T3494,1,length,818,0,0,0,0,0,0,0,0,0,0,0,0,0,0,0
base-1.0,T3495,1,stop,411,0,0,0,0,0,0,0,0,1,0,0,0,0,0,0
base-1.0,T3496,1,length,772,0,0,0,0,0,0,0,0,0,0,0,0,0,1,0
base-1.0,T3497,1,length,841,0,0,0,0,0,0,0,0,0,0,0,0,0,0,0
base-1.0,T3498,1,length,778,0,0,0,0,0,0,0,0,0,0,0,0,0,0,0
base-1.0,T3499,1,stop,533,0,0,0,0,0,0,0,0,0,0,0,0,0,0,0
base-1.0,T3500,1,length,849,0,0,0,0,0,0,0,0,0,0,0,0,1,0,0
base-1.0,T3501,1,stop,650,0,0,0,0,0,0,0,0,0,0,0,0,0,0,0
base-1.0,T3502,1,stop,488,0,0,0,0,0,0,0,0,0,0,0,0,0,0,0
base-1.0,T3503,1,stop,482,0,0,0,0,0,0,0,0,0,0,0,0,0,0,0
base-1.0,T3504,1,stop,591,0,0,0,0,0,0,1,0,0,0,0,0,0,0,0
base-1.0,T3505,1,length,728,0,0,0,0,0,0,0,0,0,0,0,0,0,0,0
base-1.0,T3506,1,stop,613,0,0,0,0,0,0,0,0,0,0,0,0,0,0,0
base-1.0,T3507,1,length,771,0,0,0,0,0,0,1,0,0,0,0,0,1,0,0
base-1.0,T3508,1,stop,507,0,0,0,0,0,0,0,0,0,0,0,0,0,0,0
base-1.0,T3509,1,length,818,0,0,0,0,0,0,0,0,0,0,0,0,0,0,0
base-1.0,T3510,1,length,842,0,0,0,0,0,0,0,0,0,0,0,0,0,0,0
base-1.0,T3511,1,stop,382,0,0,0,0,0,0,0,0,0,0,0,0,0,0,0
base-1.0,T3512,1,stop,564,0,0,0,0,0,0,0,0,0,0,0,0,0,0,0
base-1.0,T3513,1,length,851,0,0,0,0,0,0,1,0,0,0,0,0,0,0,0
base-1.0,T3514,1,stop,543,0,0,0,0,0,0,0,0,1,0,0,0,0,0,0
base-1.0,T3515,1,stop,786,0,0,0,0,0,0,0,0,0,0,0,0,0,0,0
base-1.0,T3516,1,stop,0,0,0,0,0,0,0,0,0,0,0,0,0,0,0,0
base-1.0,T3517,1,stop,350,0,0,0,0,0,0,0,0,0,0,0,0,0,0,0
base-1.0,T3518,1,stop,640,0,0,0,0,0,0,0,0,0,0,0,0,0,0,0
base-1.0,T3519,1,stop,730,0,0,0,0,0,0,0,0,0,0,0,0,0,0,0
base-1.0,T3520,1,stop,629,0,0,0,0,0,0,0,0,0,0,0,0,0,0,0
base-1.0,T3521,1,length,789,0,0,0,0,0,0,0,0,2,0,0,0,0,0,0
base-1.0,T3522,1,stop,346,0,0,0,0,0,0,0,0,0,0,0,0,0,0,0
base-1.0,T3523,1,length,780,0,0,0,0,0,0,0,0,0,0,0,0,0,0,0
base-1.0,T3524,1,stop,717,0,0,0,0,0,0,0,0,0,0,0,0,0,0,0
base-1.0,T3525,1,length,882,0,0,0,0,0,0,0,0,0,0,0,0,0,0,0
base-1.0,T3526,1,stop,86,0,0,0,0,0,0,0,0,0,0,0,0,0,0,0
base-1.0,T3527,1,stop,760,0,0,0,0,0,0,0,0,0,0,0,0,0,0,0
base-1.0,T3528,1,length,818,0,0,0,0,0,0,0,0,0,0,0,0,0,0,0
base-1.0,T3529,1,stop,63,0,0,0,0,0,0,0,0,0,0,0,0,0,0,0
base-1.0,T3530,1,stop,360,0,0,0,0,0,0,0,0,0,0,0,0,0,0,0
base-1.0,T3531,1,stop,554,0,0,0,0,0,0,0,0,0,0,0,0,0,0,0
base-1.0,T3532,1,stop,24,0,0,0,0,0,0,0,0,0,0,0,0,0,0,0
base-1.0,T3533,1,stop,599,0,0,0,0,0,0,0,0,0,0,0,0,0,0,0
base-1.0,T3534,1,stop,71,0,0,0,0,0,0,0,0,0,0,0,0,0,0,0
base-1.0,T3535,1,stop,767,0,0,0,0,0,0,0,0,0,0,0,0,0,0,0
base-1.0,T3536,1,stop,481,0,0,0,0,0,0,0,0,0,0,0,0,0,0,0
base-1.0,T3537,1,stop,372,0,0,0,0,0,0,0,0,0,0,0,0,0,0,0
base-1.0,T3538,1,length,780,0,0,0,0,0,0,0,0,0,0,0,0,0,0,0
base-1.0,T3539,1,length,692,0,0,0,0,0,0,0,0,0,0,0,0,0,0,0
base-1.0,T3540,1,stop,505,0,0,0,0,0,0,0,0,0,0,0,0,0,0,0
base-1.0,T3541,1,stop,634,0,0,0,0,0,0,0,0,0,0,0,0,0,0,0
base-1.0,T3542,1,stop,528,0,0,0,0,0,0,0,0,0,0,0,0,0,0,0
base-1.0,T3543,1,stop,652,0,0,0,0,0,0,0,0,0,0,0,0,0,0,0
base-1.0,T3544,1,stop,430,0,0,0,0,0,0,0,0,0,0,0,0,0,0,0
base-1.0,T3545,1,length,760,0,0,0,0,0,0,1,0,0,0,0,0,0,0,0
base-1.0,T3546,1,length,777,0,0,0,0,0,0,0,0,0,0,0,0,0,0,0
base-1.0,T3547,1,stop,621,0,0,0,0,0,0,0,0,0,0,0,0,0,0,0
base-1.0,T3548,1,stop,341,0,0,0,0,0,0,0,0,0,0,0,0,0,0,0
base-1.0,T3549,1,stop,725,0,0,0,0,0,0,0,0,0,0,0,0,1,0,0
base-1.0,T3550,1,length,844,0,0,0,0,0,0,0,0,0,0,0,0,0,0,0
base-1.0,T3551,1,length,858,0,0,0,0,0,0,0,0,0,0,0,0,0,0,0
base-1.0,T3552,1,length,768,0,0,0,0,0,0,0,0,0,0,0,0,0,0,0
base-1.0,T3553,1,stop,430,0,0,0,0,0,0,0,0,0,0,0,0,0,0,0
base-1.0,T3554,1,stop,230,0,0,0,0,0,0,0,0,0,0,0,0,0,0,0
base-1.0,T3555,1,length,774,0,0,0,0,0,0,0,0,0,0,0,0,0,0,0
base-1.0,T3556,1,stop,751,0,0,0,0,0,0,0,0,0,0,0,0,0,0,0
base-1.0,T3557,1,stop,665,0,0,0,0,0,0,0,0,0,0,0,0,0,0,0
base-1.0,T3558,1,stop,594,0,0,0,0,0,0,0,0,0,0,0,0,0,0,0
base-1.0,T3559,1,stop,74,0,0,0,0,0,0,0,0,0,0,0,0,0,0,0
base-1.0,T3560,1,stop,408,0,0,0,0,0,0,0,0,0,0,0,0,0,0,0
base-1.0,T3561,1,length,830,0,0,0,0,0,0,0,0,0,0,0,0,0,0,0
base-1.0,T3562,1,length,854,0,0,0,0,0,0,0,0,0,0,0,0,0,0,0
base-1.0,T3563,1,stop,811,0,0,0,0,0,0,1,0,0,0,0,0,0,0,0
base-1.0,T3564,1,length,815,0,0,0,0,0,0,1,0,2,0,0,0,1,0,0
base-1.0,T3565,1,stop,564,0,0,0,0,0,0,0,0,0,0,0,0,0,0,0
base-1.0,T3566,1,stop,501,0,0,0,0,0,0,0,0,0,0,0,0,0,0,0
base-1.0,T3567,1,stop,275,0,0,0,0,0,0,0,0,0,0,0,0,0,0,0
base-1.0,T3568,1,length,755,0,0,0,0,0,0,0,0,0,0,0,0,0,0,0
base-1.0,T3569,1,stop,525,0,0,0,0,0,0,0,0,0,0,0,0,0,0,0
base-1.0,T3570,1,stop,528,0,0,0,0,0,0,0,0,0,0,0,0,0,0,0
base-1.0,T3571,1,length,623,0,0,0,0,0,0,0,0,0,0,0,0,0,0,0
base-1.0,T3572,1,length,788,0,0,0,0,0,0,0,0,0,0,0,0,0,0,0
base-1.0,T3573,1,stop,100,0,0,0,0,0,0,0,0,0,0,0,0,0,0,0
base-1.0,T3574,1,stop,698,0,0,0,0,0,0,0,0,1,0,0,0,0,0,0
base-1.0,T3575,1,length,805,0,0,0,0,0,0,0,0,0,0,0,0,0,0,0
base-1.0,T3576,1,stop,425,0,0,0,0,0,0,0,0,0,0,0,0,0,0,0
base-1.0,T3577,1,length,791,0,0,0,0,0,0,0,0,0,0,0,0,0,2,0
base-1.0,T3578,1,length,818,0,0,0,0,0,0,0,0,0,0,0,0,0,0,0
base-1.0,T3579,1,stop,656,0,0,0,0,0,0,0,0,0,0,0,0,0,0,0
base-1.0,T3580,1,length,844,0,0,0,0,0,0,0,0,1,0,0,0,0,0,0
base-1.0,T3581,1,stop,625,0,0,0,0,0,0,0,0,0,0,0,0,0,0,0
base-1.0,T3582,1,stop,503,0,0,0,0,0,0,0,0,0,0,0,0,0,0,0
base-1.0,T3583,1,length,618,0,0,0,0,0,0,0,0,0,0,0,0,0,0,0
base-1.0,T3584,1,stop,277,0,0,0,0,0,0,0,0,0,0,0,0,0,0,0
base-1.0,T3585,1,stop,458,0,0,0,0,0,0,0,0,0,0,0,0,0,0,0
base-1.0,T3586,1,length,805,0,0,0,0,0,0,0,0,0,1,0,0,0,0,0
base-1.0,T3587,1,stop,626,0,0,0,0,0,0,0,0,0,0,0,0,0,0,0
base-1.0,T3588,1,stop,325,0,0,0,0,0,0,0,0,0,0,0,0,0,0,0
base-1.0,T3589,1,length,751,0,0,0,0,0,0,0,0,0,0,0,0,0,0,0
base-1.0,T3590,1,stop,660,0,0,0,0,0,0,0,0,0,0,0,0,0,0,0
base-1.0,T3591,1,stop,139,0,0,0,0,0,0,0,0,0,0,0,0,0,0,0
base-1.0,T3592,1,stop,494,0,0,0,0,0,0,0,0,0,0,0,0,0,0,0
base-1.0,T3593,1,stop,421,0,0,0,0,0,0,0,0,0,0,0,0,0,0,0
base-1.0,T3594,1,stop,488,0,0,0,0,0,0,0,0,0,0,0,0,0,0,0
base-1.0,T3595,1,length,820,0,0,0,0,0,0,0,0,0,0,0,0,0,0,0
base-1.0,T3596,1,stop,501,0,0,0,0,0,0,0,0,0,0,0,0,0,0,0
base-1.0,T3597,1,length,830,0,0,0,0,0,0,0,0,0,0,0,0,0,0,0
base-1.0,T3598,1,stop,703,0,0,0,0,0,0,0,0,0,0,0,0,0,0,0
base-1.0,T3599,1,length,768,0,0,0,0,0,0,0,0,0,0,0,0,0,0,0
base-1.0,T3600,1,stop,94,0,0,0,0,0,0,0,0,0,0,0,0,0,0,0
base-1.0,T3601,1,stop,764,0,0,0,0,0,0,0,0,0,0,0,0,0,0,0
base-1.0,T3602,1,length,848,0,0,0,0,0,0,0,0,0,1,0,0,0,0,0
base-1.0,T3603,1,stop,200,0,0,0,0,0,0,0,0,0,0,0,0,0,0,0
base-1.0,T3604,1,length,718,0,0,0,0,0,0,0,0,0,0,0,0,0,0,0
base-1.0,T3605,1,length,775,0,0,0,0,0,0,0,0,0,0,0,0,0,0,0
base-1.0,T3606,1,stop,636,0,0,0,0,0,0,0,0,0,0,0,0,0,0,0
base-1.0,T3607,1,stop,718,0,0,0,0,0,0,0,0,0,0,0,0,0,0,0
base-1.0,T3608,1,stop,287,0,0,0,0,0,0,0,0,0,0,0,0,0,0,0
base-1.0,T3609,1,stop,618,0,0,0,0,0,0,0,0,0,0,0,0,0,0,0
base-1.0,T3610,1,stop,569,0,0,0,0,0,0,0,0,0,0,0,0,0,0,0
base-1.0,T3611,1,stop,637,0,0,0,0,0,0,0,0,0,0,0,0,0,0,0
base-1.0,T3612,1,length,776,0,0,0,0,0,0,0,0,0,0,0,0,0,0,0
base-1.0,T3613,1,length,778,0,0,0,0,0,0,0,0,0,0,0,0,0,0,0
base-1.0,T3614,1,stop,549,0,0,0,0,0,0,0,0,0,1,0,0,0,0,0
base-1.0,T3615,1,stop,52,0,0,0,0,0,0,0,0,0,0,0,0,0,0,0
base-1.0,T3616,1,stop,693,0,0,0,0,0,0,0,0,0,0,0,0,0,0,0
base-1.0,T3617,1,length,828,0,0,0,0,0,0,0,0,0,0,0,0,0,0,0
base-1.0,T3618,1,length,734,0,0,0,0,0,0,0,0,0,0,0,0,0,0,0
base-1.0,T3619,1,stop,346,0,0,0,0,0,0,0,0,0,0,0,0,0,0,0
base-1.0,T3620,1,length,789,0,0,0,0,0,0,0,0,0,0,0,0,1,0,0
base-1.0,T3621,1,length,892,0,0,0,0,0,0,0,0,0,0,0,0,0,0,0
base-1.0,T3622,1,stop,338,0,0,0,0,0,0,0,0,0,0,0,0,0,0,0
base-1.0,T3623,1,length,825,0,0,0,0,0,0,0,0,1,0,0,0,0,0,0
base-1.0,T3624,1,stop,290,0,0,0,0,0,0,0,0,0,0,0,0,0,0,0
base-1.0,T3625,1,stop,41,0,0,0,0,0,0,0,0,0,0,0,0,0,0,0
base-1.0,T3626,1,stop,507,0,0,0,0,0,0,0,0,0,0,0,0,0,0,0
base-1.0,T3627,1,stop,552,0,0,0,0,0,0,0,0,1,0,0,0,0,0,0
base-1.0,T3628,1,stop,100,0,0,0,0,0,0,0,0,0,0,0,0,0,1,0
base-1.0,T3629,1,stop,545,0,0,0,0,0,0,0,0,0,0,0,0,0,0,0
base-1.0,T3630,1,stop,455,0,0,0,0,0,0,0,0,0,0,0,0,0,0,0
base-1.0,T3631,1,length,797,0,0,0,0,0,0,0,0,0,0,0,0,0,0,0
base-1.0,T3632,1,stop,589,0,0,0,0,0,0,0,0,0,0,0,0,0,0,0
base-1.0,T3633,1,length,838,0,0,0,0,0,0,0,0,0,0,0,0,0,0,0
base-1.0,T3634,1,stop,707,0,0,0,0,0,0,1,0,0,0,0,0,0,0,0
base-1.0,T3635,1,length,893,0,0,0,0,0,0,0,0,0,0,0,0,0,0,0
base-1.0,T3636,1,stop,583,0,0,0,0,0,0,0,0,0,0,0,0,0,0,0
base-1.0,T3637,1,length,673,0,0,0,0,0,0,0,0,0,0,0,0,0,0,0
base-1.0,T3638,1,length,784,0,0,0,0,0,0,0,0,1,0,0,0,0,0,0
base-1.0,T3639,1,stop,450,0,0,0,0,0,0,0,0,0,0,0,0,0,0,0
base-1.0,T3640,1,stop,546,0,0,0,0,0,0,0,0,0,0,0,0,0,0,0
base-1.0,T3641,1,length,752,0,0,0,0,0,0,0,0,0,0,0,0,0,0,0
base-1.0,T3642,1,stop,715,0,0,0,0,0,0,0,0,0,0,0,0,0,0,0
base-1.0,T3643,1,length,869,0,0,0,0,0,0,0,0,0,0,0,0,0,0,0
base-1.0,T3644,1,stop,546,0,0,0,0,0,0,0,0,0,0,0,0,0,0,0
base-1.0,T3645,1,stop,597,0,0,0,0,0,0,0,0,0,0,0,0,0,0,0
base-1.0,T3646,1,length,833,0,0,0,0,0,0,0,0,0,0,0,0,0,0,0
base-1.0,T3647,1,stop,634,0,0,0,0,0,0,0,0,0,0,0,0,0,0,0
base-1.0,T3648,1,length,824,0,0,0,0,0,0,0,0,0,0,0,0,0,0,0
base-1.0,T3649,1,stop,48,0,0,0,0,0,0,0,0,0,0,0,0,0,0,0
base-1.0,T3650,1,stop,657,0,0,0,0,0,0,0,0,0,0,0,0,0,0,0
base-1.0,T3651,1,stop,462,0,0,0,0,0,0,0,0,0,0,0,0,0,0,0
base-1.0,T3652,1,stop,426,0,0,0,0,0,0,0,0,0,0,0,0,0,0,0
base-1.0,T3653,1,stop,672,0,0,0,0,0,0,2,0,0,0,0,0,0,0,0
base-1.0,T3654,1,length,580,0,0,0,0,0,0,0,0,0,0,0,0,0,0,0
base-1.0,T3655,1,stop,638,0,0,0,0,0,0,0,0,0,0,0,0,0,0,0
base-1.0,T3656,1,length,799,0,0,0,0,0,0,0,0,0,0,0,0,0,0,0
base-1.0,T3657,1,stop,495,0,0,0,0,0,0,0,0,1,0,0,0,0,0,0
base-1.0,T3658,1,stop,501,0,0,0,0,0,0,0,0,0,0,0,0,0,0,0
base-1.0,T3659,1,length,850,0,0,0,0,0,0,0,1,0,0,0,0,0,0,0
base-1.0,T3660,1,stop,711,0,0,0,0,0,0,0,0,1,0,0,0,0,0,0
base-1.0,T3661,1,stop,335,0,0,0,0,0,0,0,0,0,0,0,0,0,0,0
base-1.0,T3662,1,stop,576,0,0,0,0,0,0,0,0,0,0,0,0,0,0,0
base-1.0,T3663,1,stop,589,0,0,0,0,0,0,0,0,0,0,0,0,0,0,0
base-1.0,T3664,1,stop,700,0,0,0,0,0,0,0,0,0,0,0,0,0,0,0
base-1.0,T3665,1,stop,507,0,0,0,0,0,0,0,0,0,0,0,0,0,0,0
base-1.0,T3666,1,stop,692,0,0,0,0,0,0,0,0,0,0,0,0,0,0,0
base-1.0,T3667,1,length,705,0,0,0,0,0,0,0,0,0,0,0,0,0,0,0
base-1.0,T3668,1,stop,776,0,0,0,0,0,0,0,0,1,0,0,0,0,0,0
base-1.0,T3669,1,stop,670,0,0,0,0,0,0,0,0,0,0,0,0,0,0,0
base-1.0,T3670,1,stop,541,0,0,0,0,0,0,0,1,0,0,0,0,0,0,0
base-1.0,T3671,1,stop,212,0,0,0,0,0,0,0,0,0,0,0,0,0,0,0
base-1.0,T3672,1,stop,71,0,0,0,0,0,0,0,0,0,0,0,0,0,0,0
base-1.0,T3673,1,stop,490,0,0,0,0,0,0,0,0,0,0,0,0,0,0,0
base-1.0,T3674,1,stop,822,0,0,0,0,0,0,0,0,0,0,0,0,0,0,0
base-1.0,T3675,1,stop,581,0,0,0,0,0,0,0,0,0,0,0,0,0,0,0
base-1.0,T3676,1,stop,158,0,0,0,0,0,0,0,0,0,0,0,0,0,0,0
base-1.0,T3677,1,stop,602,0,0,0,0,0,0,0,0,0,0,0,0,0,0,0
base-1.0,T3678,1,length,762,0,0,0,0,0,0,0,0,0,0,0,0,0,0,0
base-1.0,T3679,1,length,758,0,0,0,0,0,0,0,0,0,0,0,0,0,0,0
base-1.0,T3680,1,stop,591,0,0,0,0,0,0,0,0,0,0,0,0,0,0,0
base-1.0,T3681,1,stop,310,0,0,0,0,0,0,0,0,0,0,0,0,0,0,0
base-1.0,T3682,1,stop,708,0,0,0,0,0,0,0,0,0,0,0,0,0,0,0
base-1.0,T3683,1,stop,474,0,0,0,0,0,0,0,0,0,0,0,0,0,0,0
base-1.0,T3684,1,stop,433,0,0,0,0,0,0,0,0,0,0,0,0,0,0,0
base-1.0,T3685,1,length,710,0,0,0,0,0,0,0,0,0,0,0,0,0,0,0
base-1.0,T3686,1,length,809,0,0,0,0,0,0,0,0,0,0,0,0,0,0,0
base-1.0,T3687,1,stop,423,0,0,0,0,0,0,0,0,0,0,0,0,0,0,0
base-1.0,T3688,1,stop,715,0,0,0,0,0,0,0,0,0,0,0,0,0,0,0
base-1.0,T3689,1,stop,603,0,0,0,0,0,0,0,0,0,0,0,0,0,0,0
base-1.0,T3690,1,stop,443,0,0,0,0,0,0,0,0,0,0,0,0,0,0,0
base-1.0,T3691,1,stop,432,0,0,0,0,0,0,0,0,0,0,0,0,0,0,0
base-1.0,T3692,1,stop,510,0,0,0,0,0,0,0,0,0,0,0,0,0,0,0
base-1.0,T3693,1,stop,484,0,0,0,0,0,0,0,0,0,0,0,0,0,0,0
base-1.0,T3694,1,stop,767,0,0,0,0,0,0,1,0,0,0,0,0,0,0,0
base-1.0,T3695,1,stop,558,0,0,0,0,0,0,0,0,0,0,0,0,0,0,0
base-1.0,T3696,1,length,858,0,0,0,0,0,0,0,0,0,0,0,0,0,0,0
base-1.0,T3697,1,stop,519,0,0,0,0,0,0,0,0,0,0,0,0,0,0,0
base-1.0,T3698,1,stop,18,0,0,0,0,0,0,0,0,0,0,0,0,0,0,0
base-1.0,T3699,1,length,845,0,0,0,0,0,0,0,0,0,0,0,0,0,0,0
base-1.0,T3700,1,stop,823,0,0,0,0,0,0,0,0,0,0,0,0,0,0,0
base-1.0,T3701,1,stop,382,0,0,0,0,0,0,0,0,0,0,0,0,0,0,0
base-1.0,T3702,1,length,841,0,0,1,0,0,0,0,0,0,0,0,0,0,0,0
base-1.0,T3703,1,stop,133,0,0,0,0,0,0,0,0,0,0,0,0,0,0,0
base-1.0,T3704,1,stop,839,0,0,0,0,0,0,0,0,0,0,0,0,0,0,0
base-1.0,T3705,1,stop,541,0,0,0,0,0,0,0,0,0,0,0,0,0,0,0
base-1.0,T3706,1,stop,479,0,0,0,0,0,0,0,0,0,0,0,0,0,0,0
base-1.0,T3707,1,stop,580,0,0,0,0,0,0,0,0,0,0,0,0,0,0,0
base-1.0,T3708,1,stop,446,0,0,0,0,0,0,0,0,0,0,0,0,0,0,0
base-1.0,T3709,1,stop,357,0,0,0,0,0,0,0,0,0,0,0,0,0,0,0
base-1.0,T3710,1,stop,755,0,0,0,0,0,0,0,0,0,0,0,0,0,0,0
base-1.0,T3711,1,length,826,0,0,0,0,0,0,0,0,0,0,0,0,0,0,0
base-1.0,T3712,1,length,866,0,0,0,0,0,0,0,0,0,0,0,0,0,0,0
base-1.0,T3713,1,stop,327,0,0,0,0,0,0,0,0,0,0,0,0,0,0,0
base-1.0,T3714,1,stop,194,0,0,0,0,0,0,0,0,0,0,0,0,0,0,0
base-1.0,T3715,1,stop,302,0,0,0,0,0,0,0,0,0,0,0,0,0,0,0
base-1.0,T3716,1,length,787,0,0,0,0,0,0,0,0,0,0,0,0,0,0,0
base-1.0,T3717,1,stop,786,0,0,0,0,0,0,0,0,0,0,0,0,0,0,0
base-1.0,T3718,1,stop,521,0,0,0,0,0,0,0,0,0,0,0,0,0,0,0
base-1.0,T3719,1,length,746,0,0,0,0,0,0,0,0,0,0,0,0,0,0,0
base-1.0,T3720,1,length,824,0,0,0,0,0,0,0,0,0,0,0,0,0,0,0
base-1.0,T3721,1,stop,457,0,0,0,0,0,0,0,0,0,0,0,0,0,0,0
base-1.0,T3722,1,stop,236,0,0,0,0,0,0,0,0,0,0,0,0,0,0,0
base-1.0,T3723,1,stop,453,0,0,0,0,0,0,1,0,0,0,0,0,0,0,0
base-1.0,T3724,1,stop,65,0,0,0,0,0,0,0,0,0,0,0,0,0,0,0
base-1.0,T3725,1,stop,649,0,0,0,0,0,0,0,0,0,0,0,0,0,0,0
base-1.0,T3726,1,stop,105,0,0,0,0,0,0,0,0,0,0,0,0,0,0,0
base-1.0,T3727,1,length,863,0,0,0,0,0,0,0,0,0,0,0,0,0,0,0
base-1.0,T3728,1,stop,416,0,0,0,0,0,0,0,0,0,0,0,0,0,0,0
base-1.0,T3729,1,stop,417,0,0,0,0,0,0,0,0,0,0,0,0,0,0,0
base-1.0,T3730,1,stop,789,0,0,0,0,0,0,0,0,0,0,0,0,0,0,0
base-1.0,T3731,1,stop,195,0,0,0,0,0,0,0,0,0,0,0,0,0,0,0
base-1.0,T3732,1,stop,513,0,0,0,0,0,0,0,0,0,0,0,0,0,0,0
base-1.0,T3733,1,length,741,0,0,0,0,0,0,0,0,1,0,0,0,0,0,0
base-1.0,T3734,1,stop,590,0,0,0,0,0,0,0,0,0,0,0,0,1,0,0
base-1.0,T3735,1,length,878,0,0,0,0,0,0,0,0,0,0,0,0,0,0,0
base-1.0,T3736,1,stop,78,0,0,0,0,0,0,0,0,0,0,0,0,0,0,0
base-1.0,T3737,1,length,792,0,0,0,0,0,0,0,0,0,0,0,0,0,0,0
base-1.0,T3738,1,stop,793,0,0,0,0,0,0,0,0,0,0,0,0,0,0,0
base-1.0,T3739,1,length,368,0,0,0,0,0,0,0,0,0,0,0,0,0,0,0
base-1.0,T3740,1,length,852,0,0,0,0,0,0,0,0,0,0,0,0,0,0,0
base-1.0,T3741,1,stop,62,0,0,0,0,0,0,0,0,0,0,0,0,0,0,0
base-1.0,T3742,1,stop,360,0,0,0,0,0,0,0,0,0,0,0,0,0,0,0
base-1.0,T3743,1,stop,538,0,0,0,0,0,0,0,0,0,0,0,0,0,0,0
base-1.0,T3744,1,stop,197,0,0,0,0,0,0,0,0,0,0,0,0,0,0,0
base-1.0,T3745,1,stop,213,0,0,0,0,0,0,0,0,0,0,0,0,0,0,0
base-1.0,T3746,1,stop,333,0,0,0,0,0,0,0,0,1,0,0,0,0,0,0
base-1.0,T3747,1,stop,564,0,0,0,0,0,0,0,0,0,0,0,0,0,0,0
base-1.0,T3748,1,stop,365,0,0,0,0,0,0,0,0,0,0,0,0,0,0,0
base-1.0,T3749,1,length,803,0,0,0,0,0,0,0,0,0,0,0,0,0,0,0
base-1.0,T3750,1,stop,480,0,0,0,0,0,0,1,0,0,0,0,0,0,0,0
base-1.0,T3751,1,length,757,0,0,0,0,0,0,0,0,0,0,0,0,0,0,0
base-1.0,T3752,1,stop,463,0,0,0,0,0,0,0,0,0,0,0,0,0,0,0
base-1.0,T3753,1,stop,732,0,0,0,0,0,1,0,0,0,0,0,0,0,0,0
base-1.0,T3754,1,stop,215,0,0,0,0,0,0,0,0,0,0,0,0,0,0,0
base-1.0,T3755,1,length,838,0,0,0,0,0,0,0,0,0,0,0,0,0,0,0
base-1.0,T3756,1,stop,512,0,0,0,0,0,0,0,0,0,0,0,0,0,0,0
base-1.0,T3757,1,length,828,0,0,0,0,0,0,0,0,0,0,0,0,0,0,0
base-1.0,T3758,1,stop,657,0,0,0,0,0,0,0,0,0,0,0,0,0,0,0
base-1.0,T3759,1,stop,492,0,0,0,0,0,0,0,0,0,0,0,0,0,0,0
base-1.0,T3760,1,stop,458,0,0,0,0,0,0,0,0,0,0,0,0,0,0,0
base-1.0,T3761,1,length,864,0,0,0,0,0,0,0,0,0,0,0,0,0,0,0
base-1.0,T3762,1,length,763,0,0,0,0,0,0,1,0,0,0,0,0,0,0,0
base-1.0,T3763,1,length,881,0,0,0,0,0,0,0,0,0,0,0,0,0,0,0
base-1.0,T3764,1,length,850,0,0,0,0,0,0,0,0,0,0,0,0,0,0,0
base-1.0,T3765,1,length,819,0,0,0,0,0,0,0,0,0,0,0,0,0,0,0
base-1.0,T3766,1,stop,384,0,0,0,0,0,0,0,0,0,0,0,0,0,0,0
base-1.0,T3767,1,stop,491,0,0,0,0,0,0,0,0,0,0,0,0,0,0,0
base-1.0,T3768,1,stop,547,0,0,0,0,0,0,0,0,0,0,0,0,0,0,0
base-1.0,T3769,1,length,796,0,0,0,0,0,0,0,0,0,0,0,0,0,0,0
base-1.0,T3770,1,length,892,0,0,0,0,0,0,0,0,0,0,0,0,0,0,0
base-1.0,T3771,1,stop,586,0,0,0,0,0,0,0,0,0,0,0,0,0,0,0
base-1.0,T3772,1,stop,235,0,0,0,0,0,0,0,0,0,0,0,0,0,0,0
base-1.0,T3773,1,length,738,0,0,0,0,0,0,0,0,0,0,0,0,0,0,0
base-1.0,T3774,1,length,773,0,0,0,0,0,0,0,0,0,0,0,0,0,0,0
base-1.0,T3775,1,stop,450,0,0,0,0,0,0,0,0,0,0,0,0,0,0,0
base-1.0,T3776,1,stop,656,0,0,0,0,0,0,0,0,1,0,0,0,0,0,0
base-1.0,T3777,1,length,805,1,0,0,0,0,0,0,0,1,0,0,0,0,1,0
base-1.0,T3778,1,stop,306,0,0,0,0,0,0,0,0,0,0,0,0,0,0,0
base-1.0,T3779,1,stop,474,0,0,0,0,0,0,0,0,0,0,0,0,0,0,0
base-1.0,T3780,1,stop,545,0,0,0,0,0,0,0,0,0,0,0,0,0,0,0
base-1.0,T3781,1,stop,406,0,0,0,0,0,0,0,0,1,0,0,0,0,0,0
base-1.0,T3782,1,stop,233,0,0,0,0,0,0,0,0,0,0,0,0,0,0,0
base-1.0,T3783,1,length,869,0,0,0,0,0,0,0,0,0,0,0,0,0,0,0
base-1.0,T3784,1,length,791,0,0,0,0,0,0,0,0,0,0,0,0,0,0,0
base-1.0,T3785,1,stop,379,0,0,0,0,0,0,0,0,0,0,0,0,0,0,0
base-1.0,T3786,1,stop,705,0,0,0,0,0,0,0,0,0,0,0,0,0,0,0
base-1.0,T3787,1,stop,467,0,0,0,0,0,0,0,0,0,0,0,0,0,0,0
base-1.0,T3788,1,stop,11,0,0,0,0,0,0,0,0,0,0,0,0,0,0,0
base-1.0,T3789,1,length,818,0,0,0,0,0,0,0,0,0,0,0,0,0,0,0
base-1.0,T3790,1,length,733,0,0,0,0,0,0,0,0,0,0,0,0,0,0,0
base-1.0,T3791,1,length,866,0,0,0,0,0,0,0,0,0,0,0,0,0,0,0
base-1.0,T3792,1,stop,232,0,0,0,0,0,0,0,0,0,0,0,0,0,0,0
base-1.0,T3793,1,length,831,0,0,0,0,0,0,0,0,0,0,0,0,0,0,0
base-1.0,T3794,1,stop,552,0,0,0,0,0,0,0,0,0,0,0,0,0,0,0
base-1.0,T3795,1,length,822,0,0,0,0,0,0,1,0,0,0,0,0,0,0,0
base-1.0,T3796,1,stop,141,0,0,0,0,0,0,0,0,0,0,0,0,0,0,0
base-1.0,T3797,1,length,820,0,0,0,0,0,0,0,0,0,0,0,0,0,0,0
base-1.0,T3798,1,length,833,0,0,0,0,0,0,0,0,0,0,0,0,0,0,0
base-1.0,T3799,1,stop,634,0,0,0,0,0,0,0,0,0,0,0,0,0,0,0
base-1.0,T3800,1,stop,729,0,0,0,0,0,0,0,0,0,0,0,0,0,0,0
base-1.0,T3801,1,stop,562,0,0,0,0,0,0,0,0,0,0,0,0,0,0,0
base-1.0,T3802,1,stop,627,0,0,0,0,0,0,0,0,1,0,0,0,0,0,0
base-1.0,T3803,1,stop,290,0,0,0,0,0,0,0,0,0,0,0,0,0,0,0
base-1.0,T3804,1,stop,255,0,0,0,0,0,0,0,0,0,0,0,0,0,0,0
base-1.0,T3805,1,length,794,0,0,0,0,0,0,0,0,0,0,0,0,0,0,0
base-1.0,T3806,1,stop,356,0,0,0,0,0,0,0,0,0,0,0,0,0,0,0
base-1.0,T3807,1,stop,352,0,0,0,0,0,0,0,0,0,0,0,0,0,0,0
base-1.0,T3808,1,stop,540,0,0,0,0,0,0,2,0,0,0,0,0,0,0,0
base-1.0,T3809,1,stop,802,0,0,0,0,0,0,1,1,0,0,0,0,0,0,0
base-1.0,T3810,1,length,834,0,0,0,0,0,0,0,0,0,1,0,0,0,0,0
base-1.0,T3811,1,stop,262,0,0,0,0,0,0,0,0,0,0,0,0,0,0,0
base-1.0,T3812,1,length,783,0,0,0,0,0,0,0,0,0,0,0,0,0,0,0
base-1.0,T3813,1,length,829,0,0,0,0,0,0,0,0,0,0,0,0,0,0,0
base-1.0,T3814,1,stop,537,0,0,0,0,0,0,0,0,0,0,0,0,0,0,0
base-1.0,T3815,1,stop,291,0,0,0,0,0,0,0,0,0,0,0,0,0,0,0
base-1.0,T3816,1,stop,477,0,0,0,0,0,0,0,0,0,0,0,0,0,0,0
base-1.0,T3817,1,length,831,0,0,0,0,0,0,0,0,0,0,0,0,1,0,0
base-1.0,T3818,1,stop,379,0,0,0,0,0,0,0,0,0,0,0,0,0,0,0
base-1.0,T3819,1,stop,235,0,0,0,0,0,0,0,0,0,0,0,0,0,0,0
base-1.0,T3820,1,length,761,0,0,0,0,0,0,0,0,0,0,0,0,0,0,0
base-1.0,T3821,1,length,826,0,0,0,0,0,0,0,0,0,0,0,0,0,0,0
base-1.0,T3822,1,length,858,0,0,0,0,0,0,0,0,0,0,0,0,0,0,0
base-1.0,T3823,1,length,829,0,0,0,0,0,0,0,0,0,0,0,0,0,0,0
base-1.0,T3824,1,length,763,0,0,0,0,0,0,0,0,0,0,0,0,0,0,0
base-1.0,T3825,1,stop,407,0,0,0,0,0,0,0,0,0,0,0,0,0,0,0
base-1.0,T3826,1,stop,347,0,0,0,0,0,0,0,0,1,0,0,0,0,0,0
base-1.0,T3827,1,length,886,0,0,0,0,0,0,0,0,0,1,0,0,0,0,0
base-1.0,T3828,1,length,782,0,0,0,0,0,0,0,0,1,0,0,0,0,0,0
base-1.0,T3829,1,stop,860,0,0,0,0,0,0,0,0,0,0,0,0,0,0,0
base-1.0,T3830,1,stop,541,0,0,0,0,0,0,1,0,0,0,0,0,0,0,0
base-1.0,T3831,1,stop,531,0,0,0,0,0,0,0,0,0,0,0,0,0,0,0
base-1.0,T3832,1,stop,328,0,0,0,0,0,0,0,0,0,0,0,0,0,0,0
base-1.0,T3833,1,stop,612,0,0,0,0,0,0,0,0,0,0,0,0,0,0,0
base-1.0,T3834,1,stop,723,0,0,0,0,0,0,0,0,0,0,0,0,0,0,0
base-1.0,T3835,1,stop,814,0,0,0,0,0,0,0,0,0,0,0,0,0,0,0
base-1.0,T3836,1,stop,772,0,0,0,0,0,0,0,0,0,0,0,0,0,0,0
base-1.0,T3837,1,stop,352,0,0,0,0,0,0,0,0,0,0,0,0,0,0,0
base-1.0,T3838,1,length,885,0,0,0,0,0,0,0,0,0,0,0,0,0,0,0
base-1.0,T3839,1,stop,696,0,0,0,0,0,0,0,0,0,0,0,0,0,0,0
base-1.0,T3840,1,length,785,0,0,0,0,0,0,0,0,0,0,0,0,0,0,0
base-1.0,T3841,1,stop,611,0,0,0,0,0,0,0,0,0,0,0,0,0,0,0
base-1.0,T3842,1,length,849,0,0,0,0,0,0,0,0,0,0,0,0,0,0,0
base-1.0,T3843,1,length,852,0,0,0,0,0,0,0,0,0,0,0,0,0,0,0
base-1.0,T3844,1,stop,435,0,0,0,0,0,0,0,0,0,0,0,0,0,0,0
base-1.0,T3845,1,stop,675,0,0,0,0,0,0,0,0,0,0,0,0,0,0,0
base-1.0,T3846,1,stop,402,0,0,0,0,0,0,0,0,0,0,0,0,0,0,0
base-1.0,T3847,1,stop,564,0,0,0,0,0,0,0,0,0,0,0,0,0,0,0
base-1.0,T3848,1,stop,762,0,0,0,0,0,0,0,0,0,0,0,0,0,0,0
base-1.0,T3849,1,length,839,0,0,0,0,0,0,0,0,0,0,0,0,0,0,0
base-1.0,T3850,1,stop,577,0,0,0,0,0,0,0,0,0,0,0,0,0,0,0
base-1.0,T3851,1,stop,589,0,0,0,0,0,0,0,0,0,0,0,0,0,0,0
base-1.0,T3852,1,stop,596,0,0,0,0,0,0,0,0,0,0,0,0,0,0,0
base-1.0,T3853,1,stop,667,0,0,0,0,0,0,0,0,0,0,0,0,0,0,0
base-1.0,T3854,1,stop,546,0,0,0,0,0,0,0,0,0,0,0,0,0,0,0
base-1.0,T3855,1,length,808,1,0,0,0,0,0,0,0,0,0,0,0,0,0,0
base-1.0,T3856,1,stop,811,0,0,0,0,0,0,0,0,0,0,0,0,0,0,0
base-1.0,T3857,1,stop,93,0,0,0,0,0,0,0,0,0,0,0,0,0,0,0
base-1.0,T3858,1,stop,640,0,0,0,0,0,0,0,0,0,0,0,0,0,0,0
base-1.0,T3859,1,stop,572,0,0,0,0,0,0,0,0,1,0,0,0,0,0,0
base-1.0,T3860,1,stop,791,0,0,0,0,0,0,0,0,0,0,0,0,0,0,0
base-1.0,T3861,1,stop,77,0,0,0,0,0,0,0,0,0,0,0,0,0,0,0
base-1.0,T3862,1,stop,644,0,0,0,0,0,0,0,0,0,0,0,0,0,0,0
base-1.0,T3863,1,length,773,0,0,1,0,0,0,0,0,0,0,0,0,0,0,0
base-1.0,T3864,1,stop,212,0,0,0,0,0,0,0,0,0,0,0,0,0,0,0
base-1.0,T3865,1,stop,744,0,0,0,0,0,0,0,0,0,0,0,0,0,0,0
base-1.0,T3866,1,stop,270,0,0,0,0,0,0,0,0,0,0,0,0,0,0,0
base-1.0,T3867,1,stop,547,0,0,0,0,0,0,0,0,0,0,0,0,0,0,0
base-1.0,T3868,1,stop,609,0,0,0,0,0,0,0,0,0,0,0,0,0,0,0
base-1.0,T3869,1,length,849,0,0,0,0,0,0,0,1,3,0,0,0,0,0,0
base-1.0,T3870,1,stop,612,0,0,0,0,0,0,0,0,0,0,0,0,0,0,0
base-1.0,T3871,1,stop,118,0,0,0,0,0,0,0,0,0,0,0,0,0,0,0
base-1.0,T3872,1,stop,78,0,0,0,0,0,0,0,0,0,0,0,0,0,0,0
base-1.0,T3873,1,stop,764,0,0,0,0,0,0,0,0,0,0,0,0,0,0,0
base-1.0,T3874,1,stop,766,0,0,0,0,0,0,0,0,0,0,0,0,0,0,0
base-1.0,T3875,1,stop,663,0,0,0,0,0,0,0,0,0,0,0,0,0,0,0
base-1.0,T3876,1,length,859,0,0,0,0,0,0,0,0,0,0,0,0,0,0,0
base-1.0,T3877,1,stop,476,0,0,0,0,0,0,0,0,0,0,0,0,0,0,0
base-1.0,T3878,1,length,798,0,0,0,0,0,0,0,0,0,0,0,0,0,0,0
base-1.0,T3879,1,stop,471,0,0,0,0,0,0,0,0,0,0,0,0,0,0,0
base-1.0,T3880,1,stop,565,0,0,0,0,0,0,0,0,0,0,0,0,0,0,0
base-1.0,T3881,1,length,819,0,0,0,0,0,0,0,0,0,0,0,0,0,0,0
base-1.0,T3882,1,stop,453,0,0,0,0,0,0,0,0,0,0,0,0,0,0,0
base-1.0,T3883,1,stop,664,0,0,0,0,0,0,0,0,0,0,0,0,0,0,0
base-1.0,T3884,1,stop,645,0,0,0,0,0,0,1,0,0,0,0,0,0,0,0
base-1.0,T3885,1,stop,570,0,0,0,0,0,0,0,1,0,0,0,0,0,0,0
base-1.0,T3886,1,stop,647,0,0,0,0,0,0,0,0,0,0,0,0,0,0,0
base-1.0,T3887,1,length,824,0,0,0,0,0,0,0,0,0,0,0,0,0,0,0
base-1.0,T3888,1,stop,857,0,0,0,0,0,0,0,0,0,0,0,0,0,0,0
base-1.0,T3889,1,stop,766,0,0,0,0,0,0,0,0,0,0,0,0,0,0,0
base-1.0,T3890,1,stop,251,0,0,0,0,0,0,0,0,0,0,0,0,0,0,0
base-1.0,T3891,1,stop,479,0,0,0,0,0,0,0,0,1,0,0,0,0,0,0
base-1.0,T3892,1,length,819,0,0,0,0,0,0,0,0,0,0,0,0,0,0,0
base-1.0,T3893,1,stop,356,0,0,0,0,0,0,0,0,0,0,0,0,0,0,0
base-1.0,T3894,1,stop,560,0,0,0,0,0,0,0,1,0,0,0,0,0,0,0
base-1.0,T3895,1,stop,101,0,0,0,0,0,0,0,0,0,0,0,0,0,0,0
base-1.0,T3896,1,stop,705,0,0,0,0,0,0,0,0,0,0,0,0,0,0,0
base-1.0,T3897,1,length,763,0,0,0,0,0,0,0,0,0,1,0,0,0,1,0
base-1.0,T3898,1,stop,458,0,0,0,0,0,0,0,0,0,0,0,0,0,0,0
base-1.0,T3899,1,stop,469,0,0,0,0,0,0,0,0,0,0,0,0,0,0,0
base-1.0,T3900,1,stop,546,0,0,0,0,0,0,0,0,0,0,0,0,0,0,0
base-1.0,T3901,1,stop,629,0,0,0,0,0,0,0,0,0,0,0,0,0,0,0
base-1.0,T3902,1,stop,644,0,0,0,0,0,0,0,0,0,0,0,0,0,0,0
base-1.0,T3903,1,stop,339,0,0,0,0,0,0,0,0,0,0,0,0,0,0,0
base-1.0,T3904,1,stop,497,0,0,0,0,0,0,0,0,0,0,0,0,0,0,0
base-1.0,T3905,1,length,841,0,0,0,0,0,0,0,0,1,0,0,0,0,0,0
base-1.0,T3906,1,stop,453,0,0,0,0,0,0,0,0,0,0,0,0,0,0,0
base-1.0,T3907,1,length,774,0,0,0,0,0,0,0,0,0,0,0,0,0,0,0
base-1.0,T3908,1,stop,781,0,0,0,0,0,0,0,0,0,0,0,0,0,0,0
base-1.0,T3909,1,length,877,0,0,0,0,0,0,0,0,0,0,0,0,0,0,0
base-1.0,T3910,1,stop,586,0,0,0,0,0,0,0,0,0,0,0,0,0,0,0
base-1.0,T3911,1,stop,544,0,0,0,0,0,0,0,0,2,0,0,0,0,0,0
base-1.0,T3912,1,stop,636,0,0,0,0,0,0,1,0,0,0,0,0,0,0,0
base-1.0,T3913,1,length,744,0,0,0,0,0,0,0,0,0,0,0,0,0,0,0
base-1.0,T3914,1,stop,639,0,0,0,0,0,0,0,0,0,0,0,0,0,0,0
base-1.0,T3915,1,length,808,0,0,0,0,0,0,0,1,0,0,0,0,0,0,0
base-1.0,T3916,1,stop,214,0,0,0,0,0,0,0,0,0,0,0,0,0,0,0
base-1.0,T3917,1,stop,268,0,0,0,0,0,0,0,0,0,0,0,0,0,0,0
base-1.0,T3918,1,stop,459,0,0,0,0,0,0,0,0,0,0,0,0,0,0,0
base-1.0,T3919,1,stop,882,0,0,0,0,0,0,0,0,0,0,0,0,0,0,0
base-1.0,T3920,1,stop,636,0,0,0,0,0,0,0,0,0,0,0,0,0,0,0
base-1.0,T3921,1,stop,439,0,0,0,0,0,0,0,0,0,0,0,0,1,0,0
base-1.0,T3922,1,stop,235,0,0,0,0,0,0,0,0,0,0,0,0,0,0,0
base-1.0,T3923,1,stop,585,0,0,0,0,0,0,0,0,0,0,0,0,0,0,0
base-1.0,T3924,1,length,610,0,0,0,0,0,0,0,0,0,0,0,0,0,0,0
base-1.0,T3925,1,length,766,0,0,0,0,0,0,0,0,1,0,0,0,0,0,0
base-1.0,T3926,1,length,787,0,0,0,0,0,0,0,0,0,0,0,0,0,0,0
base-1.0,T3927,1,stop,640,0,0,0,0,0,0,0,0,0,0,0,0,0,0,0
base-1.0,T3928,1,stop,415,0,0,0,0,0,0,0,0,0,0,0,0,0,0,0
base-1.0,T3929,1,stop,710,0,0,0,0,0,0,0,0,0,0,0,0,0,0,0
base-1.0,T3930,1,length,808,0,0,0,0,0,0,0,0,0,0,0,0,0,0,0
base-1.0,T3931,1,stop,628,0,0,0,0,0,0,0,0,0,0,0,0,0,0,0
base-1.0,T3932,1,stop,647,0,0,0,0,0,0,0,0,0,0,0,0,0,0,0
base-1.0,T3933,1,stop,805,0,0,0,0,0,0,0,0,0,0,0,0,0,0,0
base-1.0,T3934,1,length,380,0,0,0,0,0,0,0,0,0,0,0,0,0,0,0
base-1.0,T3935,1,length,836,0,0,0,0,0,0,0,0,0,0,0,0,0,0,0
base-1.0,T3936,1,stop,478,0,0,0,0,0,0,0,0,0,0,0,0,0,0,0
base-1.0,T3937,1,stop,728,0,0,0,0,0,0,0,0,0,0,0,0,0,0,0
base-1.0,T3938,1,stop,504,0,0,0,0,0,0,0,0,0,0,0,0,0,0,0
base-1.0,T3939,1,stop,263,0,0,0,0,0,0,0,0,0,0,0,0,0,0,0
base-1.0,T3940,1,stop,717,0,0,0,0,0,0,0,0,0,0,0,0,0,0,0
base-1.0,T3941,1,length,804,0,0,0,0,0,0,0,0,0,0,0,0,0,0,0
base-1.0,T3942,1,stop,565,0,0,0,0,0,0,0,0,0,0,0,0,0,0,0
base-1.0,T3943,1,stop,278,0,0,0,0,0,0,0,0,0,0,0,0,0,0,0
base-1.0,T3944,1,length,682,0,0,0,0,0,0,0,0,0,0,0,0,0,0,0
base-1.0,T3945,1,stop,257,0,0,0,0,0,0,0,0,0,0,0,0,0,0,0
base-1.0,T3946,1,stop,780,0,0,0,0,0,0,0,0,0,1,0,0,0,0,0
base-1.0,T3947,1,stop,675,0,0,0,0,0,0,0,0,0,0,0,0,0,0,0
base-1.0,T3948,1,length,811,0,0,0,0,0,0,0,0,0,0,0,0,0,0,0
base-1.0,T3949,1,stop,612,0,0,0,0,0,0,0,0,0,0,0,0,0,0,0
base-1.0,T3950,1,length,787,0,0,0,0,0,0,0,0,0,0,0,0,0,0,0
base-1.0,T3951,1,stop,575,0,0,0,0,0,0,0,0,0,0,0,0,0,0,0
base-1.0,T3952,1,stop,497,0,0,0,0,0,0,0,0,0,0,0,0,0,0,0
base-1.0,T3953,1,stop,66,0,0,0,0,0,0,0,0,0,0,0,0,0,0,0
base-1.0,T3954,1,stop,778,0,0,0,0,0,0,0,0,0,0,0,0,0,0,0
base-1.0,T3955,1,length,796,0,0,0,0,0,0,0,0,0,0,0,0,0,0,0
base-1.0,T3956,1,length,807,0,0,0,0,0,0,0,0,0,0,0,0,0,0,0
base-1.0,T3957,1,stop,404,0,0,0,0,0,0,0,0,0,0,0,0,0,0,0
base-1.0,T3958,1,stop,613,0,0,0,0,0,0,0,0,0,0,0,0,0,0,0
base-1.0,T3959,1,stop,812,0,0,0,0,0,0,0,0,1,0,0,0,0,0,0
base-1.0,T3960,1,length,761,0,0,0,0,0,0,0,0,0,0,0,0,0,0,0
base-1.0,T3961,1,length,773,0,0,0,0,0,0,0,0,0,0,0,0,0,1,0
base-1.0,T3962,1,length,789,0,0,0,0,0,0,0,0,0,0,0,0,0,0,0
base-1.0,T3963,1,length,664,0,0,0,0,0,0,0,0,0,0,0,0,0,0,0
base-1.0,T3964,1,stop,138,0,0,0,0,0,0,0,0,0,0,0,0,0,0,0
base-1.0,T3965,1,length,789,0,0,0,0,0,0,0,0,1,0,0,0,0,0,0
base-1.0,T3966,1,stop,491,0,0,0,0,0,0,0,0,0,0,0,0,0,0,0
base-1.0,T3967,1,length,874,0,0,0,0,0,0,0,0,0,0,0,0,0,0,0
base-1.0,T3968,1,stop,292,0,0,0,0,0,0,0,1,0,0,0,0,0,0,0
base-1.0,T3969,1,stop,424,0,0,0,0,0,0,0,0,0,0,0,0,0,0,0
base-1.0,T3970,1,length,792,0,0,0,0,0,0,0,0,0,0,0,0,0,0,0
base-1.0,T3971,1,length,837,0,0,0,0,0,0,0,0,1,0,0,0,0,0,0
base-1.0,T3972,1,stop,212,0,0,0,0,0,0,0,0,0,0,0,0,0,0,0
base-1.0,T3973,1,stop,493,0,0,0,0,0,0,0,0,0,0,0,0,0,0,0
base-1.0,T3974,1,length,851,0,0,0,0,0,0,0,0,0,0,0,0,0,0,0
base-1.0,T3975,1,stop,666,0,0,0,0,0,0,0,0,1,0,0,0,0,0,0
base-1.0,T3976,1,length,624,0,0,0,0,0,0,0,0,0,0,0,0,0,0,0
base-1.0,T3977,1,length,764,0,0,0,0,0,0,0,0,0,0,0,0,0,0,0
base-1.0,T3978,1,stop,574,0,0,0,0,0,0,0,0,1,0,0,0,0,0,0
base-1.0,T3979,1,stop,8,0,0,0,0,0,0,0,0,0,0,0,0,0,0,0
base-1.0,T3980,1,stop,686,0,0,0,0,0,0,0,0,0,0,0,0,0,0,0
base-1.0,T3981,1,stop,169,0,0,0,0,0,0,0,0,0,0,0,0,0,0,0
base-1.0,T3982,1,stop,365,0,0,0,0,0,0,0,0,0,0,0,0,0,0,0
base-1.0,T3983,1,stop,167,0,0,0,0,0,0,0,0,0,0,0,0,0,0,0
base-1.0,T3984,1,length,868,0,0,0,0,0,0,0,0,0,0,0,0,0,0,0
base-1.0,T3985,1,stop,687,0,0,0,0,0,0,0,0,0,0,0,0,0,0,0
base-1.0,T3986,1,length,851,0,0,0,0,0,0,0,0,1,0,0,0,0,1,0
base-1.0,T3987,1,length,717,0,0,0,0,0,0,0,0,0,0,0,0,0,0,0
base-1.0,T3988,1,length,810,0,0,0,0,0,0,0,0,0,0,0,0,0,0,0
base-1.0,T3989,1,stop,784,0,0,0,0,0,0,0,0,0,0,0,0,0,0,0
base-1.0,T3990,1,stop,625,0,0,0,0,0,0,0,0,0,0,0,0,0,0,0
base-1.0,T3991,1,stop,543,0,0,0,0,0,0,0,1,0,0,0,0,0,0,0
base-1.0,T3992,1,stop,447,0,0,0,0,0,0,0,0,0,0,0,0,0,0,0
base-1.0,T3993,1,length,774,0,0,0,0,0,0,0,0,0,0,0,0,0,0,0
base-1.0,T3994,1,stop,78,0,0,0,0,0,0,0,0,0,0,0,0,0,0,0
base-1.0,T3995,1,length,899,0,0,0,0,0,0,0,0,0,0,0,0,0,0,0
base-1.0,T3996,1,length,819,0,0,0,0,0,0,0,0,0,0,0,0,0,0,0
base-1.0,T3997,1,stop,123,0,0,0,0,0,0,0,0,0,0,0,0,0,0,0
base-1.0,T3998,1,stop,674,0,0,0,0,0,0,0,0,0,0,0,0,0,0,0
base-1.0,T3999,1,stop,138,0,0,0,0,0,0,0,0,0,0,0,0,0,0,0
base-1.0,T4000,1,stop,28,0,0,0,0,0,0,0,0,0,0,0,0,0,0,0
instruct-0.7,T0001,1,stop,515,0,0,0,0,0,0,0,0,0,0,0,0,0,0,0
instruct-0.7,T0002,1,length,705,0,0,0,0,0,0,0,0,0,0,0,0,0,0,0
instruct-0.7,T0003,1,stop,818,0,0,0,0,0,0,0,0,0,0,0,0,0,0,0
instruct-0.7,T0004,1,stop,486,0,0,0,0,0,0,0,0,0,0,0,0,0,0,0
instruct-0.7,T0005,1,stop,609,1,0,0,0,0,0,0,0,1,0,0,0,1,0,0
instruct-0.7,T0006,1,stop,721,0,0,0,0,0,0,0,0,2,0,0,0,0,0,0
instruct-0.7,T0007,1,stop,580,0,0,0,0,0,0,0,0,1,0,0,0,0,0,0
instruct-0.7,T0008,1,stop,601,0,0,0,0,0,0,0,0,1,0,0,0,0,0,0
instruct-0.7,T0009,1,stop,694,0,0,0,0,0,0,1,1,0,0,0,0,0,0,0
instruct-0.7,T0010,1,stop,595,0,0,0,0,0,0,0,0,1,0,0,0,0,0,0
instruct-0.7,T0011,1,length,718,0,0,0,0,0,0,0,0,0,0,0,0,0,0,0
instruct-0.7,T0012,1,length,839,0,0,0,0,0,0,0,0,0,0,0,0,0,0,0
instruct-0.7,T0013,1,stop,619,0,0,0,0,0,0,0,0,0,0,0,0,0,0,0
instruct-0.7,T0014,1,stop,541,0,0,0,0,0,0,0,0,0,0,0,0,0,0,0
instruct-0.7,T0015,1,stop,809,0,0,0,0,0,0,0,0,0,0,0,0,0,0,0
instruct-0.7,T0016,1,stop,694,0,0,0,0,0,0,0,0,0,0,0,0,0,0,0
instruct-0.7,T0017,1,stop,426,0,0,0,0,0,0,0,0,0,0,0,0,0,0,0
instruct-0.7,T0018,1,stop,468,0,0,0,0,0,0,0,0,0,0,0,0,0,0,0
instruct-0.7,T0019,1,stop,622,0,0,0,0,0,0,1,0,0,0,0,0,0,0,0
instruct-0.7,T0020,1,stop,642,0,0,0,0,0,0,0,0,2,0,0,0,0,0,0
instruct-0.7,T0021,1,stop,572,0,0,0,0,0,0,0,0,2,0,0,0,0,0,0
instruct-0.7,T0022,1,stop,504,0,0,0,0,0,0,0,0,0,0,0,0,0,0,0
instruct-0.7,T0023,1,stop,708,0,0,0,0,0,0,0,0,2,0,0,0,0,0,0
instruct-0.7,T0024,1,stop,561,0,0,0,0,0,0,0,0,0,0,0,0,0,0,0
instruct-0.7,T0025,1,stop,693,0,0,0,0,0,0,0,0,0,0,0,0,0,0,0
instruct-0.7,T0026,1,stop,779,0,0,0,0,0,0,0,0,0,0,0,0,0,0,0
instruct-0.7,T0027,1,stop,691,1,0,0,0,0,0,1,0,0,0,0,0,0,1,0
instruct-0.7,T0028,1,stop,758,0,0,0,0,0,0,0,0,1,0,0,0,0,0,0
instruct-0.7,T0029,1,stop,404,0,0,0,0,0,0,1,0,1,0,0,0,0,0,0
instruct-0.7,T0030,1,stop,700,0,0,0,0,0,0,0,0,0,0,0,0,0,0,0
instruct-0.7,T0031,1,length,753,0,0,0,0,0,0,0,0,0,0,0,0,0,0,0
instruct-0.7,T0032,1,length,728,0,0,0,0,0,0,1,0,1,0,0,0,0,0,0
instruct-0.7,T0033,1,length,757,0,0,0,0,0,0,0,0,0,0,0,0,0,0,0
instruct-0.7,T0034,1,length,744,0,0,0,0,0,0,0,0,0,0,0,0,0,0,0
instruct-0.7,T0035,1,stop,575,0,0,0,0,0,0,0,0,0,0,0,0,0,0,0
instruct-0.7,T0036,1,stop,509,0,0,0,0,0,0,0,0,1,1,0,0,0,0,0
instruct-0.7,T0037,1,stop,756,0,0,0,0,0,0,0,0,1,0,0,0,0,0,0
instruct-0.7,T0038,1,stop,303,0,0,0,0,0,0,1,0,1,0,0,0,0,0,0
instruct-0.7,T0039,1,stop,657,0,0,0,0,0,0,0,0,0,1,0,0,0,0,0
instruct-0.7,T0040,1,stop,434,1,0,0,0,0,0,0,0,0,0,0,0,0,0,0
instruct-0.7,T0041,1,stop,629,0,0,0,0,0,0,0,0,0,0,0,0,0,0,0
instruct-0.7,T0042,1,stop,724,0,0,0,0,0,0,2,0,1,0,0,0,0,0,0
instruct-0.7,T0043,1,length,759,0,0,0,0,0,0,0,0,1,0,0,0,0,0,0
instruct-0.7,T0044,1,stop,374,0,0,0,0,0,0,0,0,0,0,0,0,0,0,0
instruct-0.7,T0045,1,stop,493,0,0,0,0,0,0,0,0,0,0,0,0,0,0,0
instruct-0.7,T0046,1,stop,641,0,0,0,0,0,0,0,0,1,0,0,0,0,0,0
instruct-0.7,T0047,1,stop,644,0,0,0,0,0,0,0,0,0,0,0,0,0,0,0
instruct-0.7,T0048,1,stop,562,0,0,0,0,0,0,0,0,0,0,0,0,0,0,0
instruct-0.7,T0049,1,stop,373,0,0,0,0,0,0,0,0,0,0,0,0,0,0,0
instruct-0.7,T0050,1,stop,601,0,0,0,0,0,0,0,0,1,0,0,0,0,0,0
instruct-0.7,T0051,1,stop,677,0,0,0,0,0,0,0,0,1,0,0,0,0,0,0
instruct-0.7,T0052,1,length,765,0,0,0,0,0,0,0,0,1,0,0,0,0,0,0
instruct-0.7,T0053,1,stop,649,0,0,0,0,0,0,0,0,0,0,0,0,0,0,0
instruct-0.7,T0054,1,stop,437,1,0,0,0,0,0,0,0,0,0,0,0,0,0,0
instruct-0.7,T0055,1,length,706,0,0,0,0,0,0,0,0,0,0,0,0,0,0,0
instruct-0.7,T0056,1,stop,622,0,0,0,0,0,0,0,0,0,0,0,0,0,0,0
instruct-0.7,T0057,1,stop,575,0,0,0,0,0,0,0,0,0,0,0,0,0,0,0
instruct-0.7,T0058,1,stop,701,0,0,0,0,0,0,0,0,1,0,0,0,0,0,0
instruct-0.7,T0059,1,stop,617,0,0,0,0,0,0,0,0,3,0,0,0,0,0,0
instruct-0.7,T0060,1,stop,701,0,0,0,0,0,0,0,0,0,0,0,0,0,0,0
instruct-0.7,T0061,1,length,703,0,0,0,0,0,0,0,0,0,0,0,0,0,0,0
instruct-0.7,T0062,1,stop,435,0,0,0,0,0,0,0,0,0,0,0,0,0,0,0
instruct-0.7,T0063,1,stop,495,0,0,0,0,0,0,0,0,0,0,0,0,0,0,0
instruct-0.7,T0064,1,length,808,0,0,0,0,0,0,0,0,0,0,0,0,0,0,0
instruct-0.7,T0065,1,length,782,0,0,0,0,0,0,0,0,2,0,0,0,0,0,0
instruct-0.7,T0066,1,length,765,0,0,0,0,0,0,0,0,0,0,0,0,0,0,0
instruct-0.7,T0067,1,stop,479,1,0,0,0,0,0,0,0,0,0,0,0,1,0,0
instruct-0.7,T0068,1,length,815,0,0,1,0,0,0,0,0,1,0,0,0,0,0,0
instruct-0.7,T0069,1,length,790,0,0,0,0,0,0,0,0,0,0,0,0,0,0,0
instruct-0.7,T0070,1,stop,569,0,0,0,0,0,0,0,0,0,0,0,0,0,0,0
instruct-0.7,T0071,1,length,746,0,0,0,0,0,0,0,0,1,0,0,0,0,0,0
instruct-0.7,T0072,1,stop,590,0,0,0,0,0,0,0,0,0,0,0,0,0,0,0
instruct-0.7,T0073,1,stop,500,0,0,0,0,0,0,1,0,1,0,0,0,0,0,0
instruct-0.7,T0074,1,stop,609,0,0,0,0,0,0,0,0,1,0,0,0,0,0,0
instruct-0.7,T0075,1,length,694,0,0,0,0,0,0,0,0,0,0,0,0,0,0,0
instruct-0.7,T0076,1,stop,419,0,0,0,0,0,0,0,0,0,0,0,0,0,0,0
instruct-0.7,T0077,1,length,754,0,0,0,0,0,0,0,0,1,0,0,0,0,0,0
instruct-0.7,T0078,1,stop,635,0,0,0,0,0,0,0,0,0,0,0,0,0,0,0
instruct-0.7,T0079,1,stop,675,0,0,0,0,0,0,0,0,0,0,0,0,0,0,0
instruct-0.7,T0080,1,stop,712,0,0,1,0,0,0,0,0,1,0,0,0,0,0,0
instruct-0.7,T0081,1,stop,473,0,0,0,0,0,0,0,0,1,0,0,0,1,0,0
instruct-0.7,T0082,1,stop,733,0,0,0,0,0,0,0,0,0,0,0,0,0,0,0
instruct-0.7,T0083,1,stop,585,0,0,0,0,0,0,0,0,0,0,0,0,0,0,0
instruct-0.7,T0084,1,stop,672,0,0,0,0,0,0,0,0,0,0,0,0,0,0,0
instruct-0.7,T0085,1,stop,712,0,0,0,0,0,0,1,0,5,0,0,0,0,0,0
instruct-0.7,T0086,1,stop,553,0,0,0,0,0,0,0,0,0,0,0,0,0,0,0
instruct-0.7,T0087,1,stop,663,0,0,0,0,0,0,0,0,0,0,0,0,0,0,0
instruct-0.7,T0088,1,stop,555,0,0,0,0,0,0,0,0,0,0,0,0,0,0,0
instruct-0.7,T0089,1,stop,683,0,0,0,0,0,0,0,0,0,0,0,0,0,0,0
instruct-0.7,T0090,1,stop,653,0,0,0,0,0,0,0,0,0,0,0,0,0,0,0
instruct-0.7,T0091,1,stop,607,0,0,0,0,0,0,0,0,0,0,0,0,0,0,0
instruct-0.7,T0092,1,stop,670,0,0,0,0,0,0,0,0,0,0,0,0,0,0,0
instruct-0.7,T0093,1,stop,499,0,0,0,0,0,0,1,0,0,0,0,0,0,0,0
instruct-0.7,T0094,1,stop,605,0,0,0,0,0,0,0,0,0,0,0,0,0,0,0
instruct-0.7,T0095,1,stop,680,0,0,0,0,0,0,0,0,1,0,0,0,0,0,0
instruct-0.7,T0096,1,stop,808,0,0,0,0,0,0,0,0,0,0,0,0,0,0,0
instruct-0.7,T0097,1,length,731,0,0,0,0,0,0,0,0,0,0,0,0,0,0,0
instruct-0.7,T0098,1,stop,606,0,0,0,0,0,0,0,0,0,0,0,0,0,0,0
instruct-0.7,T0099,1,length,724,1,0,0,0,0,0,0,0,0,0,0,0,0,0,0
instruct-0.7,T0100,1,stop,718,0,0,0,0,0,0,0,0,1,0,0,0,0,0,0
instruct-0.7,T0101,1,length,743,0,0,0,0,0,0,0,0,0,0,0,0,0,0,0
instruct-0.7,T0102,1,length,740,0,0,0,0,0,0,0,0,0,0,0,0,0,0,0
instruct-0.7,T0103,1,length,826,0,0,0,0,0,0,0,0,0,0,0,0,0,0,0
instruct-0.7,T0104,1,length,749,1,0,0,0,0,0,0,0,0,0,0,0,0,0,0
instruct-0.7,T0105,1,stop,504,0,0,0,0,0,0,0,0,0,0,0,0,1,0,0
instruct-0.7,T0106,1,stop,479,0,0,0,0,0,0,0,0,0,0,0,0,0,0,0
instruct-0.7,T0107,1,length,807,0,0,0,0,0,0,0,0,0,0,0,0,0,0,0
instruct-0.7,T0108,1,stop,696,0,0,0,0,0,0,0,0,1,0,0,0,0,0,0
instruct-0.7,T0109,1,stop,514,0,0,0,0,0,0,0,0,0,0,0,0,0,0,0
instruct-0.7,T0110,1,stop,678,0,0,0,0,0,0,0,0,0,0,0,0,0,0,0
instruct-0.7,T0111,1,stop,782,0,0,0,0,0,0,0,0,0,0,0,0,0,0,0
instruct-0.7,T0112,1,stop,416,0,0,0,0,0,0,0,0,0,0,0,0,0,0,0
instruct-0.7,T0113,1,stop,498,0,0,0,0,0,0,0,0,0,0,0,0,0,0,0
instruct-0.7,T0114,1,stop,594,0,0,0,0,0,0,0,0,0,0,0,0,0,0,0
instruct-0.7,T0115,1,stop,686,0,0,0,0,0,0,0,0,1,0,0,0,0,0,0
instruct-0.7,T0116,1,stop,662,0,0,0,0,0,0,0,0,1,0,0,0,0,0,0
instruct-0.7,T0117,1,stop,581,0,0,0,0,0,0,0,0,1,0,0,0,0,0,0
instruct-0.7,T0118,1,length,783,0,0,0,0,0,0,0,0,0,0,0,0,0,0,0
instruct-0.7,T0119,1,stop,437,0,0,0,0,0,0,0,0,1,0,0,0,0,0,0
instruct-0.7,T0120,1,stop,548,0,0,0,0,0,0,0,0,1,0,0,0,0,0,0
instruct-0.7,T0121,1,stop,567,0,0,0,0,0,0,0,0,0,0,0,0,0,0,0
instruct-0.7,T0122,1,stop,729,0,0,0,0,0,0,0,0,0,0,0,0,0,0,0
instruct-0.7,T0123,1,length,744,0,0,0,0,0,0,0,0,0,0,0,0,0,0,0
instruct-0.7,T0124,1,stop,619,0,0,0,0,0,0,0,0,0,0,0,0,0,0,0
instruct-0.7,T0125,1,stop,691,0,0,0,0,0,0,0,0,0,0,0,0,0,0,0
instruct-0.7,T0126,1,stop,800,0,0,0,0,0,0,0,1,0,0,0,0,0,0,0
instruct-0.7,T0127,1,stop,716,0,0,0,0,0,0,0,0,3,0,0,0,0,0,0
instruct-0.7,T0128,1,stop,755,0,0,0,0,0,0,0,0,1,0,0,0,0,0,0
instruct-0.7,T0129,1,stop,691,0,0,0,0,0,0,0,0,2,0,0,0,0,0,0
instruct-0.7,T0130,1,length,792,0,0,0,0,0,0,0,0,0,0,0,0,0,0,0
instruct-0.7,T0131,1,stop,492,0,0,0,0,0,0,0,0,0,1,0,0,0,0,0
instruct-0.7,T0132,1,stop,774,0,0,0,0,0,0,0,0,1,0,0,0,0,0,0
instruct-0.7,T0133,1,stop,742,0,0,0,0,0,0,0,0,0,0,0,0,0,0,0
instruct-0.7,T0134,1,length,726,0,0,0,0,0,0,0,0,0,0,0,0,0,0,0
instruct-0.7,T0135,1,stop,458,0,0,0,0,0,0,0,0,0,0,0,0,0,0,0
instruct-0.7,T0136,1,stop,710,0,0,0,0,0,0,0,0,0,0,0,0,0,0,0
instruct-0.7,T0137,1,stop,775,0,0,0,0,0,0,0,0,3,0,0,0,0,0,0
instruct-0.7,T0138,1,stop,514,0,0,0,0,0,0,0,0,0,0,0,0,1,0,0
instruct-0.7,T0139,1,length,733,0,0,0,0,0,0,0,0,0,0,0,0,0,0,0
instruct-0.7,T0140,1,stop,633,0,0,0,0,0,0,0,0,0,0,0,0,0,0,0
instruct-0.7,T0141,1,stop,669,0,0,0,0,0,0,0,0,0,0,0,0,0,0,0
instruct-0.7,T0142,1,length,814,0,0,0,0,0,0,0,0,0,0,0,0,0,0,0
instruct-0.7,T0143,1,stop,763,0,0,0,0,0,0,1,0,1,0,0,0,0,0,0
instruct-0.7,T0144,1,stop,596,0,0,0,0,0,0,0,0,1,0,0,0,0,0,0
instruct-0.7,T0145,1,stop,571,0,0,1,0,0,0,0,0,3,0,0,0,0,0,0
instruct-0.7,T0146,1,stop,646,0,0,0,0,0,0,0,0,0,0,0,0,0,0,0
instruct-0.7,T0147,1,stop,712,0,0,0,0,0,0,0,0,1,0,0,0,0,0,0
instruct-0.7,T0148,1,stop,621,0,0,0,0,0,0,0,0,0,0,0,0,0,0,0
instruct-0.7,T0149,1,stop,463,0,0,0,0,0,0,1,0,0,1,0,0,0,0,0
instruct-0.7,T0150,1,stop,501,0,0,0,0,0,0,0,0,0,0,0,0,0,0,0
instruct-0.7,T0151,1,stop,612,0,0,1,0,0,0,0,0,1,0,0,0,0,0,0
instruct-0.7,T0152,1,stop,564,0,0,0,0,0,0,0,0,0,0,0,0,0,0,0
instruct-0.7,T0153,1,stop,424,0,0,0,0,0,0,0,0,0,0,0,0,0,0,0
instruct-0.7,T0154,1,stop,741,0,0,1,0,0,0,0,0,2,0,0,0,0,0,0
instruct-0.7,T0155,1,stop,596,0,0,0,0,0,0,0,0,1,0,0,0,0,0,0
instruct-0.7,T0156,1,stop,418,0,0,0,0,0,0,1,0,0,0,0,0,0,0,0
instruct-0.7,T0157,1,length,800,0,0,0,0,0,0,0,0,0,0,0,0,0,0,0
instruct-0.7,T0158,1,stop,677,0,0,0,0,0,0,0,0,0,0,0,0,0,0,0
instruct-0.7,T0159,1,stop,571,0,0,1,0,0,0,0,0,0,0,0,0,0,0,0
instruct-0.7,T0160,1,stop,714,0,0,0,0,0,0,0,0,0,0,0,0,0,0,0
instruct-0.7,T0161,1,stop,701,0,0,0,0,0,0,0,0,0,0,0,0,0,0,0
instruct-0.7,T0162,1,stop,701,0,0,0,0,0,0,0,0,1,0,0,0,0,0,0
instruct-0.7,T0163,1,stop,655,0,0,0,0,0,0,0,0,0,0,0,0,0,0,0
instruct-0.7,T0164,1,length,693,0,0,0,0,0,0,0,0,0,0,0,0,0,0,0
instruct-0.7,T0165,1,stop,523,0,0,0,0,0,0,0,0,0,0,0,0,0,0,0
instruct-0.7,T0166,1,stop,638,0,0,0,0,0,0,0,0,0,0,0,0,0,0,0
instruct-0.7,T0167,1,length,758,0,0,0,0,0,0,0,0,0,0,0,0,0,0,0
instruct-0.7,T0168,1,length,818,0,0,0,0,0,0,0,0,1,0,0,0,0,0,0
instruct-0.7,T0169,1,stop,751,0,0,0,0,0,0,0,0,0,0,0,0,0,0,0
instruct-0.7,T0170,1,stop,703,0,0,0,0,0,0,0,0,0,0,0,0,0,0,0
instruct-0.7,T0171,1,stop,629,0,0,0,0,0,0,0,0,0,0,0,0,0,0,0
instruct-0.7,T0172,1,stop,852,0,0,0,0,0,0,0,0,2,0,0,0,0,0,0
instruct-0.7,T0173,1,stop,659,0,0,0,0,0,0,1,0,0,0,0,0,0,0,0
instruct-0.7,T0174,1,length,764,0,0,0,0,0,0,0,0,0,0,0,0,0,0,0
instruct-0.7,T0175,1,stop,572,0,0,0,0,0,0,0,0,0,0,0,0,0,0,0
instruct-0.7,T0176,1,length,750,0,0,0,0,0,0,0,0,0,0,0,0,0,0,0
instruct-0.7,T0177,1,stop,682,0,0,0,0,0,0,0,0,1,0,0,0,0,0,0
instruct-0.7,T0178,1,stop,609,0,0,0,0,0,0,1,0,0,0,0,0,0,0,0
instruct-0.7,T0179,1,stop,818,0,0,0,0,0,0,0,0,0,0,0,0,0,0,0
instruct-0.7,T0180,1,stop,658,0,0,0,0,0,0,0,0,0,0,0,0,0,0,0
instruct-0.7,T0181,1,stop,682,0,0,0,0,0,0,0,0,2,0,0,0,0,0,0
instruct-0.7,T0182,1,stop,615,0,0,0,0,0,0,0,0,1,0,0,0,0,0,0
instruct-0.7,T0183,1,length,827,0,0,0,0,0,0,0,0,0,0,0,0,0,0,0
instruct-0.7,T0184,1,stop,586,0,0,0,0,0,0,1,0,1,0,0,0,0,0,0
instruct-0.7,T0185,1,stop,647,0,0,0,0,0,0,0,0,0,0,0,0,0,0,0
instruct-0.7,T0186,1,stop,637,0,0,0,0,0,0,0,0,0,0,0,0,0,0,0
instruct-0.7,T0187,1,stop,531,0,0,0,0,0,0,0,0,0,0,0,0,0,0,1
instruct-0.7,T0188,1,stop,500,0,0,0,0,0,0,0,0,0,0,0,0,0,0,0
instruct-0.7,T0189,1,stop,658,0,0,0,0,0,0,0,0,2,0,0,0,0,0,0
instruct-0.7,T0190,1,stop,692,0,0,0,0,0,0,0,0,2,0,0,0,0,0,0
instruct-0.7,T0191,1,stop,720,0,0,0,0,0,0,0,0,0,0,0,0,0,0,0
instruct-0.7,T0192,1,stop,714,0,0,0,0,0,0,1,0,0,0,0,0,0,0,0
instruct-0.7,T0193,1,stop,752,0,0,0,0,0,0,0,0,4,0,0,0,0,0,0
instruct-0.7,T0194,1,length,778,0,0,0,0,0,0,0,0,0,0,0,0,0,0,0
instruct-0.7,T0195,1,stop,589,0,0,0,0,0,0,1,0,0,0,0,0,0,0,0
instruct-0.7,T0196,1,stop,641,0,0,0,0,0,0,0,0,2,0,0,0,0,0,0
instruct-0.7,T0197,1,stop,742,0,0,0,0,0,0,0,0,1,0,0,0,0,0,0
instruct-0.7,T0198,1,stop,759,0,0,0,0,0,0,0,0,1,0,0,0,0,0,0
instruct-0.7,T0199,1,stop,712,0,0,0,0,0,0,0,0,0,0,0,0,0,0,0
instruct-0.7,T0200,1,stop,707,0,0,0,0,0,0,0,0,1,0,0,0,0,0,0
instruct-0.7,T0201,1,length,783,0,0,0,0,0,0,0,0,0,0,0,0,0,0,0
instruct-0.7,T0202,1,length,791,0,0,0,0,0,0,0,0,0,0,0,0,0,0,0
instruct-0.7,T0203,1,length,803,0,0,0,0,0,0,0,0,0,0,0,0,0,0,0
instruct-0.7,T0204,1,stop,667,0,0,0,0,0,0,0,0,0,0,0,0,0,0,0
instruct-0.7,T0205,1,stop,503,0,0,0,0,0,0,0,0,0,0,0,0,0,0,0
instruct-0.7,T0206,1,length,809,0,0,0,0,0,0,0,0,0,0,0,0,0,0,0
instruct-0.7,T0207,1,stop,548,0,0,0,0,0,0,0,0,0,0,0,0,0,0,0
instruct-0.7,T0208,1,stop,764,0,0,0,0,0,0,0,0,0,0,0,0,0,0,0
instruct-0.7,T0209,1,stop,497,0,0,0,0,0,0,0,0,0,0,0,0,0,0,0
instruct-0.7,T0210,1,stop,475,0,0,0,0,0,0,1,0,0,0,0,0,0,0,0
instruct-0.7,T0211,1,stop,636,0,0,0,0,0,0,0,1,0,0,0,0,0,0,0
instruct-0.7,T0212,1,stop,619,0,0,0,0,0,0,0,0,0,0,0,0,0,0,0
instruct-0.7,T0213,1,length,712,0,0,0,0,0,0,1,0,1,0,0,0,0,0,0
instruct-0.7,T0214,1,stop,463,0,0,0,0,0,0,0,0,1,0,0,0,0,0,0
instruct-0.7,T0215,1,stop,409,0,0,0,0,0,0,0,0,0,0,0,0,0,0,0
instruct-0.7,T0216,1,length,779,0,0,0,0,0,0,0,0,3,0,0,0,0,0,0
instruct-0.7,T0217,1,stop,694,0,0,0,0,0,0,0,0,2,0,0,0,0,0,0
instruct-0.7,T0218,1,stop,487,0,0,0,0,0,0,0,0,1,0,0,0,0,0,0
instruct-0.7,T0219,1,stop,666,0,0,0,0,0,0,0,0,0,0,0,0,0,0,0
instruct-0.7,T0220,1,stop,757,0,0,0,0,0,0,0,0,2,0,0,0,0,0,0
instruct-0.7,T0221,1,length,823,0,0,0,0,0,0,0,0,0,0,0,0,0,0,0
instruct-0.7,T0222,1,length,816,0,0,0,0,0,0,0,0,0,0,0,0,0,0,0
instruct-0.7,T0223,1,stop,142,0,0,0,0,0,0,0,0,0,0,0,0,0,0,0
instruct-0.7,T0224,1,stop,450,0,0,0,0,0,0,0,0,0,0,0,0,0,0,0
instruct-0.7,T0225,1,length,758,0,0,0,0,0,0,0,0,0,0,0,0,0,0,0
instruct-0.7,T0226,1,stop,653,0,0,0,0,0,0,1,0,0,0,0,0,0,0,0
instruct-0.7,T0227,1,length,692,0,0,0,0,0,0,0,0,0,0,0,0,0,0,0
instruct-0.7,T0228,1,stop,534,0,0,0,0,0,0,0,0,1,0,0,0,0,0,0
instruct-0.7,T0229,1,stop,642,0,0,0,0,0,0,0,0,0,0,0,0,0,0,0
instruct-0.7,T0230,1,stop,573,0,0,0,0,0,0,0,0,0,0,0,0,0,0,0
instruct-0.7,T0231,1,stop,533,0,0,0,0,0,0,0,0,0,0,0,0,0,0,0
instruct-0.7,T0232,1,length,777,0,0,0,0,0,0,0,0,0,1,0,0,0,0,0
instruct-0.7,T0233,1,stop,491,0,0,0,0,0,0,0,0,0,0,0,0,0,0,0
instruct-0.7,T0234,1,length,839,0,0,0,0,0,0,0,0,0,0,0,0,0,0,0
instruct-0.7,T0235,1,stop,610,0,0,0,0,0,0,0,0,0,0,0,0,0,0,0
instruct-0.7,T0236,1,stop,778,0,0,0,0,0,0,0,0,1,0,0,0,0,0,0
instruct-0.7,T0237,1,length,785,0,0,0,0,0,0,0,0,0,0,0,0,0,0,0
instruct-0.7,T0238,1,stop,662,0,0,0,0,0,0,0,0,0,0,0,0,0,0,0
instruct-0.7,T0239,1,stop,554,0,0,0,0,0,0,0,0,0,0,0,0,0,0,0
instruct-0.7,T0240,1,length,743,0,0,0,0,0,0,0,0,0,0,0,0,0,0,0
instruct-0.7,T0241,1,length,656,0,0,0,0,0,0,0,0,1,0,0,0,0,0,0
instruct-0.7,T0242,1,stop,625,0,0,0,0,0,0,0,0,1,0,0,0,0,0,0
instruct-0.7,T0243,1,stop,754,0,0,0,0,0,0,0,0,1,0,0,0,0,0,0
instruct-0.7,T0244,1,stop,665,0,0,0,0,0,0,0,0,1,0,0,0,0,0,0
instruct-0.7,T0245,1,stop,466,0,0,0,0,0,0,0,0,0,0,0,0,0,0,0
instruct-0.7,T0246,1,stop,584,0,0,0,0,0,0,0,0,0,0,0,0,0,0,0
instruct-0.7,T0247,1,stop,623,0,0,0,0,0,0,0,0,1,0,0,0,0,0,0
instruct-0.7,T0248,1,stop,686,0,0,0,0,0,0,0,0,1,0,0,0,0,0,0
instruct-0.7,T0249,1,stop,625,0,0,0,0,0,0,0,0,0,0,0,0,0,0,0
instruct-0.7,T0250,1,length,709,0,0,0,0,0,0,0,0,0,0,0,0,0,0,0
instruct-0.7,T0251,1,stop,721,0,0,0,0,0,0,1,0,0,0,0,0,0,0,0
instruct-0.7,T0252,1,stop,717,0,0,0,0,0,0,0,0,1,0,0,0,0,0,0
instruct-0.7,T0253,1,stop,616,0,0,0,0,0,0,0,0,0,0,0,0,0,0,0
instruct-0.7,T0254,1,stop,135,0,0,0,0,0,0,0,0,0,0,0,0,0,0,0
instruct-0.7,T0255,1,length,753,0,0,0,0,0,0,0,0,1,0,0,0,1,0,0
instruct-0.7,T0256,1,stop,735,0,0,0,0,0,0,0,0,0,0,0,0,1,0,0
instruct-0.7,T0257,1,stop,560,0,0,0,0,0,0,0,0,0,0,0,0,0,0,0
instruct-0.7,T0258,1,length,651,0,0,0,0,0,0,0,0,0,0,0,0,0,0,0
instruct-0.7,T0259,1,stop,701,0,0,0,0,0,0,0,0,1,0,0,0,0,0,0
instruct-0.7,T0260,1,stop,416,0,0,0,0,0,0,0,0,0,0,0,0,0,0,0
instruct-0.7,T0261,1,stop,709,0,0,0,0,0,0,0,0,0,0,0,0,0,0,0
instruct-0.7,T0262,1,stop,479,0,0,0,0,0,0,0,0,0,0,0,0,0,0,0
instruct-0.7,T0263,1,stop,627,0,0,0,0,0,0,0,0,0,0,0,0,0,0,0
instruct-0.7,T0264,1,stop,550,0,0,0,0,0,0,0,0,1,0,0,0,0,0,0
instruct-0.7,T0265,1,length,767,0,0,0,0,0,0,0,0,0,0,0,0,0,0,0
instruct-0.7,T0266,1,stop,733,0,0,0,0,0,0,0,0,0,0,0,0,0,0,0
instruct-0.7,T0267,1,stop,685,0,0,0,0,0,0,0,0,0,0,0,0,0,0,0
instruct-0.7,T0268,1,stop,698,0,0,0,0,0,0,1,0,0,0,0,0,0,0,0
instruct-0.7,T0269,1,stop,405,0,0,0,0,0,0,0,0,1,0,0,0,0,0,0
instruct-0.7,T0270,1,stop,651,0,0,0,0,0,0,0,0,0,0,0,0,0,0,0
instruct-0.7,T0271,1,stop,470,0,0,0,0,0,0,0,0,0,0,0,0,0,0,0
instruct-0.7,T0272,1,length,792,0,0,0,0,0,0,0,0,0,0,0,0,0,0,0
instruct-0.7,T0273,1,stop,775,0,0,0,0,0,0,0,0,1,0,0,0,0,0,0
instruct-0.7,T0274,1,length,791,0,0,0,0,0,0,1,0,2,0,0,0,0,0,0
instruct-0.7,T0275,1,stop,570,0,0,0,0,0,0,0,0,1,0,0,0,0,0,0
instruct-0.7,T0276,1,stop,621,0,0,0,0,0,0,0,0,0,0,0,0,0,0,0
instruct-0.7,T0277,1,stop,545,0,0,0,0,0,0,0,0,4,0,0,0,0,0,0
instruct-0.7,T0278,1,stop,624,0,0,0,0,0,0,0,0,0,0,0,0,0,0,0
instruct-0.7,T0279,1,stop,726,0,0,0,0,0,0,0,0,0,0,0,0,0,0,0
instruct-0.7,T0280,1,stop,548,0,0,0,0,0,0,0,0,1,0,0,0,0,0,0
instruct-0.7,T0281,1,length,758,0,0,1,0,0,0,0,0,0,0,0,0,0,0,0
instruct-0.7,T0282,1,length,744,0,0,0,0,0,0,0,0,0,0,0,0,0,0,0
instruct-0.7,T0283,1,stop,564,0,0,0,0,0,0,0,0,0,0,0,0,0,0,0
instruct-0.7,T0284,1,length,790,0,0,0,0,0,0,0,0,0,0,0,0,0,0,0
instruct-0.7,T0285,1,stop,764,0,0,0,0,0,0,0,0,0,0,0,0,0,0,0
instruct-0.7,T0286,1,stop,688,0,0,0,0,0,0,0,0,0,0,0,0,0,0,0
instruct-0.7,T0287,1,stop,500,0,0,0,0,0,0,0,0,0,0,0,0,0,0,0
instruct-0.7,T0288,1,stop,465,0,0,0,0,0,0,0,0,0,0,0,0,0,0,0
instruct-0.7,T0289,1,stop,593,0,0,0,0,0,0,0,0,1,0,0,0,0,0,0
instruct-0.7,T0290,1,stop,716,0,0,0,0,0,0,0,0,0,0,0,0,0,0,0
instruct-0.7,T0291,1,stop,351,0,0,0,0,0,0,0,0,0,0,0,0,0,0,0
instruct-0.7,T0292,1,stop,618,0,0,0,0,0,0,0,0,1,0,0,0,0,0,0
instruct-0.7,T0293,1,stop,581,0,0,0,0,0,0,0,0,0,0,0,0,0,0,0
instruct-0.7,T0294,1,length,716,0,0,0,0,0,0,0,0,0,0,0,0,0,0,0
instruct-0.7,T0295,1,length,799,0,0,0,0,0,0,0,0,0,0,0,0,0,0,0
instruct-0.7,T0296,1,stop,734,0,0,0,0,0,0,0,0,0,0,0,0,0,0,0
instruct-0.7,T0297,1,length,754,0,0,0,0,0,0,1,0,0,0,0,0,0,0,0
instruct-0.7,T0298,1,stop,709,0,0,0,0,0,0,0,0,0,0,0,0,0,0,0
instruct-0.7,T0299,1,stop,643,0,0,0,0,0,0,0,0,0,0,0,0,0,0,0
instruct-0.7,T0300,1,stop,392,0,0,0,0,0,0,0,0,0,0,0,0,0,0,0
instruct-0.7,T0301,1,stop,608,0,0,0,0,0,0,0,0,1,0,0,0,0,0,0
instruct-0.7,T0302,1,stop,783,0,0,0,0,0,0,0,0,0,0,0,0,0,0,0
instruct-0.7,T0303,1,stop,688,0,0,0,0,0,0,0,0,0,0,0,0,0,0,0
instruct-0.7,T0304,1,stop,625,0,0,0,0,0,0,0,0,0,0,0,0,0,0,0
instruct-0.7,T0305,1,stop,708,0,0,1,0,0,0,0,0,0,0,0,0,0,0,0
instruct-0.7,T0306,1,stop,661,0,0,0,0,0,0,0,0,0,0,0,0,0,0,0
instruct-0.7,T0307,1,stop,562,0,0,0,0,0,0,0,0,0,0,0,0,0,0,0
instruct-0.7,T0308,1,stop,521,0,0,0,0,0,0,0,0,0,0,0,0,0,0,0
instruct-0.7,T0309,1,stop,626,0,0,0,0,0,0,0,0,1,0,0,0,0,0,0
instruct-0.7,T0310,1,stop,703,0,0,0,0,0,0,0,0,0,0,0,0,0,0,0
instruct-0.7,T0311,1,stop,359,0,0,0,0,0,0,0,0,0,0,0,0,0,0,0
instruct-0.7,T0312,1,stop,737,0,0,0,0,0,0,0,0,1,0,0,0,0,0,0
instruct-0.7,T0313,1,stop,680,0,0,0,0,0,0,2,0,0,0,0,0,0,0,0
instruct-0.7,T0314,1,stop,554,0,0,0,0,0,0,0,0,0,0,0,0,0,0,0
instruct-0.7,T0315,1,stop,600,0,0,0,0,0,0,0,0,1,0,0,0,0,0,0
instruct-0.7,T0316,1,stop,655,0,0,0,0,0,0,0,0,0,0,0,0,1,0,0
instruct-0.7,T0317,1,stop,696,0,0,0,0,0,0,0,0,0,0,0,0,0,0,0
instruct-0.7,T0318,1,stop,603,0,0,0,0,0,0,0,0,0,0,0,0,0,0,0
instruct-0.7,T0319,1,length,692,0,0,0,0,0,0,0,0,0,0,0,0,0,0,0
instruct-0.7,T0320,1,length,782,0,0,0,0,0,0,0,0,0,0,0,0,0,0,0
instruct-0.7,T0321,1,stop,705,0,0,0,0,0,0,0,0,0,0,0,0,0,0,0
instruct-0.7,T0322,1,length,770,0,0,0,0,0,0,0,0,0,0,0,0,0,0,0
instruct-0.7,T0323,1,stop,682,0,0,0,0,0,0,0,0,1,0,0,0,0,0,0
instruct-0.7,T0324,1,stop,572,0,0,0,0,0,0,0,0,0,0,0,0,0,0,0
instruct-0.7,T0325,1,stop,720,0,0,0,0,0,0,0,0,1,0,0,0,0,0,0
instruct-0.7,T0326,1,stop,651,0,0,0,0,0,0,0,0,0,0,0,0,0,0,0
instruct-0.7,T0327,1,stop,609,0,0,0,0,0,0,1,0,0,0,0,0,0,0,0
instruct-0.7,T0328,1,length,665,0,0,0,0,0,0,0,0,0,0,0,0,0,0,0
instruct-0.7,T0329,1,length,768,0,0,0,0,0,0,0,0,0,0,0,0,0,0,0
instruct-0.7,T0330,1,stop,706,0,0,0,0,0,0,0,0,0,0,0,0,0,0,0
instruct-0.7,T0331,1,stop,748,0,0,0,0,0,0,0,0,0,0,0,0,0,0,0
instruct-0.7,T0332,1,stop,554,0,0,0,0,0,0,0,0,0,0,0,0,0,0,0
instruct-0.7,T0333,1,stop,557,0,0,0,0,0,0,0,0,1,0,0,0,0,0,0
instruct-0.7,T0334,1,stop,542,0,0,0,0,0,0,0,0,2,0,0,0,0,0,0
instruct-0.7,T0335,1,stop,558,1,0,0,0,0,0,0,0,0,0,0,0,0,0,0
instruct-0.7,T0336,1,stop,552,0,0,0,0,0,0,0,0,1,0,0,0,0,0,0
instruct-0.7,T0337,1,stop,672,0,0,0,0,0,0,0,0,0,0,0,0,0,0,0
instruct-0.7,T0338,1,length,766,0,0,0,0,0,0,0,0,1,0,0,0,0,0,0
instruct-0.7,T0339,1,stop,722,0,0,0,0,0,0,0,0,1,0,0,0,0,0,0
instruct-0.7,T0340,1,stop,502,0,0,0,0,0,0,0,0,1,0,0,0,0,0,0
instruct-0.7,T0341,1,length,767,0,0,0,0,0,0,0,0,0,0,0,0,0,0,0
instruct-0.7,T0342,1,length,784,0,0,0,0,0,0,0,0,0,0,0,0,0,0,0
instruct-0.7,T0343,1,stop,415,0,0,0,0,0,0,0,0,1,0,0,0,0,0,0
instruct-0.7,T0344,1,stop,451,0,0,0,0,0,0,0,0,1,0,0,0,0,0,0
instruct-0.7,T0345,1,length,777,0,0,0,0,0,0,0,0,0,0,0,0,0,0,0
instruct-0.7,T0346,1,stop,779,0,0,0,0,0,0,0,0,0,0,0,0,0,0,0
instruct-0.7,T0347,1,stop,765,0,0,0,0,0,0,0,0,1,0,0,0,0,0,0
instruct-0.7,T0348,1,stop,561,0,0,0,0,0,0,0,0,1,0,0,0,0,0,0
instruct-0.7,T0349,1,stop,730,0,0,0,0,0,0,1,0,0,0,0,0,0,0,0
instruct-0.7,T0350,1,stop,741,0,0,0,0,0,0,0,0,0,0,0,0,0,0,0
instruct-0.7,T0351,1,stop,669,0,0,0,0,0,0,0,0,0,0,0,0,0,0,0
instruct-0.7,T0352,1,length,754,0,0,0,0,0,0,0,0,0,0,0,0,0,0,0
instruct-0.7,T0353,1,stop,624,0,0,0,0,0,0,0,0,1,0,0,0,0,0,0
instruct-0.7,T0354,1,stop,703,0,0,0,0,0,0,1,0,0,0,0,0,0,0,0
instruct-0.7,T0355,1,stop,568,0,0,0,0,0,0,0,0,1,0,0,0,0,0,0
instruct-0.7,T0356,1,stop,653,0,0,0,0,0,0,0,0,0,0,0,0,0,0,0
instruct-0.7,T0357,1,length,801,0,0,0,0,0,0,0,0,0,0,0,0,0,0,0
instruct-0.7,T0358,1,stop,662,0,0,0,0,0,0,0,0,2,0,0,0,0,0,0
instruct-0.7,T0359,1,length,759,0,0,0,0,0,0,0,0,0,0,0,0,0,0,0
instruct-0.7,T0360,1,stop,527,0,0,0,0,0,0,1,0,0,0,0,0,0,0,0
instruct-0.7,T0361,1,stop,748,0,0,0,0,0,0,1,0,0,0,0,0,0,0,0
instruct-0.7,T0362,1,stop,609,0,0,0,0,0,0,0,0,0,0,0,0,0,0,0
instruct-0.7,T0363,1,stop,662,0,0,0,0,0,0,0,0,2,0,0,0,0,0,0
instruct-0.7,T0364,1,stop,596,0,0,0,0,0,0,0,0,0,0,0,0,0,0,0
instruct-0.7,T0365,1,stop,624,0,0,0,0,0,0,0,0,0,0,0,0,0,0,0
instruct-0.7,T0366,1,stop,717,0,0,0,0,0,0,0,0,2,0,0,0,0,0,0
instruct-0.7,T0367,1,stop,530,0,0,0,0,0,0,1,0,0,0,0,0,0,0,0
instruct-0.7,T0368,1,stop,403,0,0,0,0,0,0,0,0,1,0,0,0,0,0,0
instruct-0.7,T0369,1,stop,741,0,0,0,0,0,0,0,0,0,0,0,0,0,0,0
instruct-0.7,T0370,1,stop,735,0,0,0,0,0,0,0,0,0,0,0,0,0,0,0
instruct-0.7,T0371,1,stop,496,0,0,0,0,0,0,0,0,0,0,0,0,0,0,0
instruct-0.7,T0372,1,stop,567,0,0,0,0,0,0,0,0,1,0,0,0,0,0,0
instruct-0.7,T0373,1,length,797,0,0,0,0,0,0,0,0,1,0,0,0,0,0,0
instruct-0.7,T0374,1,stop,605,0,0,0,0,0,0,0,0,1,0,0,0,0,0,0
instruct-0.7,T0375,1,stop,327,1,0,0,0,0,0,0,0,0,0,0,0,0,0,0
instruct-0.7,T0376,1,length,797,0,0,0,0,0,0,0,0,0,0,0,0,0,0,0
instruct-0.7,T0377,1,stop,715,0,0,0,0,0,0,0,0,2,0,0,0,0,0,0
instruct-0.7,T0378,1,stop,542,0,0,0,0,0,0,0,0,0,0,0,0,0,0,0
instruct-0.7,T0379,1,stop,794,0,0,0,0,0,0,0,0,1,0,0,0,0,0,0
instruct-0.7,T0380,1,stop,354,0,0,0,0,0,0,0,0,0,0,0,0,0,0,0
instruct-0.7,T0381,1,stop,751,0,0,0,0,0,0,0,0,0,0,0,0,0,0,0
instruct-0.7,T0382,1,length,730,0,0,1,0,0,0,0,0,0,0,0,0,0,0,0
instruct-0.7,T0383,1,stop,606,0,0,0,0,0,0,0,0,0,0,0,0,0,0,0
instruct-0.7,T0384,1,stop,754,0,0,0,0,0,0,1,0,1,0,0,0,0,0,0
instruct-0.7,T0385,1,stop,716,0,0,0,0,0,0,0,0,0,0,0,0,0,0,0
instruct-0.7,T0386,1,stop,677,0,0,0,0,0,0,0,0,0,0,0,0,0,0,0
instruct-0.7,T0387,1,stop,701,0,0,0,0,0,0,0,0,0,0,0,0,0,0,0
instruct-0.7,T0388,1,length,815,0,0,0,0,0,0,0,0,0,0,0,0,0,0,0
instruct-0.7,T0389,1,stop,724,0,0,0,0,0,0,2,0,1,0,0,0,0,0,0
instruct-0.7,T0390,1,stop,785,0,0,0,0,0,0,0,0,0,0,0,0,0,0,0
instruct-0.7,T0391,1,stop,611,0,0,0,0,0,0,0,0,0,0,0,0,0,0,0
instruct-0.7,T0392,1,stop,655,0,0,0,0,0,0,0,0,0,0,0,0,0,0,0
instruct-0.7,T0393,1,length,803,0,0,0,0,0,0,0,0,0,0,0,0,0,0,0
instruct-0.7,T0394,1,length,836,0,0,0,0,0,0,0,0,0,0,0,0,0,0,0
instruct-0.7,T0395,1,stop,534,0,0,0,0,0,0,0,0,0,0,0,0,0,0,0
instruct-0.7,T0396,1,stop,672,0,0,0,0,0,0,0,0,0,0,0,0,0,0,0
instruct-0.7,T0397,1,stop,687,0,0,0,0,0,0,0,0,0,0,0,0,0,0,0
instruct-0.7,T0398,1,length,719,0,0,0,0,0,0,0,0,0,0,0,0,0,0,0
instruct-0.7,T0399,1,length,810,0,0,0,0,0,0,0,0,0,0,0,0,0,0,0
instruct-0.7,T0400,1,length,774,0,0,0,0,0,0,0,0,0,0,0,0,0,0,0
instruct-0.7,T0401,1,stop,479,0,0,0,0,0,0,0,0,0,0,0,0,0,0,0
instruct-0.7,T0402,1,stop,738,0,0,0,0,0,0,0,0,0,0,0,0,0,0,0
instruct-0.7,T0403,1,stop,146,0,0,0,0,0,0,0,0,0,0,0,0,0,0,0
instruct-0.7,T0404,1,length,773,0,0,1,0,0,0,0,0,0,0,0,0,0,0,0
instruct-0.7,T0405,1,stop,559,0,0,0,0,0,0,1,0,1,0,0,0,0,0,0
instruct-0.7,T0406,1,stop,645,0,0,0,0,0,0,0,0,2,0,0,0,0,0,0
instruct-0.7,T0407,1,stop,778,0,0,0,0,0,0,0,0,0,0,0,0,0,0,0
instruct-0.7,T0408,1,stop,661,0,0,0,0,0,0,0,0,0,0,0,0,0,0,0
instruct-0.7,T0409,1,length,702,0,0,0,0,0,0,1,0,0,0,0,0,0,0,0
instruct-0.7,T0410,1,stop,575,0,0,0,0,0,0,0,0,0,0,0,0,0,0,0
instruct-0.7,T0411,1,stop,542,0,0,0,0,0,0,0,0,0,0,0,0,0,0,0
instruct-0.7,T0412,1,stop,518,0,0,0,0,0,0,0,0,0,0,0,0,0,0,0
instruct-0.7,T0413,1,stop,615,0,0,0,0,0,0,0,0,0,0,0,0,0,0,0
instruct-0.7,T0414,1,stop,566,1,0,0,0,0,0,0,0,0,0,0,0,1,0,0
instruct-0.7,T0415,1,stop,687,0,0,0,0,0,0,0,0,0,0,0,0,0,0,0
instruct-0.7,T0416,1,stop,707,0,0,0,0,0,0,0,0,0,0,0,0,0,0,0
instruct-0.7,T0417,1,stop,755,0,0,0,0,0,0,0,0,0,0,0,0,0,0,0
instruct-0.7,T0418,1,length,728,0,0,0,0,0,0,0,0,0,0,0,0,0,0,0
instruct-0.7,T0419,1,stop,728,0,0,0,0,0,0,0,0,1,0,0,0,0,0,0
instruct-0.7,T0420,1,stop,575,0,0,0,0,0,0,0,0,0,0,0,0,0,0,0
instruct-0.7,T0421,1,stop,647,0,0,0,0,0,0,0,0,1,0,0,0,0,0,0
instruct-0.7,T0422,1,stop,759,0,0,0,0,0,0,1,0,1,0,0,0,0,0,0
instruct-0.7,T0423,1,length,813,0,0,0,0,0,0,0,0,0,0,0,0,0,0,0
instruct-0.7,T0424,1,stop,505,0,0,0,0,0,0,0,0,0,0,0,0,0,0,0
instruct-0.7,T0425,1,stop,667,0,0,0,0,0,0,0,0,0,0,0,0,0,0,0
instruct-0.7,T0426,1,stop,656,0,0,0,0,0,0,0,0,0,0,0,0,0,0,0
instruct-0.7,T0427,1,stop,621,0,0,0,0,0,0,0,0,0,0,0,0,1,0,0
instruct-0.7,T0428,1,length,771,0,0,0,0,0,0,0,0,0,0,0,0,0,0,0
instruct-0.7,T0429,1,stop,638,0,0,0,0,0,0,0,0,0,0,0,0,1,0,0
instruct-0.7,T0430,1,stop,532,0,0,0,0,0,0,0,0,0,0,0,0,0,0,0
instruct-0.7,T0431,1,length,675,0,0,0,0,0,0,0,0,0,0,0,0,0,0,0
instruct-0.7,T0432,1,stop,545,0,0,0,0,0,0,0,0,0,0,0,0,0,0,0
instruct-0.7,T0433,1,stop,596,0,0,0,0,0,0,0,0,0,0,0,0,0,0,0
instruct-0.7,T0434,1,stop,748,0,0,0,0,0,0,0,0,0,0,0,0,0,0,0
instruct-0.7,T0435,1,length,795,0,0,0,0,0,0,0,0,1,0,0,0,0,0,0
instruct-0.7,T0436,1,stop,758,0,0,0,0,0,0,0,0,0,0,0,0,0,0,0
instruct-0.7,T0437,1,stop,716,0,0,0,0,0,0,0,0,1,0,0,0,0,0,0
instruct-0.7,T0438,1,stop,570,0,0,0,0,0,0,0,0,0,0,0,0,0,0,0
instruct-0.7,T0439,1,stop,678,0,0,0,0,0,0,0,0,2,0,0,0,0,0,0
instruct-0.7,T0440,1,stop,576,0,0,0,0,0,0,0,0,2,0,0,0,0,0,0
instruct-0.7,T0441,1,stop,570,0,0,0,0,0,0,0,0,2,0,0,0,0,0,0
instruct-0.7,T0442,1,length,722,0,0,0,0,0,0,0,0,0,0,0,0,0,0,0
instruct-0.7,T0443,1,stop,564,0,0,0,0,0,0,0,0,1,0,0,0,0,0,0
instruct-0.7,T0444,1,stop,634,0,0,0,0,0,0,0,0,2,0,0,0,0,0,0
instruct-0.7,T0445,1,length,772,0,0,0,0,0,0,0,0,0,0,0,0,0,0,0
instruct-0.7,T0446,1,stop,742,0,0,0,0,0,0,1,0,0,0,0,0,0,0,0
instruct-0.7,T0447,1,stop,689,0,0,0,0,0,0,0,0,0,0,0,0,0,0,0
instruct-0.7,T0448,1,length,803,0,0,0,0,0,0,0,0,0,0,0,0,0,0,0
instruct-0.7,T0449,1,length,797,0,0,0,0,0,0,0,0,0,0,0,0,0,0,0
instruct-0.7,T0450,1,length,792,0,0,0,0,0,0,0,0,0,0,0,0,0,0,0
instruct-0.7,T0451,1,length,769,0,0,0,0,0,0,0,0,0,0,0,0,0,0,0
instruct-0.7,T0452,1,stop,603,1,0,0,0,0,0,0,0,0,0,0,0,0,0,0
instruct-0.7,T0453,1,stop,812,0,0,0,0,0,0,0,0,0,0,0,0,0,0,0
instruct-0.7,T0454,1,stop,600,0,0,0,0,0,0,0,0,0,0,0,0,0,0,0
instruct-0.7,T0455,1,stop,644,0,0,0,0,0,0,0,0,0,0,0,0,0,0,0
instruct-0.7,T0456,1,stop,655,0,0,0,0,0,0,0,0,0,0,0,0,0,0,0
instruct-0.7,T0457,1,length,727,0,0,0,0,0,0,0,0,0,0,0,0,0,0,0
instruct-0.7,T0458,1,length,687,0,0,0,0,0,0,0,0,1,0,0,0,0,0,0
instruct-0.7,T0459,1,stop,659,1,0,0,0,0,0,0,0,0,0,0,0,1,0,0
instruct-0.7,T0460,1,stop,802,0,0,0,0,0,0,1,0,0,0,0,0,0,0,0
instruct-0.7,T0461,1,length,770,0,0,0,0,0,0,0,0,0,0,0,0,0,0,0
instruct-0.7,T0462,1,stop,622,0,0,0,0,0,0,0,0,0,0,0,0,0,0,0
instruct-0.7,T0463,1,stop,705,0,0,0,0,0,0,0,0,2,0,0,0,0,0,0
instruct-0.7,T0464,1,length,644,0,0,0,0,0,0,0,0,0,0,0,0,0,0,0
instruct-0.7,T0465,1,length,764,0,0,0,0,0,0,1,0,1,0,0,0,0,0,0
instruct-0.7,T0466,1,stop,666,0,0,0,0,0,0,0,0,1,0,0,0,0,0,0
instruct-0.7,T0467,1,stop,753,0,0,0,0,0,0,0,0,0,0,0,0,0,0,0
instruct-0.7,T0468,1,stop,493,0,0,0,0,0,0,0,0,0,0,0,0,0,0,0
instruct-0.7,T0469,1,stop,383,0,0,0,0,0,0,0,0,0,0,0,0,0,0,0
instruct-0.7,T0470,1,stop,639,0,0,0,0,0,0,0,0,0,0,0,0,0,0,0
instruct-0.7,T0471,1,stop,503,0,0,0,0,0,0,0,0,1,0,0,0,0,0,0
instruct-0.7,T0472,1,length,782,0,0,0,0,0,0,0,0,0,0,0,0,0,0,0
instruct-0.7,T0473,1,stop,480,0,0,0,0,0,0,0,0,0,0,0,0,0,0,0
instruct-0.7,T0474,1,stop,566,0,0,0,0,0,0,0,0,2,0,0,0,0,0,0
instruct-0.7,T0475,1,stop,714,0,0,0,0,0,0,0,0,1,0,0,0,0,0,0
instruct-0.7,T0476,1,stop,404,0,0,0,0,0,0,0,0,0,0,0,0,0,0,0
instruct-0.7,T0477,1,length,794,0,0,0,0,0,0,0,0,0,0,0,0,0,0,0
instruct-0.7,T0478,1,stop,569,0,0,0,0,0,0,0,0,2,0,0,0,0,0,0
instruct-0.7,T0479,1,stop,446,0,0,0,0,0,0,0,0,0,0,0,0,0,0,0
instruct-0.7,T0480,1,length,770,0,0,0,0,0,0,0,0,0,0,0,0,0,0,0
instruct-0.7,T0481,1,length,729,0,0,0,0,0,0,0,0,0,0,0,0,0,0,0
instruct-0.7,T0482,1,length,705,0,0,0,0,0,0,0,0,1,0,0,0,0,0,0
instruct-0.7,T0483,1,stop,690,0,0,0,0,0,0,0,0,0,0,0,0,1,0,0
instruct-0.7,T0484,1,length,748,0,0,0,0,0,0,0,0,0,0,0,0,0,0,0
instruct-0.7,T0485,1,length,725,0,0,1,0,0,0,0,0,2,0,0,0,0,0,0
instruct-0.7,T0486,1,stop,530,0,0,0,0,0,0,0,0,1,0,0,0,0,0,0
instruct-0.7,T0487,1,stop,659,0,0,0,0,0,0,0,0,0,0,0,0,0,0,0
instruct-0.7,T0488,1,stop,714,0,0,0,0,0,0,0,0,2,0,0,0,0,0,0
instruct-0.7,T0489,1,stop,578,0,0,0,0,0,0,0,0,0,0,0,0,0,0,0
instruct-0.7,T0490,1,length,671,0,0,0,0,0,0,0,0,0,0,0,0,0,0,0
instruct-0.7,T0491,1,stop,560,0,0,0,0,0,0,0,0,0,0,0,0,0,0,0
instruct-0.7,T0492,1,stop,580,0,0,0,0,0,0,0,0,0,0,0,0,0,0,0
instruct-0.7,T0493,1,stop,599,0,0,0,0,0,0,0,0,1,0,0,0,0,0,0
instruct-0.7,T0494,1,stop,444,0,0,0,0,0,0,1,0,0,0,0,0,0,0,0
instruct-0.7,T0495,1,stop,678,0,0,0,0,0,0,0,0,1,0,0,0,0,0,0
instruct-0.7,T0496,1,stop,657,0,0,0,0,0,0,0,0,1,0,0,0,0,0,0
instruct-0.7,T0497,1,stop,380,0,0,0,0,0,0,0,0,1,0,0,0,0,0,0
instruct-0.7,T0498,1,length,739,0,0,0,0,0,0,0,0,0,0,0,0,0,0,0
instruct-0.7,T0499,1,stop,376,0,0,0,0,0,0,0,0,0,0,0,0,0,0,0
instruct-0.7,T0500,1,stop,715,0,0,1,0,0,0,0,0,0,0,0,0,0,0,0
instruct-0.7,T0501,1,stop,795,0,0,0,0,0,0,0,0,1,0,0,0,0,0,0
instruct-0.7,T0502,1,stop,463,0,0,0,0,0,0,0,0,0,0,0,0,0,0,0
instruct-0.7,T0503,1,length,751,0,0,0,0,0,0,0,0,0,0,0,0,0,0,0
instruct-0.7,T0504,1,stop,659,0,0,0,0,0,0,0,0,0,0,0,0,0,0,0
instruct-0.7,T0505,1,stop,744,0,0,0,0,0,0,0,0,0,0,0,0,0,0,0
instruct-0.7,T0506,1,stop,741,0,0,0,0,0,0,0,0,0,0,0,0,0,0,0
instruct-0.7,T0507,1,stop,716,0,0,0,0,0,0,0,0,0,0,0,0,0,0,0
instruct-0.7,T0508,1,stop,427,0,0,0,0,0,0,0,0,0,0,0,0,0,0,0
instruct-0.7,T0509,1,stop,693,0,0,0,0,0,0,0,0,0,0,0,0,0,0,0
instruct-0.7,T0510,1,length,747,0,0,0,0,0,0,1,0,1,0,0,0,0,0,0
instruct-0.7,T0511,1,length,639,0,0,0,0,0,0,0,0,0,0,0,0,0,0,0
instruct-0.7,T0512,1,length,797,0,0,0,0,0,0,1,0,0,0,0,0,0,0,0
instruct-0.7,T0513,1,stop,695,0,0,0,0,0,0,1,0,1,0,0,0,0,0,0
instruct-0.7,T0514,1,stop,94,0,0,0,0,0,0,0,0,0,0,0,0,0,0,0
instruct-0.7,T0515,1,stop,626,0,0,0,0,0,0,0,0,0,0,0,0,0,0,0
instruct-0.7,T0516,1,stop,613,0,0,1,0,0,0,0,0,0,0,0,0,0,0,0
instruct-0.7,T0517,1,stop,578,0,0,0,0,0,0,0,0,1,0,0,0,0,0,0
instruct-0.7,T0518,1,stop,686,0,0,0,0,0,0,0,0,0,0,0,0,2,0,0
instruct-0.7,T0519,1,length,693,0,0,0,0,0,0,0,0,0,0,0,0,0,0,0
instruct-0.7,T0520,1,length,831,0,0,0,0,0,0,0,0,1,0,0,0,0,0,0
instruct-0.7,T0521,1,stop,720,0,0,0,0,0,0,0,0,0,0,0,0,0,0,0
instruct-0.7,T0522,1,stop,593,0,0,0,0,0,0,1,0,2,0,0,0,0,0,0
instruct-0.7,T0523,1,length,820,0,0,0,0,0,0,0,0,0,0,0,0,0,0,0
instruct-0.7,T0524,1,stop,750,0,0,0,0,0,0,0,0,3,0,0,0,0,0,0
instruct-0.7,T0525,1,stop,654,0,0,0,0,0,0,0,0,0,0,0,0,0,0,0
instruct-0.7,T0526,1,stop,395,0,0,0,0,0,0,0,0,0,0,0,0,0,0,0
instruct-0.7,T0527,1,length,728,0,0,0,0,0,0,0,0,0,0,0,0,0,0,0
instruct-0.7,T0528,1,stop,753,0,0,0,0,0,0,0,0,0,0,0,0,0,0,0
instruct-0.7,T0529,1,stop,720,0,0,0,0,0,0,1,0,1,0,0,0,0,0,0
instruct-0.7,T0530,1,stop,616,0,0,0,0,0,0,0,0,0,0,0,0,0,0,0
instruct-0.7,T0531,1,stop,619,0,0,0,0,0,0,0,0,0,0,0,0,0,0,0
instruct-0.7,T0532,1,stop,713,0,0,0,0,0,0,0,0,0,0,0,0,0,0,0
instruct-0.7,T0533,1,stop,628,0,0,0,0,0,0,0,0,0,0,0,0,0,0,0
instruct-0.7,T0534,1,stop,717,0,0,0,0,0,0,1,0,2,0,0,0,0,0,0
instruct-0.7,T0535,1,stop,683,0,0,0,0,0,0,0,0,0,0,0,0,0,0,0
instruct-0.7,T0536,1,stop,687,0,0,0,0,0,0,0,0,1,0,0,0,0,0,0
instruct-0.7,T0537,1,stop,780,0,0,0,0,0,0,0,0,1,0,0,0,0,0,0
instruct-0.7,T0538,1,stop,699,0,0,0,0,0,0,0,0,0,0,0,0,0,0,0
instruct-0.7,T0539,1,length,792,0,0,0,0,0,0,0,0,0,0,0,0,1,0,0
instruct-0.7,T0540,1,length,653,0,0,0,0,0,0,0,0,0,0,0,0,0,0,0
instruct-0.7,T0541,1,stop,384,0,0,0,0,0,0,0,0,0,0,0,0,0,0,0
instruct-0.7,T0542,1,length,745,0,0,0,0,0,0,0,0,0,0,0,0,0,0,0
instruct-0.7,T0543,1,stop,722,0,0,0,0,0,0,0,0,0,0,0,0,0,0,0
instruct-0.7,T0544,1,length,773,0,0,0,0,0,0,0,0,0,0,0,0,0,0,0
instruct-0.7,T0545,1,length,834,0,0,0,0,0,0,0,0,0,0,0,0,0,0,0
instruct-0.7,T0546,1,stop,613,0,0,0,0,0,0,0,0,1,0,0,0,0,0,0
instruct-0.7,T0547,1,stop,679,0,0,0,0,0,0,0,0,0,0,0,0,0,0,0
instruct-0.7,T0548,1,stop,590,0,0,0,0,0,0,0,0,1,0,0,0,0,0,0
instruct-0.7,T0549,1,stop,571,0,0,0,0,0,0,0,0,0,0,0,0,0,0,0
instruct-0.7,T0550,1,length,738,0,0,0,0,0,0,1,0,0,0,0,0,0,0,0
instruct-0.7,T0551,1,length,706,0,0,0,0,0,0,0,0,0,0,0,0,0,0,0
instruct-0.7,T0552,1,stop,683,0,0,0,0,0,0,0,0,0,0,0,0,0,0,0
instruct-0.7,T0553,1,stop,738,0,0,0,0,0,0,0,0,1,0,0,0,0,0,0
instruct-0.7,T0554,1,length,740,0,0,0,0,0,0,0,0,2,0,0,0,0,0,0
instruct-0.7,T0555,1,stop,791,0,0,0,0,0,0,0,0,1,0,0,0,0,0,0
instruct-0.7,T0556,1,stop,549,0,0,0,0,0,0,0,0,0,0,0,0,0,0,0
instruct-0.7,T0557,1,length,765,1,0,0,0,0,0,0,0,1,1,0,0,0,0,0
instruct-0.7,T0558,1,length,770,0,0,1,0,0,0,0,0,0,0,0,0,0,0,0
instruct-0.7,T0559,1,stop,600,0,0,0,0,0,0,1,0,1,0,0,0,0,0,0
instruct-0.7,T0560,1,stop,650,0,0,0,0,0,0,0,0,1,1,0,0,0,0,0
instruct-0.7,T0561,1,stop,660,0,0,0,0,0,0,0,0,1,0,0,0,0,0,0
instruct-0.7,T0562,1,stop,453,0,0,0,0,0,0,0,0,1,0,0,0,0,0,0
instruct-0.7,T0563,1,stop,736,0,0,0,0,0,0,1,0,1,0,0,0,0,0,0
instruct-0.7,T0564,1,stop,729,0,0,0,0,0,0,0,0,1,0,0,0,0,0,0
instruct-0.7,T0565,1,length,767,0,0,0,0,0,0,0,0,1,0,0,0,0,0,0
instruct-0.7,T0566,1,stop,515,0,0,0,0,0,0,0,0,0,0,0,0,0,0,0
instruct-0.7,T0567,1,length,821,0,0,0,0,0,0,1,0,0,0,0,0,0,0,0
instruct-0.7,T0568,1,length,677,0,0,0,0,0,0,0,0,0,0,0,0,0,0,0
instruct-0.7,T0569,1,stop,673,0,0,0,0,0,0,0,0,0,0,0,0,0,0,0
instruct-0.7,T0570,1,stop,746,0,0,0,0,0,0,0,0,2,0,0,0,0,0,0
instruct-0.7,T0571,1,length,703,0,0,0,0,0,0,0,0,0,0,0,0,0,0,0
instruct-0.7,T0572,1,stop,555,0,0,0,0,0,0,0,0,2,0,0,0,0,0,0
instruct-0.7,T0573,1,stop,701,0,0,0,0,0,0,0,0,0,0,0,0,0,0,0
instruct-0.7,T0574,1,length,847,0,0,0,0,0,0,0,0,0,0,0,0,0,0,0
instruct-0.7,T0575,1,stop,539,0,0,0,0,0,0,0,0,1,0,0,0,0,0,0
instruct-0.7,T0576,1,stop,528,0,0,0,0,0,0,1,0,0,0,0,0,2,0,0
instruct-0.7,T0577,1,stop,593,0,0,0,0,0,0,0,0,0,0,0,0,0,0,0
instruct-0.7,T0578,1,stop,746,0,0,0,0,0,0,0,0,1,0,0,0,0,0,0
instruct-0.7,T0579,1,length,817,0,0,0,0,0,0,0,0,0,0,0,0,0,0,0
instruct-0.7,T0580,1,length,764,0,0,0,0,0,0,0,0,0,0,0,0,0,0,0
instruct-0.7,T0581,1,stop,704,0,0,0,0,0,0,0,0,2,0,0,0,0,0,0
instruct-0.7,T0582,1,stop,747,0,0,0,0,0,0,0,0,0,0,0,0,0,0,0
instruct-0.7,T0583,1,length,675,0,0,0,0,0,0,0,0,0,0,0,0,0,0,0
instruct-0.7,T0584,1,stop,621,0,0,0,0,0,0,0,0,0,0,0,0,0,0,0
instruct-0.7,T0585,1,stop,520,0,0,0,0,0,0,0,0,0,0,0,0,0,0,0
instruct-0.7,T0586,1,stop,717,0,0,0,0,0,0,0,0,0,0,0,0,0,0,0
instruct-0.7,T0587,1,stop,731,0,0,0,0,0,0,0,0,0,0,0,0,0,0,0
instruct-0.7,T0588,1,stop,701,0,0,0,0,0,0,0,0,0,0,0,0,0,0,0
instruct-0.7,T0589,1,stop,739,0,0,0,0,0,0,0,0,0,0,0,0,0,0,0
instruct-0.7,T0590,1,stop,595,0,0,0,0,0,0,0,0,2,0,0,0,0,0,0
instruct-0.7,T0591,1,stop,697,0,0,0,0,0,0,0,0,0,0,0,0,0,0,0
instruct-0.7,T0592,1,stop,771,0,0,0,0,0,0,1,0,2,0,0,0,0,0,0
instruct-0.7,T0593,1,length,823,0,0,0,0,0,0,0,0,0,0,0,0,0,0,0
instruct-0.7,T0594,1,stop,619,0,0,0,0,0,0,0,0,0,0,0,0,0,0,0
instruct-0.7,T0595,1,length,732,0,0,0,0,0,0,0,0,0,0,0,0,0,0,0
instruct-0.7,T0596,1,length,779,0,0,0,0,0,0,0,0,1,0,0,0,0,0,0
instruct-0.7,T0597,1,stop,734,0,0,0,0,0,0,0,0,0,0,0,0,0,0,0
instruct-0.7,T0598,1,stop,495,0,0,0,0,0,0,0,0,0,0,0,0,0,0,0
instruct-0.7,T0599,1,length,833,0,0,0,0,0,0,0,0,0,1,0,0,0,0,0
instruct-0.7,T0600,1,stop,681,0,0,0,0,0,0,0,0,0,0,0,0,0,0,0
instruct-0.7,T0601,1,stop,512,0,0,0,0,0,0,0,0,0,0,0,0,0,0,0
instruct-0.7,T0602,1,stop,661,0,0,0,0,0,0,0,0,0,0,0,0,0,0,0
instruct-0.7,T0603,1,length,742,0,0,0,0,0,0,0,0,1,0,0,0,0,0,0
instruct-0.7,T0604,1,stop,457,0,0,0,0,0,0,0,0,0,0,0,0,0,0,0
instruct-0.7,T0605,1,stop,772,0,0,0,0,0,0,0,0,0,0,0,0,0,0,0
instruct-0.7,T0606,1,length,767,0,0,0,0,0,0,0,0,0,0,0,0,0,0,0
instruct-0.7,T0607,1,stop,566,0,0,0,0,0,0,0,0,2,0,0,0,0,0,0
instruct-0.7,T0608,1,stop,413,0,0,0,0,0,0,0,0,0,0,0,0,0,0,0
instruct-0.7,T0609,1,stop,520,0,0,0,0,0,0,0,0,0,0,0,0,0,0,0
instruct-0.7,T0610,1,length,753,0,0,0,0,0,0,0,0,0,0,0,0,0,0,0
instruct-0.7,T0611,1,stop,553,0,0,0,0,0,0,0,0,0,0,0,0,0,0,0
instruct-0.7,T0612,1,length,766,0,0,0,0,0,0,0,0,0,0,0,0,0,0,0
instruct-0.7,T0613,1,stop,516,0,0,0,0,0,0,0,0,2,0,0,0,0,0,0
instruct-0.7,T0614,1,stop,680,0,0,0,0,0,0,1,0,1,0,0,0,0,0,0
instruct-0.7,T0615,1,stop,656,0,0,0,0,0,0,0,0,1,0,0,0,0,0,0
instruct-0.7,T0616,1,length,695,0,0,0,0,0,0,0,0,1,0,0,0,0,0,0
instruct-0.7,T0617,1,stop,679,0,0,0,0,0,0,0,0,0,0,0,0,0,0,0
instruct-0.7,T0618,1,stop,672,0,0,0,0,0,0,0,0,2,0,0,0,0,0,0
instruct-0.7,T0619,1,length,703,0,0,0,0,0,0,0,0,0,0,0,0,0,0,0
instruct-0.7,T0620,1,stop,396,0,0,0,0,0,0,0,0,0,0,0,0,0,0,0
instruct-0.7,T0621,1,stop,623,0,0,0,0,0,0,0,0,1,0,0,0,0,0,0
instruct-0.7,T0622,1,length,758,0,0,0,0,0,0,0,0,0,0,0,0,0,0,0
instruct-0.7,T0623,1,stop,603,0,0,0,0,0,0,0,0,0,0,0,0,0,0,0
instruct-0.7,T0624,1,stop,624,0,0,0,0,0,0,0,0,0,0,0,0,0,0,0
instruct-0.7,T0625,1,stop,614,0,0,0,0,0,0,0,0,0,0,0,0,0,0,0
instruct-0.7,T0626,1,stop,721,0,0,0,0,0,0,0,0,1,0,0,0,0,0,0
instruct-0.7,T0627,1,length,776,0,0,0,0,0,0,0,0,0,0,0,0,0,0,0
instruct-0.7,T0628,1,stop,641,0,0,0,0,0,0,0,0,1,0,0,0,0,0,0
instruct-0.7,T0629,1,stop,469,0,0,0,0,0,0,0,0,0,0,0,0,0,0,0
instruct-0.7,T0630,1,stop,530,0,0,0,0,0,0,0,0,0,0,0,0,0,0,0
instruct-0.7,T0631,1,length,810,0,0,0,0,0,0,0,1,1,0,0,0,0,0,0
instruct-0.7,T0632,1,stop,474,1,0,0,0,0,0,0,0,0,0,0,0,0,0,0
instruct-0.7,T0633,1,length,747,0,0,0,0,0,0,0,0,0,0,0,0,0,0,0
instruct-0.7,T0634,1,length,804,0,0,0,0,0,0,0,0,0,0,0,0,0,0,0
instruct-0.7,T0635,1,stop,705,0,0,0,0,0,0,0,0,0,0,0,0,0,0,0
instruct-0.7,T0636,1,stop,599,0,0,0,0,0,0,0,0,2,0,0,0,0,0,0
instruct-0.7,T0637,1,stop,716,0,0,0,0,0,0,0,0,0,0,0,0,0,0,0
instruct-0.7,T0638,1,stop,513,0,0,0,0,0,0,0,0,0,0,0,0,0,0,0
instruct-0.7,T0639,1,stop,552,0,0,0,0,0,0,0,0,0,0,0,0,0,0,0
instruct-0.7,T0640,1,stop,426,0,0,0,0,0,0,0,0,0,0,0,0,0,0,0
instruct-0.7,T0641,1,length,773,0,0,0,0,0,0,0,0,0,0,0,0,1,0,0
instruct-0.7,T0642,1,stop,654,0,0,0,0,0,0,0,0,0,0,0,0,0,0,0
instruct-0.7,T0643,1,length,752,0,0,0,0,0,0,0,0,0,0,0,0,0,0,0
instruct-0.7,T0644,1,length,802,0,0,0,0,0,0,0,0,0,0,0,0,0,0,0
instruct-0.7,T0645,1,stop,588,0,0,0,0,0,0,0,0,0,0,0,0,0,0,0
instruct-0.7,T0646,1,length,788,0,0,0,0,0,0,0,0,0,0,0,0,0,0,0
instruct-0.7,T0647,1,stop,670,0,0,0,0,0,0,0,0,0,0,0,0,0,0,0
instruct-0.7,T0648,1,stop,562,0,0,0,0,0,0,0,0,0,0,0,0,0,0,0
instruct-0.7,T0649,1,stop,630,0,0,0,0,0,0,0,0,1,0,0,0,0,0,0
instruct-0.7,T0650,1,stop,657,0,0,0,0,0,0,0,0,0,0,0,0,1,0,0
instruct-0.7,T0651,1,length,777,0,0,0,0,0,0,0,0,0,0,0,0,0,0,0
instruct-0.7,T0652,1,length,682,0,0,0,0,0,0,0,0,0,0,0,0,0,0,0
instruct-0.7,T0653,1,stop,711,0,0,0,0,0,0,0,0,0,0,0,0,0,0,0
instruct-0.7,T0654,1,stop,730,0,0,0,0,0,0,1,0,0,0,0,0,0,0,0
instruct-0.7,T0655,1,length,439,0,0,0,0,0,0,0,0,0,0,0,0,0,0,0
instruct-0.7,T0656,1,stop,662,0,0,0,0,0,0,0,0,0,0,0,0,0,0,0
instruct-0.7,T0657,1,stop,775,0,0,0,0,0,0,1,0,1,0,0,0,0,0,0
instruct-0.7,T0658,1,stop,693,0,0,0,0,0,0,0,0,0,0,0,0,0,0,0
instruct-0.7,T0659,1,stop,577,1,0,0,0,0,0,0,0,0,0,0,0,0,0,0
instruct-0.7,T0660,1,stop,477,0,0,0,0,0,0,1,0,1,0,0,0,0,0,0
instruct-0.7,T0661,1,stop,671,0,0,0,0,0,0,1,0,0,0,0,0,0,0,0
instruct-0.7,T0662,1,length,833,0,0,0,0,0,0,1,0,2,0,0,0,0,0,0
instruct-0.7,T0663,1,length,764,0,0,0,0,0,0,0,0,0,0,0,0,0,0,0
instruct-0.7,T0664,1,stop,571,0,0,0,0,0,0,0,0,0,0,0,0,0,0,0
instruct-0.7,T0665,1,stop,414,0,0,0,0,0,0,0,0,0,0,0,0,0,0,0
instruct-0.7,T0666,1,stop,639,0,0,0,0,0,0,0,0,0,0,0,0,0,0,0
instruct-0.7,T0667,1,stop,446,0,0,0,0,0,0,0,0,2,0,0,0,1,0,0
instruct-0.7,T0668,1,stop,587,0,0,0,0,0,0,0,0,1,0,0,0,0,0,0
instruct-0.7,T0669,1,stop,609,0,0,0,0,0,0,0,0,1,0,0,0,0,0,0
instruct-0.7,T0670,1,length,835,0,0,0,0,0,0,0,0,0,0,0,0,0,0,0
instruct-0.7,T0671,1,stop,730,0,0,0,0,0,0,0,0,0,1,0,0,0,0,0
instruct-0.7,T0672,1,stop,450,0,0,0,0,0,0,0,0,0,0,0,0,0,0,0
instruct-0.7,T0673,1,stop,596,0,0,0,0,0,0,0,0,0,0,0,0,0,0,0
instruct-0.7,T0674,1,stop,543,0,0,0,0,0,0,0,0,0,0,0,0,0,0,0
instruct-0.7,T0675,1,stop,762,0,0,0,0,0,0,0,0,1,0,0,0,0,0,0
instruct-0.7,T0676,1,stop,623,0,0,0,0,0,0,0,0,0,0,0,0,0,0,0
instruct-0.7,T0677,1,stop,624,0,0,1,0,0,0,0,0,1,0,0,0,0,0,0
instruct-0.7,T0678,1,stop,715,0,0,0,0,0,0,0,0,0,0,0,0,0,0,0
instruct-0.7,T0679,1,length,807,0,0,0,0,0,0,0,0,0,0,0,0,0,0,0
instruct-0.7,T0680,1,stop,452,0,0,0,0,0,0,1,0,1,0,0,0,0,0,0
instruct-0.7,T0681,1,length,710,0,0,0,0,0,0,0,0,0,0,0,0,0,0,0
instruct-0.7,T0682,1,stop,654,0,0,0,0,0,0,0,0,0,0,0,0,0,0,0
instruct-0.7,T0683,1,stop,609,0,0,0,0,0,0,0,0,0,0,0,0,0,0,0
instruct-0.7,T0684,1,length,709,0,0,0,0,0,0,0,0,1,0,0,0,0,0,0
instruct-0.7,T0685,1,stop,363,0,0,0,0,0,0,0,0,0,0,0,0,0,0,0
instruct-0.7,T0686,1,stop,642,0,0,0,0,0,0,0,0,0,0,0,0,0,0,0
instruct-0.7,T0687,1,stop,767,0,0,0,0,0,0,0,0,0,0,0,0,0,0,0
instruct-0.7,T0688,1,stop,730,0,0,0,0,0,0,0,0,0,0,0,0,0,0,0
instruct-0.7,T0689,1,length,815,0,0,0,0,0,0,0,0,1,0,0,0,0,0,0
instruct-0.7,T0690,1,length,777,0,0,0,0,0,0,1,0,1,0,0,0,0,0,0
instruct-0.7,T0691,1,stop,629,0,0,0,0,0,0,0,0,0,0,0,0,0,0,0
instruct-0.7,T0692,1,stop,738,0,0,0,0,0,0,1,0,0,0,0,0,0,0,0
instruct-0.7,T0693,1,stop,396,0,0,0,0,0,0,0,0,0,0,0,0,0,0,0
instruct-0.7,T0694,1,length,794,0,0,0,0,0,0,0,0,1,0,0,0,0,0,0
instruct-0.7,T0695,1,length,749,0,0,0,0,0,0,0,0,0,0,0,0,0,0,0
instruct-0.7,T0696,1,stop,718,0,0,0,0,0,0,0,0,1,0,0,0,0,0,0
instruct-0.7,T0697,1,stop,426,0,0,0,0,0,0,0,0,0,0,0,0,0,0,0
instruct-0.7,T0698,1,stop,575,0,0,0,0,0,0,1,0,1,0,0,0,0,0,0
instruct-0.7,T0699,1,stop,658,0,0,0,0,0,0,1,0,1,0,0,0,1,0,0
instruct-0.7,T0700,1,stop,503,0,0,0,0,0,0,0,0,0,0,0,0,0,0,0
instruct-0.7,T0701,1,length,840,0,0,0,0,0,0,0,0,0,0,0,0,0,0,0
instruct-0.7,T0702,1,stop,743,0,0,0,0,0,0,0,0,0,0,0,0,0,0,0
instruct-0.7,T0703,1,length,750,0,0,0,0,0,0,0,0,0,0,0,0,0,0,0
instruct-0.7,T0704,1,stop,685,0,0,0,0,0,0,0,0,0,0,0,0,0,0,0
instruct-0.7,T0705,1,length,786,0,0,1,0,0,0,0,0,0,0,0,0,0,0,0
instruct-0.7,T0706,1,length,767,0,0,0,0,0,0,0,0,0,0,0,0,0,0,0
instruct-0.7,T0707,1,stop,696,0,0,0,0,0,0,0,0,1,0,0,0,0,0,0
instruct-0.7,T0708,1,stop,698,0,0,0,0,0,0,0,0,0,0,0,0,0,0,0
instruct-0.7,T0709,1,length,781,0,0,0,0,0,0,0,0,0,0,0,0,0,0,0
instruct-0.7,T0710,1,stop,269,0,0,0,0,0,0,0,0,0,0,0,0,0,0,0
instruct-0.7,T0711,1,stop,669,0,0,0,0,0,0,0,0,0,0,0,0,0,0,0
instruct-0.7,T0712,1,stop,709,1,0,0,0,0,0,0,0,1,0,0,0,0,0,0
instruct-0.7,T0713,1,stop,593,0,0,0,0,0,0,0,0,2,0,0,0,0,0,0
instruct-0.7,T0714,1,length,709,0,0,0,0,0,0,0,0,2,0,0,0,0,0,0
instruct-0.7,T0715,1,stop,729,0,0,0,0,0,0,0,0,0,0,0,0,0,0,0
instruct-0.7,T0716,1,stop,597,0,0,0,0,0,0,0,0,0,0,0,0,0,0,0
instruct-0.7,T0717,1,stop,711,0,0,0,0,0,0,0,0,0,0,0,0,0,0,0
instruct-0.7,T0718,1,stop,394,0,0,0,0,0,0,0,0,0,0,0,0,0,0,0
instruct-0.7,T0719,1,length,726,0,0,0,0,0,0,0,0,1,0,0,0,0,0,0
instruct-0.7,T0720,1,length,743,0,0,0,0,0,0,1,0,0,0,0,0,0,0,0
instruct-0.7,T0721,1,stop,560,0,0,0,0,0,0,0,0,0,0,0,0,0,0,0
instruct-0.7,T0722,1,stop,694,0,0,0,0,0,0,0,0,0,0,0,0,0,0,0
instruct-0.7,T0723,1,stop,614,0,0,0,0,0,0,0,0,1,0,0,0,0,0,0
instruct-0.7,T0724,1,stop,765,0,0,0,0,0,0,0,0,2,0,0,0,0,0,0
instruct-0.7,T0725,1,length,738,0,0,0,0,0,0,0,0,0,0,0,0,0,0,0
instruct-0.7,T0726,1,stop,683,0,0,0,0,0,0,0,0,0,1,0,0,0,0,0
instruct-0.7,T0727,1,length,788,0,0,0,0,0,0,0,0,0,0,0,0,0,0,0
instruct-0.7,T0728,1,stop,431,0,0,0,1,0,0,0,0,0,0,0,0,0,0,0
instruct-0.7,T0729,1,stop,668,0,0,0,0,0,0,0,0,0,0,0,0,0,0,0
instruct-0.7,T0730,1,stop,546,0,0,0,0,0,0,0,0,0,0,0,0,0,0,0
instruct-0.7,T0731,1,length,779,0,0,0,0,0,0,0,0,1,0,0,0,0,0,0
instruct-0.7,T0732,1,stop,722,0,0,0,0,0,0,1,0,1,0,0,0,0,0,0
instruct-0.7,T0733,1,length,730,0,0,0,0,0,0,0,0,0,0,0,0,0,0,0
instruct-0.7,T0734,1,stop,567,0,0,0,0,0,0,1,0,1,0,0,0,0,0,0
instruct-0.7,T0735,1,stop,781,0,0,0,0,0,0,0,0,1,0,0,0,0,0,0
instruct-0.7,T0736,1,stop,732,0,0,0,0,0,0,0,0,0,0,0,0,0,0,0
instruct-0.7,T0737,1,stop,463,0,0,0,0,0,0,0,0,1,0,0,0,0,0,0
instruct-0.7,T0738,1,stop,706,0,0,0,0,0,0,0,0,0,0,0,0,0,0,0
instruct-0.7,T0739,1,stop,440,0,0,0,0,0,0,0,0,0,0,0,0,0,0,0
instruct-0.7,T0740,1,stop,630,0,0,0,0,0,0,0,0,2,0,0,0,0,0,0
instruct-0.7,T0741,1,stop,523,0,0,0,0,0,0,0,0,0,0,0,0,0,0,0
instruct-0.7,T0742,1,stop,569,0,0,0,0,0,0,0,0,0,0,0,0,0,0,0
instruct-0.7,T0743,1,stop,780,0,0,0,0,0,0,0,0,0,0,0,0,0,0,0
instruct-0.7,T0744,1,stop,739,0,0,0,0,0,0,0,0,0,0,0,0,0,0,0
instruct-0.7,T0745,1,stop,692,0,0,0,0,0,0,0,0,0,0,0,0,0,0,0
instruct-0.7,T0746,1,stop,488,0,0,0,0,0,0,0,0,0,0,0,0,0,0,0
instruct-0.7,T0747,1,stop,696,0,0,0,0,0,0,0,0,1,0,0,0,0,0,0
instruct-0.7,T0748,1,stop,638,0,0,0,0,0,0,0,0,1,0,0,0,0,0,0
instruct-0.7,T0749,1,length,779,0,0,0,0,0,0,0,0,1,0,0,0,0,0,0
instruct-0.7,T0750,1,length,817,0,0,0,0,0,0,0,0,0,0,0,0,0,0,0
instruct-0.7,T0751,1,stop,469,0,0,0,0,0,0,0,0,0,0,0,0,0,0,0
instruct-0.7,T0752,1,length,733,0,0,0,0,0,0,0,0,0,0,0,0,0,0,0
instruct-0.7,T0753,1,stop,735,0,0,0,0,0,0,0,0,0,0,0,0,0,0,0
instruct-0.7,T0754,1,length,720,0,0,0,0,0,0,0,0,0,0,0,0,0,0,0
instruct-0.7,T0755,1,stop,690,0,0,0,0,0,0,1,0,0,0,0,0,0,0,0
instruct-0.7,T0756,1,stop,597,0,0,0,0,0,0,0,0,0,0,0,0,0,0,0
instruct-0.7,T0757,1,length,806,0,0,0,0,0,0,0,0,2,0,0,0,0,0,0
instruct-0.7,T0758,1,length,797,0,0,0,0,0,0,0,0,1,0,0,0,0,0,0
instruct-0.7,T0759,1,stop,552,0,0,0,0,0,0,0,0,0,0,0,0,0,0,0
instruct-0.7,T0760,1,stop,601,0,0,0,0,0,0,0,0,0,0,0,0,0,0,0
instruct-0.7,T0761,1,stop,622,0,0,0,0,0,0,0,0,0,0,0,0,0,0,0
instruct-0.7,T0762,1,stop,462,0,0,0,0,0,0,0,0,0,0,0,0,0,0,0
instruct-0.7,T0763,1,stop,608,0,0,0,0,0,0,0,0,0,0,0,0,0,0,0
instruct-0.7,T0764,1,stop,472,0,0,0,0,0,0,0,0,0,0,0,0,0,0,0
instruct-0.7,T0765,1,length,716,0,0,0,0,0,0,0,0,0,0,0,0,0,0,0
instruct-0.7,T0766,1,stop,495,0,0,0,0,0,0,0,0,0,0,0,0,0,0,0
instruct-0.7,T0767,1,stop,457,0,0,0,0,0,0,0,0,0,0,0,0,0,0,0
instruct-0.7,T0768,1,stop,765,0,0,0,0,0,0,0,0,3,0,0,0,0,0,0
instruct-0.7,T0769,1,stop,614,0,0,0,0,0,0,0,0,0,0,0,0,0,0,0
instruct-0.7,T0770,1,stop,554,0,0,0,0,0,0,0,0,1,0,0,0,0,0,0
instruct-0.7,T0771,1,length,864,0,0,0,0,0,0,0,0,0,0,0,0,0,0,0
instruct-0.7,T0772,1,length,808,0,0,0,0,0,0,0,0,0,0,0,0,0,0,0
instruct-0.7,T0773,1,stop,695,0,0,0,0,0,0,0,0,0,0,0,0,0,0,0
instruct-0.7,T0774,1,length,842,0,0,0,0,0,0,0,0,0,0,0,0,0,0,0
instruct-0.7,T0775,1,length,783,0,0,0,0,0,0,0,0,0,0,0,0,0,0,0
instruct-0.7,T0776,1,stop,706,0,0,1,0,0,0,0,0,0,0,0,0,0,0,0
instruct-0.7,T0777,1,length,735,0,0,0,0,0,0,0,0,0,0,0,0,0,0,0
instruct-0.7,T0778,1,stop,682,0,0,0,0,0,0,0,0,2,0,0,0,0,0,0
instruct-0.7,T0779,1,length,693,0,0,0,0,0,0,0,0,0,0,0,0,0,0,0
instruct-0.7,T0780,1,length,820,0,0,0,0,0,0,0,0,2,0,0,0,0,0,0
instruct-0.7,T0781,1,stop,574,0,0,0,0,0,0,0,0,1,0,0,0,0,0,0
instruct-0.7,T0782,1,stop,629,0,0,0,0,0,0,0,0,0,0,0,0,0,0,0
instruct-0.7,T0783,1,length,758,0,0,0,0,0,0,0,0,1,0,0,0,0,0,0
instruct-0.7,T0784,1,stop,532,0,0,0,0,0,0,0,1,0,0,0,0,0,0,0
instruct-0.7,T0785,1,stop,561,0,0,0,0,0,0,0,0,2,0,0,0,1,0,0
instruct-0.7,T0786,1,stop,473,0,0,0,0,0,0,0,0,0,0,0,0,0,0,0
instruct-0.7,T0787,1,stop,655,0,0,0,0,0,0,0,0,2,0,0,0,0,0,0
instruct-0.7,T0788,1,length,755,0,0,0,0,0,0,0,0,0,0,0,0,0,0,0
instruct-0.7,T0789,1,stop,411,0,0,0,0,0,0,0,0,0,0,0,0,0,0,0
instruct-0.7,T0790,1,stop,671,0,0,1,0,0,0,0,0,0,0,0,0,0,0,0
instruct-0.7,T0791,1,length,715,0,0,0,0,0,0,0,0,2,0,0,0,0,0,0
instruct-0.7,T0792,1,stop,628,0,0,0,0,0,0,0,0,1,0,0,0,0,0,0
instruct-0.7,T0793,1,stop,737,0,0,0,0,0,0,0,0,1,0,0,0,0,0,0
instruct-0.7,T0794,1,length,825,0,0,0,0,0,0,0,0,3,0,0,0,0,0,0
instruct-0.7,T0795,1,stop,735,0,0,0,0,0,0,0,0,0,0,0,0,0,0,0
instruct-0.7,T0796,1,stop,776,0,0,0,0,0,0,0,0,1,0,0,0,0,0,0
instruct-0.7,T0797,1,stop,358,0,0,0,0,0,0,1,0,0,0,0,0,0,0,0
instruct-0.7,T0798,1,stop,478,0,0,0,0,0,0,0,0,0,0,0,0,0,0,0
instruct-0.7,T0799,1,stop,637,0,0,0,0,0,0,0,0,1,0,0,0,0,0,0
instruct-0.7,T0800,1,stop,700,0,0,0,0,0,0,0,0,0,0,0,0,0,0,0
instruct-0.7,T0801,1,stop,679,0,0,0,0,0,0,2,0,0,0,0,0,0,0,0
instruct-0.7,T0802,1,stop,751,0,0,0,0,0,0,0,0,0,0,0,0,0,0,0
instruct-0.7,T0803,1,stop,482,0,0,0,0,0,0,0,0,1,0,0,0,0,0,0
instruct-0.7,T0804,1,stop,645,0,0,0,0,0,0,0,0,0,0,0,0,0,0,0
instruct-0.7,T0805,1,stop,585,0,0,0,0,0,0,0,0,0,0,0,0,0,0,0
instruct-0.7,T0806,1,stop,634,0,0,0,0,0,0,0,0,1,0,0,0,0,0,0
instruct-0.7,T0807,1,stop,639,0,0,0,0,0,0,0,0,1,0,0,0,0,0,0
instruct-0.7,T0808,1,stop,738,0,0,0,0,0,0,0,0,0,1,0,0,0,0,0
instruct-0.7,T0809,1,stop,575,0,0,0,0,0,0,0,0,0,0,0,0,0,0,0
instruct-0.7,T0810,1,stop,812,0,0,0,0,0,0,0,0,0,0,0,0,0,0,0
instruct-0.7,T0811,1,stop,665,0,0,0,0,0,0,0,0,0,0,0,0,0,0,0
instruct-0.7,T0812,1,stop,562,0,0,0,0,0,0,0,0,0,0,0,0,0,0,0
instruct-0.7,T0813,1,stop,467,0,0,0,0,0,0,0,0,0,0,0,0,0,0,0
instruct-0.7,T0814,1,stop,459,0,0,0,0,0,0,0,0,2,0,0,0,1,0,0
instruct-0.7,T0815,1,stop,771,0,0,0,0,0,0,0,0,1,0,0,0,0,0,0
instruct-0.7,T0816,1,stop,613,0,0,0,0,0,0,0,0,0,0,0,0,0,0,0
instruct-0.7,T0817,1,length,749,0,0,0,0,0,0,0,0,1,0,0,0,0,0,0
instruct-0.7,T0818,1,stop,828,0,0,0,0,0,0,1,0,0,0,0,0,0,0,0
instruct-0.7,T0819,1,stop,760,0,0,0,0,0,0,0,0,0,0,0,0,0,0,0
instruct-0.7,T0820,1,stop,808,0,0,0,0,0,0,0,0,1,0,0,0,0,0,0
instruct-0.7,T0821,1,stop,455,0,0,0,0,0,0,0,0,0,0,0,0,0,0,0
instruct-0.7,T0822,1,stop,686,0,0,0,0,0,0,0,0,0,0,0,0,0,0,0
instruct-0.7,T0823,1,stop,385,0,0,0,0,0,0,0,0,0,0,0,0,0,0,0
instruct-0.7,T0824,1,stop,594,0,0,0,0,0,0,0,0,0,0,0,0,0,0,0
instruct-0.7,T0825,1,stop,610,0,0,0,0,0,0,0,0,0,0,0,0,0,0,0
instruct-0.7,T0826,1,length,802,0,0,0,0,0,0,0,0,1,0,0,0,0,0,0
instruct-0.7,T0827,1,stop,611,0,0,0,0,0,0,0,0,0,0,0,0,0,0,0
instruct-0.7,T0828,1,stop,565,0,0,0,0,0,0,0,0,0,0,0,0,0,0,0
instruct-0.7,T0829,1,stop,591,0,0,0,0,0,0,0,0,0,0,0,0,0,0,0
instruct-0.7,T0830,1,stop,499,0,0,0,0,0,0,0,0,0,0,0,0,0,0,0
instruct-0.7,T0831,1,stop,489,0,0,0,0,0,0,0,0,0,0,0,0,0,0,0
instruct-0.7,T0832,1,stop,691,1,0,0,0,0,0,0,0,1,0,0,0,0,0,0
instruct-0.7,T0833,1,stop,760,0,0,0,0,0,0,0,0,0,0,0,0,0,0,0
instruct-0.7,T0834,1,length,818,0,0,0,0,0,0,0,0,1,0,0,0,0,0,0
instruct-0.7,T0835,1,stop,652,0,0,0,0,0,0,0,0,0,0,0,0,0,0,0
instruct-0.7,T0836,1,length,766,0,0,0,0,0,0,0,0,1,0,0,0,0,0,0
instruct-0.7,T0837,1,length,743,0,0,0,0,0,0,0,0,0,0,0,0,0,0,0
instruct-0.7,T0838,1,stop,382,0,0,0,0,0,0,0,0,1,0,0,0,0,0,0
instruct-0.7,T0839,1,stop,635,0,0,0,0,0,0,0,0,0,0,0,0,0,0,0
instruct-0.7,T0840,1,stop,648,0,0,0,0,0,0,1,0,1,0,0,0,0,0,0
instruct-0.7,T0841,1,length,774,0,0,0,0,0,0,0,0,0,0,0,0,0,0,0
instruct-0.7,T0842,1,stop,629,0,0,0,0,0,0,0,0,0,0,0,0,0,0,0
instruct-0.7,T0843,1,length,761,0,0,0,0,0,0,0,0,0,0,0,0,0,0,0
instruct-0.7,T0844,1,stop,609,0,0,0,0,0,0,0,0,1,0,0,0,0,0,0
instruct-0.7,T0845,1,stop,548,0,0,0,0,0,0,0,0,1,0,0,0,0,0,0
instruct-0.7,T0846,1,length,743,0,0,0,0,0,0,0,0,2,0,0,0,0,0,0
instruct-0.7,T0847,1,stop,574,0,0,1,0,0,0,0,0,1,0,0,0,0,0,0
instruct-0.7,T0848,1,stop,637,0,0,0,0,0,0,0,0,1,0,0,0,0,0,0
instruct-0.7,T0849,1,stop,621,0,0,0,0,0,0,0,0,0,0,0,0,0,0,0
instruct-0.7,T0850,1,stop,473,0,0,0,0,0,0,0,0,0,0,0,0,1,0,0
instruct-0.7,T0851,1,length,811,0,0,0,0,0,0,0,0,0,0,0,0,0,0,0
instruct-0.7,T0852,1,length,769,0,0,0,0,0,0,0,0,0,0,0,0,0,0,0
instruct-0.7,T0853,1,length,720,0,1,1,0,0,0,0,0,0,0,0,0,0,0,0
instruct-0.7,T0854,1,stop,507,0,0,0,0,0,0,0,0,0,0,0,0,0,0,0
instruct-0.7,T0855,1,stop,552,0,0,0,0,0,0,1,0,1,0,0,0,0,0,0
instruct-0.7,T0856,1,stop,749,0,0,0,0,0,0,0,0,0,0,0,0,0,0,0
instruct-0.7,T0857,1,stop,426,0,0,0,0,0,0,1,0,0,0,0,0,0,0,0
instruct-0.7,T0858,1,length,739,0,0,0,0,0,0,0,0,0,0,0,0,0,0,0
instruct-0.7,T0859,1,length,801,0,0,1,0,0,0,0,0,2,0,0,0,0,1,0
instruct-0.7,T0860,1,stop,663,0,0,0,0,0,0,0,0,0,0,0,0,0,0,0
instruct-0.7,T0861,1,length,760,0,0,0,0,0,0,0,0,1,0,0,0,0,0,0
instruct-0.7,T0862,1,stop,730,0,0,0,0,0,0,0,0,0,0,0,0,0,0,0
instruct-0.7,T0863,1,stop,646,0,0,0,0,0,0,0,0,0,0,0,0,0,0,0
instruct-0.7,T0864,1,stop,690,0,0,0,0,0,0,0,0,0,0,0,0,0,0,0
instruct-0.7,T0865,1,stop,726,0,0,0,0,0,0,0,0,0,0,0,0,0,0,0
instruct-0.7,T0866,1,length,765,0,0,0,0,0,0,0,0,1,0,0,0,0,0,0
instruct-0.7,T0867,1,stop,468,0,0,0,0,0,0,0,0,0,1,0,0,0,0,0
instruct-0.7,T0868,1,stop,602,0,0,0,0,0,0,0,0,0,0,0,0,0,0,0
instruct-0.7,T0869,1,stop,529,0,0,0,0,0,0,0,0,0,0,0,0,0,0,0
instruct-0.7,T0870,1,stop,410,0,0,1,0,0,0,0,0,0,0,0,0,0,0,0
instruct-0.7,T0871,1,length,768,0,0,0,0,0,0,0,0,0,0,0,0,0,0,0
instruct-0.7,T0872,1,stop,663,0,0,1,0,0,0,0,0,1,0,0,0,0,0,0
instruct-0.7,T0873,1,stop,621,0,0,0,0,0,0,0,0,0,0,0,0,0,0,0
instruct-0.7,T0874,1,stop,651,0,0,0,0,0,0,0,0,0,0,0,0,0,0,0
instruct-0.7,T0875,1,stop,465,0,0,0,0,0,0,0,0,0,0,0,0,0,0,0
instruct-0.7,T0876,1,stop,784,0,0,1,0,0,0,0,0,0,0,0,0,0,0,0
instruct-0.7,T0877,1,stop,715,0,0,0,0,0,0,0,0,1,0,0,0,0,0,0
instruct-0.7,T0878,1,stop,692,0,0,0,0,0,0,0,0,0,0,0,0,0,0,0
instruct-0.7,T0879,1,stop,695,0,0,0,0,0,0,1,0,0,0,0,0,0,0,0
instruct-0.7,T0880,1,stop,600,0,0,0,0,0,0,0,0,0,0,0,0,0,0,0
instruct-0.7,T0881,1,length,777,0,0,0,0,0,0,0,0,0,0,0,0,0,0,0
instruct-0.7,T0882,1,length,694,0,0,0,0,0,0,0,0,0,0,0,0,0,0,0
instruct-0.7,T0883,1,stop,674,0,0,0,0,0,0,1,0,0,0,0,0,0,0,0
instruct-0.7,T0884,1,stop,616,1,0,0,0,0,0,0,0,0,0,0,0,0,0,0
instruct-0.7,T0885,1,stop,520,0,0,0,0,0,0,0,0,0,0,0,0,0,0,0
instruct-0.7,T0886,1,length,792,0,0,0,0,0,0,0,0,0,0,0,0,0,0,0
instruct-0.7,T0887,1,stop,727,0,0,0,0,0,0,0,0,0,0,0,0,1,0,0
instruct-0.7,T0888,1,stop,400,0,0,0,0,0,0,0,0,1,0,0,0,0,0,0
instruct-0.7,T0889,1,length,683,0,0,0,0,0,0,0,0,0,0,0,0,0,0,0
instruct-0.7,T0890,1,length,729,0,0,0,0,0,0,0,0,0,0,0,0,0,0,0
instruct-0.7,T0891,1,stop,691,0,0,0,0,0,0,1,0,1,0,0,0,0,0,0
instruct-0.7,T0892,1,stop,600,0,0,0,0,0,0,0,0,0,0,0,0,0,0,0
instruct-0.7,T0893,1,stop,768,0,0,0,0,0,0,0,0,0,0,0,0,0,0,0
instruct-0.7,T0894,1,stop,504,0,0,0,0,0,0,0,0,0,0,0,0,1,0,0
instruct-0.7,T0895,1,stop,745,0,0,0,0,0,0,0,0,0,0,0,0,0,0,0
instruct-0.7,T0896,1,stop,675,0,0,1,0,0,0,0,0,0,0,0,0,0,0,0
instruct-0.7,T0897,1,stop,628,0,0,0,0,0,0,0,0,2,0,0,0,0,0,0
instruct-0.7,T0898,1,stop,737,0,0,0,0,0,0,0,0,0,0,0,0,0,0,0
instruct-0.7,T0899,1,length,744,0,0,0,0,0,0,0,0,2,0,0,0,0,0,0
instruct-0.7,T0900,1,stop,783,0,0,0,0,0,0,0,0,0,0,0,0,0,0,0
instruct-0.7,T0901,1,stop,642,0,0,0,0,0,0,0,0,0,0,0,0,0,0,0
instruct-0.7,T0902,1,stop,535,0,0,0,0,0,0,0,0,2,0,0,0,0,1,0
instruct-0.7,T0903,1,stop,560,0,0,0,0,0,0,0,0,0,1,0,0,0,0,0
instruct-0.7,T0904,1,length,763,0,0,0,0,0,0,0,0,1,0,0,0,0,0,0
instruct-0.7,T0905,1,stop,632,0,0,0,0,0,0,0,0,0,0,0,0,0,0,0
instruct-0.7,T0906,1,length,750,0,0,0,0,0,0,1,0,1,0,0,0,0,0,0
instruct-0.7,T0907,1,stop,673,0,0,0,0,0,0,0,0,1,0,0,0,0,0,0
instruct-0.7,T0908,1,stop,602,0,0,0,0,0,0,0,0,0,0,0,0,0,0,0
instruct-0.7,T0909,1,stop,651,0,0,0,0,0,0,1,0,0,0,0,0,0,0,0
instruct-0.7,T0910,1,stop,720,0,0,0,0,0,0,0,0,0,0,0,0,0,0,0
instruct-0.7,T0911,1,length,800,0,0,0,0,0,0,0,0,1,0,0,0,0,0,0
instruct-0.7,T0912,1,stop,700,0,0,0,0,0,0,0,0,0,0,0,0,0,0,0
instruct-0.7,T0913,1,stop,603,0,0,0,0,0,0,0,1,2,0,0,0,0,0,0
instruct-0.7,T0914,1,stop,701,0,0,0,0,0,0,0,0,0,0,0,0,0,0,0
instruct-0.7,T0915,1,stop,741,0,0,0,0,0,0,0,0,0,0,0,0,0,0,0
instruct-0.7,T0916,1,stop,549,0,0,0,0,0,0,0,0,2,0,0,0,0,0,0
instruct-0.7,T0917,1,stop,644,0,0,0,0,0,0,0,0,0,0,0,0,0,0,0
instruct-0.7,T0918,1,stop,519,0,0,0,0,0,0,0,0,1,0,0,0,0,0,0
instruct-0.7,T0919,1,stop,759,0,0,0,0,0,0,0,0,0,0,0,0,0,0,0
instruct-0.7,T0920,1,stop,641,0,0,0,0,0,0,0,0,1,0,0,0,0,0,0
instruct-0.7,T0921,1,stop,438,0,0,0,0,0,0,0,0,0,0,0,0,0,0,0
instruct-0.7,T0922,1,stop,676,0,0,0,0,0,0,0,0,0,0,0,0,0,0,0
instruct-0.7,T0923,1,stop,389,0,0,0,0,0,0,0,0,1,0,0,0,0,0,0
instruct-0.7,T0924,1,stop,707,0,0,0,0,0,0,0,0,2,0,0,0,0,0,0
instruct-0.7,T0925,1,length,737,0,0,0,0,0,0,0,0,0,0,0,0,0,0,0
instruct-0.7,T0926,1,stop,393,0,0,0,0,0,0,0,0,0,0,0,0,0,0,0
instruct-0.7,T0927,1,stop,640,0,0,0,0,0,0,0,0,1,0,0,0,0,0,0
instruct-0.7,T0928,1,stop,743,0,0,0,0,0,0,0,0,1,0,0,0,0,0,0
instruct-0.7,T0929,1,length,803,0,0,0,0,0,0,0,0,0,0,0,0,0,0,0
instruct-0.7,T0930,1,stop,404,0,0,0,0,0,0,0,0,0,0,0,0,0,0,0
instruct-0.7,T0931,1,stop,605,0,0,0,0,0,0,0,0,1,0,0,0,0,0,0
instruct-0.7,T0932,1,stop,583,0,0,0,0,0,0,1,0,1,0,0,0,0,0,0
instruct-0.7,T0933,1,length,805,0,0,0,0,0,0,0,0,1,0,0,0,0,0,0
instruct-0.7,T0934,1,stop,745,0,0,0,0,0,0,0,0,1,0,0,0,0,0,0
instruct-0.7,T0935,1,length,795,0,0,0,0,0,0,0,0,0,0,0,0,0,0,0
instruct-0.7,T0936,1,stop,727,0,0,0,0,0,0,0,0,0,0,0,0,1,0,0
instruct-0.7,T0937,1,stop,682,0,0,0,0,0,0,0,0,0,0,0,0,0,0,0
instruct-0.7,T0938,1,stop,525,0,0,0,0,0,0,0,0,0,0,0,0,0,0,0
instruct-0.7,T0939,1,stop,560,0,0,0,0,0,0,0,0,0,0,0,0,0,0,0
instruct-0.7,T0940,1,stop,570,0,0,0,0,0,0,0,0,1,0,0,0,0,0,0
instruct-0.7,T0941,1,stop,557,0,0,0,0,0,0,0,0,0,0,0,0,0,0,0
instruct-0.7,T0942,1,stop,492,0,0,0,0,0,0,0,0,0,0,0,0,0,0,0
instruct-0.7,T0943,1,stop,787,0,0,0,0,0,0,0,0,3,0,0,0,0,0,0
instruct-0.7,T0944,1,stop,644,0,0,0,0,0,0,0,0,0,0,0,0,0,0,0
instruct-0.7,T0945,1,stop,614,0,0,0,0,0,0,0,0,0,0,0,0,0,0,0
instruct-0.7,T0946,1,stop,630,0,0,0,0,0,0,0,0,0,0,0,0,0,0,0
instruct-0.7,T0947,1,length,776,0,0,0,0,0,0,0,0,0,0,0,0,0,0,0
instruct-0.7,T0948,1,stop,683,0,0,0,0,0,0,0,0,0,0,0,0,0,0,0
instruct-0.7,T0949,1,stop,692,0,0,1,0,0,0,0,1,0,0,0,0,0,0,0
instruct-0.7,T0950,1,stop,663,0,0,0,0,0,0,0,0,0,0,0,0,0,0,0
instruct-0.7,T0951,1,stop,543,1,0,0,0,0,0,0,0,0,0,0,0,0,0,0
instruct-0.7,T0952,1,stop,675,0,0,0,0,0,0,0,0,0,0,0,0,0,0,0
instruct-0.7,T0953,1,stop,673,0,0,0,0,0,0,0,0,0,0,0,0,0,0,0
instruct-0.7,T0954,1,stop,647,0,0,0,0,0,0,0,0,1,0,0,0,0,0,0
instruct-0.7,T0955,1,stop,578,0,0,0,0,0,0,0,0,0,0,0,0,0,1,0
instruct-0.7,T0956,1,stop,527,0,0,0,0,0,0,1,0,2,0,0,0,0,0,0
instruct-0.7,T0957,1,length,765,0,0,0,0,0,0,0,0,0,0,0,0,0,0,0
instruct-0.7,T0958,1,stop,735,1,0,0,0,0,0,0,0,0,0,0,0,1,0,0
instruct-0.7,T0959,1,length,793,1,0,0,0,0,0,0,0,0,0,0,0,1,0,0
instruct-0.7,T0960,1,stop,641,0,0,0,0,0,0,0,0,0,0,0,0,0,0,0
instruct-0.7,T0961,1,stop,763,0,0,0,0,0,0,0,0,0,0,0,0,0,0,0
instruct-0.7,T0962,1,stop,711,0,0,0,0,0,0,0,0,0,1,0,0,0,0,0
instruct-0.7,T0963,1,stop,786,0,0,0,0,0,0,0,0,0,0,0,0,0,0,0
instruct-0.7,T0964,1,length,777,0,0,0,0,0,0,0,0,1,0,0,0,0,0,0
instruct-0.7,T0965,1,stop,445,0,0,0,0,0,0,0,0,0,0,0,0,0,0,0
instruct-0.7,T0966,1,stop,612,0,0,1,0,0,0,0,0,0,0,0,0,0,0,0
instruct-0.7,T0967,1,length,749,0,0,0,0,0,0,0,0,1,0,0,0,0,0,0
instruct-0.7,T0968,1,length,778,0,0,0,0,0,0,1,0,0,0,0,0,0,0,0
instruct-0.7,T0969,1,stop,726,0,0,0,0,0,0,0,0,0,0,0,0,0,0,0
instruct-0.7,T0970,1,stop,613,0,0,0,0,0,0,0,0,0,0,0,0,0,0,0
instruct-0.7,T0971,1,length,704,0,0,0,0,0,0,0,0,0,0,0,0,0,0,0
instruct-0.7,T0972,1,length,755,0,0,1,0,0,0,0,0,0,0,0,0,0,0,0
instruct-0.7,T0973,1,stop,579,0,0,0,0,0,0,0,0,0,0,0,0,0,0,0
instruct-0.7,T0974,1,stop,530,0,0,0,0,0,0,0,0,0,0,0,0,0,0,0
instruct-0.7,T0975,1,length,822,0,0,0,0,0,0,0,0,3,0,0,0,0,0,0
instruct-0.7,T0976,1,stop,690,0,0,0,0,0,0,0,0,0,0,0,0,0,0,0
instruct-0.7,T0977,1,length,717,0,0,0,0,0,0,0,0,0,0,0,0,0,0,0
instruct-0.7,T0978,1,stop,649,0,0,0,0,0,0,0,0,0,0,0,0,0,0,0
instruct-0.7,T0979,1,stop,637,0,0,0,0,0,0,0,0,0,0,0,0,0,0,0
instruct-0.7,T0980,1,stop,487,1,0,0,0,0,0,0,0,0,0,0,0,0,0,0
instruct-0.7,T0981,1,stop,627,0,0,0,0,0,0,0,0,0,0,0,0,2,0,0
instruct-0.7,T0982,1,stop,537,0,0,0,0,0,0,1,0,0,0,0,0,0,0,0
instruct-0.7,T0983,1,length,670,0,0,0,0,0,0,0,0,0,0,0,0,0,0,0
instruct-0.7,T0984,1,stop,458,0,0,0,0,0,0,0,0,0,0,0,0,0,0,0
instruct-0.7,T0985,1,stop,667,0,0,0,0,0,0,0,0,0,2,0,0,0,0,0
instruct-0.7,T0986,1,stop,492,0,0,0,0,0,0,0,0,0,0,0,0,0,0,0
instruct-0.7,T0987,1,stop,747,0,0,0,0,0,0,0,0,1,0,0,0,0,0,0
instruct-0.7,T0988,1,length,741,0,0,0,0,0,0,0,0,0,0,0,0,0,0,0
instruct-0.7,T0989,1,stop,630,0,0,0,0,0,0,0,0,0,0,0,0,0,0,0
instruct-0.7,T0990,1,stop,755,0,0,0,0,0,0,0,0,1,0,0,0,0,0,0
instruct-0.7,T0991,1,stop,494,0,0,0,0,0,0,0,0,0,0,0,0,0,0,0
instruct-0.7,T0992,1,stop,756,0,0,0,0,0,0,0,0,0,0,0,0,0,0,0
instruct-0.7,T0993,1,stop,624,0,0,0,0,0,0,0,0,0,0,0,0,0,0,0
instruct-0.7,T0994,1,stop,559,0,0,0,0,0,0,0,0,1,0,0,0,0,0,0
instruct-0.7,T0995,1,stop,689,0,0,0,0,0,0,0,0,0,0,0,0,0,0,0
instruct-0.7,T0996,1,stop,723,0,0,0,0,0,0,0,0,1,0,0,0,0,0,0
instruct-0.7,T0997,1,stop,738,0,0,0,0,0,0,0,0,1,0,0,0,0,0,0
instruct-0.7,T0998,1,stop,661,0,0,0,0,0,0,0,0,1,0,0,0,0,0,0
instruct-0.7,T0999,1,length,772,0,0,0,0,0,0,1,0,0,0,0,0,0,0,0
instruct-0.7,T1000,1,stop,642,0,0,0,0,0,0,0,0,0,0,0,0,0,0,0
instruct-0.7,T1001,1,stop,700,0,0,0,0,0,0,0,0,0,0,0,0,0,0,0
instruct-0.7,T1002,1,stop,537,0,0,0,0,0,0,0,0,0,0,0,0,0,0,0
instruct-0.7,T1003,1,stop,696,0,0,0,0,0,0,0,0,1,0,0,0,0,0,0
instruct-0.7,T1004,1,stop,580,0,0,0,0,0,0,0,0,0,0,0,0,0,0,0
instruct-0.7,T1005,1,stop,656,0,0,0,0,0,0,0,0,1,0,0,0,0,0,0
instruct-0.7,T1006,1,stop,597,0,0,0,0,0,0,0,0,0,0,0,0,0,0,0
instruct-0.7,T1007,1,stop,755,0,0,0,0,0,0,0,0,1,0,0,0,0,0,0
instruct-0.7,T1008,1,stop,756,0,0,0,0,0,0,0,0,0,0,0,0,0,0,0
instruct-0.7,T1009,1,stop,576,0,0,0,0,0,0,0,0,1,0,0,0,0,0,0
instruct-0.7,T1010,1,stop,715,0,0,0,0,0,0,2,0,0,0,0,0,0,0,0
instruct-0.7,T1011,1,length,850,0,0,0,0,0,0,0,0,0,0,0,0,0,0,0
instruct-0.7,T1012,1,stop,755,0,0,0,0,0,0,0,0,2,0,0,0,0,0,0
instruct-0.7,T1013,1,stop,443,0,0,0,0,0,0,0,0,0,0,0,0,0,0,0
instruct-0.7,T1014,1,stop,399,0,0,0,0,0,0,0,0,0,0,0,0,0,0,0
instruct-0.7,T1015,1,stop,648,0,0,0,0,0,0,0,0,1,0,0,0,0,0,0
instruct-0.7,T1016,1,stop,707,0,0,0,0,0,0,0,0,0,0,0,0,0,0,0
instruct-0.7,T1017,1,length,778,0,0,0,0,0,0,0,0,1,0,0,0,0,0,0
instruct-0.7,T1018,1,length,807,0,0,0,0,0,0,0,0,2,0,0,0,0,0,0
instruct-0.7,T1019,1,stop,473,0,0,0,0,0,0,0,0,0,0,0,0,0,0,0
instruct-0.7,T1020,1,stop,718,0,0,0,0,0,0,0,0,0,0,0,0,0,0,0
instruct-0.7,T1021,1,stop,700,0,0,0,0,0,0,0,0,0,0,0,0,0,0,0
instruct-0.7,T1022,1,stop,589,0,0,0,0,0,0,2,0,0,0,0,0,0,0,0
instruct-0.7,T1023,1,stop,732,0,0,0,0,0,0,0,0,0,0,0,0,0,0,0
instruct-0.7,T1024,1,stop,543,0,0,0,0,0,0,0,0,1,0,0,0,0,0,0
instruct-0.7,T1025,1,stop,658,0,0,0,0,0,0,0,0,1,0,0,0,0,0,0
instruct-0.7,T1026,1,stop,749,0,0,0,0,0,0,0,0,0,0,0,0,0,0,0
instruct-0.7,T1027,1,stop,711,0,0,0,0,0,0,0,0,0,0,0,0,0,0,0
instruct-0.7,T1028,1,length,737,0,0,0,0,0,0,1,0,0,0,0,0,0,0,0
instruct-0.7,T1029,1,length,810,1,0,0,0,0,0,0,0,0,0,0,0,0,0,0
instruct-0.7,T1030,1,stop,607,0,0,0,0,0,0,0,0,1,0,0,0,1,0,0
instruct-0.7,T1031,1,stop,721,0,0,0,0,0,0,1,0,1,0,0,0,0,0,0
instruct-0.7,T1032,1,stop,588,0,0,0,0,0,0,0,0,0,0,0,0,0,0,0
instruct-0.7,T1033,1,stop,700,0,0,0,0,0,0,0,0,1,0,0,0,0,0,0
instruct-0.7,T1034,1,stop,762,0,0,0,0,0,0,1,0,1,0,0,0,0,0,0
instruct-0.7,T1035,1,stop,671,0,0,0,0,0,0,0,0,0,0,0,0,0,0,0
instruct-0.7,T1036,1,stop,537,0,0,0,0,0,0,0,0,0,0,0,0,0,0,0
instruct-0.7,T1037,1,stop,637,0,0,0,0,0,0,0,0,0,0,0,0,0,0,0
instruct-0.7,T1038,1,length,771,0,0,0,0,0,0,0,0,0,0,0,0,0,0,0
instruct-0.7,T1039,1,length,745,0,0,0,0,0,0,0,0,0,0,0,0,0,0,0
instruct-0.7,T1040,1,stop,612,0,0,0,0,0,0,1,0,1,0,0,0,0,0,0
instruct-0.7,T1041,1,stop,622,0,0,0,0,0,0,0,0,1,0,0,0,0,0,0
instruct-0.7,T1042,1,stop,675,0,0,0,0,0,0,0,0,0,0,0,0,0,0,0
instruct-0.7,T1043,1,stop,489,0,0,0,0,0,0,0,0,0,0,0,0,0,0,0
instruct-0.7,T1044,1,stop,565,0,0,0,0,0,0,0,0,2,0,0,0,0,0,0
instruct-0.7,T1045,1,stop,634,0,0,0,0,0,0,1,0,0,0,0,0,0,0,0
instruct-0.7,T1046,1,length,743,0,0,0,0,0,0,0,0,0,0,0,0,0,0,0
instruct-0.7,T1047,1,stop,620,0,0,0,0,0,0,0,0,0,0,0,0,0,0,0
instruct-0.7,T1048,1,stop,651,0,0,0,0,0,0,1,0,0,0,0,0,0,0,0
instruct-0.7,T1049,1,stop,630,0,0,0,0,0,0,0,0,2,0,0,0,0,0,0
instruct-0.7,T1050,1,stop,256,0,0,0,0,0,0,0,0,0,0,0,0,0,0,0
instruct-0.7,T1051,1,stop,323,0,0,0,0,0,0,0,0,0,0,0,0,1,0,0
instruct-0.7,T1052,1,length,657,0,0,0,0,0,0,0,0,0,0,0,0,0,0,0
instruct-0.7,T1053,1,length,819,0,0,0,0,0,0,0,0,0,0,0,0,0,0,0
instruct-0.7,T1054,1,stop,786,0,0,0,0,0,0,0,0,0,0,0,0,0,0,0
instruct-0.7,T1055,1,stop,678,0,0,0,0,0,0,0,0,0,0,0,0,0,0,0
instruct-0.7,T1056,1,length,735,0,0,0,0,0,0,0,0,1,0,0,0,0,0,0
instruct-0.7,T1057,1,stop,695,0,0,0,0,0,0,1,0,0,0,0,0,0,0,0
instruct-0.7,T1058,1,stop,559,0,0,0,0,0,0,0,0,1,0,0,0,0,0,0
instruct-0.7,T1059,1,stop,570,0,0,0,0,0,0,0,0,0,0,0,0,0,0,0
instruct-0.7,T1060,1,stop,574,0,0,0,0,0,0,0,0,1,0,0,0,0,0,0
instruct-0.7,T1061,1,stop,778,0,0,0,0,0,0,0,0,0,0,0,0,0,0,0
instruct-0.7,T1062,1,stop,137,0,0,0,0,0,0,0,0,0,0,0,0,0,0,0
instruct-0.7,T1063,1,stop,669,0,0,0,0,0,0,0,0,0,0,0,0,0,0,0
instruct-0.7,T1064,1,stop,718,0,0,0,0,0,0,0,0,0,0,0,0,0,0,0
instruct-0.7,T1065,1,length,737,0,0,1,0,0,0,0,0,1,0,0,0,0,0,0
instruct-0.7,T1066,1,stop,720,0,0,0,0,0,0,0,0,0,0,0,0,0,0,0
instruct-0.7,T1067,1,stop,565,0,0,0,0,0,0,0,0,0,0,0,0,0,0,0
instruct-0.7,T1068,1,stop,475,0,0,0,0,0,0,0,0,0,0,0,0,0,0,0
instruct-0.7,T1069,1,length,760,1,0,0,0,0,0,0,0,1,0,0,0,0,0,0
instruct-0.7,T1070,1,stop,603,0,0,0,0,0,0,0,0,0,0,0,0,0,0,0
instruct-0.7,T1071,1,stop,799,0,0,0,0,0,0,0,0,0,0,0,0,0,0,1
instruct-0.7,T1072,1,length,802,0,0,0,0,0,0,0,0,1,0,0,0,0,0,0
instruct-0.7,T1073,1,stop,715,0,0,0,0,0,0,0,0,0,0,0,0,0,0,0
instruct-0.7,T1074,1,stop,632,0,0,0,0,0,0,0,0,0,0,0,0,0,0,0
instruct-0.7,T1075,1,stop,799,0,0,0,0,0,0,0,0,0,0,0,0,0,0,0
instruct-0.7,T1076,1,stop,718,0,0,0,0,0,0,0,0,0,0,0,0,0,0,0
instruct-0.7,T1077,1,stop,449,1,0,0,0,0,0,0,0,0,0,0,0,0,0,0
instruct-0.7,T1078,1,stop,653,0,0,0,0,0,0,0,0,0,0,0,0,0,0,0
instruct-0.7,T1079,1,length,719,0,0,0,0,0,0,0,0,0,0,0,0,0,0,0
instruct-0.7,T1080,1,stop,657,0,0,0,0,0,0,0,0,0,0,0,0,0,0,0
instruct-0.7,T1081,1,length,729,0,0,0,0,0,0,0,0,0,0,0,0,0,0,0
instruct-0.7,T1082,1,stop,692,0,0,0,0,0,0,1,0,1,0,0,0,0,0,0
instruct-0.7,T1083,1,stop,686,0,0,0,0,0,0,0,0,0,0,0,0,0,0,0
instruct-0.7,T1084,1,stop,543,0,0,0,0,0,0,0,0,0,0,0,0,0,0,0
instruct-0.7,T1085,1,length,734,0,0,0,0,0,0,0,0,0,0,0,0,0,0,0
instruct-0.7,T1086,1,stop,775,0,0,0,0,0,0,1,0,1,0,0,0,0,0,0
instruct-0.7,T1087,1,stop,797,0,0,1,0,0,0,0,0,0,0,0,0,0,0,0
instruct-0.7,T1088,1,stop,672,0,0,0,0,0,0,0,0,0,0,0,0,0,0,0
instruct-0.7,T1089,1,stop,537,0,0,0,0,0,0,0,0,1,0,0,0,0,0,0
instruct-0.7,T1090,1,length,691,0,0,0,0,0,0,0,0,0,0,0,0,0,0,0
instruct-0.7,T1091,1,stop,767,0,0,0,0,0,0,0,0,1,0,0,0,0,0,0
instruct-0.7,T1092,1,stop,501,0,0,0,0,0,0,0,0,1,0,0,0,0,0,0
instruct-0.7,T1093,1,stop,503,0,0,0,0,0,0,1,0,0,0,0,0,0,0,0
instruct-0.7,T1094,1,stop,651,0,0,0,0,0,0,0,0,0,0,0,0,0,0,0
instruct-0.7,T1095,1,stop,632,0,0,0,0,0,0,1,0,2,0,0,0,0,0,0
instruct-0.7,T1096,1,stop,571,0,0,0,0,0,0,0,0,0,0,0,0,0,0,0
instruct-0.7,T1097,1,stop,741,0,0,0,0,0,0,0,0,0,0,0,0,0,0,0
instruct-0.7,T1098,1,length,779,0,0,0,0,0,0,0,0,0,0,0,0,0,0,0
instruct-0.7,T1099,1,stop,503,0,0,0,0,0,0,0,0,0,0,0,0,0,0,0
instruct-0.7,T1100,1,stop,701,0,0,0,0,0,0,0,0,0,0,0,0,0,0,0
instruct-0.7,T1101,1,stop,759,0,0,0,0,0,0,0,0,0,0,0,0,0,0,0
instruct-0.7,T1102,1,stop,697,0,0,0,0,0,0,0,0,0,0,0,0,0,0,0
instruct-0.7,T1103,1,stop,741,0,0,0,0,0,0,0,0,2,0,0,0,0,0,0
instruct-0.7,T1104,1,stop,718,0,0,0,0,0,0,1,0,0,0,0,0,0,0,0
instruct-0.7,T1105,1,stop,712,0,0,0,0,0,0,0,0,0,0,0,0,0,0,0
instruct-0.7,T1106,1,length,817,0,0,0,0,0,0,1,0,2,0,0,0,0,0,0
instruct-0.7,T1107,1,stop,780,0,0,0,0,0,0,0,0,2,0,0,0,0,0,0
instruct-0.7,T1108,1,stop,728,0,0,0,0,0,0,0,0,0,0,0,0,0,0,0
instruct-0.7,T1109,1,stop,712,0,0,0,0,0,0,0,0,0,0,0,0,0,0,0
instruct-0.7,T1110,1,stop,511,0,0,0,0,0,0,0,0,0,0,0,0,0,0,0
instruct-0.7,T1111,1,stop,741,0,0,0,0,0,0,0,0,1,0,0,0,0,0,0
instruct-0.7,T1112,1,stop,417,0,0,0,0,0,0,0,0,1,0,0,0,0,0,0
instruct-0.7,T1113,1,stop,640,0,0,0,0,0,0,0,0,0,0,0,0,0,0,0
instruct-0.7,T1114,1,stop,606,0,0,0,0,0,0,0,0,0,0,0,0,0,0,0
instruct-0.7,T1115,1,stop,774,0,0,0,0,0,0,0,0,0,0,0,0,0,0,0
instruct-0.7,T1116,1,stop,497,0,0,0,0,0,0,0,0,0,0,0,0,0,0,0
instruct-0.7,T1117,1,length,804,0,0,0,0,0,0,0,0,0,0,0,0,0,0,0
instruct-0.7,T1118,1,length,783,0,0,2,0,0,0,0,0,0,0,0,0,0,0,0
instruct-0.7,T1119,1,stop,659,0,0,0,0,0,0,0,0,0,0,0,0,0,0,0
instruct-0.7,T1120,1,stop,609,0,0,0,0,0,0,0,0,0,0,0,0,0,0,0
instruct-0.7,T1121,1,stop,675,0,0,0,0,0,0,0,0,1,0,0,0,0,0,0
instruct-0.7,T1122,1,stop,666,0,0,0,0,0,0,0,0,1,0,0,0,0,0,0
instruct-0.7,T1123,1,stop,636,0,0,0,0,0,0,0,0,0,0,0,0,0,0,0
instruct-0.7,T1124,1,stop,382,0,1,0,0,0,0,0,0,0,0,0,0,0,0,0
instruct-0.7,T1125,1,stop,746,0,0,0,0,0,0,1,0,0,0,0,0,0,0,0
instruct-0.7,T1126,1,stop,490,0,0,0,0,0,0,0,0,0,0,0,0,0,0,0
instruct-0.7,T1127,1,stop,633,0,0,0,0,0,0,0,0,0,0,0,0,0,0,0
instruct-0.7,T1128,1,stop,713,0,0,0,0,0,0,0,0,0,0,0,0,0,0,0
instruct-0.7,T1129,1,stop,641,0,0,0,0,0,0,0,0,1,0,0,0,0,0,0
instruct-0.7,T1130,1,stop,663,0,0,0,0,0,0,0,0,1,0,0,0,0,0,0
instruct-0.7,T1131,1,stop,545,0,0,0,0,0,0,0,0,1,1,0,0,0,0,0
instruct-0.7,T1132,1,stop,706,0,0,1,0,0,0,0,0,0,0,0,0,0,0,0
instruct-0.7,T1133,1,length,780,0,0,0,0,0,0,0,0,0,0,0,0,0,0,0
instruct-0.7,T1134,1,stop,575,0,0,0,0,0,0,0,0,0,0,0,0,0,0,0
instruct-0.7,T1135,1,length,785,0,0,0,0,0,0,0,0,0,0,0,0,0,0,0
instruct-0.7,T1136,1,stop,718,0,0,0,0,0,0,0,0,0,0,0,0,0,0,0
instruct-0.7,T1137,1,stop,672,0,0,0,0,0,0,0,0,0,0,0,0,0,0,0
instruct-0.7,T1138,1,stop,756,0,0,0,0,0,0,1,0,0,0,0,0,0,0,0
instruct-0.7,T1139,1,length,703,0,0,0,0,0,0,0,0,0,0,0,0,0,0,0
instruct-0.7,T1140,1,length,809,0,0,0,0,0,0,0,0,0,0,0,0,0,0,0
instruct-0.7,T1141,1,stop,692,0,0,0,0,0,0,0,0,0,0,0,0,0,0,0
instruct-0.7,T1142,1,stop,814,0,0,0,0,0,0,0,0,0,0,0,0,0,0,0
instruct-0.7,T1143,1,stop,753,0,0,0,0,0,0,0,0,1,0,0,0,0,0,0
instruct-0.7,T1144,1,stop,497,0,0,0,0,0,0,0,0,0,0,0,0,0,0,0
instruct-0.7,T1145,1,stop,409,0,0,0,0,0,0,0,0,0,0,0,0,0,0,0
instruct-0.7,T1146,1,stop,722,0,0,0,0,0,0,0,0,1,0,0,0,0,0,0
instruct-0.7,T1147,1,length,762,0,0,0,0,0,0,0,0,0,0,0,0,0,0,0
instruct-0.7,T1148,1,length,754,0,0,0,0,0,0,0,0,0,0,0,0,0,0,0
instruct-0.7,T1149,1,length,754,0,0,0,0,0,1,0,0,0,0,0,0,0,0,0
instruct-0.7,T1150,1,stop,789,0,0,0,0,0,0,0,0,1,0,0,0,0,0,0
instruct-0.7,T1151,1,stop,749,0,0,1,0,0,0,0,0,0,0,0,0,0,0,0
instruct-0.7,T1152,1,length,734,0,0,0,0,0,0,0,0,0,0,0,0,0,0,0
instruct-0.7,T1153,1,stop,728,0,0,0,0,0,0,0,0,0,0,0,0,0,0,0
instruct-0.7,T1154,1,stop,613,0,0,0,0,0,0,0,0,0,0,0,0,0,0,0
instruct-0.7,T1155,1,stop,376,0,0,0,0,0,0,0,0,0,0,0,0,0,0,0
instruct-0.7,T1156,1,stop,750,0,0,0,0,0,0,0,0,1,0,0,0,0,0,0
instruct-0.7,T1157,1,stop,620,0,0,0,0,0,0,0,0,0,0,0,0,0,0,0
instruct-0.7,T1158,1,stop,619,0,0,0,0,0,0,0,0,0,0,0,0,1,0,0
instruct-0.7,T1159,1,stop,763,0,0,0,0,0,0,0,0,0,0,0,0,0,0,0
instruct-0.7,T1160,1,stop,757,0,0,0,0,0,0,0,0,0,0,0,0,0,0,0
instruct-0.7,T1161,1,stop,552,0,0,0,0,0,0,0,0,0,0,0,0,0,0,0
instruct-0.7,T1162,1,stop,511,0,0,0,0,0,0,0,0,0,0,0,0,0,0,0
instruct-0.7,T1163,1,length,781,0,0,0,0,0,0,0,0,0,0,0,0,0,0,0
instruct-0.7,T1164,1,stop,632,0,0,0,0,0,0,0,0,0,0,0,0,1,0,0
instruct-0.7,T1165,1,stop,535,0,0,0,0,0,0,0,0,0,0,0,0,0,0,0
instruct-0.7,T1166,1,length,814,0,0,0,0,0,0,0,0,0,0,0,0,0,0,0
instruct-0.7,T1167,1,stop,654,0,0,0,0,0,0,0,0,2,0,0,0,0,0,0
instruct-0.7,T1168,1,length,778,0,0,0,0,0,0,0,0,0,0,0,0,0,0,1
instruct-0.7,T1169,1,stop,526,0,0,0,0,0,0,0,0,0,0,0,0,0,0,0
instruct-0.7,T1170,1,stop,530,0,0,0,0,0,0,0,0,0,0,0,0,0,0,0
instruct-0.7,T1171,1,stop,714,0,0,0,0,0,0,0,0,1,0,0,0,0,0,0
instruct-0.7,T1172,1,stop,662,0,0,0,0,0,0,0,0,0,0,0,0,0,0,0
instruct-0.7,T1173,1,length,818,0,0,0,0,0,0,0,0,0,0,0,0,0,0,0
instruct-0.7,T1174,1,stop,516,0,0,0,0,0,0,0,0,0,0,0,0,0,0,0
instruct-0.7,T1175,1,stop,622,0,0,0,0,0,0,0,0,0,0,0,0,0,0,0
instruct-0.7,T1176,1,stop,642,0,0,0,0,0,0,0,0,0,0,0,0,0,0,0
instruct-0.7,T1177,1,stop,577,0,0,0,0,0,0,0,0,2,0,0,0,0,0,0
instruct-0.7,T1178,1,stop,653,0,0,0,0,0,0,0,0,2,0,0,0,0,0,0
instruct-0.7,T1179,1,stop,676,0,0,0,0,0,0,0,0,1,0,0,0,0,0,0
instruct-0.7,T1180,1,length,739,0,0,0,0,0,0,0,0,0,0,0,0,0,0,0
instruct-0.7,T1181,1,length,734,0,0,0,0,0,0,0,0,0,0,0,0,0,0,0
instruct-0.7,T1182,1,stop,609,0,0,0,0,0,0,0,0,0,0,0,0,0,0,0
instruct-0.7,T1183,1,length,731,0,0,0,0,0,0,0,0,0,0,0,0,0,0,0
instruct-0.7,T1184,1,length,763,0,0,0,0,0,0,0,0,2,0,0,0,0,0,0
instruct-0.7,T1185,1,length,675,0,0,0,0,0,0,0,0,0,0,0,0,0,0,0
instruct-0.7,T1186,1,stop,486,0,0,0,0,0,0,0,0,0,0,0,0,0,0,0
instruct-0.7,T1187,1,length,824,0,0,0,0,0,0,0,0,1,0,0,0,0,0,0
instruct-0.7,T1188,1,stop,645,0,0,0,0,0,0,0,0,1,0,0,0,0,0,0
instruct-0.7,T1189,1,stop,652,0,0,0,0,0,0,0,0,0,0,0,0,0,0,0
instruct-0.7,T1190,1,length,772,0,0,0,0,0,0,0,0,0,0,0,0,0,0,0
instruct-0.7,T1191,1,length,858,0,0,0,0,0,0,0,0,0,0,0,0,0,0,0
instruct-0.7,T1192,1,stop,691,1,0,0,0,0,0,0,0,0,0,0,0,0,0,0
instruct-0.7,T1193,1,stop,570,0,0,0,0,0,0,0,0,0,0,0,0,0,0,0
instruct-0.7,T1194,1,stop,676,0,0,0,0,0,0,0,0,0,0,0,0,0,0,0
instruct-0.7,T1195,1,length,757,0,0,0,0,0,0,0,0,0,0,0,0,0,0,0
instruct-0.7,T1196,1,length,817,0,0,0,0,0,0,0,0,0,0,0,0,0,0,0
instruct-0.7,T1197,1,stop,685,0,0,0,0,0,0,0,0,0,0,0,0,0,0,0
instruct-0.7,T1198,1,stop,751,0,0,0,0,0,0,0,0,0,0,0,0,0,0,0
instruct-0.7,T1199,1,stop,612,0,0,0,0,0,0,0,0,0,0,0,0,0,0,0
instruct-0.7,T1200,1,stop,672,0,0,0,0,0,0,0,0,0,0,0,0,0,0,0
instruct-0.7,T1201,1,stop,734,0,0,0,0,0,0,0,0,0,0,0,0,0,0,0
instruct-0.7,T1202,1,stop,785,0,0,0,0,0,0,0,0,0,0,0,0,0,0,0
instruct-0.7,T1203,1,length,750,0,0,0,0,0,0,0,0,0,0,0,0,0,0,0
instruct-0.7,T1204,1,stop,682,0,0,0,0,0,0,0,0,0,0,0,0,1,0,0
instruct-0.7,T1205,1,stop,689,0,0,0,0,0,0,0,0,1,0,0,0,0,0,0
instruct-0.7,T1206,1,stop,527,0,0,0,0,0,0,1,0,0,0,0,0,0,0,0
instruct-0.7,T1207,1,stop,518,0,0,0,0,0,0,0,0,1,0,0,0,0,0,0
instruct-0.7,T1208,1,length,806,0,0,0,0,0,0,0,0,0,0,0,0,0,0,0
instruct-0.7,T1209,1,stop,705,0,0,0,0,0,0,0,0,0,0,0,0,0,0,0
instruct-0.7,T1210,1,length,773,0,0,0,0,0,0,0,0,0,0,0,0,0,0,0
instruct-0.7,T1211,1,stop,667,0,0,0,0,0,0,0,0,0,0,0,0,0,0,0
instruct-0.7,T1212,1,stop,709,0,0,0,0,0,0,0,0,0,0,0,0,0,0,0
instruct-0.7,T1213,1,stop,816,0,0,0,0,0,0,0,0,0,0,0,0,0,0,0
instruct-0.7,T1214,1,stop,391,0,0,0,0,0,0,0,0,0,0,0,0,0,0,0
instruct-0.7,T1215,1,stop,718,0,0,0,0,0,0,0,0,0,0,0,0,0,0,0
instruct-0.7,T1216,1,stop,731,0,0,0,0,0,0,0,0,0,0,0,0,0,0,0
instruct-0.7,T1217,1,stop,528,0,0,0,0,0,0,0,0,0,0,0,0,0,0,0
instruct-0.7,T1218,1,stop,630,0,0,0,0,0,0,0,0,2,0,0,0,0,0,0
instruct-0.7,T1219,1,stop,343,0,0,0,0,0,0,0,0,0,0,0,0,0,0,0
instruct-0.7,T1220,1,length,760,0,0,0,0,0,0,0,0,0,0,0,0,0,0,0
instruct-0.7,T1221,1,stop,756,0,0,0,0,0,0,1,0,0,0,0,0,0,0,0
instruct-0.7,T1222,1,length,755,0,0,0,0,0,0,0,1,0,0,0,0,0,0,0
instruct-0.7,T1223,1,stop,732,0,0,0,0,0,0,0,0,0,0,0,0,0,0,0
instruct-0.7,T1224,1,length,691,0,0,0,0,0,0,0,0,0,0,0,0,0,0,0
instruct-0.7,T1225,1,length,734,0,0,0,0,0,0,0,0,0,0,0,0,0,0,0
instruct-0.7,T1226,1,length,757,0,0,0,0,0,0,0,0,0,0,0,0,0,0,0
instruct-0.7,T1227,1,stop,647,0,0,0,0,0,0,0,0,0,0,0,0,0,0,0
instruct-0.7,T1228,1,stop,747,0,0,0,0,0,0,0,0,0,0,0,0,0,0,0
instruct-0.7,T1229,1,length,775,0,0,0,0,0,0,0,0,0,0,0,0,0,0,0
instruct-0.7,T1230,1,stop,529,0,0,0,0,0,0,0,0,0,0,0,0,0,0,0
instruct-0.7,T1231,1,stop,621,0,0,0,0,0,0,0,0,0,0,0,0,0,0,0
instruct-0.7,T1232,1,stop,683,0,0,0,0,0,0,0,0,1,0,0,0,0,0,0
instruct-0.7,T1233,1,stop,727,0,0,0,0,0,0,0,0,1,0,0,0,0,0,0
instruct-0.7,T1234,1,stop,602,0,0,0,0,0,0,0,0,0,0,0,0,0,0,0
instruct-0.7,T1235,1,length,815,0,0,0,0,0,0,0,0,0,0,0,0,0,0,0
instruct-0.7,T1236,1,stop,596,0,0,0,0,0,0,0,0,0,0,0,0,1,0,0
instruct-0.7,T1237,1,stop,648,0,0,0,0,0,0,0,0,0,0,0,0,0,0,0
instruct-0.7,T1238,1,stop,492,0,0,0,0,0,0,0,0,0,0,0,0,0,0,0
instruct-0.7,T1239,1,length,812,0,0,0,0,0,0,0,0,0,0,0,0,0,0,0
instruct-0.7,T1240,1,length,801,0,0,0,0,0,0,0,0,0,0,0,0,0,0,1
instruct-0.7,T1241,1,stop,720,0,0,0,0,0,0,0,0,0,0,0,0,0,0,0
instruct-0.7,T1242,1,stop,600,0,0,0,0,0,0,0,0,0,0,0,0,0,0,0
instruct-0.7,T1243,1,stop,580,0,0,0,0,0,0,0,0,0,0,0,0,0,0,0
instruct-0.7,T1244,1,stop,542,0,0,0,0,0,0,1,0,0,0,0,0,0,0,0
instruct-0.7,T1245,1,stop,685,0,0,0,0,0,0,0,0,0,0,0,0,0,0,0
instruct-0.7,T1246,1,stop,662,0,0,0,0,0,0,0,0,1,0,0,0,0,0,0
instruct-0.7,T1247,1,stop,576,0,0,0,0,0,0,0,0,0,0,0,0,0,0,0
instruct-0.7,T1248,1,length,791,0,0,0,0,0,0,1,0,1,0,0,0,0,0,0
instruct-0.7,T1249,1,stop,737,0,0,0,0,0,0,0,0,0,0,0,0,0,0,0
instruct-0.7,T1250,1,stop,734,0,0,0,0,0,0,0,0,1,0,0,0,0,0,0
instruct-0.7,T1251,1,length,625,0,0,0,0,0,0,0,0,0,0,0,0,0,0,0
instruct-0.7,T1252,1,stop,780,0,0,0,0,0,0,0,0,0,0,0,0,0,0,0
instruct-0.7,T1253,1,stop,749,0,0,0,0,0,0,0,0,0,0,0,0,0,0,0
instruct-0.7,T1254,1,stop,557,0,0,0,0,0,0,0,0,0,0,0,0,0,0,0
instruct-0.7,T1255,1,stop,598,0,0,0,0,0,0,0,0,1,0,0,0,0,0,0
instruct-0.7,T1256,1,stop,675,0,0,0,0,0,0,0,0,0,0,0,0,0,0,0
instruct-0.7,T1257,1,stop,488,0,0,0,0,0,0,0,0,0,0,0,0,0,0,0
instruct-0.7,T1258,1,stop,566,0,0,0,0,0,0,0,0,0,0,0,0,0,0,0
instruct-0.7,T1259,1,stop,719,0,0,0,0,0,0,0,0,0,0,0,0,0,0,0
instruct-0.7,T1260,1,length,687,0,0,0,0,0,0,0,0,0,0,0,0,0,0,0
instruct-0.7,T1261,1,stop,458,0,0,0,0,0,0,0,0,0,0,0,0,0,0,0
instruct-0.7,T1262,1,stop,724,0,0,0,0,0,0,0,0,0,1,0,0,0,0,0
instruct-0.7,T1263,1,length,777,0,0,0,0,0,0,0,0,0,0,0,0,0,0,0
instruct-0.7,T1264,1,stop,503,0,0,0,0,0,0,1,0,0,0,0,0,0,0,0
instruct-0.7,T1265,1,stop,627,0,0,0,0,0,0,0,0,3,0,0,0,0,0,0
instruct-0.7,T1266,1,length,844,0,0,0,0,0,0,0,0,0,0,0,0,0,0,0
instruct-0.7,T1267,1,stop,398,0,0,0,0,0,0,0,0,0,0,0,0,0,0,0
instruct-0.7,T1268,1,stop,481,0,0,0,0,0,0,0,0,0,0,0,0,0,0,0
instruct-0.7,T1269,1,stop,634,0,0,0,0,0,0,0,0,1,0,0,0,0,0,0
instruct-0.7,T1270,1,stop,646,0,0,0,0,0,0,0,0,0,0,0,0,0,0,0
instruct-0.7,T1271,1,length,764,0,0,1,0,0,0,0,0,0,0,0,0,0,0,0
instruct-0.7,T1272,1,stop,601,0,0,0,0,0,0,0,0,0,0,0,0,0,0,0
instruct-0.7,T1273,1,length,821,0,0,0,0,0,0,0,0,1,0,0,0,0,0,0
instruct-0.7,T1274,1,length,791,0,0,0,0,0,0,0,0,0,0,0,0,0,0,0
instruct-0.7,T1275,1,stop,501,0,0,0,0,0,0,0,0,0,0,0,0,0,0,0
instruct-0.7,T1276,1,stop,689,0,0,0,0,0,0,0,0,0,0,0,0,0,0,0
instruct-0.7,T1277,1,stop,703,0,0,0,0,0,0,0,0,0,0,0,0,0,0,0
instruct-0.7,T1278,1,stop,527,0,0,0,0,0,0,0,0,0,0,0,0,0,0,0
instruct-0.7,T1279,1,stop,549,0,0,0,0,0,0,0,0,0,0,0,0,0,0,0
instruct-0.7,T1280,1,stop,640,0,0,0,0,0,0,0,0,0,0,0,0,0,0,0
instruct-0.7,T1281,1,length,805,0,0,0,0,0,0,1,0,0,0,0,0,0,0,0
instruct-0.7,T1282,1,stop,736,0,0,0,0,0,0,0,0,1,0,0,0,0,0,0
instruct-0.7,T1283,1,length,720,0,0,0,0,0,0,0,0,0,0,0,0,0,0,0
instruct-0.7,T1284,1,stop,614,0,0,0,0,0,0,0,0,0,0,0,0,0,0,0
instruct-0.7,T1285,1,stop,768,0,0,0,0,0,0,0,0,0,0,0,0,0,0,0
instruct-0.7,T1286,1,stop,678,0,0,0,0,0,0,0,0,1,0,0,0,0,0,0
instruct-0.7,T1287,1,stop,656,0,0,0,0,0,0,0,0,0,0,0,0,0,0,0
instruct-0.7,T1288,1,stop,752,0,0,0,0,0,0,0,0,2,0,0,0,0,0,0
instruct-0.7,T1289,1,stop,588,0,0,0,0,0,0,0,0,0,0,0,0,0,0,0
instruct-0.7,T1290,1,stop,692,0,0,0,0,0,0,0,0,0,0,0,0,0,0,0
instruct-0.7,T1291,1,stop,639,0,0,0,0,0,0,0,0,0,0,0,0,0,0,0
instruct-0.7,T1292,1,stop,664,0,0,0,0,0,0,1,0,0,0,0,0,0,0,0
instruct-0.7,T1293,1,stop,720,0,0,0,0,0,0,0,0,0,0,0,0,0,0,0
instruct-0.7,T1294,1,length,701,0,0,0,0,0,0,0,0,0,0,0,0,0,0,0
instruct-0.7,T1295,1,stop,487,0,0,0,0,0,0,0,0,0,0,0,0,0,0,0
instruct-0.7,T1296,1,stop,600,0,0,0,0,0,0,0,0,0,0,0,0,0,0,0
instruct-0.7,T1297,1,stop,517,0,0,0,0,0,0,0,0,1,0,0,0,0,0,0
instruct-0.7,T1298,1,stop,389,0,0,0,0,0,0,1,0,0,0,0,0,1,0,0
instruct-0.7,T1299,1,stop,434,0,0,0,0,0,0,0,0,1,0,0,0,0,0,0
instruct-0.7,T1300,1,stop,783,0,0,0,0,0,0,0,0,1,0,0,0,0,0,0
instruct-0.7,T1301,1,stop,680,0,0,1,0,0,0,1,0,0,0,0,0,0,0,0
instruct-0.7,T1302,1,stop,392,0,0,0,0,0,0,0,0,0,0,0,0,0,0,0
instruct-0.7,T1303,1,stop,754,0,0,0,0,0,0,0,0,0,1,0,0,0,0,0
instruct-0.7,T1304,1,stop,664,0,0,0,0,0,0,0,0,0,0,0,0,0,0,0
instruct-0.7,T1305,1,length,787,0,0,0,0,0,0,0,0,1,0,0,0,0,0,0
instruct-0.7,T1306,1,stop,788,0,0,0,0,0,0,0,0,0,0,0,0,0,0,0
instruct-0.7,T1307,1,stop,711,0,0,1,0,0,0,0,0,3,0,0,0,0,0,0
instruct-0.7,T1308,1,stop,698,0,0,1,0,0,0,0,0,1,0,0,0,0,0,0
instruct-0.7,T1309,1,length,708,0,0,0,0,0,0,0,0,0,0,0,0,0,0,0
instruct-0.7,T1310,1,stop,587,0,0,0,0,0,0,0,0,0,0,0,0,0,0,0
instruct-0.7,T1311,1,stop,668,0,0,0,0,0,0,0,0,0,0,0,0,0,0,0
instruct-0.7,T1312,1,stop,690,0,0,0,0,0,0,0,0,1,0,0,0,0,0,0
instruct-0.7,T1313,1,stop,487,0,0,0,0,0,0,0,0,0,0,0,0,0,0,0
instruct-0.7,T1314,1,stop,692,0,0,0,0,0,0,0,0,1,0,0,0,0,0,0
instruct-0.7,T1315,1,length,764,0,0,0,0,0,0,0,0,1,0,0,0,0,0,0
instruct-0.7,T1316,1,stop,791,0,0,0,0,0,0,1,0,1,0,0,0,0,0,0
instruct-0.7,T1317,1,stop,653,0,0,0,0,0,0,0,0,0,0,0,0,0,0,0
instruct-0.7,T1318,1,stop,379,0,0,0,0,0,0,1,0,0,0,0,0,0,0,0
instruct-0.7,T1319,1,stop,781,0,0,0,0,0,0,0,0,1,0,0,0,0,0,0
instruct-0.7,T1320,1,stop,604,0,0,0,0,0,0,0,0,0,0,0,0,0,0,0
instruct-0.7,T1321,1,length,798,0,0,2,0,0,0,0,0,0,0,0,0,0,0,0
instruct-0.7,T1322,1,stop,590,0,0,0,0,0,0,0,0,2,0,0,0,0,0,0
instruct-0.7,T1323,1,length,785,0,0,0,0,0,0,0,0,0,0,0,0,0,0,0
instruct-0.7,T1324,1,length,724,0,0,0,0,0,0,1,0,1,0,0,0,0,0,0
instruct-0.7,T1325,1,stop,718,0,0,0,0,0,0,0,0,0,0,0,0,0,0,0
instruct-0.7,T1326,1,stop,675,0,0,0,0,0,0,0,0,2,0,0,0,0,0,0
instruct-0.7,T1327,1,length,733,0,0,0,0,0,0,0,0,0,0,0,0,0,0,0
instruct-0.7,T1328,1,length,685,0,0,0,0,0,0,0,0,0,0,0,0,0,0,0
instruct-0.7,T1329,1,stop,562,0,0,0,0,0,0,0,0,1,0,0,0,0,0,0
instruct-0.7,T1330,1,stop,666,0,0,0,0,0,0,1,0,2,0,0,0,0,0,0
instruct-0.7,T1331,1,length,737,0,0,0,0,0,0,0,0,0,0,0,0,0,0,0
instruct-0.7,T1332,1,stop,616,0,0,0,0,0,0,1,0,0,0,0,0,0,0,0
instruct-0.7,T1333,1,stop,763,0,0,0,0,0,0,0,0,1,0,0,0,0,1,0
instruct-0.7,T1334,1,stop,612,0,0,0,0,0,0,0,0,0,0,0,0,0,0,0
instruct-0.7,T1335,1,stop,762,0,0,0,0,0,0,0,0,1,0,0,0,0,0,0
instruct-0.7,T1336,1,stop,755,0,0,0,0,0,0,0,0,0,0,0,0,0,0,0
instruct-0.7,T1337,1,length,734,0,0,0,0,0,0,0,0,0,0,0,0,0,0,0
instruct-0.7,T1338,1,stop,663,0,0,0,0,0,0,0,0,0,0,0,0,0,0,0
instruct-0.7,T1339,1,stop,747,0,0,0,0,0,0,0,0,2,0,0,0,0,0,0
instruct-0.7,T1340,1,length,779,0,0,0,0,0,0,0,1,0,0,0,0,0,0,0
instruct-0.7,T1341,1,stop,646,0,0,0,0,0,0,0,0,0,0,0,0,0,0,0
instruct-0.7,T1342,1,stop,693,0,0,0,0,0,0,0,0,0,0,0,0,0,0,0
instruct-0.7,T1343,1,stop,488,0,0,1,0,0,0,0,0,0,0,0,0,0,0,0
instruct-0.7,T1344,1,stop,552,0,0,0,0,0,0,0,0,0,0,0,0,0,0,0
instruct-0.7,T1345,1,stop,647,0,0,0,0,0,0,0,0,0,0,0,0,0,0,0
instruct-0.7,T1346,1,stop,711,0,0,0,0,0,0,0,0,0,0,0,0,0,0,0
instruct-0.7,T1347,1,stop,613,0,0,0,0,0,0,0,0,0,0,0,0,0,0,0
instruct-0.7,T1348,1,stop,478,0,0,0,0,0,0,0,0,0,0,0,0,0,0,0
instruct-0.7,T1349,1,length,740,0,0,0,0,0,0,0,0,0,0,0,0,0,0,0
instruct-0.7,T1350,1,stop,535,0,0,0,0,0,0,0,0,1,0,0,0,0,0,0
instruct-0.7,T1351,1,stop,783,0,0,0,0,0,0,0,0,0,0,0,0,0,0,0
instruct-0.7,T1352,1,stop,718,0,0,0,0,0,0,0,0,0,0,0,0,0,0,0
instruct-0.7,T1353,1,stop,710,0,0,1,0,0,0,0,0,0,0,0,0,0,0,0
instruct-0.7,T1354,1,stop,769,0,0,0,0,0,0,0,0,0,0,0,0,0,0,0
instruct-0.7,T1355,1,stop,570,0,0,0,0,0,0,1,0,2,0,0,0,0,0,0
instruct-0.7,T1356,1,stop,448,0,0,0,0,0,0,0,0,0,0,0,0,0,0,0
instruct-0.7,T1357,1,stop,360,0,0,0,0,0,0,0,0,0,0,0,0,0,0,0
instruct-0.7,T1358,1,stop,329,0,0,0,0,0,0,0,0,0,0,0,0,0,0,0
instruct-0.7,T1359,1,stop,718,0,0,0,0,0,0,1,0,0,0,0,0,0,0,0
instruct-0.7,T1360,1,stop,731,0,0,0,0,0,0,0,0,0,0,0,0,0,0,0
instruct-0.7,T1361,1,stop,629,0,0,0,0,0,0,0,0,1,0,0,0,0,0,0
instruct-0.7,T1362,1,stop,550,0,0,0,0,0,0,0,0,0,0,0,0,0,0,0
instruct-0.7,T1363,1,length,788,0,0,0,0,0,0,0,0,0,0,0,0,0,0,0
instruct-0.7,T1364,1,length,804,0,0,0,0,0,0,0,0,0,0,0,0,0,0,0
instruct-0.7,T1365,1,stop,633,0,0,0,0,0,0,0,0,0,0,0,0,0,0,0
instruct-0.7,T1366,1,stop,478,0,0,0,0,0,0,0,0,0,0,0,0,0,0,0
instruct-0.7,T1367,1,length,674,0,0,1,0,0,0,0,0,0,0,0,0,0,0,0
instruct-0.7,T1368,1,stop,660,0,0,0,0,0,0,0,0,1,0,0,0,0,0,0
instruct-0.7,T1369,1,length,724,0,0,0,0,0,0,0,0,0,0,0,0,0,0,0
instruct-0.7,T1370,1,length,731,0,0,0,0,0,0,0,0,0,0,0,0,0,0,0
instruct-0.7,T1371,1,stop,650,0,0,1,0,0,0,0,0,0,0,0,0,0,0,0
instruct-0.7,T1372,1,length,739,0,0,0,0,0,0,0,0,0,0,0,0,0,0,0
instruct-0.7,T1373,1,stop,545,0,0,1,0,0,0,0,0,0,0,0,0,1,0,0
instruct-0.7,T1374,1,stop,771,0,0,0,0,0,0,0,0,0,0,0,0,0,0,0
instruct-0.7,T1375,1,stop,666,0,0,0,0,0,0,0,0,0,0,0,0,0,0,0
instruct-0.7,T1376,1,stop,734,0,0,0,0,0,0,0,0,0,0,0,0,0,0,0
instruct-0.7,T1377,1,stop,639,0,0,0,0,0,0,0,0,0,0,0,0,0,0,0
instruct-0.7,T1378,1,length,776,0,0,0,0,0,0,0,0,0,1,0,0,0,0,0
instruct-0.7,T1379,1,stop,495,0,0,0,0,0,0,0,0,0,0,0,0,0,0,0
instruct-0.7,T1380,1,stop,638,0,0,0,0,0,0,0,0,0,0,0,0,0,0,0
instruct-0.7,T1381,1,stop,627,0,0,0,0,0,0,0,0,2,0,0,0,0,0,0
instruct-0.7,T1382,1,stop,723,0,0,1,0,0,0,0,0,1,0,0,0,0,0,0
instruct-0.7,T1383,1,stop,771,0,0,0,0,0,0,0,0,0,0,0,0,0,0,0
instruct-0.7,T1384,1,length,734,0,0,0,0,0,0,0,0,0,0,0,0,0,0,0
instruct-0.7,T1385,1,stop,728,0,0,0,0,0,0,0,0,0,0,0,0,0,0,0
instruct-0.7,T1386,1,stop,596,0,0,0,0,0,0,1,0,1,0,0,0,0,0,0
instruct-0.7,T1387,1,stop,799,0,0,0,0,0,0,0,0,1,1,0,0,0,0,0
instruct-0.7,T1388,1,stop,799,0,0,0,0,0,0,0,0,0,0,0,0,0,0,0
instruct-0.7,T1389,1,stop,482,0,0,0,0,0,0,0,0,0,0,0,0,0,0,0
instruct-0.7,T1390,1,stop,717,0,0,0,0,0,0,0,0,0,0,0,0,0,0,0
instruct-0.7,T1391,1,stop,494,0,0,0,0,0,0,0,0,0,0,0,0,0,0,0
instruct-0.7,T1392,1,stop,608,0,0,0,0,0,0,0,0,0,0,0,0,0,0,0
instruct-0.7,T1393,1,stop,707,0,0,0,0,0,0,0,0,2,0,0,0,0,0,0
instruct-0.7,T1394,1,stop,598,0,0,0,0,0,0,0,0,0,0,0,0,1,0,0
instruct-0.7,T1395,1,stop,477,0,0,0,0,0,0,0,0,0,0,0,0,0,0,0
instruct-0.7,T1396,1,stop,702,0,0,0,0,0,0,0,0,1,0,0,0,0,0,0
instruct-0.7,T1397,1,length,684,0,0,0,0,0,0,0,0,0,0,0,0,0,0,0
instruct-0.7,T1398,1,stop,422,0,0,0,0,0,0,0,0,0,0,0,0,1,0,0
instruct-0.7,T1399,1,stop,658,0,0,0,0,0,0,0,0,0,0,0,0,0,0,0
instruct-0.7,T1400,1,stop,737,0,0,0,0,0,0,0,0,1,0,0,0,0,0,0
instruct-0.7,T1401,1,stop,620,0,0,0,0,0,0,0,0,2,0,0,0,0,0,0
instruct-0.7,T1402,1,length,725,0,0,0,0,0,0,0,0,1,0,0,0,0,0,0
instruct-0.7,T1403,1,stop,661,0,0,0,0,0,0,0,0,0,0,0,0,0,0,0
instruct-0.7,T1404,1,stop,625,0,0,0,0,0,0,0,0,0,0,0,0,0,0,0
instruct-0.7,T1405,1,stop,515,0,0,0,0,0,0,0,0,0,0,0,0,0,0,0
instruct-0.7,T1406,1,stop,750,0,0,0,0,0,0,0,0,1,0,0,0,0,0,0
instruct-0.7,T1407,1,stop,534,0,0,0,0,0,0,0,0,1,0,0,0,0,0,0
instruct-0.7,T1408,1,stop,353,0,0,0,0,0,0,0,0,0,0,0,0,0,0,0
instruct-0.7,T1409,1,length,814,0,0,0,0,0,0,0,0,1,0,0,0,0,0,0
instruct-0.7,T1410,1,stop,628,0,0,0,0,0,0,0,0,3,0,0,0,0,0,0
instruct-0.7,T1411,1,stop,700,0,0,1,0,0,0,0,0,0,0,0,0,0,0,0
instruct-0.7,T1412,1,stop,573,0,0,0,0,0,0,0,0,0,0,0,0,0,0,0
instruct-0.7,T1413,1,stop,407,0,0,0,0,0,0,0,0,0,0,0,0,0,0,0
instruct-0.7,T1414,1,stop,601,0,0,0,0,0,0,0,0,1,0,0,0,0,0,0
instruct-0.7,T1415,1,stop,489,0,0,0,0,0,0,0,0,1,0,0,0,0,0,0
instruct-0.7,T1416,1,stop,683,0,0,0,0,0,0,1,0,0,0,0,0,0,0,0
instruct-0.7,T1417,1,stop,519,0,0,0,0,0,0,0,0,0,0,0,0,0,0,0
instruct-0.7,T1418,1,stop,534,0,0,0,0,0,0,0,0,1,0,0,0,0,0,0
instruct-0.7,T1419,1,stop,404,1,0,0,0,0,0,0,0,0,0,0,0,0,0,0
instruct-0.7,T1420,1,stop,619,0,0,0,0,0,0,0,0,0,0,0,0,0,0,0
instruct-0.7,T1421,1,stop,518,0,0,0,0,0,0,0,0,1,0,0,0,0,0,0
instruct-0.7,T1422,1,stop,613,0,0,0,0,0,0,0,0,0,0,0,0,0,0,0
instruct-0.7,T1423,1,stop,786,0,0,1,0,0,0,0,0,1,0,0,0,0,0,0
instruct-0.7,T1424,1,length,705,0,0,0,0,0,0,0,0,0,0,0,0,0,0,0
instruct-0.7,T1425,1,length,826,0,0,0,0,0,0,1,0,1,0,0,0,0,0,1
instruct-0.7,T1426,1,stop,604,0,0,0,0,0,0,0,0,1,0,0,0,0,0,0
instruct-0.7,T1427,1,stop,644,0,0,0,0,0,0,1,0,2,0,0,0,0,0,0
instruct-0.7,T1428,1,stop,686,0,0,0,0,0,0,0,0,1,0,0,0,0,0,0
instruct-0.7,T1429,1,stop,544,0,0,0,0,0,0,0,0,0,0,0,0,0,0,0
instruct-0.7,T1430,1,length,809,0,0,0,0,0,0,0,0,0,0,0,0,0,0,0
instruct-0.7,T1431,1,stop,616,0,0,1,0,0,0,0,0,0,0,0,0,1,0,0
instruct-0.7,T1432,1,length,758,0,0,0,0,0,0,0,0,0,0,0,0,0,0,0
instruct-0.7,T1433,1,length,839,0,0,0,0,0,0,0,0,0,0,0,0,0,0,0
instruct-0.7,T1434,1,stop,703,0,0,0,0,0,0,0,0,1,0,0,0,0,0,0
instruct-0.7,T1435,1,stop,682,0,0,0,0,0,0,0,0,0,0,0,0,0,0,0
instruct-0.7,T1436,1,stop,618,0,0,0,0,0,0,0,0,0,0,0,0,0,0,0
instruct-0.7,T1437,1,stop,782,0,0,0,0,0,0,0,0,0,0,0,0,0,0,0
instruct-0.7,T1438,1,stop,408,0,0,0,0,0,0,0,0,1,0,0,0,0,0,0
instruct-0.7,T1439,1,stop,720,0,0,0,0,0,0,0,0,0,0,0,0,0,0,0
instruct-0.7,T1440,1,stop,607,0,0,0,0,0,0,0,0,1,0,0,0,0,0,0
instruct-0.7,T1441,1,stop,568,0,0,0,0,0,0,0,1,0,0,0,0,0,0,0
instruct-0.7,T1442,1,stop,752,0,0,0,0,0,0,0,0,0,0,0,0,0,0,0
instruct-0.7,T1443,1,length,812,0,0,0,0,0,0,0,0,0,0,0,0,0,0,0
instruct-0.7,T1444,1,stop,577,0,0,0,0,0,0,0,0,0,0,0,0,0,0,0
instruct-0.7,T1445,1,stop,691,0,0,0,0,0,0,0,0,1,0,0,0,0,0,0
instruct-0.7,T1446,1,stop,691,0,0,0,0,0,0,0,0,0,0,0,0,0,0,0
instruct-0.7,T1447,1,stop,487,0,0,0,0,0,0,0,0,0,0,0,0,0,0,0
instruct-0.7,T1448,1,stop,673,0,0,0,0,0,0,0,0,0,0,0,0,0,0,0
instruct-0.7,T1449,1,length,771,0,0,0,0,0,0,0,0,0,0,0,0,0,0,0
instruct-0.7,T1450,1,stop,641,0,0,0,0,0,0,0,0,1,0,0,0,0,0,0
instruct-0.7,T1451,1,stop,759,0,0,0,0,0,0,0,0,0,0,0,0,0,0,0
instruct-0.7,T1452,1,stop,549,0,0,0,0,0,0,0,0,0,0,0,0,0,0,0
instruct-0.7,T1453,1,stop,708,0,0,0,0,0,0,0,0,0,0,0,0,0,0,0
instruct-0.7,T1454,1,stop,440,0,0,0,0,0,0,0,0,0,0,0,0,0,0,0
instruct-0.7,T1455,1,length,733,0,0,0,0,0,0,0,0,0,0,0,0,0,0,0
instruct-0.7,T1456,1,stop,431,0,0,0,0,0,0,0,0,0,0,0,0,0,0,0
instruct-0.7,T1457,1,stop,714,0,0,0,0,0,0,0,0,0,0,0,0,0,0,0
instruct-0.7,T1458,1,stop,607,0,0,0,0,0,0,0,0,1,0,0,0,0,0,0
instruct-0.7,T1459,1,stop,615,0,0,0,0,0,0,0,0,0,0,0,0,0,0,0
instruct-0.7,T1460,1,stop,704,0,0,0,0,0,0,0,0,0,0,0,0,0,0,0
instruct-0.7,T1461,1,stop,727,0,0,0,0,0,0,0,0,1,0,0,0,0,0,0
instruct-0.7,T1462,1,stop,596,0,0,0,0,0,0,0,0,0,0,0,0,0,0,0
instruct-0.7,T1463,1,stop,768,0,0,0,0,0,0,1,0,0,0,0,0,0,0,0
instruct-0.7,T1464,1,stop,638,1,0,0,0,0,0,0,0,0,0,0,0,0,0,0
instruct-0.7,T1465,1,stop,645,0,0,0,0,0,0,0,0,1,0,0,0,0,0,0
instruct-0.7,T1466,1,length,791,0,0,0,0,0,0,0,0,2,0,0,0,0,0,0
instruct-0.7,T1467,1,stop,726,0,0,0,0,0,0,0,0,2,0,0,0,0,0,0
instruct-0.7,T1468,1,length,771,0,0,0,0,0,0,0,0,0,0,0,0,0,0,0
instruct-0.7,T1469,1,stop,494,0,0,0,0,0,0,0,0,1,0,0,0,0,0,0
instruct-0.7,T1470,1,length,764,0,0,0,0,0,0,0,0,2,0,0,0,0,0,0
instruct-0.7,T1471,1,stop,693,0,0,0,0,0,0,1,0,2,0,0,0,0,0,0
instruct-0.7,T1472,1,stop,589,0,0,0,0,0,0,0,0,0,0,0,0,0,0,0
instruct-0.7,T1473,1,stop,798,0,0,0,0,0,0,0,0,2,0,0,0,0,0,0
instruct-0.7,T1474,1,stop,760,0,0,0,0,0,0,0,0,0,0,0,0,0,0,0
instruct-0.7,T1475,1,stop,498,0,0,0,0,0,0,0,0,0,0,0,0,1,0,0
instruct-0.7,T1476,1,stop,453,0,0,0,0,0,0,0,0,0,0,0,0,0,0,0
instruct-0.7,T1477,1,stop,550,0,0,0,0,0,0,0,0,0,0,0,0,0,0,0
instruct-0.7,T1478,1,stop,660,0,0,1,0,0,0,0,0,0,0,0,0,0,0,0
instruct-0.7,T1479,1,stop,487,0,0,0,0,0,0,0,0,0,0,0,0,0,0,0
instruct-0.7,T1480,1,stop,629,0,0,0,0,0,0,0,0,0,0,0,0,0,0,0
instruct-0.7,T1481,1,stop,733,0,0,0,0,0,0,0,0,0,0,0,0,0,0,0
instruct-0.7,T1482,1,stop,695,0,0,0,0,0,0,0,0,0,0,0,0,0,0,0
instruct-0.7,T1483,1,length,743,0,0,0,0,0,0,0,0,0,0,0,0,0,0,0
instruct-0.7,T1484,1,stop,594,0,0,0,0,0,0,0,0,0,0,0,0,0,0,0
instruct-0.7,T1485,1,stop,431,0,0,0,0,0,0,0,0,0,0,0,0,0,0,0
instruct-0.7,T1486,1,stop,410,0,0,0,0,0,0,0,0,1,0,0,0,0,0,0
instruct-0.7,T1487,1,stop,711,0,0,0,0,0,0,1,0,0,0,0,0,0,0,0
instruct-0.7,T1488,1,stop,558,0,0,0,0,0,0,0,0,0,0,0,0,0,0,0
instruct-0.7,T1489,1,stop,776,0,0,0,0,0,0,0,0,0,0,0,0,0,0,0
instruct-0.7,T1490,1,stop,663,0,0,0,0,0,0,0,0,1,0,0,0,0,0,0
instruct-0.7,T1491,1,length,721,0,0,0,0,0,0,0,0,1,0,0,0,0,0,0
instruct-0.7,T1492,1,stop,598,0,0,0,0,0,0,0,0,0,0,0,0,0,0,0
instruct-0.7,T1493,1,stop,678,0,0,0,0,0,0,0,0,1,0,0,0,0,0,0
instruct-0.7,T1494,1,length,800,0,0,0,0,0,0,0,0,0,0,0,0,0,0,0
instruct-0.7,T1495,1,stop,784,0,0,0,0,0,0,0,0,2,0,0,0,0,0,0
instruct-0.7,T1496,1,length,764,0,0,0,0,0,0,0,0,1,0,0,0,0,0,0
instruct-0.7,T1497,1,stop,718,0,0,0,0,0,0,0,0,0,0,0,0,0,0,0
instruct-0.7,T1498,1,stop,754,0,0,0,0,0,0,0,0,1,0,0,0,0,0,0
instruct-0.7,T1499,1,length,808,0,0,0,0,0,0,0,0,0,0,0,0,0,0,0
instruct-0.7,T1500,1,stop,395,0,0,0,0,0,0,0,0,0,0,0,0,0,0,0
instruct-0.7,T1501,1,length,788,0,0,0,0,0,0,0,0,1,0,0,0,0,0,0
instruct-0.7,T1502,1,length,767,0,0,0,0,0,0,0,0,0,0,0,0,0,0,0
instruct-0.7,T1503,1,stop,477,0,0,0,0,0,0,0,0,1,0,0,0,0,0,0
instruct-0.7,T1504,1,stop,562,0,0,0,0,0,0,0,0,0,0,0,0,0,0,0
instruct-0.7,T1505,1,stop,653,0,0,0,0,0,0,0,0,2,0,0,0,0,0,0
instruct-0.7,T1506,1,length,754,0,0,0,0,0,0,0,0,2,0,0,0,0,0,0
instruct-0.7,T1507,1,stop,534,0,0,0,0,0,0,1,0,1,0,0,0,0,0,0
instruct-0.7,T1508,1,stop,457,0,0,0,0,0,0,1,0,1,0,0,0,2,0,0
instruct-0.7,T1509,1,stop,784,0,0,0,0,0,0,0,0,0,0,0,0,0,0,0
instruct-0.7,T1510,1,stop,689,0,0,0,0,0,0,0,0,0,0,0,0,0,0,0
instruct-0.7,T1511,1,stop,513,0,0,0,0,0,0,1,0,0,0,0,0,0,0,0
instruct-0.7,T1512,1,length,780,0,0,0,0,0,0,0,0,0,0,0,0,0,0,0
instruct-0.7,T1513,1,stop,710,0,0,0,0,0,0,0,0,0,0,0,0,0,0,0
instruct-0.7,T1514,1,length,807,1,0,0,0,0,0,0,0,1,0,0,0,1,0,0
instruct-0.7,T1515,1,length,813,0,0,0,0,0,0,0,0,0,0,0,0,0,0,0
instruct-0.7,T1516,1,stop,733,0,0,0,0,0,0,0,0,2,0,0,0,0,0,0
instruct-0.7,T1517,1,stop,731,0,0,0,0,0,0,0,0,0,0,0,0,0,0,0
instruct-0.7,T1518,1,stop,686,0,0,0,0,0,0,1,0,1,0,0,0,0,0,0
instruct-0.7,T1519,1,length,735,0,0,0,0,0,0,0,0,0,0,0,0,0,0,0
instruct-0.7,T1520,1,stop,731,0,0,0,0,0,0,0,0,0,0,0,0,0,0,0
instruct-0.7,T1521,1,stop,627,0,0,0,0,0,0,0,0,0,0,0,0,0,0,0
instruct-0.7,T1522,1,stop,563,0,0,0,0,0,0,0,0,1,0,0,0,0,0,0
instruct-0.7,T1523,1,length,748,0,0,0,0,0,0,0,0,1,0,0,0,0,0,0
instruct-0.7,T1524,1,stop,639,0,0,0,0,0,0,0,0,1,0,0,0,0,0,0
instruct-0.7,T1525,1,stop,455,0,0,0,0,0,0,0,0,0,0,0,0,0,0,0
instruct-0.7,T1526,1,stop,719,0,0,0,0,0,0,0,0,0,0,0,0,0,0,0
instruct-0.7,T1527,1,length,795,0,0,0,0,0,0,0,0,0,0,0,0,0,1,0
instruct-0.7,T1528,1,stop,506,0,0,0,0,0,0,0,0,0,0,0,0,0,0,0
instruct-0.7,T1529,1,stop,672,0,0,0,0,0,0,0,0,0,0,0,0,0,0,0
instruct-0.7,T1530,1,length,747,0,0,0,0,0,0,0,0,0,0,0,0,0,0,0
instruct-0.7,T1531,1,stop,450,0,0,0,0,0,0,0,0,0,0,0,0,0,0,0
instruct-0.7,T1532,1,stop,611,0,0,0,0,0,0,0,0,1,0,0,0,0,0,0
instruct-0.7,T1533,1,stop,660,0,0,0,0,0,0,0,0,0,0,0,0,0,0,0
instruct-0.7,T1534,1,length,769,0,0,0,0,0,0,0,0,1,0,0,0,0,0,0
instruct-0.7,T1535,1,stop,300,0,0,0,0,0,0,0,0,0,0,0,0,0,0,0
instruct-0.7,T1536,1,stop,759,0,0,0,0,0,0,0,0,0,0,0,0,0,0,0
instruct-0.7,T1537,1,length,765,0,0,0,0,0,0,0,0,0,0,0,0,0,0,0
instruct-0.7,T1538,1,stop,693,0,0,0,0,0,0,0,0,1,0,0,0,0,0,0
instruct-0.7,T1539,1,stop,644,0,0,0,0,0,0,0,0,1,0,0,0,0,0,0
instruct-0.7,T1540,1,stop,459,0,0,0,0,0,0,0,0,0,0,0,0,0,0,0
instruct-0.7,T1541,1,stop,640,0,0,0,0,0,0,0,0,2,0,0,0,0,0,0
instruct-0.7,T1542,1,stop,635,0,0,0,0,0,0,0,0,1,0,0,0,0,0,0
instruct-0.7,T1543,1,length,771,0,0,0,0,0,0,0,0,0,0,0,0,0,0,0
instruct-0.7,T1544,1,stop,619,0,0,0,0,0,0,0,0,0,0,0,0,0,0,0
instruct-0.7,T1545,1,stop,538,0,0,0,0,0,0,0,0,0,0,0,0,0,0,0
instruct-0.7,T1546,1,length,827,0,0,0,0,0,0,0,0,0,0,0,0,0,0,0
instruct-0.7,T1547,1,stop,705,0,0,0,0,0,0,0,0,0,0,0,0,0,0,0
instruct-0.7,T1548,1,length,738,0,0,0,0,0,0,1,0,0,0,0,0,0,0,0
instruct-0.7,T1549,1,length,746,0,0,0,0,0,0,0,0,1,0,0,0,0,0,0
instruct-0.7,T1550,1,stop,418,1,0,0,0,0,0,1,0,0,0,0,0,0,0,0
instruct-0.7,T1551,1,stop,646,0,0,0,0,0,0,0,0,0,0,0,0,0,0,0
instruct-0.7,T1552,1,stop,644,0,0,0,0,0,0,0,0,0,0,0,0,0,0,0
instruct-0.7,T1553,1,stop,691,0,0,0,0,0,0,0,0,0,0,0,0,0,0,0
instruct-0.7,T1554,1,stop,718,0,0,0,0,0,0,0,0,0,0,0,0,0,0,0
instruct-0.7,T1555,1,stop,738,0,0,0,0,0,0,0,0,0,0,0,0,0,0,0
instruct-0.7,T1556,1,stop,498,0,0,0,0,0,0,1,0,0,0,0,0,0,0,0
instruct-0.7,T1557,1,stop,681,0,0,0,0,0,0,0,0,0,0,0,0,0,0,0
instruct-0.7,T1558,1,stop,707,0,0,0,0,0,0,0,0,1,0,0,0,0,0,0
instruct-0.7,T1559,1,stop,608,0,0,0,0,0,0,0,0,0,0,0,0,0,0,0
instruct-0.7,T1560,1,stop,511,0,0,0,0,0,0,0,0,0,0,0,0,0,0,0
instruct-0.7,T1561,1,length,763,0,0,0,0,0,0,0,0,0,0,0,0,0,0,0
instruct-0.7,T1562,1,stop,758,0,0,0,0,0,0,0,0,0,0,0,0,0,0,0
instruct-0.7,T1563,1,stop,531,0,0,0,0,0,0,0,0,1,0,0,0,0,0,0
instruct-0.7,T1564,1,stop,671,0,0,0,0,0,0,0,0,1,0,0,0,0,0,0
instruct-0.7,T1565,1,stop,569,0,0,0,0,0,0,0,0,3,0,0,0,0,0,0
instruct-0.7,T1566,1,stop,790,0,0,0,0,0,0,0,0,1,0,0,0,0,0,0
instruct-0.7,T1567,1,stop,516,0,0,0,0,0,0,0,0,0,0,0,0,0,0,0
instruct-0.7,T1568,1,length,710,0,0,0,0,0,0,0,0,0,0,0,0,0,0,0
instruct-0.7,T1569,1,stop,677,0,0,0,0,0,0,0,0,0,0,0,0,0,0,0
instruct-0.7,T1570,1,length,857,0,0,0,0,0,0,0,0,0,0,0,0,0,0,0
instruct-0.7,T1571,1,stop,471,0,0,0,0,0,0,0,0,0,0,0,0,0,0,0
instruct-0.7,T1572,1,stop,481,0,0,0,0,0,0,0,0,0,0,0,0,0,0,0
instruct-0.7,T1573,1,stop,618,0,0,0,0,0,0,0,0,0,0,0,0,0,0,0
instruct-0.7,T1574,1,length,762,0,0,0,0,0,0,0,0,0,0,0,0,0,0,0
instruct-0.7,T1575,1,length,775,0,0,0,0,0,0,0,0,1,0,0,0,0,0,0
instruct-0.7,T1576,1,length,787,0,0,0,0,0,0,0,0,0,0,0,0,0,0,0
instruct-0.7,T1577,1,stop,664,0,0,0,0,0,0,0,0,0,0,0,0,0,0,0
instruct-0.7,T1578,1,length,714,0,0,1,0,0,0,0,0,0,0,0,0,0,0,0
instruct-0.7,T1579,1,length,686,0,0,1,0,0,0,0,0,1,0,0,0,0,0,0
instruct-0.7,T1580,1,stop,659,0,0,0,0,0,0,0,0,0,0,0,0,0,0,0
instruct-0.7,T1581,1,stop,737,0,0,0,0,0,0,0,0,2,0,0,0,0,0,0
instruct-0.7,T1582,1,stop,727,0,0,0,0,0,0,0,0,1,0,0,0,0,0,0
instruct-0.7,T1583,1,stop,804,0,0,0,0,0,0,0,0,0,0,0,0,0,0,0
instruct-0.7,T1584,1,stop,671,0,0,0,0,0,0,0,0,0,0,0,0,0,0,0
instruct-0.7,T1585,1,stop,627,0,0,0,0,0,0,0,0,1,0,0,0,0,0,0
instruct-0.7,T1586,1,length,767,0,0,0,0,0,0,0,0,0,0,0,0,0,0,0
instruct-0.7,T1587,1,stop,737,0,0,0,0,0,0,0,0,1,0,0,0,0,0,0
instruct-0.7,T1588,1,stop,601,0,0,0,0,0,0,0,0,1,0,0,0,0,0,0
instruct-0.7,T1589,1,stop,605,0,0,0,0,0,0,0,0,0,0,0,0,0,0,1
instruct-0.7,T1590,1,stop,411,0,0,0,0,0,0,0,0,0,0,0,0,0,0,0
instruct-0.7,T1591,1,stop,666,0,0,0,0,0,0,0,0,0,0,0,0,0,0,0
instruct-0.7,T1592,1,stop,611,0,0,0,0,0,0,0,0,0,0,0,0,0,0,0
instruct-0.7,T1593,1,stop,586,0,0,0,0,0,0,0,0,0,0,0,0,0,0,0
instruct-0.7,T1594,1,stop,634,0,0,0,0,0,0,0,0,0,0,0,0,0,0,0
instruct-0.7,T1595,1,length,777,0,0,0,0,0,0,0,0,0,0,0,0,0,0,0
instruct-0.7,T1596,1,stop,656,0,0,0,0,0,0,0,0,1,0,0,0,0,0,0
instruct-0.7,T1597,1,stop,677,0,0,0,0,0,0,0,0,1,0,0,0,0,0,0
instruct-0.7,T1598,1,stop,632,0,0,0,0,0,0,0,0,0,0,0,0,0,0,0
instruct-0.7,T1599,1,stop,555,0,0,1,0,0,0,0,0,0,0,0,0,0,0,0
instruct-0.7,T1600,1,stop,585,0,0,0,0,0,0,0,0,1,0,0,0,0,0,0
instruct-0.7,T1601,1,stop,662,0,0,0,0,0,0,0,0,0,0,0,0,0,0,0
instruct-0.7,T1602,1,length,826,0,0,0,0,0,0,0,0,0,0,0,0,0,0,0
instruct-0.7,T1603,1,stop,697,0,0,0,0,0,0,0,0,0,0,0,0,0,0,0
instruct-0.7,T1604,1,stop,783,0,0,0,0,0,0,0,0,0,0,0,0,0,0,0
instruct-0.7,T1605,1,stop,561,0,0,0,0,0,0,0,0,0,0,0,0,0,0,0
instruct-0.7,T1606,1,stop,471,0,0,0,0,0,0,0,0,0,0,0,0,0,0,0
instruct-0.7,T1607,1,stop,583,0,0,0,0,0,0,0,0,2,0,0,0,0,0,0
instruct-0.7,T1608,1,length,784,0,0,0,0,0,0,1,0,1,0,0,0,0,0,0
instruct-0.7,T1609,1,stop,655,0,0,0,0,0,0,0,0,0,0,0,0,0,0,0
instruct-0.7,T1610,1,stop,757,0,0,0,0,0,0,0,0,1,0,0,0,0,0,0
instruct-0.7,T1611,1,stop,660,0,0,0,0,0,0,0,0,1,1,0,0,0,0,0
instruct-0.7,T1612,1,stop,633,0,0,0,0,0,0,1,0,0,0,0,0,0,0,0
instruct-0.7,T1613,1,stop,722,0,0,1,0,0,0,0,0,0,0,0,0,0,0,0
instruct-0.7,T1614,1,stop,718,0,0,0,0,0,0,0,0,1,0,0,0,0,0,0
instruct-0.7,T1615,1,length,791,0,0,0,0,0,0,0,0,0,0,0,0,0,0,0
instruct-0.7,T1616,1,stop,718,0,0,0,0,0,0,0,0,1,0,0,0,0,0,0
instruct-0.7,T1617,1,stop,508,0,0,0,0,0,0,0,0,0,0,0,0,0,0,0
instruct-0.7,T1618,1,stop,713,0,0,0,0,0,0,0,0,1,0,0,0,0,0,0
instruct-0.7,T1619,1,length,737,0,0,0,0,0,0,0,0,0,0,0,0,0,0,0
instruct-0.7,T1620,1,stop,684,0,0,0,0,0,0,0,0,0,0,0,0,0,0,0
instruct-0.7,T1621,1,stop,743,0,0,0,0,0,0,0,0,0,0,0,0,0,0,0
instruct-0.7,T1622,1,stop,527,0,0,0,0,0,0,0,0,0,0,0,0,0,0,0
instruct-0.7,T1623,1,stop,751,0,0,0,0,0,0,0,0,0,0,0,0,0,0,0
instruct-0.7,T1624,1,length,774,0,0,0,0,0,0,0,0,0,0,0,0,0,0,0
instruct-0.7,T1625,1,stop,626,0,0,0,0,0,0,1,0,0,0,0,0,0,0,0
instruct-0.7,T1626,1,stop,671,0,0,0,0,0,0,0,0,2,0,0,0,0,0,0
instruct-0.7,T1627,1,stop,706,0,0,0,0,0,0,0,0,1,0,0,0,0,0,0
instruct-0.7,T1628,1,stop,681,0,0,0,0,0,0,0,0,0,0,0,0,0,0,0
instruct-0.7,T1629,1,stop,806,0,0,0,0,0,0,0,0,0,0,0,0,0,0,0
instruct-0.7,T1630,1,stop,672,0,0,0,0,0,0,0,0,0,0,0,0,0,0,0
instruct-0.7,T1631,1,stop,447,0,0,0,0,0,0,0,0,0,0,0,0,0,0,0
instruct-0.7,T1632,1,stop,514,0,0,0,0,0,0,0,0,0,0,0,0,0,0,0
instruct-0.7,T1633,1,length,648,0,0,0,0,0,0,0,0,0,0,0,0,0,0,0
instruct-0.7,T1634,1,stop,594,0,0,0,0,0,0,0,0,1,0,0,0,0,0,0
instruct-0.7,T1635,1,stop,653,0,0,0,0,0,0,0,0,0,0,0,0,0,0,0
instruct-0.7,T1636,1,length,766,0,0,0,0,0,0,0,0,0,0,0,0,0,0,0
instruct-0.7,T1637,1,stop,498,0,0,0,0,0,0,0,0,0,0,0,0,0,0,0
instruct-0.7,T1638,1,stop,737,0,0,0,0,0,0,0,0,0,0,0,0,0,0,0
instruct-0.7,T1639,1,stop,488,0,0,0,0,0,0,0,0,0,0,0,0,0,0,0
instruct-0.7,T1640,1,length,725,0,0,0,0,0,0,0,0,0,0,0,0,0,0,0
instruct-0.7,T1641,1,stop,616,0,0,1,0,0,0,1,0,0,0,0,0,0,0,0
instruct-0.7,T1642,1,stop,703,0,0,0,0,0,0,0,0,0,0,0,0,0,0,0
instruct-0.7,T1643,1,stop,494,0,0,0,0,0,0,0,0,2,0,0,0,0,0,0
instruct-0.7,T1644,1,stop,714,0,0,0,0,0,0,0,0,0,0,0,0,0,0,0
instruct-0.7,T1645,1,stop,475,0,0,0,0,0,0,0,0,0,0,0,0,0,0,0
instruct-0.7,T1646,1,stop,794,0,0,0,0,0,0,0,0,0,0,0,0,0,0,0
instruct-0.7,T1647,1,stop,659,0,0,0,0,0,0,0,0,0,0,0,0,0,0,0
instruct-0.7,T1648,1,stop,542,0,0,0,0,0,0,0,0,3,0,0,0,1,0,0
instruct-0.7,T1649,1,stop,756,0,0,0,0,0,0,0,0,1,0,0,0,0,0,0
instruct-0.7,T1650,1,length,764,0,0,0,0,0,0,0,0,1,0,0,0,0,0,0
instruct-0.7,T1651,1,stop,635,0,0,0,0,0,0,1,0,0,0,0,0,0,0,0
instruct-0.7,T1652,1,stop,594,0,0,0,0,0,0,0,0,0,0,0,0,0,0,0
instruct-0.7,T1653,1,length,787,0,0,1,0,0,0,0,0,1,0,0,0,0,0,0
instruct-0.7,T1654,1,stop,466,0,0,0,0,0,0,1,0,0,0,0,0,0,0,0
instruct-0.7,T1655,1,stop,778,0,0,0,0,0,0,0,0,0,0,0,0,0,0,0
instruct-0.7,T1656,1,stop,662,0,0,0,0,0,0,0,0,0,0,0,0,0,0,0
instruct-0.7,T1657,1,stop,556,0,0,0,0,0,0,0,0,0,0,0,0,0,0,0
instruct-0.7,T1658,1,stop,603,0,0,0,0,0,0,1,0,2,0,0,0,0,0,0
instruct-0.7,T1659,1,stop,647,0,0,0,0,0,0,0,0,1,0,0,0,0,0,0
instruct-0.7,T1660,1,stop,796,0,0,0,0,0,0,0,0,0,0,0,0,0,0,0
instruct-0.7,T1661,1,length,781,0,0,0,0,0,0,0,0,0,0,0,0,0,0,0
instruct-0.7,T1662,1,stop,650,0,0,0,0,0,0,0,0,0,0,0,0,1,0,0
instruct-0.7,T1663,1,stop,655,0,0,0,0,0,0,1,0,2,0,0,0,1,0,0
instruct-0.7,T1664,1,stop,460,0,0,0,0,0,0,0,0,0,0,0,0,0,0,0
instruct-0.7,T1665,1,stop,458,0,0,0,0,0,0,0,0,0,0,0,0,0,0,0
instruct-0.7,T1666,1,length,746,0,0,0,0,0,0,0,0,1,0,0,0,0,0,0
instruct-0.7,T1667,1,stop,596,0,0,0,0,0,0,0,0,1,0,0,0,0,0,0
instruct-0.7,T1668,1,stop,622,0,0,0,0,0,0,0,0,0,0,0,0,0,0,0
instruct-0.7,T1669,1,stop,701,0,0,0,0,0,0,0,0,0,0,0,0,0,0,0
instruct-0.7,T1670,1,stop,715,0,0,0,0,0,0,0,0,0,0,0,0,0,0,0
instruct-0.7,T1671,1,stop,468,1,0,0,0,0,0,0,0,0,0,0,0,1,0,0
instruct-0.7,T1672,1,stop,544,0,0,0,0,0,0,0,0,0,0,0,0,0,0,0
instruct-0.7,T1673,1,stop,640,0,0,0,0,0,0,0,0,0,0,0,0,0,0,0
instruct-0.7,T1674,1,stop,680,0,0,0,0,0,0,0,0,0,0,0,0,0,0,0
instruct-0.7,T1675,1,stop,621,0,0,0,0,0,0,0,0,0,0,0,0,0,0,0
instruct-0.7,T1676,1,length,783,0,0,0,0,0,0,0,0,0,0,0,0,0,0,0
instruct-0.7,T1677,1,length,792,0,0,0,0,0,0,0,0,0,0,0,0,0,0,0
instruct-0.7,T1678,1,stop,440,0,0,0,0,0,0,0,0,0,0,0,0,0,0,0
instruct-0.7,T1679,1,stop,698,0,0,0,0,0,0,0,0,0,0,0,0,0,0,0
instruct-0.7,T1680,1,length,802,0,0,0,0,0,0,1,0,0,0,0,0,0,0,0
instruct-0.7,T1681,1,stop,624,0,0,0,0,0,0,1,0,0,0,0,0,0,0,0
instruct-0.7,T1682,1,stop,654,0,0,0,0,0,1,1,0,0,0,0,0,0,0,0
instruct-0.7,T1683,1,stop,686,0,0,0,0,0,0,0,0,0,0,0,0,0,0,0
instruct-0.7,T1684,1,length,829,0,0,0,0,0,0,0,0,0,0,0,0,0,0,0
instruct-0.7,T1685,1,stop,753,0,0,0,0,0,0,0,0,0,0,0,0,0,0,0
instruct-0.7,T1686,1,stop,759,0,0,1,0,0,0,0,0,0,0,0,0,0,1,0
instruct-0.7,T1687,1,stop,562,0,0,1,0,0,0,0,0,0,0,0,0,0,0,0
instruct-0.7,T1688,1,stop,621,0,0,0,0,0,0,0,0,0,0,0,0,0,0,0
instruct-0.7,T1689,1,stop,586,0,0,0,0,0,0,0,0,2,0,0,0,0,0,0
instruct-0.7,T1690,1,stop,686,0,0,0,0,0,0,0,0,0,0,0,0,0,0,0
instruct-0.7,T1691,1,length,681,0,0,0,0,0,0,0,0,0,0,0,0,0,0,0
instruct-0.7,T1692,1,length,786,1,0,0,0,0,0,0,0,1,0,0,0,0,0,0
instruct-0.7,T1693,1,stop,632,0,0,0,0,0,0,0,0,0,0,0,0,0,0,0
instruct-0.7,T1694,1,stop,475,0,0,0,0,0,0,0,0,0,0,0,0,0,0,0
instruct-0.7,T1695,1,stop,580,0,0,0,0,0,0,0,0,0,0,0,0,0,0,0
instruct-0.7,T1696,1,stop,711,0,0,0,0,0,0,0,0,0,0,0,0,0,0,0
instruct-0.7,T1697,1,length,771,0,0,0,0,0,0,0,0,0,0,0,0,0,0,0
instruct-0.7,T1698,1,length,761,0,0,0,0,0,0,0,0,0,0,0,0,0,0,0
instruct-0.7,T1699,1,stop,683,0,0,0,0,0,0,0,0,0,0,0,0,0,0,0
instruct-0.7,T1700,1,stop,417,0,0,0,0,0,0,0,0,1,0,0,0,0,0,0
instruct-0.7,T1701,1,stop,521,0,0,0,0,0,0,0,0,0,0,0,0,0,0,0
instruct-0.7,T1702,1,stop,704,1,0,0,0,0,0,1,0,0,0,0,0,0,0,0
instruct-0.7,T1703,1,stop,581,0,0,0,0,0,0,1,0,1,0,0,0,0,0,0
instruct-0.7,T1704,1,stop,634,0,0,0,0,0,0,0,0,2,0,0,0,0,0,0
instruct-0.7,T1705,1,stop,733,0,0,0,0,0,0,0,0,0,0,0,0,0,0,0
instruct-0.7,T1706,1,stop,679,0,0,0,0,0,0,0,0,1,0,0,0,1,0,0
instruct-0.7,T1707,1,length,745,0,0,0,0,0,0,0,0,1,0,0,0,0,0,0
instruct-0.7,T1708,1,stop,606,0,0,0,0,0,0,0,0,1,0,0,0,0,0,0
instruct-0.7,T1709,1,length,662,0,0,0,0,0,0,0,0,0,0,0,0,0,0,0
instruct-0.7,T1710,1,length,757,0,0,0,0,0,0,0,0,0,0,0,0,0,0,0
instruct-0.7,T1711,1,length,724,0,0,0,0,0,0,0,0,0,0,0,0,0,0,0
instruct-0.7,T1712,1,stop,496,0,0,1,0,0,0,0,0,1,0,0,0,0,0,0
instruct-0.7,T1713,1,stop,612,0,0,0,0,0,0,0,0,1,0,0,0,0,0,0
instruct-0.7,T1714,1,stop,434,0,0,0,0,0,0,0,0,1,0,0,0,0,0,0
instruct-0.7,T1715,1,stop,702,0,0,0,0,0,0,0,0,0,0,0,0,0,0,0
instruct-0.7,T1716,1,length,792,0,0,0,0,0,0,1,0,2,0,0,0,0,0,0
instruct-0.7,T1717,1,stop,491,0,0,0,0,0,0,0,0,0,0,0,0,0,0,0
instruct-0.7,T1718,1,stop,383,0,0,0,0,0,0,0,0,0,0,0,0,0,0,0
instruct-0.7,T1719,1,stop,666,0,0,0,0,0,0,0,0,1,0,0,0,0,0,0
instruct-0.7,T1720,1,stop,556,0,0,0,0,0,0,0,0,0,0,0,0,0,0,0
instruct-0.7,T1721,1,stop,526,0,0,0,0,0,0,0,0,2,0,0,0,0,0,0
instruct-0.7,T1722,1,stop,588,0,0,0,0,0,0,0,0,0,0,0,0,0,0,0
instruct-0.7,T1723,1,stop,648,0,0,0,0,0,0,0,0,3,0,0,0,0,0,0
instruct-0.7,T1724,1,stop,724,0,0,0,0,0,0,0,0,0,0,0,0,1,0,0
instruct-0.7,T1725,1,length,672,0,0,0,0,0,0,0,0,0,0,0,0,0,0,0
instruct-0.7,T1726,1,stop,588,0,0,0,0,0,0,0,0,0,0,0,0,0,0,0
instruct-0.7,T1727,1,length,792,0,0,0,0,0,0,0,0,2,0,0,0,0,0,0
instruct-0.7,T1728,1,stop,709,0,0,0,0,0,0,0,0,1,0,0,0,2,0,0
instruct-0.7,T1729,1,stop,570,0,0,0,0,0,0,0,0,0,0,0,0,0,0,0
instruct-0.7,T1730,1,stop,614,0,0,0,0,0,0,1,0,1,0,0,0,0,0,0
instruct-0.7,T1731,1,stop,777,0,0,0,0,0,0,0,0,0,0,0,0,0,0,0
instruct-0.7,T1732,1,stop,499,0,0,0,0,0,0,0,0,0,0,0,0,0,0,0
instruct-0.7,T1733,1,stop,679,0,0,0,0,0,0,0,0,0,0,0,0,0,0,0
instruct-0.7,T1734,1,stop,722,0,0,0,0,0,0,0,0,1,0,0,0,0,0,0
instruct-0.7,T1735,1,stop,547,0,0,0,0,0,0,0,0,1,0,0,0,0,0,0
instruct-0.7,T1736,1,length,790,0,0,0,0,0,0,0,0,0,0,0,0,0,0,0
instruct-0.7,T1737,1,stop,656,0,0,0,0,0,0,0,0,1,0,0,0,0,0,0
instruct-0.7,T1738,1,stop,684,0,0,1,0,0,0,0,0,0,0,0,0,0,0,0
instruct-0.7,T1739,1,length,823,0,0,0,0,0,0,0,0,0,0,0,0,0,0,0
instruct-0.7,T1740,1,stop,676,0,0,0,0,0,0,0,0,0,0,0,0,0,0,0
instruct-0.7,T1741,1,stop,617,0,0,0,0,0,0,0,0,1,0,0,0,0,0,0
instruct-0.7,T1742,1,length,715,0,0,0,0,0,0,0,0,0,0,0,0,0,0,0
instruct-0.7,T1743,1,length,754,0,0,0,0,0,0,0,0,0,0,0,0,0,0,0
instruct-0.7,T1744,1,stop,329,0,0,0,0,0,0,0,0,0,0,0,0,0,0,0
instruct-0.7,T1745,1,stop,720,0,0,0,0,0,0,0,0,1,0,0,0,0,0,0
instruct-0.7,T1746,1,stop,783,0,0,1,0,0,0,0,0,1,0,0,0,0,0,0
instruct-0.7,T1747,1,stop,453,0,0,0,0,0,0,0,0,0,0,0,0,0,0,0
instruct-0.7,T1748,1,length,704,0,0,0,0,0,0,0,0,0,0,0,0,0,0,0
instruct-0.7,T1749,1,stop,609,0,0,0,0,0,0,0,0,1,0,0,0,0,0,0
instruct-0.7,T1750,1,stop,716,0,0,0,0,0,0,0,0,2,0,0,0,0,0,0
instruct-0.7,T1751,1,length,796,0,0,0,0,0,0,0,0,0,0,0,0,0,0,0
instruct-0.7,T1752,1,stop,679,0,0,0,0,0,0,0,0,0,0,0,0,0,0,0
instruct-0.7,T1753,1,length,630,0,0,0,0,0,0,0,0,1,0,0,0,0,0,0
instruct-0.7,T1754,1,length,790,0,0,0,0,0,0,0,0,1,0,0,0,0,0,0
instruct-0.7,T1755,1,stop,709,0,0,0,0,0,0,0,0,0,0,0,0,0,0,0
instruct-0.7,T1756,1,length,830,0,0,0,0,0,0,0,0,1,0,0,0,1,0,0
instruct-0.7,T1757,1,stop,614,0,0,0,0,0,0,1,0,0,0,0,0,0,0,0
instruct-0.7,T1758,1,stop,604,0,0,0,0,0,0,0,0,0,0,0,0,0,0,0
instruct-0.7,T1759,1,stop,789,0,0,0,0,0,0,0,0,0,0,0,0,1,0,0
instruct-0.7,T1760,1,stop,321,0,0,0,0,0,0,0,0,0,0,0,0,0,0,0
instruct-0.7,T1761,1,length,824,0,0,0,0,0,0,0,0,0,0,0,0,0,0,0
instruct-0.7,T1762,1,stop,629,0,0,0,0,0,0,0,0,0,0,0,0,0,0,0
instruct-0.7,T1763,1,stop,769,0,0,0,0,0,0,0,0,0,0,0,0,0,0,0
instruct-0.7,T1764,1,length,747,0,0,0,0,0,0,0,0,0,0,0,0,0,0,0
instruct-0.7,T1765,1,stop,603,0,0,0,0,0,0,0,0,0,0,0,0,0,0,0
instruct-0.7,T1766,1,stop,319,0,0,0,0,0,0,0,0,0,0,0,0,0,0,0
instruct-0.7,T1767,1,stop,601,0,0,0,0,0,0,0,0,0,0,0,0,0,0,0
instruct-0.7,T1768,1,stop,796,0,0,0,0,0,0,0,0,2,0,0,0,0,0,0
instruct-0.7,T1769,1,length,793,0,0,0,0,0,0,0,0,0,0,0,0,0,0,0
instruct-0.7,T1770,1,stop,743,0,0,0,0,0,0,0,0,2,0,0,0,0,0,0
instruct-0.7,T1771,1,stop,338,0,0,0,0,0,0,0,0,2,0,0,0,0,0,0
instruct-0.7,T1772,1,stop,580,0,0,0,0,0,0,0,0,0,0,0,0,0,0,0
instruct-0.7,T1773,1,stop,691,0,0,0,0,0,0,0,0,0,0,0,0,0,0,0
instruct-0.7,T1774,1,stop,715,0,0,0,0,0,0,1,0,1,0,0,0,0,0,0
instruct-0.7,T1775,1,length,807,0,0,0,0,0,0,1,0,1,0,0,0,0,0,0
instruct-0.7,T1776,1,stop,690,0,0,0,0,0,0,0,0,4,0,0,0,0,0,0
instruct-0.7,T1777,1,stop,497,0,0,0,0,0,0,0,0,0,0,0,0,0,0,0
instruct-0.7,T1778,1,stop,578,0,0,0,0,0,0,0,0,0,0,0,0,0,0,0
instruct-0.7,T1779,1,stop,727,0,0,0,0,0,0,0,0,0,0,0,0,0,0,0
instruct-0.7,T1780,1,stop,639,0,0,0,0,0,0,0,0,0,0,0,0,0,0,0
instruct-0.7,T1781,1,stop,762,0,0,0,0,0,0,0,0,0,0,0,0,0,0,0
instruct-0.7,T1782,1,stop,652,0,0,0,0,0,0,0,0,0,0,0,0,0,0,0
instruct-0.7,T1783,1,stop,426,0,0,0,0,0,0,0,0,0,0,0,0,0,0,0
instruct-0.7,T1784,1,stop,746,0,0,1,0,0,0,0,0,0,0,0,0,0,0,0
instruct-0.7,T1785,1,stop,664,0,0,0,0,0,0,0,0,0,0,0,0,0,0,0
instruct-0.7,T1786,1,stop,819,0,0,0,0,0,0,0,0,2,0,0,0,0,0,0
instruct-0.7,T1787,1,stop,783,0,0,0,0,0,0,0,0,1,0,0,0,0,0,0
instruct-0.7,T1788,1,stop,638,0,0,0,0,0,0,0,0,2,0,0,0,0,0,0
instruct-0.7,T1789,1,stop,630,0,0,0,0,0,0,0,0,2,0,0,0,0,0,0
instruct-0.7,T1790,1,length,829,0,0,0,0,0,0,0,0,0,0,0,0,0,0,0
instruct-0.7,T1791,1,length,669,0,0,0,0,0,0,0,0,0,0,0,0,0,0,0
instruct-0.7,T1792,1,stop,697,0,0,0,0,0,0,0,0,1,0,0,0,0,0,0
instruct-0.7,T1793,1,stop,501,0,0,0,0,0,0,0,0,0,0,0,0,0,0,0
instruct-0.7,T1794,1,stop,435,0,0,0,0,0,0,0,0,0,0,0,0,0,0,0
instruct-0.7,T1795,1,stop,743,0,0,0,0,0,0,0,0,0,0,0,0,0,0,0
instruct-0.7,T1796,1,stop,720,0,0,0,0,0,0,0,0,0,0,0,0,0,0,0
instruct-0.7,T1797,1,stop,735,0,0,0,0,0,0,0,0,3,0,0,0,0,0,0
instruct-0.7,T1798,1,stop,410,0,0,0,0,0,0,0,0,0,0,0,0,0,0,0
instruct-0.7,T1799,1,stop,692,0,0,0,0,0,0,0,0,1,0,0,0,0,0,0
instruct-0.7,T1800,1,stop,561,0,0,0,0,0,0,0,0,0,0,0,0,0,0,0
instruct-0.7,T1801,1,stop,627,0,0,0,0,0,0,0,0,1,0,0,0,0,0,0
instruct-0.7,T1802,1,length,719,0,0,1,0,0,0,0,0,1,0,0,0,0,0,0
instruct-0.7,T1803,1,length,677,0,0,0,0,0,0,0,0,0,0,0,0,0,0,0
instruct-0.7,T1804,1,stop,436,0,0,0,0,0,0,0,0,1,0,0,0,0,0,0
instruct-0.7,T1805,1,stop,664,0,0,0,0,0,0,0,0,0,0,0,0,0,0,0
instruct-0.7,T1806,1,stop,406,0,0,0,0,0,0,0,0,0,0,0,0,0,0,0
instruct-0.7,T1807,1,stop,740,0,0,0,0,0,0,0,0,0,0,0,0,0,0,0
instruct-0.7,T1808,1,length,785,0,0,0,0,0,0,0,0,0,0,0,0,0,0,0
instruct-0.7,T1809,1,length,776,0,0,0,0,0,0,0,0,3,0,0,0,0,0,0
instruct-0.7,T1810,1,length,735,0,0,0,0,0,0,0,0,0,0,0,0,0,0,0
instruct-0.7,T1811,1,stop,386,0,0,0,0,0,0,0,0,0,0,0,0,0,0,0
instruct-0.7,T1812,1,stop,437,0,0,0,0,0,0,0,0,1,0,0,0,0,0,0
instruct-0.7,T1813,1,stop,673,0,0,0,0,0,0,0,0,0,0,0,0,0,0,0
instruct-0.7,T1814,1,length,721,0,0,0,0,0,0,0,0,0,0,0,0,0,0,0
instruct-0.7,T1815,1,stop,621,0,0,0,0,0,0,0,0,0,0,0,0,0,0,0
instruct-0.7,T1816,1,stop,670,0,0,0,0,0,0,0,0,0,0,0,0,0,0,0
instruct-0.7,T1817,1,length,757,0,0,0,0,0,0,0,0,0,0,0,0,0,0,0
instruct-0.7,T1818,1,length,769,0,0,0,0,0,0,0,0,0,0,0,0,0,0,0
instruct-0.7,T1819,1,stop,602,0,0,0,0,0,0,0,0,0,0,0,0,0,0,0
instruct-0.7,T1820,1,stop,746,0,0,0,0,0,0,0,0,1,0,0,0,0,0,0
instruct-0.7,T1821,1,stop,323,0,0,0,0,0,0,1,0,0,0,0,0,0,0,0
instruct-0.7,T1822,1,stop,736,0,0,0,0,0,0,0,0,0,0,0,0,0,0,1
instruct-0.7,T1823,1,length,736,0,0,0,0,0,0,0,0,0,0,0,0,0,0,0
instruct-0.7,T1824,1,stop,603,0,0,0,0,0,0,1,0,0,0,0,0,0,0,0
instruct-0.7,T1825,1,stop,593,0,0,0,0,0,0,0,0,0,0,0,0,0,0,0
instruct-0.7,T1826,1,stop,469,0,0,0,0,0,0,0,0,0,0,0,0,0,0,0
instruct-0.7,T1827,1,length,770,0,0,0,0,0,0,0,0,0,0,0,0,0,0,0
instruct-0.7,T1828,1,stop,588,0,0,0,0,0,0,0,0,0,0,0,0,0,0,0
instruct-0.7,T1829,1,length,742,0,0,3,0,0,0,0,0,1,0,0,0,0,0,0
instruct-0.7,T1830,1,stop,614,0,0,0,0,0,0,0,0,1,0,0,0,0,0,0
instruct-0.7,T1831,1,length,825,0,0,0,0,0,0,0,0,0,0,0,0,0,0,0
instruct-0.7,T1832,1,stop,620,0,0,0,0,0,0,1,0,0,0,0,0,0,0,0
instruct-0.7,T1833,1,stop,799,0,0,0,0,0,0,0,0,0,0,0,0,0,0,0
instruct-0.7,T1834,1,stop,556,0,0,0,0,0,0,0,0,0,0,0,0,0,0,0
instruct-0.7,T1835,1,stop,770,0,0,0,0,0,0,0,0,0,0,0,0,0,0,0
instruct-0.7,T1836,1,stop,676,0,0,0,0,0,0,0,1,2,0,0,0,0,0,0
instruct-0.7,T1837,1,stop,559,0,0,0,0,0,0,1,0,0,0,0,0,0,0,0
instruct-0.7,T1838,1,stop,602,0,0,0,0,0,0,0,0,0,0,0,0,0,0,0
instruct-0.7,T1839,1,stop,562,0,0,0,0,0,0,0,0,0,0,0,0,0,0,0
instruct-0.7,T1840,1,stop,714,0,0,0,0,0,0,0,0,0,0,0,0,0,0,0
instruct-0.7,T1841,1,stop,756,0,0,0,0,0,0,0,0,1,0,0,0,0,0,0
instruct-0.7,T1842,1,stop,615,0,0,0,0,0,0,1,0,0,0,0,0,0,0,0
instruct-0.7,T1843,1,stop,682,0,0,0,0,0,0,0,0,2,0,0,0,0,0,0
instruct-0.7,T1844,1,stop,793,0,0,0,0,0,0,0,0,1,0,0,0,0,0,0
instruct-0.7,T1845,1,stop,692,0,0,0,0,0,0,0,0,0,0,0,0,0,0,0
instruct-0.7,T1846,1,stop,839,0,0,0,0,0,0,1,0,2,0,0,0,1,0,0
instruct-0.7,T1847,1,stop,447,0,0,0,0,0,0,0,0,0,0,0,0,0,0,0
instruct-0.7,T1848,1,stop,772,0,0,0,0,0,0,0,0,2,0,0,0,0,0,0
instruct-0.7,T1849,1,stop,648,0,0,0,0,0,0,0,0,0,0,0,0,0,0,0
instruct-0.7,T1850,1,stop,655,0,0,0,0,0,0,0,0,1,0,0,0,0,0,0
instruct-0.7,T1851,1,stop,526,0,0,0,0,0,0,0,0,0,0,0,0,0,0,0
instruct-0.7,T1852,1,stop,758,1,0,0,0,0,0,0,0,0,0,0,0,0,0,0
instruct-0.7,T1853,1,stop,603,0,0,0,0,0,0,0,0,0,0,0,0,0,0,0
instruct-0.7,T1854,1,stop,641,0,0,0,0,0,0,0,0,0,0,0,0,0,0,0
instruct-0.7,T1855,1,length,785,0,0,0,0,0,0,0,0,1,0,0,0,0,0,0
instruct-0.7,T1856,1,length,717,0,0,1,0,0,0,0,0,0,0,0,0,0,0,0
instruct-0.7,T1857,1,length,778,0,0,0,0,0,0,0,0,0,0,0,0,0,0,0
instruct-0.7,T1858,1,stop,638,0,0,0,0,0,0,0,0,0,0,0,0,0,0,0
instruct-0.7,T1859,1,stop,468,1,0,0,0,0,0,0,0,0,0,0,0,0,0,0
instruct-0.7,T1860,1,length,783,0,0,0,0,0,0,1,0,0,0,0,0,0,0,0
instruct-0.7,T1861,1,stop,658,0,0,0,0,0,0,0,0,0,0,0,0,0,0,0
instruct-0.7,T1862,1,stop,538,0,0,0,0,0,0,1,0,0,0,0,0,0,0,0
instruct-0.7,T1863,1,stop,656,0,0,0,0,0,0,0,0,0,0,0,0,0,0,0
instruct-0.7,T1864,1,stop,550,0,0,0,0,0,0,0,0,0,0,0,0,0,0,0
instruct-0.7,T1865,1,stop,662,0,0,0,0,0,0,0,0,1,0,0,0,0,0,0
instruct-0.7,T1866,1,stop,537,0,0,0,0,0,0,0,0,0,0,0,0,0,0,0
instruct-0.7,T1867,1,stop,542,0,0,0,0,0,0,0,0,1,0,0,0,0,0,0
instruct-0.7,T1868,1,stop,738,0,0,0,0,0,0,0,0,0,0,0,0,0,0,0
instruct-0.7,T1869,1,length,756,0,0,0,0,0,0,0,0,0,0,0,0,0,0,0
instruct-0.7,T1870,1,stop,632,0,0,0,0,0,0,0,0,1,0,0,0,0,0,0
instruct-0.7,T1871,1,length,756,0,0,0,0,0,0,0,0,1,0,0,0,0,0,0
instruct-0.7,T1872,1,length,757,0,0,0,0,0,0,0,0,0,0,0,0,0,0,0
instruct-0.7,T1873,1,stop,656,0,0,0,0,0,0,0,0,0,0,0,0,0,0,0
instruct-0.7,T1874,1,stop,797,0,0,0,0,0,0,0,0,0,0,0,0,0,0,0
instruct-0.7,T1875,1,stop,626,0,0,0,0,0,0,1,0,1,0,0,0,0,0,0
instruct-0.7,T1876,1,length,775,0,0,0,0,0,0,0,0,0,0,0,0,0,0,0
instruct-0.7,T1877,1,stop,471,0,0,0,0,0,0,0,0,0,0,0,0,0,0,0
instruct-0.7,T1878,1,stop,708,0,0,0,0,0,0,0,0,2,0,0,0,0,0,0
instruct-0.7,T1879,1,stop,746,0,0,0,0,0,0,0,0,0,0,0,0,0,0,0
instruct-0.7,T1880,1,stop,529,0,0,0,0,0,0,0,0,0,0,0,0,0,0,0
instruct-0.7,T1881,1,stop,604,0,0,0,0,0,0,0,0,0,0,0,0,0,0,0
instruct-0.7,T1882,1,length,765,0,0,0,0,0,0,0,0,0,0,0,0,0,0,0
instruct-0.7,T1883,1,stop,674,0,0,1,0,0,0,0,0,0,0,0,0,0,0,0
instruct-0.7,T1884,1,stop,553,0,0,0,0,0,0,0,0,0,0,0,0,0,0,0
instruct-0.7,T1885,1,length,785,0,0,0,0,0,0,0,0,0,0,0,0,0,0,0
instruct-0.7,T1886,1,stop,543,0,0,0,0,0,0,0,0,1,0,0,0,1,0,0
instruct-0.7,T1887,1,length,740,0,0,0,0,0,0,1,0,0,0,0,0,0,0,0
instruct-0.7,T1888,1,length,758,0,0,0,0,0,0,0,0,0,0,0,0,0,0,0
instruct-0.7,T1889,1,stop,623,0,0,0,0,0,0,0,0,2,0,0,0,0,1,0
instruct-0.7,T1890,1,stop,712,0,0,1,0,0,0,0,0,1,0,0,0,0,0,0
instruct-0.7,T1891,1,stop,754,0,0,0,0,0,0,1,0,0,0,0,0,0,0,0
instruct-0.7,T1892,1,stop,450,0,0,0,0,0,0,0,0,0,0,0,0,1,0,0
instruct-0.7,T1893,1,length,825,0,0,0,0,0,0,0,0,0,0,0,0,0,0,0
instruct-0.7,T1894,1,stop,533,0,0,0,0,0,0,0,0,0,0,0,0,1,0,0
instruct-0.7,T1895,1,stop,556,0,0,0,0,0,0,0,0,0,0,0,0,1,0,0
instruct-0.7,T1896,1,stop,593,0,0,0,0,0,0,0,0,1,0,0,0,0,0,0
instruct-0.7,T1897,1,stop,576,0,0,0,0,0,0,0,0,1,0,0,0,0,0,0
instruct-0.7,T1898,1,stop,704,0,0,0,0,0,0,0,0,1,0,0,0,0,0,0
instruct-0.7,T1899,1,stop,768,0,0,0,0,0,0,0,0,0,0,0,0,0,0,0
instruct-0.7,T1900,1,stop,594,0,0,0,0,0,0,0,0,1,0,0,0,1,0,0
instruct-0.7,T1901,1,stop,746,0,0,0,0,0,0,0,0,0,0,0,0,0,0,0
instruct-0.7,T1902,1,stop,717,0,0,0,0,0,0,0,0,1,0,0,0,0,0,0
instruct-0.7,T1903,1,stop,566,0,0,0,0,0,0,0,0,1,0,0,0,0,0,0
instruct-0.7,T1904,1,stop,683,0,0,0,0,0,0,0,0,0,0,0,0,0,0,0
instruct-0.7,T1905,1,stop,581,0,0,0,0,0,0,1,0,0,0,0,0,0,0,0
instruct-0.7,T1906,1,stop,787,0,0,0,0,0,0,1,0,0,0,0,0,0,0,0
instruct-0.7,T1907,1,stop,671,0,0,0,0,0,0,0,0,1,0,0,0,0,0,0
instruct-0.7,T1908,1,stop,745,0,0,0,0,0,0,0,0,0,0,0,0,0,0,0
instruct-0.7,T1909,1,length,737,0,0,0,0,0,0,0,0,1,0,0,0,0,0,0
instruct-0.7,T1910,1,stop,574,1,0,0,0,0,0,0,0,0,0,0,0,0,0,0
instruct-0.7,T1911,1,stop,679,0,0,0,0,0,0,0,0,0,0,0,0,0,0,0
instruct-0.7,T1912,1,length,803,0,0,0,0,0,0,0,0,1,0,0,0,0,0,0
instruct-0.7,T1913,1,length,819,0,0,0,0,0,0,1,0,0,0,0,0,0,0,0
instruct-0.7,T1914,1,stop,619,0,0,0,0,0,0,0,0,0,0,0,0,0,0,0
instruct-0.7,T1915,1,length,697,0,0,0,0,0,0,0,0,0,0,0,0,0,0,0
instruct-0.7,T1916,1,stop,645,0,0,0,0,0,0,0,0,0,0,0,0,0,0,0
instruct-0.7,T1917,1,length,721,0,0,0,0,0,0,0,0,0,0,0,0,0,0,0
instruct-0.7,T1918,1,length,730,0,0,0,0,0,0,0,0,0,0,0,0,0,0,0
instruct-0.7,T1919,1,stop,506,0,0,0,0,0,0,0,0,1,0,0,0,0,0,0
instruct-0.7,T1920,1,stop,782,0,0,0,0,0,0,0,0,0,0,0,0,0,0,0
instruct-0.7,T1921,1,length,703,0,0,0,0,0,0,0,0,0,0,0,0,0,0,0
instruct-0.7,T1922,1,length,755,0,0,0,0,0,0,0,0,0,0,0,0,0,0,0
instruct-0.7,T1923,1,stop,722,0,0,0,0,0,0,0,0,0,0,0,0,0,0,0
instruct-0.7,T1924,1,stop,689,0,0,0,0,0,0,0,0,3,0,0,0,0,0,0
instruct-0.7,T1925,1,length,797,0,0,0,0,0,0,0,0,0,0,0,0,0,0,0
instruct-0.7,T1926,1,length,748,0,0,0,0,0,0,0,0,0,0,0,0,0,0,0
instruct-0.7,T1927,1,length,703,0,0,0,0,0,0,0,0,0,0,0,0,0,0,0
instruct-0.7,T1928,1,stop,792,0,0,0,0,0,0,0,0,1,0,0,0,0,0,0
instruct-0.7,T1929,1,length,796,0,0,0,0,0,0,0,0,2,0,0,0,0,0,0
instruct-0.7,T1930,1,stop,519,0,0,0,0,0,0,0,0,0,0,0,0,0,0,0
instruct-0.7,T1931,1,stop,652,0,0,0,0,0,0,0,0,0,0,0,0,0,0,0
instruct-0.7,T1932,1,stop,532,0,0,0,0,0,0,1,0,0,0,0,0,0,0,0
instruct-0.7,T1933,1,stop,753,0,0,0,0,0,0,0,0,1,0,0,0,0,0,0
instruct-0.7,T1934,1,length,770,0,0,0,0,0,0,1,0,0,0,0,0,0,0,0
instruct-0.7,T1935,1,length,747,0,0,0,0,0,0,0,0,1,0,0,0,0,0,0
instruct-0.7,T1936,1,stop,774,0,0,0,0,0,0,0,0,0,0,0,0,0,0,0
instruct-0.7,T1937,1,stop,563,0,0,0,0,0,0,0,0,0,0,0,0,0,0,0
instruct-0.7,T1938,1,stop,678,1,0,0,0,0,0,0,0,1,0,0,0,0,0,0
instruct-0.7,T1939,1,stop,718,0,0,0,0,0,0,0,0,0,0,0,0,0,0,0
instruct-0.7,T1940,1,length,724,0,0,1,0,0,0,0,0,0,0,0,0,0,0,0
instruct-0.7,T1941,1,stop,636,0,0,0,0,0,0,0,0,0,0,0,0,0,0,0
instruct-0.7,T1942,1,stop,778,0,0,0,0,0,0,0,0,0,0,0,0,0,0,0
instruct-0.7,T1943,1,stop,797,0,0,0,0,0,0,0,0,0,0,0,0,0,0,0
instruct-0.7,T1944,1,length,816,0,0,0,0,0,0,0,0,0,0,0,0,0,0,0
instruct-0.7,T1945,1,stop,641,0,0,0,0,0,0,0,0,1,0,0,0,0,0,0
instruct-0.7,T1946,1,stop,488,0,0,0,0,0,0,0,0,0,0,0,0,0,0,0
instruct-0.7,T1947,1,stop,729,0,0,0,0,0,0,0,0,0,0,0,0,0,0,0
instruct-0.7,T1948,1,length,755,0,0,0,0,0,0,0,0,0,0,0,0,0,0,0
instruct-0.7,T1949,1,stop,479,0,0,0,0,0,0,0,0,0,0,0,0,0,0,0
instruct-0.7,T1950,1,stop,591,0,0,0,0,0,0,0,0,0,0,0,0,0,0,0
instruct-0.7,T1951,1,length,734,0,0,0,0,0,0,0,0,0,0,0,0,0,0,0
instruct-0.7,T1952,1,length,706,0,0,0,0,0,0,0,0,1,0,0,0,0,0,0
instruct-0.7,T1953,1,stop,467,0,0,0,0,0,0,0,0,0,0,0,0,0,0,0
instruct-0.7,T1954,1,length,792,0,0,0,0,0,0,0,0,0,0,0,0,0,0,0
instruct-0.7,T1955,1,stop,482,0,0,0,0,0,0,0,0,0,1,0,0,0,0,0
instruct-0.7,T1956,1,length,793,0,0,0,0,0,0,0,0,1,0,0,0,0,0,0
instruct-0.7,T1957,1,length,787,0,0,0,0,0,0,1,0,0,0,0,0,0,0,0
instruct-0.7,T1958,1,length,726,0,0,0,0,0,0,0,0,0,0,0,0,0,0,0
instruct-0.7,T1959,1,length,750,0,0,0,0,0,0,0,0,0,0,0,0,0,0,0
instruct-0.7,T1960,1,stop,630,0,0,0,0,0,0,0,0,0,0,0,0,0,0,0
instruct-0.7,T1961,1,length,752,0,0,0,0,0,0,0,0,0,0,0,0,0,0,0
instruct-0.7,T1962,1,stop,593,0,0,0,0,0,0,0,0,1,0,0,0,0,0,0
instruct-0.7,T1963,1,stop,685,0,0,0,0,0,0,0,0,0,0,0,0,0,0,0
instruct-0.7,T1964,1,stop,724,0,0,0,0,0,0,0,0,2,0,0,0,0,0,0
instruct-0.7,T1965,1,stop,670,0,0,0,0,0,0,0,1,0,0,0,0,0,0,0
instruct-0.7,T1966,1,stop,639,0,0,0,0,0,0,0,0,0,0,0,0,0,0,0
instruct-0.7,T1967,1,stop,564,0,0,0,0,0,0,0,0,0,0,0,0,0,0,0
instruct-0.7,T1968,1,stop,642,0,0,0,0,0,0,0,0,1,0,0,0,0,0,0
instruct-0.7,T1969,1,length,760,0,0,0,0,0,0,1,0,1,0,0,0,0,0,0
instruct-0.7,T1970,1,stop,616,0,0,0,0,0,0,0,0,0,0,0,0,0,0,0
instruct-0.7,T1971,1,stop,642,0,0,0,0,0,0,2,0,1,0,0,0,0,0,0
instruct-0.7,T1972,1,length,754,0,0,0,0,0,0,0,0,0,0,0,0,0,0,0
instruct-0.7,T1973,1,length,781,0,0,1,0,0,0,0,0,0,0,0,0,0,0,0
instruct-0.7,T1974,1,stop,756,0,0,0,0,0,0,0,0,0,0,0,0,0,0,0
instruct-0.7,T1975,1,stop,545,0,0,0,0,0,0,0,0,0,0,0,0,0,0,0
instruct-0.7,T1976,1,stop,570,0,0,0,0,0,0,1,0,0,0,0,0,0,0,0
instruct-0.7,T1977,1,stop,594,0,0,0,0,0,0,0,0,0,0,0,0,0,0,0
instruct-0.7,T1978,1,stop,553,0,0,0,0,0,0,0,0,1,0,0,0,0,0,0
instruct-0.7,T1979,1,stop,700,0,0,0,0,0,0,1,0,1,0,0,0,0,0,0
instruct-0.7,T1980,1,length,798,0,0,0,0,0,0,0,0,0,0,0,0,0,0,0
instruct-0.7,T1981,1,stop,727,0,0,0,0,0,0,0,0,2,0,0,0,0,0,0
instruct-0.7,T1982,1,stop,550,0,0,0,0,0,0,0,0,0,0,0,0,1,0,0
instruct-0.7,T1983,1,stop,679,0,0,0,0,0,0,0,0,0,0,0,0,0,0,0
instruct-0.7,T1984,1,stop,453,0,0,0,0,0,0,0,0,0,0,0,0,0,0,0
instruct-0.7,T1985,1,stop,476,0,0,0,0,0,0,0,0,0,0,0,0,0,0,0
instruct-0.7,T1986,1,length,731,0,0,0,0,0,0,0,0,0,0,0,0,0,0,0
instruct-0.7,T1987,1,stop,694,0,0,0,0,0,0,0,0,0,0,0,0,0,0,0
instruct-0.7,T1988,1,stop,766,0,0,0,0,0,0,0,0,0,1,0,0,0,0,0
instruct-0.7,T1989,1,stop,541,1,0,0,0,0,0,0,0,0,0,0,0,0,0,0
instruct-0.7,T1990,1,length,791,0,0,0,0,0,0,0,0,0,0,0,0,0,0,0
instruct-0.7,T1991,1,length,690,0,0,0,0,0,0,0,0,0,0,0,0,0,0,0
instruct-0.7,T1992,1,stop,678,0,0,0,0,0,0,0,0,0,0,0,0,0,0,0
instruct-0.7,T1993,1,stop,484,0,0,1,0,0,0,0,0,0,0,0,0,0,0,0
instruct-0.7,T1994,1,stop,667,0,0,0,0,0,0,0,0,0,0,0,0,0,0,0
instruct-0.7,T1995,1,stop,729,0,0,0,0,0,0,0,0,1,0,0,0,0,0,0
instruct-0.7,T1996,1,stop,673,0,0,0,0,0,0,0,0,0,0,0,0,0,0,0
instruct-0.7,T1997,1,stop,455,0,0,0,0,0,0,0,0,0,0,0,0,0,0,0
instruct-0.7,T1998,1,stop,544,0,0,0,0,0,0,0,0,1,0,0,0,0,0,0
instruct-0.7,T1999,1,length,821,0,0,0,0,0,0,1,0,0,0,0,0,0,0,0
instruct-0.7,T2000,1,stop,731,0,0,0,0,0,0,0,0,0,0,0,0,0,0,0
instruct-0.7,T2001,1,stop,764,0,0,0,0,0,0,0,0,1,0,0,0,0,0,0
instruct-0.7,T2002,1,length,706,0,0,0,0,0,0,0,0,0,0,0,0,0,0,0
instruct-0.7,T2003,1,stop,660,0,0,0,0,0,0,0,0,0,0,0,0,0,0,0
instruct-0.7,T2004,1,length,770,0,0,0,0,0,0,0,0,1,0,0,0,0,0,0
instruct-0.7,T2005,1,stop,366,0,0,0,0,0,0,0,0,0,0,0,0,0,0,0
instruct-0.7,T2006,1,stop,526,0,0,0,0,0,0,0,0,0,0,0,0,0,0,0
instruct-0.7,T2007,1,stop,793,0,0,0,0,0,0,1,0,1,0,0,0,0,0,0
instruct-0.7,T2008,1,length,763,0,0,0,0,0,0,0,0,0,0,0,0,0,0,0
instruct-0.7,T2009,1,length,781,0,0,0,0,0,0,0,0,0,0,0,0,0,0,0
instruct-0.7,T2010,1,stop,685,0,0,0,0,0,0,0,0,2,0,0,0,0,0,0
instruct-0.7,T2011,1,stop,755,0,0,0,0,0,0,0,0,1,0,0,0,0,0,0
instruct-0.7,T2012,1,stop,648,0,0,0,0,0,0,0,0,0,0,0,0,0,0,0
instruct-0.7,T2013,1,stop,571,0,0,0,0,0,0,0,0,0,0,0,0,0,0,0
instruct-0.7,T2014,1,stop,776,0,0,0,0,0,0,0,0,0,0,0,0,0,0,0
instruct-0.7,T2015,1,stop,464,0,0,0,0,0,0,0,0,2,0,0,0,1,0,0
instruct-0.7,T2016,1,length,768,0,0,0,0,0,0,0,0,1,0,0,0,0,0,0
instruct-0.7,T2017,1,stop,624,0,0,0,0,0,0,0,0,0,0,0,0,0,0,0
instruct-0.7,T2018,1,length,792,0,0,0,0,0,0,0,0,0,0,0,0,0,0,0
instruct-0.7,T2019,1,stop,727,0,0,0,0,0,0,0,0,0,0,0,0,0,0,0
instruct-0.7,T2020,1,stop,713,0,0,0,0,0,0,0,0,0,0,0,0,0,0,0
instruct-0.7,T2021,1,stop,621,0,0,0,0,0,0,0,0,1,0,0,0,0,0,0
instruct-0.7,T2022,1,stop,780,0,0,0,0,0,0,0,0,0,0,0,0,0,0,0
instruct-0.7,T2023,1,stop,605,0,0,0,0,0,0,0,0,0,0,0,0,0,0,0
instruct-0.7,T2024,1,stop,518,0,0,0,0,0,0,0,0,0,1,0,0,0,0,0
instruct-0.7,T2025,1,stop,461,0,0,0,0,0,0,0,0,4,0,0,0,0,0,0
instruct-0.7,T2026,1,stop,671,0,0,0,0,0,0,0,0,0,0,0,0,0,0,0
instruct-0.7,T2027,1,stop,603,0,0,0,0,0,0,0,0,0,0,0,0,0,0,0
instruct-0.7,T2028,1,stop,800,0,0,0,0,0,0,0,0,0,0,0,0,0,0,0
instruct-0.7,T2029,1,stop,573,0,0,0,0,0,0,0,0,0,0,0,0,0,0,0
instruct-0.7,T2030,1,stop,504,0,0,0,0,0,0,0,0,0,0,0,0,0,0,0
instruct-0.7,T2031,1,stop,508,0,0,0,0,0,0,0,0,0,0,0,0,0,0,0
instruct-0.7,T2032,1,length,808,0,0,0,0,0,0,0,0,0,0,0,0,0,0,0
instruct-0.7,T2033,1,stop,673,0,0,0,0,0,0,0,0,0,0,0,0,0,0,0
instruct-0.7,T2034,1,length,764,0,0,0,0,0,0,0,0,0,0,0,0,0,0,0
instruct-0.7,T2035,1,stop,573,0,0,0,0,0,0,0,0,0,0,0,0,0,0,0
instruct-0.7,T2036,1,stop,638,0,0,0,0,0,0,0,0,0,0,0,0,0,0,0
instruct-0.7,T2037,1,length,742,0,0,0,0,0,0,0,0,1,0,0,0,0,0,0
instruct-0.7,T2038,1,length,705,0,0,0,0,0,0,0,0,0,0,0,0,0,0,0
instruct-0.7,T2039,1,stop,597,0,0,0,0,0,0,0,0,0,0,0,0,0,0,0
instruct-0.7,T2040,1,length,808,0,0,0,0,0,0,0,0,1,0,0,0,0,0,0
instruct-0.7,T2041,1,length,803,0,0,0,0,0,0,0,0,0,0,0,0,0,0,0
instruct-0.7,T2042,1,stop,590,0,0,0,0,0,0,1,0,0,0,0,0,0,0,0
instruct-0.7,T2043,1,stop,735,0,0,0,0,0,0,0,0,0,0,0,0,0,0,0
instruct-0.7,T2044,1,stop,734,0,0,0,0,0,0,0,0,0,0,0,0,0,0,0
instruct-0.7,T2045,1,stop,494,0,0,1,0,0,0,0,0,0,0,0,0,0,0,0
instruct-0.7,T2046,1,stop,750,0,0,1,0,0,0,1,0,0,0,0,0,0,0,0
instruct-0.7,T2047,1,stop,655,0,0,0,0,0,0,0,0,0,0,0,0,0,0,0
instruct-0.7,T2048,1,stop,612,0,0,0,0,0,0,0,0,1,0,0,0,0,0,0
instruct-0.7,T2049,1,length,741,0,0,0,0,0,0,0,0,0,0,0,0,0,0,0
instruct-0.7,T2050,1,stop,560,0,0,0,0,0,0,0,0,1,0,0,0,0,0,0
instruct-0.7,T2051,1,length,772,0,0,0,0,0,0,0,0,0,0,0,0,0,1,0
instruct-0.7,T2052,1,stop,560,0,0,0,0,0,0,0,0,0,0,0,0,0,0,0
instruct-0.7,T2053,1,stop,752,0,0,0,0,0,0,0,0,0,0,0,0,0,0,0
instruct-0.7,T2054,1,stop,717,0,0,0,0,0,0,0,0,0,0,0,0,0,0,0
instruct-0.7,T2055,1,stop,595,0,0,0,0,0,0,0,0,0,0,0,0,0,0,0
instruct-0.7,T2056,1,stop,694,0,0,0,0,0,0,0,0,0,0,0,0,0,0,0
instruct-0.7,T2057,1,stop,573,0,0,0,0,0,0,0,0,0,0,0,0,0,0,0
instruct-0.7,T2058,1,stop,742,0,1,0,0,0,0,0,0,0,0,0,0,0,0,0
instruct-0.7,T2059,1,stop,461,0,0,0,0,0,0,0,0,0,0,0,0,0,0,0
instruct-0.7,T2060,1,length,814,0,0,0,0,0,0,0,0,0,0,0,0,0,0,0
instruct-0.7,T2061,1,length,776,0,0,0,0,0,0,0,0,2,0,0,0,0,0,0
instruct-0.7,T2062,1,stop,786,1,0,0,0,0,0,0,0,0,0,0,0,0,0,0
instruct-0.7,T2063,1,stop,513,0,0,0,0,0,0,0,0,0,0,0,0,0,0,0
instruct-0.7,T2064,1,stop,646,0,0,0,0,0,0,0,0,0,0,0,0,1,0,0
instruct-0.7,T2065,1,length,787,0,0,1,0,0,0,0,0,0,0,0,0,0,0,0
instruct-0.7,T2066,1,stop,711,0,0,0,0,0,0,0,0,0,0,0,0,0,0,0
instruct-0.7,T2067,1,stop,635,0,0,0,0,0,0,0,0,0,0,0,0,0,0,0
instruct-0.7,T2068,1,stop,751,0,0,0,0,0,0,0,0,0,0,0,0,0,0,0
instruct-0.7,T2069,1,stop,728,0,0,0,0,0,0,0,0,0,0,0,0,0,0,0
instruct-0.7,T2070,1,stop,706,0,0,0,0,0,0,0,0,2,0,0,0,0,0,0
instruct-0.7,T2071,1,stop,689,0,0,0,0,0,0,0,0,0,0,0,0,0,0,0
instruct-0.7,T2072,1,stop,582,0,0,0,0,0,0,0,0,0,0,0,0,0,0,0
instruct-0.7,T2073,1,stop,662,0,0,0,0,0,0,0,0,0,0,0,0,0,0,0
instruct-0.7,T2074,1,stop,639,0,0,0,0,0,0,0,0,1,0,0,0,0,0,0
instruct-0.7,T2075,1,stop,782,0,0,0,0,0,0,0,0,0,0,0,0,0,0,0
instruct-0.7,T2076,1,stop,554,0,0,0,0,0,0,0,0,1,0,0,0,0,0,0
instruct-0.7,T2077,1,length,774,0,0,0,0,0,0,0,0,1,0,0,0,0,0,0
instruct-0.7,T2078,1,stop,662,0,0,1,0,0,0,0,0,0,0,0,0,0,0,0
instruct-0.7,T2079,1,length,801,0,0,0,0,0,0,0,0,1,0,0,0,0,0,0
instruct-0.7,T2080,1,stop,743,1,0,0,0,0,0,0,0,0,0,0,0,0,0,0
instruct-0.7,T2081,1,stop,710,0,0,0,0,0,0,0,0,0,0,0,0,0,0,0
instruct-0.7,T2082,1,stop,502,0,0,0,0,0,0,0,0,0,0,0,0,0,0,0
instruct-0.7,T2083,1,stop,741,0,0,0,0,0,0,0,0,0,0,0,0,0,0,0
instruct-0.7,T2084,1,stop,741,0,0,0,0,0,0,0,0,0,0,0,0,0,0,0
instruct-0.7,T2085,1,stop,623,0,0,0,0,0,0,0,0,0,0,0,0,1,0,0
instruct-0.7,T2086,1,stop,632,0,0,0,0,0,0,0,0,2,0,0,0,0,0,0
instruct-0.7,T2087,1,stop,707,0,0,0,0,0,0,0,0,0,0,0,0,0,0,0
instruct-0.7,T2088,1,stop,688,0,0,0,0,0,0,0,0,0,0,0,0,0,0,0
instruct-0.7,T2089,1,stop,723,0,0,0,0,0,0,1,0,0,0,0,0,0,0,0
instruct-0.7,T2090,1,stop,704,0,0,0,0,0,0,0,0,1,0,0,0,0,0,0
instruct-0.7,T2091,1,stop,442,0,0,0,0,0,0,0,0,0,0,0,0,0,0,0
instruct-0.7,T2092,1,stop,762,0,0,0,0,0,0,1,0,0,0,0,0,0,0,0
instruct-0.7,T2093,1,stop,693,0,0,0,0,0,0,0,0,3,0,0,0,0,0,0
instruct-0.7,T2094,1,stop,724,0,0,0,0,0,0,0,0,1,0,0,0,0,0,0
instruct-0.7,T2095,1,length,703,0,0,0,0,0,0,0,0,1,0,0,0,0,0,0
instruct-0.7,T2096,1,stop,819,0,0,0,0,0,0,0,0,0,0,0,0,0,0,0
instruct-0.7,T2097,1,stop,419,0,0,0,0,0,0,0,0,0,0,0,0,0,0,0
instruct-0.7,T2098,1,stop,550,0,0,0,0,0,0,0,0,1,0,0,0,0,0,0
instruct-0.7,T2099,1,stop,516,0,0,0,0,0,0,0,0,1,1,0,0,0,0,0
instruct-0.7,T2100,1,stop,465,0,0,0,0,0,0,0,0,0,0,0,0,0,0,0
instruct-0.7,T2101,1,stop,483,0,0,0,0,0,0,0,0,0,0,0,0,0,0,0
instruct-0.7,T2102,1,stop,463,0,0,0,0,0,0,0,0,0,0,0,0,0,0,0
instruct-0.7,T2103,1,stop,512,0,0,0,0,0,0,0,0,0,0,0,0,0,0,0
instruct-0.7,T2104,1,stop,530,0,0,0,0,0,0,0,0,0,0,0,0,0,0,0
instruct-0.7,T2105,1,length,786,0,0,0,0,0,0,0,0,1,0,0,0,0,0,0
instruct-0.7,T2106,1,stop,652,0,0,0,0,0,0,0,0,0,0,0,0,0,0,0
instruct-0.7,T2107,1,length,803,0,0,1,0,0,0,0,0,0,0,0,0,0,0,0
instruct-0.7,T2108,1,stop,737,0,0,0,0,0,0,0,0,1,0,0,0,0,0,0
instruct-0.7,T2109,1,stop,757,0,0,0,0,0,0,0,0,1,0,0,0,0,0,0
instruct-0.7,T2110,1,length,785,0,0,0,0,0,0,0,0,0,0,0,0,0,0,0
instruct-0.7,T2111,1,stop,471,0,0,0,0,0,0,0,0,0,0,0,0,0,0,0
instruct-0.7,T2112,1,stop,652,1,0,0,0,0,0,0,0,2,0,0,0,0,0,0
instruct-0.7,T2113,1,length,838,0,0,0,0,0,0,0,0,0,0,0,0,0,0,0
instruct-0.7,T2114,1,stop,698,0,0,0,0,0,0,0,0,0,0,0,0,1,0,0
instruct-0.7,T2115,1,stop,748,0,0,0,0,0,0,1,0,0,0,0,0,0,0,0
instruct-0.7,T2116,1,length,766,0,0,0,0,0,0,0,0,0,0,0,0,0,0,0
instruct-0.7,T2117,1,stop,562,0,0,0,0,0,0,0,0,0,0,0,0,0,0,0
instruct-0.7,T2118,1,stop,444,0,0,0,0,0,0,0,0,0,0,0,0,0,0,0
instruct-0.7,T2119,1,stop,511,0,0,0,0,0,0,0,0,0,0,0,0,0,0,0
instruct-0.7,T2120,1,stop,715,0,0,0,0,0,0,0,0,1,0,0,0,0,0,0
instruct-0.7,T2121,1,stop,671,0,0,0,0,0,0,0,0,0,0,0,0,0,0,0
instruct-0.7,T2122,1,stop,727,0,0,0,0,0,0,0,0,0,0,0,0,0,0,0
instruct-0.7,T2123,1,stop,571,0,0,0,0,0,0,0,0,1,0,0,0,0,0,0
instruct-0.7,T2124,1,stop,613,0,0,0,0,0,0,0,0,0,0,0,0,0,0,0
instruct-0.7,T2125,1,stop,371,0,0,0,0,0,0,0,0,0,0,0,0,0,0,0
instruct-0.7,T2126,1,stop,754,0,0,0,0,0,0,0,0,0,0,0,0,0,0,1
instruct-0.7,T2127,1,stop,590,0,0,0,0,0,0,1,0,1,0,0,0,0,0,0
instruct-0.7,T2128,1,length,762,0,0,0,0,0,0,0,0,0,0,0,0,0,0,0
instruct-0.7,T2129,1,length,798,0,0,0,0,0,0,0,0,0,0,0,0,0,0,0
instruct-0.7,T2130,1,stop,549,0,0,0,0,0,0,0,0,1,0,0,0,0,0,0
instruct-0.7,T2131,1,stop,752,0,0,0,0,0,0,0,0,0,0,0,0,0,0,0
instruct-0.7,T2132,1,stop,766,0,0,0,0,0,0,0,0,0,0,0,0,3,0,0
instruct-0.7,T2133,1,stop,472,0,0,0,0,0,0,0,0,1,0,0,0,0,0,0
instruct-0.7,T2134,1,stop,745,0,0,0,0,0,0,0,0,0,0,0,0,0,0,0
instruct-0.7,T2135,1,stop,666,0,0,0,0,0,0,0,0,0,0,0,0,0,0,0
instruct-0.7,T2136,1,stop,709,0,0,0,0,0,0,0,0,0,0,0,0,0,0,0
instruct-0.7,T2137,1,stop,428,0,0,0,0,0,0,0,0,1,0,0,0,0,0,0
instruct-0.7,T2138,1,length,780,0,0,0,0,0,0,0,0,1,0,0,0,0,0,0
instruct-0.7,T2139,1,stop,632,0,0,0,0,0,0,0,0,0,0,0,0,0,0,0
instruct-0.7,T2140,1,stop,764,0,0,0,0,0,0,0,1,0,0,0,0,0,0,0
instruct-0.7,T2141,1,stop,703,0,0,0,0,0,0,0,0,2,0,0,0,0,0,0
instruct-0.7,T2142,1,stop,692,0,0,0,0,0,0,0,0,0,0,0,0,0,0,0
instruct-0.7,T2143,1,stop,635,0,0,0,0,0,0,0,0,0,0,0,0,0,0,0
instruct-0.7,T2144,1,stop,740,0,0,0,0,0,0,0,0,0,0,0,0,0,0,0
instruct-0.7,T2145,1,stop,696,0,0,0,0,0,0,0,0,0,0,0,0,0,0,0
instruct-0.7,T2146,1,stop,690,0,0,0,0,0,0,0,0,2,0,0,0,0,0,0
instruct-0.7,T2147,1,stop,666,0,0,0,0,0,0,0,0,0,0,0,0,0,0,0
instruct-0.7,T2148,1,stop,716,0,0,0,0,0,0,0,0,0,0,0,0,0,0,0
instruct-0.7,T2149,1,length,810,0,0,0,0,0,0,0,0,0,0,0,0,0,0,0
instruct-0.7,T2150,1,length,688,0,0,0,0,0,0,0,0,1,0,0,0,0,0,0
instruct-0.7,T2151,1,length,692,0,0,0,0,0,0,0,0,0,0,0,0,0,0,0
instruct-0.7,T2152,1,stop,710,0,0,0,0,0,0,0,0,0,0,0,0,0,0,0
instruct-0.7,T2153,1,length,747,0,0,0,0,0,0,0,0,0,0,0,0,0,0,0
instruct-0.7,T2154,1,stop,716,0,0,0,0,0,0,0,0,0,0,0,0,0,0,0
instruct-0.7,T2155,1,stop,574,0,0,0,0,0,0,0,0,2,0,0,0,0,0,0
instruct-0.7,T2156,1,stop,727,0,0,0,0,0,0,0,0,0,0,0,0,0,0,0
instruct-0.7,T2157,1,stop,580,0,0,0,0,0,0,0,0,0,0,0,0,1,0,0
instruct-0.7,T2158,1,stop,408,0,0,0,0,0,0,0,0,0,0,0,0,0,0,0
instruct-0.7,T2159,1,stop,616,0,0,0,0,0,0,0,0,0,0,0,0,0,0,0
instruct-0.7,T2160,1,stop,610,0,0,0,0,0,0,0,0,0,0,0,0,0,0,0
instruct-0.7,T2161,1,length,741,0,0,0,0,0,0,1,0,0,0,0,0,0,0,0
instruct-0.7,T2162,1,stop,664,0,0,0,0,0,0,0,0,0,0,0,0,0,0,0
instruct-0.7,T2163,1,length,793,0,0,0,0,0,0,0,0,0,0,0,0,0,0,0
instruct-0.7,T2164,1,stop,682,0,0,0,0,0,0,1,0,3,0,0,0,0,0,0
instruct-0.7,T2165,1,stop,601,0,0,0,0,0,0,0,0,0,0,0,0,0,0,0
instruct-0.7,T2166,1,stop,702,0,0,0,0,0,0,0,0,1,0,0,0,0,0,0
instruct-0.7,T2167,1,length,788,0,0,0,0,0,0,0,0,0,0,0,0,0,0,0
instruct-0.7,T2168,1,stop,678,0,0,1,0,0,0,0,0,0,0,0,0,0,0,0
instruct-0.7,T2169,1,stop,731,0,0,0,0,0,0,1,0,0,0,0,0,0,0,0
instruct-0.7,T2170,1,stop,614,0,0,0,0,0,0,0,0,1,0,0,0,0,0,0
instruct-0.7,T2171,1,length,724,0,0,0,0,0,0,0,0,0,0,0,0,0,0,0
instruct-0.7,T2172,1,length,748,0,0,0,0,0,0,0,0,0,0,0,0,0,0,0
instruct-0.7,T2173,1,stop,400,0,0,0,0,0,0,0,0,0,0,0,0,0,0,0
instruct-0.7,T2174,1,length,791,0,0,1,0,0,0,0,0,1,0,0,0,0,0,0
instruct-0.7,T2175,1,stop,720,0,0,0,0,0,0,0,0,0,0,0,0,0,0,0
instruct-0.7,T2176,1,stop,637,0,0,0,0,0,0,0,0,2,0,0,0,0,0,0
instruct-0.7,T2177,1,stop,785,0,0,0,0,0,0,0,0,0,0,0,0,0,0,0
instruct-0.7,T2178,1,stop,624,0,0,0,0,0,0,0,0,1,0,0,0,0,0,0
instruct-0.7,T2179,1,stop,766,0,0,0,0,0,0,1,0,0,0,0,0,0,0,0
instruct-0.7,T2180,1,stop,778,0,0,0,0,0,0,0,0,0,0,0,0,0,0,0
instruct-0.7,T2181,1,stop,711,0,0,0,0,0,0,0,0,0,0,0,0,0,0,0
instruct-0.7,T2182,1,stop,572,0,0,0,0,0,0,0,0,0,0,0,0,0,0,0
instruct-0.7,T2183,1,stop,421,0,0,0,0,0,0,0,0,0,0,0,0,0,0,0
instruct-0.7,T2184,1,stop,510,0,0,0,0,0,0,0,0,0,1,0,0,0,0,0
instruct-0.7,T2185,1,stop,613,0,0,0,0,0,0,0,0,0,0,0,0,0,0,0
instruct-0.7,T2186,1,stop,735,0,0,0,0,0,0,0,0,0,0,0,0,1,0,0
instruct-0.7,T2187,1,stop,547,0,0,0,0,0,0,1,0,1,0,0,0,0,0,0
instruct-0.7,T2188,1,length,712,0,0,0,0,0,0,0,0,3,0,0,0,0,0,0
instruct-0.7,T2189,1,length,813,0,0,0,0,0,0,0,0,1,0,0,0,0,0,0
instruct-0.7,T2190,1,stop,798,0,0,0,0,0,0,0,0,1,0,0,0,0,0,0
instruct-0.7,T2191,1,stop,712,0,0,0,0,0,0,0,0,1,0,0,0,0,0,0
instruct-0.7,T2192,1,stop,740,0,0,0,0,0,0,0,0,0,0,0,0,0,0,0
instruct-0.7,T2193,1,stop,660,0,0,0,0,0,0,1,0,0,0,0,0,0,0,0
instruct-0.7,T2194,1,stop,585,0,0,0,0,0,0,0,1,1,0,0,0,1,0,0
instruct-0.7,T2195,1,length,752,0,0,2,0,0,0,0,0,1,0,0,0,0,0,0
instruct-0.7,T2196,1,length,830,0,0,0,0,0,0,0,0,0,0,0,0,0,0,0
instruct-0.7,T2197,1,stop,716,0,0,0,0,0,0,0,0,0,0,0,0,0,0,0
instruct-0.7,T2198,1,length,784,0,0,0,0,0,0,1,0,0,0,0,0,0,0,0
instruct-0.7,T2199,1,stop,681,0,0,0,0,0,0,0,0,0,0,0,0,0,0,0
instruct-0.7,T2200,1,stop,598,0,0,0,0,0,0,0,0,0,0,0,0,0,0,0
instruct-0.7,T2201,1,stop,674,0,0,0,0,0,0,0,0,1,0,0,0,0,0,0
instruct-0.7,T2202,1,stop,667,0,0,0,0,0,0,0,0,0,0,0,0,0,0,0
instruct-0.7,T2203,1,stop,518,0,0,0,0,0,0,0,0,0,0,0,0,0,0,0
instruct-0.7,T2204,1,stop,728,0,0,0,0,0,0,0,0,0,0,0,0,0,0,0
instruct-0.7,T2205,1,stop,737,0,0,0,0,0,0,0,0,1,0,0,0,0,0,0
instruct-0.7,T2206,1,stop,630,0,0,0,0,0,0,0,0,0,0,0,0,0,0,0
instruct-0.7,T2207,1,stop,255,0,0,0,0,0,0,0,0,0,0,0,0,0,0,0
instruct-0.7,T2208,1,stop,640,0,0,0,0,0,0,0,0,1,0,0,0,0,0,0
instruct-0.7,T2209,1,stop,593,0,0,0,0,0,0,0,0,1,0,0,0,0,0,0
instruct-0.7,T2210,1,stop,666,0,0,0,0,0,0,0,0,0,0,0,0,0,0,0
instruct-0.7,T2211,1,stop,740,0,0,0,0,0,0,0,1,1,0,0,0,0,0,0
instruct-0.7,T2212,1,stop,729,0,0,0,0,0,0,0,0,1,0,0,0,0,0,0
instruct-0.7,T2213,1,stop,596,0,0,0,0,0,0,0,0,1,0,0,0,0,0,0
instruct-0.7,T2214,1,length,742,0,0,0,0,0,0,0,0,0,0,0,0,0,0,0
instruct-0.7,T2215,1,stop,547,0,0,0,0,0,0,0,0,0,0,0,0,0,0,0
instruct-0.7,T2216,1,length,823,0,0,0,0,0,0,0,0,0,0,0,0,0,0,0
instruct-0.7,T2217,1,stop,497,0,0,0,0,0,0,0,0,0,0,0,0,0,0,0
instruct-0.7,T2218,1,length,786,0,0,0,0,0,0,1,0,2,0,0,0,0,0,0
instruct-0.7,T2219,1,stop,600,0,0,0,0,0,0,0,0,0,0,0,0,0,0,0
instruct-0.7,T2220,1,length,728,0,0,0,0,0,0,0,0,0,0,0,0,0,0,0
instruct-0.7,T2221,1,stop,378,0,0,0,0,0,0,0,0,0,0,0,0,0,0,0
instruct-0.7,T2222,1,stop,653,0,0,0,0,0,0,0,0,1,0,0,0,0,0,0
instruct-0.7,T2223,1,stop,758,0,0,0,0,0,0,1,0,0,0,0,0,0,0,0
instruct-0.7,T2224,1,stop,575,0,0,0,0,0,0,0,0,0,0,0,0,0,0,0
instruct-0.7,T2225,1,length,664,0,0,0,0,0,0,0,0,1,0,0,0,0,0,0
instruct-0.7,T2226,1,stop,643,0,0,0,0,0,0,0,0,0,0,0,0,0,0,0
instruct-0.7,T2227,1,stop,624,0,0,0,0,0,0,0,0,1,0,0,0,0,0,0
instruct-0.7,T2228,1,stop,653,0,0,0,0,0,0,0,0,0,0,0,0,0,0,0
instruct-0.7,T2229,1,stop,743,0,0,0,0,0,0,0,1,0,0,0,0,0,0,0
instruct-0.7,T2230,1,stop,705,0,0,0,0,0,0,0,0,0,0,0,0,0,0,0
instruct-0.7,T2231,1,stop,732,0,0,0,0,0,0,0,0,1,0,0,0,0,0,0
instruct-0.7,T2232,1,stop,632,0,0,0,0,0,0,0,0,0,0,0,0,0,0,0
instruct-0.7,T2233,1,stop,544,0,0,0,0,0,0,0,0,2,0,0,0,0,0,0
instruct-0.7,T2234,1,stop,598,0,0,0,0,0,0,0,0,0,0,0,0,0,0,0
instruct-0.7,T2235,1,length,727,0,0,0,0,0,0,0,0,1,0,0,0,0,0,0
instruct-0.7,T2236,1,stop,682,0,0,0,0,0,0,1,0,0,0,0,0,0,0,0
instruct-0.7,T2237,1,stop,720,0,0,1,0,0,0,1,0,1,0,0,0,0,0,0
instruct-0.7,T2238,1,stop,751,0,0,0,0,0,0,0,0,1,0,0,0,0,0,0
instruct-0.7,T2239,1,stop,408,0,0,0,0,0,0,0,0,1,0,0,0,0,0,0
instruct-0.7,T2240,1,length,727,0,0,0,0,0,0,0,0,0,0,0,0,0,0,0
instruct-0.7,T2241,1,length,794,0,0,0,0,0,0,0,0,0,0,0,0,0,0,0
instruct-0.7,T2242,1,stop,637,0,0,0,0,0,0,0,0,0,0,0,0,0,0,0
instruct-0.7,T2243,1,stop,601,0,0,0,0,0,0,0,0,0,0,0,0,0,0,0
instruct-0.7,T2244,1,stop,497,0,0,0,0,0,0,0,0,1,0,0,0,0,0,0
instruct-0.7,T2245,1,length,745,0,0,0,0,0,0,0,0,1,0,0,0,0,0,0
instruct-0.7,T2246,1,stop,476,0,0,0,0,0,0,0,0,0,0,0,0,0,0,0
instruct-0.7,T2247,1,stop,499,0,0,0,0,0,0,0,0,2,0,0,0,0,0,0
instruct-0.7,T2248,1,length,801,0,0,0,0,0,0,0,0,0,0,0,0,0,0,0
instruct-0.7,T2249,1,stop,582,0,0,0,0,0,0,0,0,0,0,0,0,0,0,0
instruct-0.7,T2250,1,stop,272,0,0,0,0,0,0,0,0,0,0,0,0,0,0,0
instruct-0.7,T2251,1,stop,491,0,0,0,0,0,0,0,0,0,0,0,0,0,0,0
instruct-0.7,T2252,1,length,749,0,0,0,0,0,0,0,0,0,0,0,0,0,0,0
instruct-0.7,T2253,1,length,757,0,0,0,0,0,0,0,0,1,0,0,0,0,0,0
instruct-0.7,T2254,1,stop,698,0,0,0,0,0,0,0,0,0,0,0,0,0,0,0
instruct-0.7,T2255,1,stop,742,0,0,0,0,0,0,1,0,1,0,0,0,0,0,0
instruct-0.7,T2256,1,stop,351,0,0,0,0,0,0,0,0,0,0,0,0,0,0,0
instruct-0.7,T2257,1,length,688,0,0,0,0,0,0,0,0,0,0,0,0,0,0,0
instruct-0.7,T2258,1,length,741,0,0,0,0,0,0,0,0,0,0,0,0,0,0,0
instruct-0.7,T2259,1,length,784,0,0,0,0,0,0,1,0,1,0,0,0,0,0,0
instruct-0.7,T2260,1,stop,728,0,0,0,0,0,0,0,0,0,0,0,0,0,0,0
instruct-0.7,T2261,1,stop,573,0,0,0,0,0,0,1,0,0,0,0,0,0,0,0
instruct-0.7,T2262,1,stop,567,0,0,0,0,0,0,0,0,0,0,0,0,0,0,0
instruct-0.7,T2263,1,stop,680,0,0,0,0,0,0,0,0,0,0,0,0,0,0,0
instruct-0.7,T2264,1,stop,678,0,0,0,0,0,0,0,0,0,0,0,0,0,0,0
instruct-0.7,T2265,1,length,788,0,0,0,0,0,0,0,0,0,0,0,0,0,0,0
instruct-0.7,T2266,1,stop,733,0,0,0,0,0,0,0,0,0,0,0,0,0,0,0
instruct-0.7,T2267,1,stop,570,0,0,0,0,0,0,1,0,0,0,0,0,0,0,0
instruct-0.7,T2268,1,stop,373,0,0,0,0,0,0,1,0,0,0,0,0,0,0,0
instruct-0.7,T2269,1,stop,386,0,0,0,0,0,0,0,0,0,0,0,0,0,0,0
instruct-0.7,T2270,1,stop,669,0,0,0,0,0,0,0,0,0,0,0,0,0,0,0
instruct-0.7,T2271,1,length,730,0,0,0,0,0,0,0,0,0,0,0,0,0,0,0
instruct-0.7,T2272,1,stop,566,0,0,0,0,0,0,0,0,0,0,0,0,0,0,0
instruct-0.7,T2273,1,stop,610,0,0,0,0,0,0,0,0,1,0,0,0,0,0,0
instruct-0.7,T2274,1,stop,602,0,0,0,0,0,0,0,0,1,0,0,0,0,0,0
instruct-0.7,T2275,1,stop,424,0,0,0,0,0,0,0,0,1,0,0,0,0,0,0
instruct-0.7,T2276,1,stop,487,0,0,0,0,0,0,0,0,0,0,0,0,0,0,0
instruct-0.7,T2277,1,stop,746,0,0,0,0,0,0,0,0,0,0,0,0,0,0,0
instruct-0.7,T2278,1,stop,569,0,0,0,0,0,0,0,0,0,0,0,0,0,0,0
instruct-0.7,T2279,1,stop,549,0,0,0,0,0,0,0,0,0,0,0,0,0,0,0
instruct-0.7,T2280,1,length,672,0,0,0,0,0,0,0,0,0,0,0,0,0,0,0
instruct-0.7,T2281,1,stop,691,0,0,0,0,0,0,0,0,1,0,0,0,0,0,0
instruct-0.7,T2282,1,stop,686,0,0,0,0,0,0,0,0,2,0,0,0,0,0,0
instruct-0.7,T2283,1,stop,543,0,0,0,0,0,0,0,0,0,0,0,0,0,0,0
instruct-0.7,T2284,1,stop,695,0,0,0,0,0,0,0,0,0,0,0,0,0,0,0
instruct-0.7,T2285,1,stop,672,0,0,0,0,0,0,0,0,0,0,0,0,0,0,0
instruct-0.7,T2286,1,stop,395,0,0,0,0,0,0,0,0,2,0,0,0,0,0,0
instruct-0.7,T2287,1,stop,449,0,0,0,0,0,0,0,0,0,0,0,0,0,0,0
instruct-0.7,T2288,1,stop,631,0,0,0,0,0,0,0,0,0,0,0,0,0,0,0
instruct-0.7,T2289,1,stop,513,0,0,0,0,0,0,0,0,0,0,0,0,0,0,0
instruct-0.7,T2290,1,length,743,0,0,0,0,0,0,0,0,0,0,0,0,0,0,0
instruct-0.7,T2291,1,stop,662,0,1,0,0,0,0,0,0,0,0,0,0,0,0,0
instruct-0.7,T2292,1,stop,675,0,0,0,0,0,0,1,0,1,0,0,0,0,0,0
instruct-0.7,T2293,1,stop,556,0,0,0,0,0,0,1,0,0,0,0,0,0,0,0
instruct-0.7,T2294,1,length,775,0,0,0,0,0,0,0,0,0,0,0,0,0,0,0
instruct-0.7,T2295,1,stop,536,1,0,0,0,0,0,0,0,1,0,0,0,0,0,0
instruct-0.7,T2296,1,stop,687,0,0,0,0,0,0,0,0,0,0,0,0,0,0,0
instruct-0.7,T2297,1,stop,790,0,0,0,0,0,0,0,0,0,0,0,0,0,0,0
instruct-0.7,T2298,1,stop,785,0,0,0,0,0,0,0,0,0,0,0,0,0,0,0
instruct-0.7,T2299,1,length,693,0,0,0,0,0,0,0,0,0,0,0,0,0,0,0
instruct-0.7,T2300,1,stop,655,0,0,0,0,0,0,0,0,1,0,0,0,0,0,0
instruct-0.7,T2301,1,stop,703,0,0,0,0,0,0,0,0,0,0,0,0,0,0,0
instruct-0.7,T2302,1,stop,756,0,0,0,0,0,0,0,0,0,0,0,0,0,0,0
instruct-0.7,T2303,1,stop,616,0,0,1,0,0,0,0,0,1,0,0,0,0,0,0
instruct-0.7,T2304,1,stop,604,0,0,0,0,0,0,0,0,0,0,0,0,0,0,0
instruct-0.7,T2305,1,stop,680,0,0,0,0,0,0,0,0,1,0,0,0,0,0,0
instruct-0.7,T2306,1,length,677,0,0,0,0,0,0,0,0,0,0,0,0,0,0,0
instruct-0.7,T2307,1,stop,593,0,0,0,0,0,0,0,0,0,0,0,0,0,0,0
instruct-0.7,T2308,1,length,776,0,0,0,0,0,0,0,0,0,0,0,0,0,0,0
instruct-0.7,T2309,1,length,710,0,0,0,0,0,0,0,0,0,0,0,0,0,0,0
instruct-0.7,T2310,1,length,823,0,0,0,0,0,0,0,0,0,0,0,0,0,0,0
instruct-0.7,T2311,1,stop,647,0,0,1,0,0,0,0,0,1,0,0,0,0,0,0
instruct-0.7,T2312,1,length,803,0,0,0,0,0,0,0,0,0,0,0,0,0,0,0
instruct-0.7,T2313,1,stop,730,0,0,0,0,0,0,0,0,0,1,0,0,0,0,0
instruct-0.7,T2314,1,length,706,0,0,1,0,0,0,0,0,0,0,0,0,0,0,0
instruct-0.7,T2315,1,stop,539,0,0,0,0,0,0,0,0,0,0,0,0,1,0,0
instruct-0.7,T2316,1,length,713,0,0,0,0,0,0,0,0,0,0,0,0,0,0,0
instruct-0.7,T2317,1,stop,716,0,0,0,0,0,0,0,0,0,0,0,0,0,0,0
instruct-0.7,T2318,1,stop,694,0,0,0,0,0,0,0,0,0,0,0,0,0,0,0
instruct-0.7,T2319,1,stop,609,0,0,0,0,0,0,0,0,1,0,0,0,0,0,0
instruct-0.7,T2320,1,stop,497,0,0,0,0,0,0,0,0,0,0,0,0,0,0,0
instruct-0.7,T2321,1,length,743,0,0,0,0,0,0,0,0,1,0,0,0,0,0,0
instruct-0.7,T2322,1,stop,724,0,0,1,0,0,0,0,0,0,0,0,0,0,0,0
instruct-0.7,T2323,1,stop,656,0,0,0,0,0,0,0,0,1,0,0,0,0,0,0
instruct-0.7,T2324,1,stop,139,0,0,0,0,0,0,0,0,0,0,0,0,0,0,0
instruct-0.7,T2325,1,length,582,0,0,0,0,0,0,0,0,0,0,0,0,0,0,0
instruct-0.7,T2326,1,stop,659,0,0,0,0,0,0,0,0,0,0,0,0,0,0,0
instruct-0.7,T2327,1,length,763,0,0,0,0,0,0,0,0,0,0,0,0,0,0,0
instruct-0.7,T2328,1,stop,745,0,0,0,0,0,0,0,0,0,0,0,0,0,0,0
instruct-0.7,T2329,1,length,778,0,0,0,0,0,0,0,0,0,0,0,0,0,0,0
instruct-0.7,T2330,1,stop,648,0,0,0,0,0,0,0,0,0,0,0,0,0,0,0
instruct-0.7,T2331,1,stop,568,0,0,0,0,0,0,0,0,0,0,0,0,0,0,0
instruct-0.7,T2332,1,stop,737,0,0,0,0,0,0,0,0,1,0,0,0,1,0,0
instruct-0.7,T2333,1,stop,470,0,0,0,0,0,0,0,0,0,0,0,0,1,0,0
instruct-0.7,T2334,1,stop,680,0,0,0,0,0,0,0,0,1,0,0,0,0,0,0
instruct-0.7,T2335,1,stop,781,0,0,0,0,0,0,0,0,0,0,0,0,0,0,0
instruct-0.7,T2336,1,length,754,0,0,0,0,0,0,0,0,0,0,0,0,0,0,0
instruct-0.7,T2337,1,length,758,0,0,0,0,0,0,0,0,0,0,0,0,0,0,0
instruct-0.7,T2338,1,length,723,0,0,0,0,0,0,0,0,0,0,0,0,0,0,0
instruct-0.7,T2339,1,length,750,0,0,0,0,0,0,0,0,0,0,0,0,0,0,0
instruct-0.7,T2340,1,stop,670,0,0,0,0,0,0,0,0,0,0,0,0,0,0,0
instruct-0.7,T2341,1,stop,519,0,0,0,0,0,0,0,0,1,0,0,0,0,0,0
instruct-0.7,T2342,1,length,694,0,0,0,0,0,0,0,0,0,0,0,0,0,0,0
instruct-0.7,T2343,1,stop,645,0,0,0,0,0,0,0,0,0,0,0,0,0,0,0
instruct-0.7,T2344,1,length,743,0,0,0,0,0,0,1,0,2,0,0,0,0,0,0
instruct-0.7,T2345,1,length,773,0,0,0,0,0,0,0,0,0,0,0,0,0,0,0
instruct-0.7,T2346,1,stop,549,0,0,0,0,0,0,0,0,0,0,0,0,0,0,0
instruct-0.7,T2347,1,stop,532,0,0,0,0,0,0,0,0,0,0,0,0,0,0,0
instruct-0.7,T2348,1,length,724,0,0,0,0,0,0,0,0,2,0,0,0,0,0,0
instruct-0.7,T2349,1,stop,749,0,0,0,0,0,0,0,0,2,0,0,0,0,0,0
instruct-0.7,T2350,1,length,612,0,0,0,0,0,0,0,0,0,0,0,0,0,0,0
instruct-0.7,T2351,1,stop,748,0,0,0,0,0,0,0,0,0,0,0,0,0,0,0
instruct-0.7,T2352,1,stop,634,0,0,0,0,0,0,0,0,0,0,0,0,0,0,0
instruct-0.7,T2353,1,stop,729,0,0,0,0,0,0,1,0,0,0,0,0,0,0,0
instruct-0.7,T2354,1,length,789,0,0,0,0,0,0,0,0,0,0,0,0,0,0,0
instruct-0.7,T2355,1,stop,656,0,0,0,0,0,0,0,0,1,0,0,0,0,0,0
instruct-0.7,T2356,1,length,696,0,0,0,0,0,0,0,0,0,0,0,0,0,0,0
instruct-0.7,T2357,1,length,809,0,0,0,0,0,0,0,0,1,0,0,0,0,0,0
instruct-0.7,T2358,1,stop,563,0,0,0,0,0,0,0,0,0,0,0,0,0,0,0
instruct-0.7,T2359,1,stop,658,0,0,0,0,0,0,0,0,0,0,0,0,0,0,0
instruct-0.7,T2360,1,stop,668,0,0,0,0,0,0,0,0,0,0,0,0,0,0,0
instruct-0.7,T2361,1,stop,495,0,0,0,0,0,0,0,0,0,0,0,0,0,0,0
instruct-0.7,T2362,1,stop,465,0,0,0,0,0,0,0,0,0,0,0,0,0,0,0
instruct-0.7,T2363,1,stop,563,0,0,0,0,0,0,0,0,1,0,0,0,0,0,0
instruct-0.7,T2364,1,stop,691,0,0,0,0,0,0,0,0,0,0,0,0,0,0,0
instruct-0.7,T2365,1,stop,487,0,0,0,0,0,0,0,0,0,0,0,0,0,0,0
instruct-0.7,T2366,1,stop,480,0,0,0,0,0,0,0,0,0,0,0,0,0,0,0
instruct-0.7,T2367,1,length,787,0,0,0,0,0,0,0,0,0,0,0,0,0,0,0
instruct-0.7,T2368,1,stop,712,0,0,0,0,0,0,0,0,0,0,0,0,0,0,0
instruct-0.7,T2369,1,stop,633,0,0,0,0,0,0,0,0,0,0,0,0,0,0,0
instruct-0.7,T2370,1,length,768,0,0,0,0,0,0,0,0,0,0,0,0,0,0,0
instruct-0.7,T2371,1,length,827,0,0,0,0,0,0,0,0,0,0,0,0,0,0,0
instruct-0.7,T2372,1,stop,727,0,0,0,0,0,0,0,0,1,0,0,0,0,0,0
instruct-0.7,T2373,1,stop,559,0,0,0,0,0,0,0,1,0,0,0,0,0,0,0
instruct-0.7,T2374,1,stop,574,0,0,0,0,0,0,1,0,0,0,0,0,0,0,0
instruct-0.7,T2375,1,stop,681,0,0,0,0,0,0,0,0,0,0,0,0,0,0,0
instruct-0.7,T2376,1,length,816,0,0,0,0,0,0,0,0,0,0,0,0,0,0,0
instruct-0.7,T2377,1,length,766,0,0,0,0,0,0,0,0,0,0,0,0,0,0,0
instruct-0.7,T2378,1,stop,687,0,0,0,0,0,0,0,0,0,0,0,0,0,0,0
instruct-0.7,T2379,1,stop,656,0,0,0,0,0,0,0,0,0,0,0,0,0,0,0
instruct-0.7,T2380,1,stop,681,0,0,0,0,0,0,0,0,0,0,0,0,0,0,0
instruct-0.7,T2381,1,stop,737,0,0,0,0,0,0,0,0,0,0,0,0,0,0,0
instruct-0.7,T2382,1,stop,820,0,0,0,0,0,0,0,0,3,0,0,0,0,0,0
instruct-0.7,T2383,1,stop,674,0,0,0,0,0,0,0,0,0,0,0,0,0,0,0
instruct-0.7,T2384,1,stop,733,0,0,0,0,0,0,0,0,0,0,0,0,1,0,0
instruct-0.7,T2385,1,stop,639,0,0,0,0,0,0,0,0,3,0,0,0,0,0,0
instruct-0.7,T2386,1,stop,583,0,0,0,0,0,0,0,0,0,0,0,0,0,0,0
instruct-0.7,T2387,1,stop,744,0,0,0,0,0,0,0,0,0,0,0,0,0,0,0
instruct-0.7,T2388,1,stop,668,0,0,0,0,0,0,0,0,2,0,0,0,0,0,0
instruct-0.7,T2389,1,length,686,0,0,0,0,0,0,0,0,0,0,0,0,0,1,0
instruct-0.7,T2390,1,stop,489,0,0,0,0,0,0,0,0,0,0,0,0,0,0,0
instruct-0.7,T2391,1,length,804,0,0,0,0,0,0,0,0,0,0,0,0,0,0,0
instruct-0.7,T2392,1,stop,579,0,0,0,0,0,0,0,0,0,0,0,0,0,0,0
instruct-0.7,T2393,1,stop,473,0,0,0,0,0,0,0,0,0,0,0,0,0,0,0
instruct-0.7,T2394,1,stop,592,0,0,0,0,0,0,0,0,0,0,0,0,0,0,0
instruct-0.7,T2395,1,stop,629,0,0,0,0,0,0,0,0,0,0,0,0,0,0,0
instruct-0.7,T2396,1,stop,487,0,0,0,0,0,0,0,0,0,0,0,0,1,0,0
instruct-0.7,T2397,1,stop,737,0,0,0,0,0,0,0,0,0,0,0,0,0,0,0
instruct-0.7,T2398,1,stop,654,0,0,0,0,0,0,0,0,1,0,0,0,0,0,0
instruct-0.7,T2399,1,stop,690,0,0,0,0,0,0,0,0,1,0,0,0,0,0,0
instruct-0.7,T2400,1,length,781,0,0,0,0,0,0,0,0,2,0,0,0,0,0,0
instruct-0.7,T2401,1,stop,724,0,0,0,0,0,0,0,0,1,0,0,0,0,0,0
instruct-0.7,T2402,1,stop,622,1,0,0,0,0,0,0,0,0,0,0,0,0,0,0
instruct-0.7,T2403,1,stop,643,0,0,0,0,0,0,0,0,0,0,0,0,0,0,0
instruct-0.7,T2404,1,stop,622,0,0,0,0,0,0,0,0,0,0,0,0,0,0,0
instruct-0.7,T2405,1,stop,528,0,1,0,0,0,0,0,0,0,0,0,0,0,0,0
instruct-0.7,T2406,1,stop,758,0,0,0,0,0,0,1,0,0,0,0,0,0,0,0
instruct-0.7,T2407,1,stop,770,0,0,0,0,0,0,1,0,1,0,0,0,0,0,0
instruct-0.7,T2408,1,stop,557,0,0,0,0,0,0,0,0,0,0,0,0,0,0,0
instruct-0.7,T2409,1,length,695,0,0,0,0,0,0,0,0,1,0,0,0,0,0,0
instruct-0.7,T2410,1,stop,682,0,0,0,0,0,0,0,0,0,0,0,0,1,0,0
instruct-0.7,T2411,1,stop,635,0,0,0,0,0,0,0,0,0,0,0,0,0,0,0
instruct-0.7,T2412,1,stop,708,0,0,0,0,0,0,0,0,0,0,0,0,0,0,0
instruct-0.7,T2413,1,stop,557,0,0,0,0,0,0,0,0,1,0,0,0,0,0,0
instruct-0.7,T2414,1,stop,547,0,0,0,0,0,0,0,0,0,0,0,0,0,0,0
instruct-0.7,T2415,1,stop,523,0,0,0,0,0,0,1,0,0,0,0,0,0,0,0
instruct-0.7,T2416,1,length,705,0,0,0,0,0,0,0,0,1,0,0,0,0,0,0
instruct-0.7,T2417,1,stop,780,0,0,0,0,0,0,0,0,1,0,0,0,0,0,0
instruct-0.7,T2418,1,length,802,0,0,0,0,0,0,0,0,0,0,0,0,0,0,0
instruct-0.7,T2419,1,stop,595,0,0,0,0,0,0,0,0,0,0,0,0,0,0,0
instruct-0.7,T2420,1,length,774,0,0,0,0,0,0,0,0,0,0,0,0,0,0,0
instruct-0.7,T2421,1,stop,738,0,0,0,0,0,0,0,0,1,0,0,0,0,0,0
instruct-0.7,T2422,1,length,785,1,0,0,0,0,0,0,0,0,1,0,0,0,0,0
instruct-0.7,T2423,1,stop,538,0,0,0,0,0,0,0,0,3,0,0,0,0,0,0
instruct-0.7,T2424,1,stop,672,0,0,0,0,0,0,0,0,0,0,0,0,0,0,0
instruct-0.7,T2425,1,stop,529,0,0,0,0,0,0,0,0,1,0,0,0,0,0,0
instruct-0.7,T2426,1,stop,619,0,0,0,0,0,0,0,0,1,0,0,0,0,0,0
instruct-0.7,T2427,1,stop,766,0,0,0,0,0,0,0,0,4,0,0,0,0,0,0
instruct-0.7,T2428,1,stop,543,0,0,0,0,0,0,1,0,0,0,0,0,0,0,0
instruct-0.7,T2429,1,stop,689,0,0,0,0,0,0,0,0,2,0,0,0,0,0,0
instruct-0.7,T2430,1,stop,533,0,0,0,0,0,0,0,0,0,0,0,0,0,0,0
instruct-0.7,T2431,1,stop,579,0,0,0,0,0,0,0,0,0,0,0,0,0,0,0
instruct-0.7,T2432,1,length,671,0,0,0,0,0,0,0,0,0,0,0,0,0,0,0
instruct-0.7,T2433,1,length,809,0,0,0,0,0,0,0,0,0,0,0,0,0,0,0
instruct-0.7,T2434,1,stop,699,0,0,0,0,0,0,0,0,0,0,0,0,0,0,0
instruct-0.7,T2435,1,stop,423,0,0,0,0,0,0,0,0,0,0,0,0,0,0,0
instruct-0.7,T2436,1,stop,644,0,0,0,0,0,0,0,0,0,0,0,0,0,0,0
instruct-0.7,T2437,1,stop,736,0,0,0,0,0,0,0,1,0,0,0,0,0,0,0
instruct-0.7,T2438,1,stop,566,0,0,0,0,0,0,0,0,0,0,0,0,0,0,0
instruct-0.7,T2439,1,stop,721,0,0,0,0,0,0,0,0,0,0,0,0,0,0,0
instruct-0.7,T2440,1,stop,627,0,0,0,0,0,0,0,0,1,0,0,0,0,0,0
instruct-0.7,T2441,1,stop,487,0,0,0,0,0,0,0,0,0,0,0,0,0,0,0
instruct-0.7,T2442,1,length,752,0,0,0,0,0,0,0,0,0,0,0,0,0,0,0
instruct-0.7,T2443,1,stop,700,0,0,0,0,0,0,0,0,0,0,0,0,0,0,0
instruct-0.7,T2444,1,stop,672,0,0,0,0,0,0,0,0,0,0,0,0,0,0,0
instruct-0.7,T2445,1,stop,633,0,0,0,0,0,0,0,0,0,0,0,0,0,0,0
instruct-0.7,T2446,1,stop,771,0,0,0,0,0,0,0,0,1,0,0,0,0,0,0
instruct-0.7,T2447,1,stop,626,0,0,0,0,0,0,0,0,0,0,0,0,0,0,0
instruct-0.7,T2448,1,length,810,0,0,0,0,0,0,1,0,1,0,0,0,0,0,0
instruct-0.7,T2449,1,length,821,0,0,0,0,0,0,1,0,0,0,0,0,0,0,0
instruct-0.7,T2450,1,stop,77,0,0,0,0,0,0,0,0,0,0,0,0,0,0,0
instruct-0.7,T2451,1,stop,590,0,0,0,0,0,0,0,0,0,0,0,0,0,0,0
instruct-0.7,T2452,1,stop,568,0,0,0,0,0,0,1,0,0,0,0,0,0,0,0
instruct-0.7,T2453,1,stop,388,0,0,0,0,0,0,0,0,0,0,0,0,0,0,0
instruct-0.7,T2454,1,stop,727,0,0,0,0,0,0,0,0,1,0,0,0,0,0,0
instruct-0.7,T2455,1,length,675,0,0,0,0,0,0,0,0,1,0,0,0,0,0,0
instruct-0.7,T2456,1,stop,612,0,0,0,0,0,0,0,0,0,0,0,0,0,0,0
instruct-0.7,T2457,1,stop,707,0,0,0,0,0,0,0,0,0,0,0,0,0,0,0
instruct-0.7,T2458,1,length,753,0,0,0,0,0,0,0,0,0,0,0,0,0,0,0
instruct-0.7,T2459,1,stop,741,0,0,0,0,0,0,0,0,2,0,0,0,0,0,0
instruct-0.7,T2460,1,stop,732,0,0,0,0,0,0,1,0,0,0,0,0,0,0,0
instruct-0.7,T2461,1,stop,739,0,0,0,0,0,0,0,0,0,0,0,0,0,0,0
instruct-0.7,T2462,1,stop,663,0,0,0,0,0,0,0,0,1,0,0,0,0,0,0
instruct-0.7,T2463,1,length,755,0,0,0,0,0,0,0,0,1,0,0,0,0,0,0
instruct-0.7,T2464,1,stop,733,0,0,1,0,0,0,0,0,0,0,0,0,0,0,0
instruct-0.7,T2465,1,stop,742,0,0,0,0,0,0,0,0,1,0,0,0,0,0,0
instruct-0.7,T2466,1,stop,767,0,0,0,0,0,0,0,0,0,0,0,0,0,0,0
instruct-0.7,T2467,1,stop,687,0,0,0,0,0,0,0,0,0,0,0,0,0,0,0
instruct-0.7,T2468,1,length,825,0,0,0,0,0,0,0,0,0,0,0,0,1,0,0
instruct-0.7,T2469,1,length,802,0,0,0,0,0,0,0,0,0,0,0,0,0,0,0
instruct-0.7,T2470,1,stop,654,0,0,0,0,0,0,0,0,0,0,0,0,0,0,0
instruct-0.7,T2471,1,stop,701,0,0,0,0,0,0,0,0,0,0,0,0,0,0,0
instruct-0.7,T2472,1,stop,575,0,0,1,0,0,0,0,0,0,0,0,0,0,0,0
instruct-0.7,T2473,1,stop,605,0,0,0,0,0,0,0,0,0,0,0,0,0,0,0
instruct-0.7,T2474,1,length,768,0,0,0,0,0,0,0,0,0,0,0,0,0,0,0
instruct-0.7,T2475,1,length,739,0,0,0,0,0,0,0,0,0,0,0,0,0,0,0
instruct-0.7,T2476,1,length,774,0,0,0,0,0,0,0,0,0,0,0,0,0,0,0
instruct-0.7,T2477,1,length,768,0,0,0,0,0,0,0,0,2,0,0,0,0,0,0
instruct-0.7,T2478,1,stop,592,0,0,0,0,0,0,0,0,0,0,0,0,0,0,0
instruct-0.7,T2479,1,length,767,0,0,0,0,0,0,0,0,0,0,0,0,0,0,0
instruct-0.7,T2480,1,stop,433,0,0,0,0,0,0,0,0,0,0,0,0,0,0,0
instruct-0.7,T2481,1,length,772,0,0,0,0,0,0,0,0,0,0,0,0,0,0,0
instruct-0.7,T2482,1,stop,781,1,0,0,0,0,0,0,0,1,0,0,0,0,0,0
instruct-0.7,T2483,1,stop,681,0,0,0,0,0,0,0,0,0,0,0,0,0,0,0
instruct-0.7,T2484,1,stop,783,0,1,0,0,0,0,0,0,1,0,0,0,0,0,0
instruct-0.7,T2485,1,stop,695,0,0,0,0,0,0,0,0,1,0,0,0,0,0,0
instruct-0.7,T2486,1,length,793,0,0,0,0,0,0,0,0,0,0,0,0,0,0,0
instruct-0.7,T2487,1,stop,656,0,0,0,0,0,0,0,0,0,0,0,0,0,0,0
instruct-0.7,T2488,1,stop,727,0,0,2,0,0,0,0,0,0,0,0,0,0,0,0
instruct-0.7,T2489,1,stop,676,0,0,0,0,0,0,0,0,1,0,0,0,1,0,0
instruct-0.7,T2490,1,stop,590,0,0,0,0,0,0,0,0,0,0,0,0,0,0,0
instruct-0.7,T2491,1,stop,614,0,0,0,0,0,0,0,0,0,0,0,0,0,0,0
instruct-0.7,T2492,1,stop,645,0,0,0,0,0,0,0,0,0,0,0,0,0,0,0
instruct-0.7,T2493,1,length,760,0,0,0,0,0,0,0,0,0,0,0,0,0,0,0
instruct-0.7,T2494,1,length,773,0,0,0,0,0,0,1,0,0,0,0,0,0,0,0
instruct-0.7,T2495,1,stop,714,0,0,0,0,0,0,0,0,0,0,0,0,0,0,0
instruct-0.7,T2496,1,stop,715,0,0,0,0,0,0,1,0,0,0,0,0,1,0,0
instruct-0.7,T2497,1,stop,424,0,0,0,0,0,0,0,0,0,0,0,0,0,0,0
instruct-0.7,T2498,1,stop,588,0,0,0,0,0,0,1,0,2,0,0,0,0,0,0
instruct-0.7,T2499,1,stop,621,0,0,0,0,0,0,0,0,0,0,0,0,0,0,0
instruct-0.7,T2500,1,stop,612,0,0,0,0,0,0,0,0,0,0,0,0,0,0,0
instruct-0.7,T2501,1,stop,723,0,0,0,0,0,0,0,0,0,0,0,0,0,0,0
instruct-0.7,T2502,1,stop,435,0,0,0,0,0,0,0,0,0,0,0,0,0,0,0
instruct-0.7,T2503,1,stop,773,0,0,0,0,0,0,0,0,0,0,0,0,0,0,0
instruct-0.7,T2504,1,stop,687,0,0,0,0,0,0,0,0,0,0,0,0,0,0,0
instruct-0.7,T2505,1,length,696,0,0,0,0,0,0,0,0,0,0,0,0,0,0,0
instruct-0.7,T2506,1,stop,620,0,0,0,0,0,0,0,0,0,0,0,0,0,0,0
instruct-0.7,T2507,1,stop,782,0,0,0,0,0,0,1,0,0,0,0,0,1,0,0
instruct-0.7,T2508,1,length,723,0,0,0,0,0,0,0,0,0,0,0,0,0,0,0
instruct-0.7,T2509,1,stop,464,0,0,0,0,0,0,0,0,0,0,0,0,1,0,0
instruct-0.7,T2510,1,stop,533,0,0,0,0,0,0,0,0,0,0,0,0,0,0,0
instruct-0.7,T2511,1,stop,381,0,0,0,0,0,0,0,0,0,0,0,0,0,0,0
instruct-0.7,T2512,1,stop,722,0,0,0,0,0,0,1,0,0,0,0,0,0,0,0
instruct-0.7,T2513,1,length,823,0,0,0,0,0,0,0,0,0,0,0,0,0,0,0
instruct-0.7,T2514,1,stop,621,0,0,0,0,0,0,0,0,2,0,0,0,0,0,0
instruct-0.7,T2515,1,stop,737,0,0,0,0,0,0,0,0,0,0,0,0,0,0,0
instruct-0.7,T2516,1,stop,622,0,0,0,0,0,0,0,0,0,1,0,0,0,0,0
instruct-0.7,T2517,1,stop,720,0,0,0,0,0,0,0,0,0,0,0,0,0,0,0
instruct-0.7,T2518,1,stop,673,0,0,0,0,0,0,0,0,0,0,0,0,0,0,0
instruct-0.7,T2519,1,length,815,0,0,0,0,0,0,0,0,0,0,0,0,0,0,0
instruct-0.7,T2520,1,stop,599,0,0,0,0,0,0,0,0,2,0,0,0,0,0,0
instruct-0.7,T2521,1,stop,579,0,0,0,0,0,0,0,0,0,0,0,0,0,0,0
instruct-0.7,T2522,1,length,759,0,0,0,0,0,0,0,0,1,0,0,0,0,0,0
instruct-0.7,T2523,1,stop,668,0,0,0,0,0,0,0,0,0,0,0,0,0,0,0
instruct-0.7,T2524,1,stop,624,0,0,0,0,0,0,1,0,0,0,0,0,0,0,0
instruct-0.7,T2525,1,stop,563,0,0,0,0,0,0,1,0,0,0,0,0,1,0,0
instruct-0.7,T2526,1,length,790,0,0,0,0,0,0,1,0,0,0,0,0,0,0,0
instruct-0.7,T2527,1,stop,598,0,0,1,0,0,0,0,0,0,0,0,0,0,0,0
instruct-0.7,T2528,1,stop,719,0,0,0,0,0,0,0,0,0,0,0,0,0,0,0
instruct-0.7,T2529,1,stop,544,0,0,1,0,0,0,0,0,1,0,0,0,0,0,0
instruct-0.7,T2530,1,stop,423,0,0,0,0,0,0,0,0,0,0,0,0,0,0,0
instruct-0.7,T2531,1,stop,493,0,0,0,0,0,0,0,0,0,0,0,0,0,0,0
instruct-0.7,T2532,1,stop,555,0,0,0,0,0,0,0,0,0,0,0,0,0,0,0
instruct-0.7,T2533,1,stop,465,0,0,0,0,0,0,0,0,0,0,0,0,0,0,0
instruct-0.7,T2534,1,length,730,0,0,0,0,0,0,0,0,0,0,0,0,0,0,0
instruct-0.7,T2535,1,stop,521,0,0,0,0,0,0,0,0,0,0,0,0,0,0,0
instruct-0.7,T2536,1,stop,750,0,0,0,0,0,0,0,0,0,0,0,0,0,0,0
instruct-0.7,T2537,1,stop,711,0,0,1,0,0,0,0,0,0,0,0,0,0,0,0
instruct-0.7,T2538,1,stop,486,1,0,0,0,0,0,0,0,1,0,0,0,1,0,0
instruct-0.7,T2539,1,stop,623,0,0,0,0,0,0,0,0,0,0,0,0,0,0,0
instruct-0.7,T2540,1,stop,621,0,0,0,0,0,0,0,0,0,0,0,0,0,0,0
instruct-0.7,T2541,1,length,821,0,0,0,0,0,0,0,0,1,0,0,0,0,0,0
instruct-0.7,T2542,1,stop,735,0,0,0,0,0,0,0,0,0,0,0,0,0,0,0
instruct-0.7,T2543,1,stop,617,0,0,0,0,0,0,0,0,1,0,0,0,0,0,0
instruct-0.7,T2544,1,stop,714,0,0,0,0,0,0,0,0,0,0,0,0,0,0,0
instruct-0.7,T2545,1,stop,470,0,0,0,0,0,0,0,0,0,0,0,0,0,0,0
instruct-0.7,T2546,1,length,709,0,0,0,0,0,0,0,0,0,0,0,0,0,0,0
instruct-0.7,T2547,1,length,817,0,0,0,0,0,0,0,0,1,0,0,0,1,0,0
instruct-0.7,T2548,1,stop,736,0,0,0,0,0,0,0,0,0,0,0,0,0,0,0
instruct-0.7,T2549,1,stop,755,0,0,0,0,0,0,0,0,2,0,0,0,0,0,0
instruct-0.7,T2550,1,stop,505,0,0,0,0,0,0,0,0,0,0,0,0,0,0,0
instruct-0.7,T2551,1,stop,782,0,0,0,0,0,0,0,0,0,0,0,0,0,0,0
instruct-0.7,T2552,1,stop,645,0,0,0,0,0,0,0,0,0,0,0,0,0,0,0
instruct-0.7,T2553,1,stop,723,0,0,0,0,0,0,0,0,0,0,0,0,0,0,0
instruct-0.7,T2554,1,stop,552,0,0,0,0,0,0,0,0,0,0,0,0,0,0,0
instruct-0.7,T2555,1,length,758,0,0,0,0,0,0,0,0,0,0,0,0,0,0,0
instruct-0.7,T2556,1,length,716,0,0,0,0,0,0,0,0,0,0,0,0,0,0,0
instruct-0.7,T2557,1,length,730,0,0,0,0,0,0,0,0,0,0,0,0,0,0,0
instruct-0.7,T2558,1,stop,689,1,0,0,0,0,0,1,0,0,0,0,0,0,0,0
instruct-0.7,T2559,1,stop,600,0,0,0,0,0,0,0,0,0,0,0,0,0,0,0
instruct-0.7,T2560,1,length,770,0,0,1,0,0,0,0,0,0,0,0,0,0,0,0
instruct-0.7,T2561,1,stop,561,0,0,0,0,0,0,0,0,1,0,0,0,0,0,0
instruct-0.7,T2562,1,length,774,0,0,0,0,0,0,1,0,1,0,0,0,0,0,0
instruct-0.7,T2563,1,stop,812,0,0,0,0,0,0,0,0,0,1,0,0,0,0,0
instruct-0.7,T2564,1,length,748,0,0,0,0,0,0,0,0,1,0,0,0,0,0,0
instruct-0.7,T2565,1,stop,539,0,0,0,0,0,0,0,0,0,0,0,0,0,0,0
instruct-0.7,T2566,1,length,725,0,0,0,0,0,0,0,0,1,0,0,0,0,0,0
instruct-0.7,T2567,1,stop,558,0,0,0,0,0,0,0,0,1,0,0,0,0,0,0
instruct-0.7,T2568,1,stop,599,0,0,0,0,0,0,1,0,1,0,0,0,0,0,0
instruct-0.7,T2569,1,stop,637,0,0,0,0,0,0,0,0,0,0,0,0,0,0,0
instruct-0.7,T2570,1,length,781,0,0,0,0,0,0,0,0,0,0,0,0,0,0,0
instruct-0.7,T2571,1,stop,575,0,0,0,0,0,0,0,0,1,0,0,0,0,0,0
instruct-0.7,T2572,1,stop,492,0,0,0,0,0,0,0,0,0,0,0,0,0,0,0
instruct-0.7,T2573,1,stop,576,0,0,0,0,0,0,0,0,0,0,0,0,0,0,0
instruct-0.7,T2574,1,stop,626,0,0,0,0,0,0,0,0,0,0,0,0,1,0,0
instruct-0.7,T2575,1,stop,730,0,0,0,0,0,0,1,0,1,0,0,0,0,0,0
instruct-0.7,T2576,1,length,737,0,0,0,0,0,0,0,0,0,0,0,0,0,0,0
instruct-0.7,T2577,1,stop,548,0,0,0,0,0,0,0,0,0,0,0,0,0,0,0
instruct-0.7,T2578,1,stop,773,0,0,0,0,0,0,0,0,0,0,0,0,0,0,0
instruct-0.7,T2579,1,length,783,0,0,0,0,0,0,0,0,0,0,0,0,0,0,0
instruct-0.7,T2580,1,length,758,0,0,0,0,0,0,0,0,0,0,0,0,0,0,0
instruct-0.7,T2581,1,stop,794,0,0,0,0,0,0,0,0,0,0,0,0,0,0,0
instruct-0.7,T2582,1,stop,635,0,0,0,0,0,0,0,0,0,0,0,0,0,0,0
instruct-0.7,T2583,1,stop,612,0,0,0,0,0,0,0,0,0,0,0,0,0,0,0
instruct-0.7,T2584,1,stop,546,0,0,0,0,0,0,0,0,0,0,0,0,0,0,0
instruct-0.7,T2585,1,length,818,0,0,0,0,0,0,0,0,0,0,0,0,0,0,0
instruct-0.7,T2586,1,stop,757,0,0,0,0,0,0,1,0,1,0,0,0,0,0,0
instruct-0.7,T2587,1,length,783,0,0,0,0,0,0,0,0,0,0,0,0,0,0,0
instruct-0.7,T2588,1,stop,752,0,0,0,0,0,0,1,0,1,0,0,0,0,0,0
instruct-0.7,T2589,1,stop,789,0,0,0,0,0,0,0,0,1,0,0,0,0,0,0
instruct-0.7,T2590,1,length,788,0,0,0,0,0,0,0,0,1,0,0,0,0,0,0
instruct-0.7,T2591,1,stop,695,0,0,0,0,0,0,0,0,0,0,0,0,0,0,0
instruct-0.7,T2592,1,stop,699,0,0,0,0,0,0,0,0,2,0,0,0,0,0,0
instruct-0.7,T2593,1,stop,563,0,0,0,0,0,0,0,0,0,0,0,0,0,0,0
instruct-0.7,T2594,1,stop,607,0,0,0,0,0,0,0,0,0,0,0,0,0,0,0
instruct-0.7,T2595,1,stop,682,0,0,0,0,0,0,0,0,0,0,0,0,0,0,0
instruct-0.7,T2596,1,stop,732,0,0,0,0,0,0,0,0,1,0,0,0,0,0,0
instruct-0.7,T2597,1,stop,702,0,0,0,0,0,0,0,0,1,0,0,0,0,0,0
instruct-0.7,T2598,1,stop,736,0,0,0,0,0,0,0,0,0,0,0,0,0,0,0
instruct-0.7,T2599,1,length,823,0,0,0,0,0,0,0,0,0,0,0,0,0,0,0
instruct-0.7,T2600,1,stop,700,0,0,0,0,0,0,0,0,1,0,0,0,0,0,0
instruct-0.7,T2601,1,stop,415,0,0,0,0,0,0,0,0,0,0,0,0,0,0,0
instruct-0.7,T2602,1,stop,768,0,0,0,0,0,0,0,0,0,0,0,0,0,0,0
instruct-0.7,T2603,1,stop,739,0,0,0,0,0,0,0,0,0,0,0,0,0,0,0
instruct-0.7,T2604,1,stop,719,0,0,0,0,0,0,0,0,0,0,0,0,0,0,0
instruct-0.7,T2605,1,stop,436,0,0,0,0,0,0,0,0,0,0,0,0,0,0,0
instruct-0.7,T2606,1,stop,741,0,0,0,0,0,0,0,0,1,0,0,0,0,0,0
instruct-0.7,T2607,1,length,680,0,0,0,0,0,0,0,0,0,0,0,0,0,0,0
instruct-0.7,T2608,1,stop,703,0,0,0,0,0,0,0,0,0,0,0,0,0,0,0
instruct-0.7,T2609,1,stop,548,0,0,0,0,0,0,0,0,0,0,0,0,0,0,0
instruct-0.7,T2610,1,stop,689,0,0,0,0,0,0,0,0,0,0,0,0,0,0,0
instruct-0.7,T2611,1,stop,627,0,0,0,0,0,0,0,0,0,0,0,0,0,0,0
instruct-0.7,T2612,1,stop,599,0,0,0,0,0,0,0,0,0,0,0,0,0,0,0
instruct-0.7,T2613,1,stop,695,0,0,0,0,0,0,0,0,1,0,0,0,0,0,0
instruct-0.7,T2614,1,stop,646,0,0,0,0,0,0,0,0,0,0,0,0,0,0,0
instruct-0.7,T2615,1,stop,179,0,0,0,0,0,0,0,0,0,0,0,0,0,0,0
instruct-0.7,T2616,1,stop,633,0,0,0,0,0,0,0,0,0,0,0,0,0,0,0
instruct-0.7,T2617,1,stop,685,0,0,0,0,0,0,0,0,1,0,0,0,0,0,0
instruct-0.7,T2618,1,stop,682,0,0,0,0,0,0,0,0,0,0,0,0,0,0,0
instruct-0.7,T2619,1,length,775,0,0,0,0,0,0,1,0,1,0,0,0,0,0,0
instruct-0.7,T2620,1,stop,397,0,0,0,0,0,0,0,0,0,0,0,0,0,0,0
instruct-0.7,T2621,1,stop,590,0,0,0,0,0,0,0,0,0,1,0,0,0,0,0
instruct-0.7,T2622,1,stop,653,0,0,0,0,0,0,1,0,0,0,0,0,0,0,0
instruct-0.7,T2623,1,stop,671,0,0,1,0,0,0,0,0,2,0,0,0,0,0,0
instruct-0.7,T2624,1,stop,521,0,0,0,0,0,0,0,0,1,0,0,0,0,0,0
instruct-0.7,T2625,1,stop,613,0,0,0,0,0,0,0,0,0,0,0,0,0,0,0
instruct-0.7,T2626,1,stop,465,0,0,0,0,0,0,0,0,0,0,0,0,0,0,0
instruct-0.7,T2627,1,length,762,0,0,1,0,0,0,0,0,1,0,0,0,0,0,0
instruct-0.7,T2628,1,stop,590,0,0,0,0,0,0,0,0,0,0,0,0,0,0,0
instruct-0.7,T2629,1,stop,665,0,0,0,0,0,0,0,0,1,0,0,0,0,0,0
instruct-0.7,T2630,1,stop,501,0,0,0,0,0,0,0,0,1,0,0,0,0,0,0
instruct-0.7,T2631,1,stop,517,0,0,0,0,0,0,0,0,1,0,0,0,0,0,0
instruct-0.7,T2632,1,stop,585,0,0,0,0,0,0,2,0,0,0,0,0,0,0,0
instruct-0.7,T2633,1,stop,481,0,0,0,0,0,0,0,0,0,0,0,0,0,0,0
instruct-0.7,T2634,1,stop,441,0,0,0,0,0,0,0,0,0,0,0,0,0,0,0
instruct-0.7,T2635,1,stop,577,0,0,0,0,0,0,0,0,0,0,0,0,0,0,0
instruct-0.7,T2636,1,length,778,0,0,0,0,0,0,0,0,0,0,0,0,0,0,0
instruct-0.7,T2637,1,stop,595,0,0,0,0,0,0,0,1,0,0,0,0,0,0,0
instruct-0.7,T2638,1,stop,708,0,0,0,0,0,0,0,0,1,0,0,0,0,0,0
instruct-0.7,T2639,1,stop,648,0,0,0,0,0,0,1,0,0,0,0,0,0,0,0
instruct-0.7,T2640,1,stop,708,0,0,0,0,0,0,0,0,1,0,0,0,0,0,0
instruct-0.7,T2641,1,length,744,0,0,0,0,0,0,0,0,0,0,0,0,0,0,0
instruct-0.7,T2642,1,stop,746,0,0,0,0,0,0,0,0,1,0,0,0,0,0,0
instruct-0.7,T2643,1,stop,692,0,0,0,0,0,0,0,0,0,0,0,0,0,0,0
instruct-0.7,T2644,1,length,714,0,0,0,0,0,0,0,0,0,0,0,0,0,0,0
instruct-0.7,T2645,1,stop,520,0,0,0,0,0,0,0,0,1,0,0,0,0,0,0
instruct-0.7,T2646,1,length,770,0,0,0,0,0,0,0,0,0,0,0,0,0,0,0
instruct-0.7,T2647,1,stop,672,0,0,0,0,0,0,0,0,0,0,0,0,0,0,0
instruct-0.7,T2648,1,stop,514,0,0,0,0,0,0,0,0,0,0,0,0,0,0,0
instruct-0.7,T2649,1,stop,698,0,0,0,0,0,0,0,0,0,0,0,0,0,0,0
instruct-0.7,T2650,1,length,748,0,0,0,0,0,0,0,0,0,0,0,0,0,0,0
instruct-0.7,T2651,1,stop,736,0,0,0,0,0,0,0,0,1,0,0,0,0,0,0
instruct-0.7,T2652,1,stop,558,0,0,0,0,0,0,0,0,1,0,0,0,1,0,2
instruct-0.7,T2653,1,stop,633,0,0,0,0,0,0,1,0,1,0,0,0,0,0,0
instruct-0.7,T2654,1,stop,612,0,0,0,0,0,0,0,0,1,0,0,0,0,0,0
instruct-0.7,T2655,1,length,838,0,0,0,0,0,0,0,0,0,0,0,0,0,0,0
instruct-0.7,T2656,1,length,774,0,0,0,0,0,0,0,0,1,0,0,0,0,0,0
instruct-0.7,T2657,1,stop,660,0,0,0,0,0,0,0,0,1,0,0,0,0,0,0
instruct-0.7,T2658,1,length,799,0,0,0,0,0,0,0,0,0,0,0,0,0,0,0
instruct-0.7,T2659,1,stop,694,0,0,0,0,0,0,0,0,0,0,0,0,0,0,0
instruct-0.7,T2660,1,stop,656,0,0,0,0,0,0,0,0,0,0,0,0,0,0,0
instruct-0.7,T2661,1,stop,596,0,0,0,0,0,0,2,0,0,0,0,0,0,0,0
instruct-0.7,T2662,1,stop,123,0,0,0,0,0,0,0,0,0,0,0,0,0,0,0
instruct-0.7,T2663,1,stop,658,0,0,0,0,0,0,0,0,0,0,0,0,0,0,0
instruct-0.7,T2664,1,stop,739,0,0,0,0,0,0,0,0,1,0,0,0,0,0,0
instruct-0.7,T2665,1,stop,473,0,0,0,0,0,0,0,0,0,0,0,0,0,0,0
instruct-0.7,T2666,1,stop,451,0,0,0,0,0,0,0,0,0,0,0,0,0,0,0
instruct-0.7,T2667,1,length,827,0,0,0,0,0,0,0,0,0,0,0,0,0,0,0
instruct-0.7,T2668,1,stop,609,0,0,0,0,0,0,0,0,1,0,0,0,0,0,0
instruct-0.7,T2669,1,stop,644,0,0,0,0,0,0,0,0,0,0,0,0,0,0,0
instruct-0.7,T2670,1,stop,685,0,0,0,0,0,0,0,0,0,0,0,0,0,0,0
instruct-0.7,T2671,1,stop,591,0,0,0,0,0,0,0,0,0,0,0,0,0,0,0
instruct-0.7,T2672,1,length,749,0,0,0,0,0,0,0,0,1,0,0,0,0,0,0
instruct-0.7,T2673,1,length,831,0,0,0,0,0,0,0,0,0,0,0,0,0,0,0
instruct-0.7,T2674,1,stop,822,0,0,0,0,0,0,0,0,1,0,0,0,0,0,0
instruct-0.7,T2675,1,stop,782,0,0,0,0,0,0,1,0,1,0,0,0,0,0,0
instruct-0.7,T2676,1,stop,490,0,0,0,0,0,0,0,0,1,0,0,0,0,0,0
instruct-0.7,T2677,1,length,802,0,0,0,0,0,0,0,0,0,0,0,0,0,0,0
instruct-0.7,T2678,1,stop,652,0,0,0,0,0,0,0,0,0,0,0,0,0,0,0
instruct-0.7,T2679,1,length,817,0,1,0,0,0,0,0,0,0,0,0,0,0,0,0
instruct-0.7,T2680,1,stop,717,0,0,0,0,0,0,0,0,1,0,0,0,0,0,0
instruct-0.7,T2681,1,stop,639,0,0,0,0,0,0,0,0,0,0,0,0,0,0,0
instruct-0.7,T2682,1,length,746,0,0,0,0,0,0,0,0,0,0,0,0,0,0,0
instruct-0.7,T2683,1,stop,561,0,0,0,0,0,0,0,0,0,0,0,0,0,0,0
instruct-0.7,T2684,1,stop,592,0,0,0,0,0,0,0,0,0,0,0,0,0,0,0
instruct-0.7,T2685,1,stop,694,0,0,0,0,0,0,0,0,0,0,0,0,0,0,0
instruct-0.7,T2686,1,length,793,0,0,0,0,0,0,0,0,0,0,0,0,0,0,0
instruct-0.7,T2687,1,stop,387,0,0,0,0,0,0,0,0,0,0,0,0,0,0,0
instruct-0.7,T2688,1,stop,374,0,0,0,0,0,0,0,0,0,0,0,0,0,0,0
instruct-0.7,T2689,1,stop,483,0,0,0,0,0,0,0,0,0,0,0,0,0,0,0
instruct-0.7,T2690,1,stop,592,0,0,0,0,0,0,0,0,0,0,0,0,0,0,0
instruct-0.7,T2691,1,stop,712,0,0,0,0,0,0,0,0,2,0,0,0,0,0,0
instruct-0.7,T2692,1,length,774,0,0,0,0,0,0,0,0,0,0,0,0,1,0,0
instruct-0.7,T2693,1,stop,427,0,0,0,0,0,0,0,0,0,0,0,0,0,0,0
instruct-0.7,T2694,1,stop,768,0,0,0,0,0,0,0,0,1,0,0,0,0,0,0
instruct-0.7,T2695,1,stop,725,0,0,0,0,0,0,0,0,0,0,0,0,0,0,0
instruct-0.7,T2696,1,stop,475,0,0,0,0,0,0,0,0,0,0,0,0,0,0,0
instruct-0.7,T2697,1,stop,573,0,0,0,0,0,0,0,0,0,0,0,0,0,0,0
instruct-0.7,T2698,1,length,781,0,0,0,0,0,0,0,0,1,0,0,0,0,0,0
instruct-0.7,T2699,1,stop,418,0,0,0,0,0,0,1,0,1,0,0,0,0,0,0
instruct-0.7,T2700,1,stop,565,0,0,0,0,0,0,0,0,0,0,0,0,0,0,0
instruct-0.7,T2701,1,stop,742,0,0,0,0,0,0,0,0,0,0,0,0,0,0,0
instruct-0.7,T2702,1,stop,746,0,0,0,0,0,0,0,0,0,0,0,0,0,0,0
instruct-0.7,T2703,1,length,795,0,0,0,0,0,0,0,0,0,0,0,0,0,0,0
instruct-0.7,T2704,1,stop,788,0,0,0,0,0,0,1,0,1,0,0,0,0,0,0
instruct-0.7,T2705,1,stop,750,0,0,0,0,0,0,0,0,0,0,0,0,0,0,0
instruct-0.7,T2706,1,length,788,0,0,0,0,0,0,0,0,0,0,0,0,0,0,0
instruct-0.7,T2707,1,stop,723,0,0,0,0,0,0,0,0,0,0,0,0,0,0,0
instruct-0.7,T2708,1,stop,652,0,0,0,0,0,0,2,0,0,0,0,0,0,0,0
instruct-0.7,T2709,1,stop,482,1,0,0,0,0,0,0,0,0,0,0,0,1,0,0
instruct-0.7,T2710,1,stop,609,0,0,0,0,0,0,0,0,0,0,0,0,0,0,0
instruct-0.7,T2711,1,stop,354,0,0,0,0,0,0,0,0,1,0,0,0,0,0,0
instruct-0.7,T2712,1,stop,643,0,0,0,0,0,0,0,0,1,0,0,0,0,0,0
instruct-0.7,T2713,1,stop,743,0,0,0,0,0,0,0,0,1,0,0,0,0,0,0
instruct-0.7,T2714,1,stop,632,0,0,0,0,0,0,0,0,1,0,0,0,1,0,0
instruct-0.7,T2715,1,length,735,0,0,0,0,0,0,0,0,0,0,0,0,0,0,0
instruct-0.7,T2716,1,stop,749,0,0,0,0,0,0,0,0,0,0,0,0,1,0,0
instruct-0.7,T2717,1,stop,495,0,0,0,0,0,0,0,0,0,0,0,0,0,0,0
instruct-0.7,T2718,1,length,785,0,0,0,0,0,0,0,0,0,0,0,0,0,0,0
instruct-0.7,T2719,1,length,813,0,0,0,0,0,0,0,0,0,0,0,0,0,0,0
instruct-0.7,T2720,1,stop,567,0,0,0,0,0,0,0,0,2,0,0,0,0,0,0
instruct-0.7,T2721,1,length,774,0,0,0,0,0,0,0,0,0,0,0,0,0,0,0
instruct-0.7,T2722,1,length,768,0,0,0,0,0,0,0,0,0,0,0,0,0,0,0
instruct-0.7,T2723,1,stop,747,0,0,0,0,0,0,0,0,0,0,0,0,0,0,0
instruct-0.7,T2724,1,stop,493,0,0,0,0,0,0,0,0,1,0,0,0,0,0,0
instruct-0.7,T2725,1,length,822,0,0,0,0,0,0,0,0,0,0,0,0,1,0,0
instruct-0.7,T2726,1,stop,629,0,0,0,0,0,0,0,0,0,0,0,0,0,0,0
instruct-0.7,T2727,1,stop,725,0,0,0,0,0,0,0,0,0,0,0,0,0,0,0
instruct-0.7,T2728,1,stop,755,0,0,0,0,0,0,0,0,0,0,0,0,0,0,0
instruct-0.7,T2729,1,stop,401,0,0,0,0,0,0,0,0,0,0,0,0,0,0,0
instruct-0.7,T2730,1,length,808,0,0,0,0,0,0,0,0,0,0,0,0,0,0,0
instruct-0.7,T2731,1,stop,699,0,0,0,0,0,0,0,0,0,0,0,0,0,0,0
instruct-0.7,T2732,1,stop,638,0,0,0,0,0,0,0,0,0,0,0,0,0,0,0
instruct-0.7,T2733,1,stop,646,0,0,0,0,0,0,0,0,0,0,0,0,0,0,0
instruct-0.7,T2734,1,stop,507,0,0,0,0,0,0,0,0,0,0,0,0,0,0,0
instruct-0.7,T2735,1,stop,727,0,0,0,0,0,0,0,0,1,0,0,0,1,0,0
instruct-0.7,T2736,1,stop,780,0,0,0,0,0,0,0,0,0,0,0,0,0,0,0
instruct-0.7,T2737,1,stop,593,0,0,0,0,0,0,0,0,0,0,0,0,0,0,0
instruct-0.7,T2738,1,length,789,0,0,0,0,0,0,0,0,0,0,0,0,0,0,0
instruct-0.7,T2739,1,stop,574,0,0,0,0,0,0,0,0,0,0,0,0,0,0,0
instruct-0.7,T2740,1,stop,485,0,0,0,0,0,0,0,0,0,0,0,0,0,0,0
instruct-0.7,T2741,1,stop,691,0,0,0,0,0,0,0,0,1,0,0,0,0,0,0
instruct-0.7,T2742,1,stop,665,0,0,0,0,0,0,0,0,2,0,0,0,0,0,0
instruct-0.7,T2743,1,stop,623,0,0,0,0,0,0,0,0,0,0,0,0,0,0,0
instruct-0.7,T2744,1,stop,761,0,0,0,0,0,0,0,0,0,0,0,0,0,0,0
instruct-0.7,T2745,1,length,803,0,0,0,0,0,0,0,0,0,0,0,0,0,0,0
instruct-0.7,T2746,1,stop,586,0,0,0,0,0,0,0,0,0,0,0,0,0,0,0
instruct-0.7,T2747,1,stop,328,0,0,0,0,0,0,0,0,0,0,0,0,0,0,0
instruct-0.7,T2748,1,stop,546,1,0,0,0,0,0,0,0,0,0,0,0,0,0,0
instruct-0.7,T2749,1,stop,488,0,0,0,0,0,0,1,0,1,0,0,0,0,0,0
instruct-0.7,T2750,1,stop,749,0,0,0,0,0,0,0,0,0,0,0,0,0,0,0
instruct-0.7,T2751,1,length,697,0,0,0,0,0,0,0,0,0,0,0,0,0,0,0
instruct-0.7,T2752,1,stop,483,0,0,0,0,0,0,0,0,0,0,0,0,0,0,0
instruct-0.7,T2753,1,stop,771,0,0,0,0,0,0,0,0,1,0,0,0,0,0,0
instruct-0.7,T2754,1,stop,726,0,0,0,0,0,0,0,0,0,0,0,0,0,0,0
instruct-0.7,T2755,1,stop,753,0,0,0,0,0,0,0,0,0,0,0,0,0,0,0
instruct-0.7,T2756,1,stop,768,0,0,0,0,0,0,0,0,1,0,0,0,0,0,0
instruct-0.7,T2757,1,stop,700,0,0,0,0,0,0,0,0,0,0,0,0,0,0,0
instruct-0.7,T2758,1,length,755,0,0,0,0,0,0,0,0,2,0,0,0,0,0,0
instruct-0.7,T2759,1,length,718,0,0,2,0,0,0,0,0,0,0,0,0,0,0,0
instruct-0.7,T2760,1,stop,606,0,0,0,0,0,0,0,0,0,0,0,0,0,0,0
instruct-0.7,T2761,1,length,725,0,0,0,0,0,0,0,0,0,0,0,0,0,0,0
instruct-0.7,T2762,1,stop,715,0,0,0,0,0,0,0,0,0,0,0,0,0,0,0
instruct-0.7,T2763,1,length,772,0,0,0,0,0,0,0,0,0,0,0,0,0,0,0
instruct-0.7,T2764,1,stop,502,0,0,0,0,0,0,0,0,0,0,0,0,0,0,0
instruct-0.7,T2765,1,stop,607,0,0,0,0,0,0,1,1,1,0,0,0,0,0,0
instruct-0.7,T2766,1,stop,618,0,0,0,0,0,0,0,0,0,0,0,0,0,0,0
instruct-0.7,T2767,1,stop,748,0,0,0,0,0,0,0,0,1,0,0,0,0,0,0
instruct-0.7,T2768,1,stop,624,0,0,0,0,0,0,0,0,0,0,0,0,0,0,0
instruct-0.7,T2769,1,stop,738,0,0,0,0,0,0,0,0,0,0,0,0,0,0,0
instruct-0.7,T2770,1,stop,642,0,0,0,0,0,0,0,0,1,0,0,0,0,0,0
instruct-0.7,T2771,1,stop,604,0,0,0,0,0,0,1,0,1,0,0,0,0,0,0
instruct-0.7,T2772,1,stop,462,0,0,0,0,0,0,0,0,0,0,0,0,0,0,0
instruct-0.7,T2773,1,stop,637,0,0,0,0,0,0,0,0,1,0,0,0,0,0,0
instruct-0.7,T2774,1,stop,558,0,0,0,0,0,0,0,0,0,0,0,0,0,0,0
instruct-0.7,T2775,1,stop,662,0,0,0,0,0,0,0,0,1,0,0,0,0,0,0
instruct-0.7,T2776,1,stop,600,0,0,0,0,0,0,0,0,0,0,0,0,0,0,0
instruct-0.7,T2777,1,length,797,0,0,0,0,0,0,0,0,1,0,0,0,0,0,0
instruct-0.7,T2778,1,stop,669,0,0,0,0,0,0,0,0,2,0,0,0,0,0,0
instruct-0.7,T2779,1,stop,783,0,0,0,0,0,0,0,0,2,0,0,0,0,0,0
instruct-0.7,T2780,1,stop,806,0,0,0,0,0,0,0,0,0,0,0,0,0,0,0
instruct-0.7,T2781,1,length,775,0,0,0,0,0,0,0,0,0,0,0,0,0,0,0
instruct-0.7,T2782,1,length,749,0,0,0,0,0,0,0,0,0,0,0,0,0,0,0
instruct-0.7,T2783,1,stop,334,0,0,0,0,0,0,2,0,0,0,0,0,0,0,0
instruct-0.7,T2784,1,length,756,0,0,1,0,0,0,0,0,0,0,0,0,0,0,0
instruct-0.7,T2785,1,stop,632,0,0,0,0,0,0,0,0,1,0,0,0,0,0,0
instruct-0.7,T2786,1,stop,496,0,0,0,0,0,0,0,0,0,0,0,0,0,0,0
instruct-0.7,T2787,1,length,751,0,0,0,0,0,0,0,0,0,0,0,0,0,0,0
instruct-0.7,T2788,1,stop,812,0,0,0,0,0,0,0,0,1,0,0,0,0,0,0
instruct-0.7,T2789,1,stop,774,0,0,0,0,0,0,0,0,1,0,0,0,0,0,0
instruct-0.7,T2790,1,stop,639,0,0,0,0,0,0,0,0,0,0,0,0,0,0,0
instruct-0.7,T2791,1,stop,760,0,0,0,0,0,0,0,0,0,0,0,0,0,0,0
instruct-0.7,T2792,1,length,742,0,0,0,0,0,0,0,0,0,0,0,0,0,0,0
instruct-0.7,T2793,1,stop,728,0,0,0,0,0,0,0,0,1,0,0,0,0,0,0
instruct-0.7,T2794,1,stop,133,0,0,0,0,0,0,0,0,0,0,0,0,0,0,0
instruct-0.7,T2795,1,stop,567,0,0,0,0,0,0,0,0,0,0,0,0,0,0,0
instruct-0.7,T2796,1,stop,660,0,0,0,0,0,0,0,0,0,0,0,0,1,0,0
instruct-0.7,T2797,1,length,745,0,0,0,0,0,0,0,0,0,0,0,0,0,0,0
instruct-0.7,T2798,1,stop,549,0,0,0,0,0,0,0,0,0,0,0,0,0,0,0
instruct-0.7,T2799,1,stop,611,0,0,0,0,0,0,0,0,0,0,0,0,0,0,0
instruct-0.7,T2800,1,stop,626,0,0,0,0,0,0,0,0,0,0,0,0,0,0,0
instruct-0.7,T2801,1,stop,738,0,0,0,0,0,0,0,0,0,0,0,0,0,0,0
instruct-0.7,T2802,1,stop,741,0,0,0,0,0,0,0,0,0,0,0,0,0,0,0
instruct-0.7,T2803,1,stop,752,0,0,0,0,0,0,0,0,0,0,0,0,0,0,0
instruct-0.7,T2804,1,length,690,0,0,0,0,0,0,0,0,0,0,0,0,0,0,0
instruct-0.7,T2805,1,stop,720,0,0,0,0,0,0,0,0,0,0,0,0,0,0,0
instruct-0.7,T2806,1,stop,581,0,0,0,0,0,0,0,0,0,1,0,0,0,0,0
instruct-0.7,T2807,1,length,761,0,0,0,0,0,0,0,0,0,0,0,0,0,0,0
instruct-0.7,T2808,1,length,733,0,0,0,0,0,0,0,0,0,0,0,0,0,0,0
instruct-0.7,T2809,1,stop,667,0,0,0,0,0,0,0,0,0,0,0,0,0,0,0
instruct-0.7,T2810,1,length,725,0,0,0,0,0,0,0,0,1,0,0,0,0,0,0
instruct-0.7,T2811,1,stop,641,0,0,0,0,0,0,1,0,0,0,0,0,0,0,0
instruct-0.7,T2812,1,stop,765,0,0,0,0,0,0,0,0,0,0,0,0,0,0,0
instruct-0.7,T2813,1,length,736,0,0,0,0,0,0,0,0,0,0,0,0,0,0,0
instruct-0.7,T2814,1,stop,508,0,0,0,0,0,0,1,0,1,0,0,0,0,0,0
instruct-0.7,T2815,1,length,764,0,0,0,0,0,0,0,0,0,0,0,0,0,0,0
instruct-0.7,T2816,1,stop,732,1,0,0,0,0,0,0,0,2,0,0,0,0,0,0
instruct-0.7,T2817,1,length,756,0,0,0,0,0,0,0,0,0,0,0,0,0,0,0
instruct-0.7,T2818,1,stop,380,0,1,0,0,0,0,0,0,0,0,0,0,1,0,0
instruct-0.7,T2819,1,stop,560,0,0,0,0,0,0,0,0,0,0,0,0,0,0,0
instruct-0.7,T2820,1,length,753,0,0,0,0,0,0,0,0,1,0,0,0,0,0,0
instruct-0.7,T2821,1,length,720,0,0,0,0,0,0,0,0,0,0,0,0,0,0,0
instruct-0.7,T2822,1,length,676,0,0,1,0,0,0,0,1,0,0,0,0,0,0,0
instruct-0.7,T2823,1,stop,610,0,0,0,0,0,0,0,0,0,0,0,0,0,0,0
instruct-0.7,T2824,1,stop,608,0,0,0,0,0,0,0,0,0,0,0,0,0,0,0
instruct-0.7,T2825,1,stop,484,0,0,0,0,0,0,0,0,0,0,0,0,0,0,0
instruct-0.7,T2826,1,stop,392,0,0,0,0,0,0,0,0,0,0,0,0,0,0,0
instruct-0.7,T2827,1,length,751,0,0,0,0,0,0,0,0,0,0,0,0,0,0,0
instruct-0.7,T2828,1,stop,680,0,0,0,0,0,0,0,0,0,0,0,0,0,0,0
instruct-0.7,T2829,1,stop,608,0,0,0,0,0,0,0,0,2,0,0,0,0,0,0
instruct-0.7,T2830,1,stop,593,0,0,0,0,0,0,0,0,0,0,0,0,0,0,0
instruct-0.7,T2831,1,stop,509,0,0,0,0,0,0,1,0,0,0,0,0,0,0,0
instruct-0.7,T2832,1,stop,713,0,0,0,0,0,0,0,0,0,0,0,0,0,0,0
instruct-0.7,T2833,1,length,781,0,0,0,0,0,0,0,0,2,0,0,0,0,0,0
instruct-0.7,T2834,1,stop,511,0,0,0,0,0,0,0,0,0,0,0,0,0,0,0
instruct-0.7,T2835,1,stop,309,0,0,0,0,0,0,0,0,1,0,0,0,0,0,0
instruct-0.7,T2836,1,stop,402,0,0,0,0,0,0,0,0,0,0,0,0,0,0,0
instruct-0.7,T2837,1,length,720,0,0,0,0,0,0,0,0,0,0,0,0,0,0,0
instruct-0.7,T2838,1,stop,651,0,0,0,0,0,0,0,0,0,0,0,0,0,0,0
instruct-0.7,T2839,1,stop,782,0,0,0,0,0,0,0,0,1,0,0,0,0,0,0
instruct-0.7,T2840,1,length,729,0,0,0,0,0,0,0,0,0,0,0,0,0,0,0
instruct-0.7,T2841,1,length,713,0,0,0,0,0,0,0,0,0,0,0,0,0,0,0
instruct-0.7,T2842,1,stop,522,0,0,0,0,0,0,0,0,0,0,0,0,0,0,0
instruct-0.7,T2843,1,stop,649,0,0,0,0,0,0,1,0,2,0,0,0,1,0,0
instruct-0.7,T2844,1,length,800,0,0,0,0,0,0,1,0,0,0,0,0,0,0,0
instruct-0.7,T2845,1,stop,611,0,0,0,0,0,0,0,0,0,0,0,0,0,0,0
instruct-0.7,T2846,1,stop,747,0,0,0,0,0,0,0,0,0,0,0,0,0,0,0
instruct-0.7,T2847,1,stop,587,0,0,0,0,0,0,0,0,0,0,0,0,0,0,0
instruct-0.7,T2848,1,stop,610,0,0,0,0,0,0,1,0,1,0,0,0,0,0,0
instruct-0.7,T2849,1,stop,549,0,0,0,0,0,0,0,0,0,0,0,0,0,0,0
instruct-0.7,T2850,1,stop,663,0,0,0,0,0,0,0,0,0,0,0,0,0,0,0
instruct-0.7,T2851,1,stop,713,0,0,0,0,0,0,0,0,0,0,0,0,0,0,0
instruct-0.7,T2852,1,stop,617,0,0,0,0,0,0,0,0,0,0,0,0,0,0,0
instruct-0.7,T2853,1,stop,476,0,0,0,0,0,0,0,0,2,0,0,0,0,0,0
instruct-0.7,T2854,1,stop,583,0,0,0,0,0,0,1,0,0,1,0,0,0,0,0
instruct-0.7,T2855,1,stop,581,0,0,0,0,0,0,0,0,0,0,0,0,0,0,0
instruct-0.7,T2856,1,stop,728,0,0,0,0,0,0,0,0,0,0,0,0,0,0,0
instruct-0.7,T2857,1,stop,395,0,0,0,0,0,0,0,0,0,0,0,0,0,0,0
instruct-0.7,T2858,1,stop,711,0,0,0,0,0,0,0,0,1,0,0,0,0,0,0
instruct-0.7,T2859,1,stop,475,0,0,0,0,0,0,0,0,0,0,0,0,0,0,0
instruct-0.7,T2860,1,stop,644,0,0,0,0,0,0,0,0,0,0,0,0,0,0,0
instruct-0.7,T2861,1,stop,768,0,0,0,0,0,0,0,0,1,0,0,0,0,0,0
instruct-0.7,T2862,1,stop,677,0,0,0,0,0,0,0,0,0,0,0,0,0,0,0
instruct-0.7,T2863,1,stop,446,0,0,0,0,0,0,0,0,0,0,0,0,0,0,0
instruct-0.7,T2864,1,length,674,0,0,0,0,0,0,0,0,0,0,0,0,0,0,0
instruct-0.7,T2865,1,stop,712,0,0,0,0,0,0,0,0,0,0,0,0,0,0,0
instruct-0.7,T2866,1,length,782,0,0,0,0,0,0,0,0,2,0,0,0,0,0,0
instruct-0.7,T2867,1,length,691,0,0,0,0,0,0,0,0,0,0,0,0,0,0,0
instruct-0.7,T2868,1,stop,711,0,0,0,0,0,0,0,0,0,0,0,0,0,0,0
instruct-0.7,T2869,1,stop,640,0,0,0,0,0,0,0,0,0,0,0,0,0,0,0
instruct-0.7,T2870,1,stop,755,0,0,0,0,0,0,0,0,0,0,0,0,0,0,0
instruct-0.7,T2871,1,stop,695,0,0,0,0,0,0,0,0,2,0,0,0,0,0,0
instruct-0.7,T2872,1,stop,582,1,0,0,0,0,0,0,0,2,0,0,0,0,0,0
instruct-0.7,T2873,1,stop,633,0,0,0,0,0,0,0,0,0,0,0,0,0,0,0
instruct-0.7,T2874,1,length,769,0,0,0,0,0,0,0,0,1,0,0,0,0,0,0
instruct-0.7,T2875,1,stop,748,0,0,0,0,0,0,0,0,0,0,0,0,0,0,0
instruct-0.7,T2876,1,stop,718,0,0,0,0,0,0,0,0,1,0,0,0,0,0,0
instruct-0.7,T2877,1,stop,560,0,0,0,0,0,0,0,0,1,0,0,0,0,0,0
instruct-0.7,T2878,1,length,801,1,0,0,0,0,0,0,0,0,0,0,0,0,0,0
instruct-0.7,T2879,1,stop,517,0,0,0,0,0,0,1,0,0,0,0,0,0,0,0
instruct-0.7,T2880,1,stop,734,0,0,0,0,0,0,0,0,1,0,0,0,0,0,0
instruct-0.7,T2881,1,stop,575,0,0,0,0,0,0,0,0,0,0,0,0,0,0,0
instruct-0.7,T2882,1,stop,559,0,0,0,0,0,0,1,0,0,0,0,0,0,0,0
instruct-0.7,T2883,1,stop,717,0,0,0,0,0,0,0,0,0,0,0,0,0,0,0
instruct-0.7,T2884,1,stop,717,0,0,0,0,0,0,0,0,0,0,0,0,0,0,0
instruct-0.7,T2885,1,stop,528,0,0,0,0,0,0,0,0,0,0,0,0,0,0,0
instruct-0.7,T2886,1,stop,602,0,0,0,0,0,0,0,0,1,0,0,0,0,0,0
instruct-0.7,T2887,1,length,828,0,0,0,0,0,0,0,0,0,0,0,0,0,0,0
instruct-0.7,T2888,1,stop,734,0,0,0,0,0,0,0,0,1,0,0,0,0,0,0
instruct-0.7,T2889,1,stop,730,0,0,0,0,0,0,0,0,0,0,0,0,0,0,0
instruct-0.7,T2890,1,stop,685,0,0,0,0,0,0,0,0,1,0,0,0,0,0,0
instruct-0.7,T2891,1,stop,578,0,0,0,0,0,0,0,0,0,0,0,0,0,0,0
instruct-0.7,T2892,1,length,736,0,0,0,0,0,0,1,0,1,0,0,0,0,0,0
instruct-0.7,T2893,1,stop,744,1,0,0,0,0,0,0,0,0,0,0,0,0,0,0
instruct-0.7,T2894,1,stop,677,0,0,0,0,0,0,1,0,0,0,0,0,0,0,0
instruct-0.7,T2895,1,length,775,0,0,0,0,0,0,1,0,0,0,0,0,0,0,0
instruct-0.7,T2896,1,stop,750,0,0,0,0,0,0,0,0,0,0,0,0,0,0,0
instruct-0.7,T2897,1,stop,492,0,0,0,0,0,0,0,0,0,0,0,0,2,0,0
instruct-0.7,T2898,1,stop,618,0,0,0,0,0,0,0,0,1,0,0,0,0,0,0
instruct-0.7,T2899,1,stop,783,0,0,0,0,0,0,0,0,0,0,0,0,0,0,0
instruct-0.7,T2900,1,stop,699,0,0,0,0,0,0,0,0,1,0,0,0,0,0,0
instruct-0.7,T2901,1,stop,465,0,0,0,0,0,0,0,0,0,0,0,0,0,0,0
instruct-0.7,T2902,1,stop,742,0,0,0,0,0,0,0,0,2,0,0,0,0,0,0
instruct-0.7,T2903,1,stop,747,0,0,0,0,0,0,0,0,0,0,0,0,0,0,0
instruct-0.7,T2904,1,length,812,0,0,0,0,0,0,0,0,0,0,0,0,0,0,0
instruct-0.7,T2905,1,stop,619,0,0,0,0,0,0,0,0,0,0,0,0,0,0,0
instruct-0.7,T2906,1,stop,616,0,0,0,0,0,0,0,0,0,0,0,0,0,0,0
instruct-0.7,T2907,1,stop,591,0,0,0,0,0,0,0,0,0,0,0,0,1,0,0
instruct-0.7,T2908,1,length,819,0,0,0,0,0,0,0,0,0,0,0,0,0,0,0
instruct-0.7,T2909,1,stop,653,0,0,0,0,0,0,0,0,1,0,0,0,0,0,0
instruct-0.7,T2910,1,stop,580,0,0,0,0,0,0,0,0,2,0,0,0,0,0,0
instruct-0.7,T2911,1,stop,686,0,0,0,0,0,0,0,0,0,0,0,0,0,0,0
instruct-0.7,T2912,1,stop,701,0,0,0,0,0,0,0,0,0,0,0,0,0,1,0
instruct-0.7,T2913,1,stop,354,0,0,0,0,0,0,0,0,0,0,0,0,0,0,0
instruct-0.7,T2914,1,stop,624,0,0,0,0,0,0,0,0,0,0,0,0,0,0,0
instruct-0.7,T2915,1,stop,628,0,0,0,0,0,0,0,0,1,0,0,0,0,0,0
instruct-0.7,T2916,1,stop,373,0,0,0,0,0,0,0,0,0,0,0,0,0,0,0
instruct-0.7,T2917,1,stop,734,0,0,0,0,0,0,1,0,0,0,0,0,0,0,0
instruct-0.7,T2918,1,stop,697,0,0,0,0,0,0,0,0,0,0,0,0,0,0,0
instruct-0.7,T2919,1,stop,553,0,0,0,0,0,0,0,0,0,0,0,0,0,0,0
instruct-0.7,T2920,1,stop,563,0,0,0,0,0,0,1,0,1,0,0,0,0,0,0
instruct-0.7,T2921,1,stop,505,0,0,0,0,0,0,0,0,0,0,0,0,0,0,0
instruct-0.7,T2922,1,stop,348,0,0,0,0,0,0,0,0,0,0,0,0,0,0,0
instruct-0.7,T2923,1,stop,638,0,0,0,0,0,0,0,0,0,0,0,0,0,0,0
instruct-0.7,T2924,1,length,778,0,0,0,0,0,0,0,0,0,0,0,0,0,0,0
instruct-0.7,T2925,1,length,790,0,0,0,0,0,0,0,0,1,0,0,0,0,0,0
instruct-0.7,T2926,1,stop,763,0,0,0,0,0,0,0,0,0,0,0,0,0,0,0
instruct-0.7,T2927,1,stop,732,0,0,1,0,0,0,0,0,0,0,0,0,0,0,0
instruct-0.7,T2928,1,stop,576,0,0,0,0,0,0,0,0,0,0,0,0,0,0,0
instruct-0.7,T2929,1,stop,740,0,0,0,0,0,0,0,0,0,0,0,0,0,0,0
instruct-0.7,T2930,1,stop,659,0,0,0,0,0,0,0,0,2,0,0,0,0,0,0
instruct-0.7,T2931,1,stop,746,0,0,0,0,0,0,0,0,0,0,0,0,0,0,0
instruct-0.7,T2932,1,length,787,0,0,0,0,0,0,1,0,0,0,0,0,0,0,0
instruct-0.7,T2933,1,stop,711,0,0,0,0,0,0,0,0,0,0,0,0,0,0,0
instruct-0.7,T2934,1,stop,652,0,0,1,0,0,0,0,0,0,0,0,0,0,0,0
instruct-0.7,T2935,1,length,805,0,0,0,0,0,0,0,0,0,0,0,0,0,0,0
instruct-0.7,T2936,1,stop,588,0,0,0,0,0,0,1,0,0,0,0,0,0,0,0
instruct-0.7,T2937,1,stop,692,0,0,0,0,0,0,0,0,0,0,0,0,1,0,0
instruct-0.7,T2938,1,stop,540,0,0,0,0,0,0,0,0,0,0,0,0,0,0,0
instruct-0.7,T2939,1,stop,510,0,0,0,0,0,0,0,0,1,0,0,0,0,0,0
instruct-0.7,T2940,1,stop,406,0,0,0,0,0,0,0,0,0,0,0,0,0,0,0
instruct-0.7,T2941,1,stop,559,0,0,0,0,0,0,0,0,0,0,0,0,0,0,0
instruct-0.7,T2942,1,stop,612,0,0,0,0,0,0,0,0,0,0,0,0,0,0,0
instruct-0.7,T2943,1,stop,752,0,0,0,0,0,0,1,0,1,0,0,0,0,0,0
instruct-0.7,T2944,1,stop,541,0,0,0,0,0,0,0,0,0,0,0,0,0,0,0
instruct-0.7,T2945,1,length,872,0,0,0,0,0,0,0,0,0,0,0,0,0,0,0
instruct-0.7,T2946,1,length,738,0,0,0,0,0,0,0,0,0,0,0,0,0,0,0
instruct-0.7,T2947,1,stop,290,0,0,0,0,0,0,0,0,0,0,0,0,0,0,0
instruct-0.7,T2948,1,stop,595,0,0,0,0,0,0,0,0,0,0,0,0,0,0,0
instruct-0.7,T2949,1,stop,585,0,0,0,0,0,0,0,0,0,0,0,0,0,0,0
instruct-0.7,T2950,1,stop,661,0,0,0,0,0,0,0,0,0,0,0,0,0,0,0
instruct-0.7,T2951,1,stop,695,0,0,0,0,0,0,0,0,0,0,0,0,0,0,0
instruct-0.7,T2952,1,stop,543,0,0,0,0,0,0,0,0,0,0,0,0,1,0,0
instruct-0.7,T2953,1,length,751,0,0,1,0,0,0,0,0,0,0,0,0,0,0,0
instruct-0.7,T2954,1,length,744,0,0,0,0,0,0,0,0,1,0,0,0,0,0,0
instruct-0.7,T2955,1,stop,628,0,0,0,0,0,0,0,0,2,0,0,0,0,0,0
instruct-0.7,T2956,1,stop,558,0,0,0,0,0,0,0,0,0,0,0,0,0,0,0
instruct-0.7,T2957,1,stop,537,0,0,0,0,0,0,0,0,1,0,0,0,0,0,0
instruct-0.7,T2958,1,stop,642,0,0,0,0,0,0,0,0,3,0,0,0,0,0,0
instruct-0.7,T2959,1,stop,462,0,0,0,0,0,0,0,0,0,0,0,0,0,0,0
instruct-0.7,T2960,1,length,727,0,0,0,0,0,0,0,0,1,0,0,0,0,0,0
instruct-0.7,T2961,1,stop,651,1,0,0,0,0,0,0,0,0,0,0,0,0,0,0
instruct-0.7,T2962,1,stop,632,0,0,0,0,0,0,0,0,0,0,0,0,0,0,0
instruct-0.7,T2963,1,stop,730,0,0,0,0,0,0,0,0,0,0,0,0,0,0,0
instruct-0.7,T2964,1,stop,721,0,0,0,0,0,0,0,0,0,0,0,0,0,0,0
instruct-0.7,T2965,1,stop,699,0,0,0,0,0,0,0,0,0,0,0,0,0,0,0
instruct-0.7,T2966,1,length,759,0,0,0,0,0,0,0,0,1,0,0,0,0,0,0
instruct-0.7,T2967,1,stop,112,0,0,0,0,0,0,0,0,0,0,0,0,0,0,0
instruct-0.7,T2968,1,stop,727,1,0,0,0,0,0,0,0,1,0,0,0,0,0,0
instruct-0.7,T2969,1,stop,579,0,0,0,0,0,0,0,0,0,0,0,0,0,0,0
instruct-0.7,T2970,1,stop,647,0,0,0,0,0,0,0,0,0,0,0,0,0,0,0
instruct-0.7,T2971,1,stop,776,0,0,0,0,0,0,0,0,1,0,0,0,0,0,0
instruct-0.7,T2972,1,length,763,0,0,1,0,0,0,1,0,0,0,0,0,0,0,0
instruct-0.7,T2973,1,length,760,0,0,0,0,0,0,0,0,0,0,0,0,0,0,0
instruct-0.7,T2974,1,stop,572,0,0,0,0,0,0,0,0,0,0,0,0,0,0,0
instruct-0.7,T2975,1,stop,711,0,0,0,0,0,0,0,0,1,0,0,0,0,0,0
instruct-0.7,T2976,1,stop,658,0,0,0,0,0,0,0,0,1,0,0,0,0,0,0
instruct-0.7,T2977,1,stop,603,0,0,0,0,0,0,0,0,0,0,0,0,0,0,0
instruct-0.7,T2978,1,length,701,0,0,0,0,0,0,0,0,0,0,0,0,0,0,0
instruct-0.7,T2979,1,length,791,0,0,0,0,0,0,0,0,0,0,0,0,0,0,0
instruct-0.7,T2980,1,stop,624,0,0,0,0,0,0,0,0,1,0,0,0,0,0,0
instruct-0.7,T2981,1,length,737,0,0,0,0,0,0,0,0,1,0,0,0,0,0,0
instruct-0.7,T2982,1,stop,627,0,0,0,0,0,0,0,0,1,0,0,0,0,0,0
instruct-0.7,T2983,1,stop,659,0,0,0,0,0,0,0,0,0,0,0,0,0,0,0
instruct-0.7,T2984,1,stop,107,0,0,0,0,0,0,0,0,0,0,0,0,0,0,0
instruct-0.7,T2985,1,length,714,0,0,0,0,0,0,0,0,1,0,0,0,0,0,0
instruct-0.7,T2986,1,stop,706,0,0,0,0,0,0,0,0,0,0,0,0,0,0,0
instruct-0.7,T2987,1,length,747,0,0,0,0,0,0,0,0,0,0,0,0,0,0,0
instruct-0.7,T2988,1,stop,656,0,0,0,0,0,0,0,0,1,0,0,0,0,0,0
instruct-0.7,T2989,1,stop,643,0,0,0,0,0,0,0,0,1,0,0,0,0,0,1
instruct-0.7,T2990,1,length,778,0,0,0,0,0,0,0,0,2,0,0,0,0,0,0
instruct-0.7,T2991,1,stop,713,0,0,0,0,0,0,0,0,0,0,0,0,0,0,0
instruct-0.7,T2992,1,stop,694,0,0,0,0,0,0,1,0,0,0,0,0,0,0,0
instruct-0.7,T2993,1,stop,480,0,0,0,0,0,0,0,0,0,0,0,0,0,0,0
instruct-0.7,T2994,1,stop,751,0,0,0,0,0,0,0,0,0,0,0,0,0,0,0
instruct-0.7,T2995,1,stop,628,0,0,0,0,0,0,0,0,3,0,0,0,0,0,0
instruct-0.7,T2996,1,stop,530,0,0,1,0,0,0,0,0,0,0,0,0,0,0,0
instruct-0.7,T2997,1,stop,689,0,0,0,0,0,0,0,0,0,0,0,0,0,0,0
instruct-0.7,T2998,1,stop,600,0,0,0,0,0,0,0,0,0,0,0,0,0,0,0
instruct-0.7,T2999,1,length,720,0,0,0,0,0,0,0,0,0,0,0,0,0,0,0
instruct-0.7,T3000,1,stop,665,0,0,0,0,0,0,0,0,0,0,0,0,0,0,0
instruct-0.7,T3001,1,length,808,0,1,0,0,0,0,0,0,0,0,0,0,0,0,0
instruct-0.7,T3002,1,stop,766,0,0,1,0,0,0,0,0,0,0,0,0,0,0,0
instruct-0.7,T3003,1,length,669,0,0,0,0,0,0,0,0,0,0,0,0,0,0,0
instruct-0.7,T3004,1,stop,718,0,0,0,0,0,0,0,0,0,0,0,0,0,0,0
instruct-0.7,T3005,1,stop,696,0,0,0,0,0,0,0,0,0,0,0,0,0,0,0
instruct-0.7,T3006,1,stop,738,0,0,0,0,0,0,0,0,2,0,0,0,0,0,0
instruct-0.7,T3007,1,stop,753,0,0,0,0,0,0,0,1,1,0,0,0,0,0,0
instruct-0.7,T3008,1,stop,581,0,0,0,0,0,0,0,0,0,0,0,0,0,0,0
instruct-0.7,T3009,1,stop,760,0,0,0,0,0,0,1,0,1,0,0,0,0,0,0
instruct-0.7,T3010,1,length,819,0,0,0,0,0,0,0,0,1,0,0,0,0,0,0
instruct-0.7,T3011,1,stop,666,0,0,0,0,0,0,0,0,0,0,0,0,0,0,0
instruct-0.7,T3012,1,stop,556,0,0,0,0,0,0,1,0,1,0,0,0,0,0,0
instruct-0.7,T3013,1,length,692,0,0,0,0,0,0,0,0,0,0,0,0,0,0,0
instruct-0.7,T3014,1,stop,513,0,0,0,0,0,0,0,0,0,0,0,0,0,0,0
instruct-0.7,T3015,1,stop,259,0,0,0,0,0,0,0,0,0,0,0,0,0,0,0
instruct-0.7,T3016,1,length,807,0,0,0,0,0,0,0,0,3,0,0,0,0,0,0
instruct-0.7,T3017,1,stop,717,0,0,0,0,0,0,0,0,0,0,0,0,0,0,0
instruct-0.7,T3018,1,stop,610,0,0,1,0,0,0,1,0,2,0,0,0,0,0,0
instruct-0.7,T3019,1,stop,717,0,0,0,0,0,0,2,0,3,0,0,0,0,0,0
instruct-0.7,T3020,1,stop,613,0,0,1,0,0,0,0,0,1,0,0,0,0,0,0
instruct-0.7,T3021,1,stop,668,0,0,0,0,0,0,0,0,0,0,0,0,0,0,0
instruct-0.7,T3022,1,length,813,0,0,0,0,0,0,0,0,1,0,0,0,0,0,0
instruct-0.7,T3023,1,stop,628,0,0,0,0,0,0,0,0,0,0,0,0,0,0,0
instruct-0.7,T3024,1,length,819,0,0,0,0,0,0,0,0,0,0,0,0,0,0,0
instruct-0.7,T3025,1,stop,481,0,0,0,0,0,0,0,0,2,0,0,0,0,0,0
instruct-0.7,T3026,1,length,788,0,0,0,0,0,0,0,0,0,0,0,0,0,0,0
instruct-0.7,T3027,1,stop,586,0,0,0,0,0,0,0,0,0,0,0,0,0,0,0
instruct-0.7,T3028,1,stop,619,0,0,0,0,0,0,1,0,1,0,0,0,0,0,0
instruct-0.7,T3029,1,stop,510,0,0,0,0,0,0,0,0,0,0,0,0,0,0,0
instruct-0.7,T3030,1,stop,654,0,0,0,0,0,0,0,0,0,0,0,0,0,0,0
instruct-0.7,T3031,1,length,670,0,0,0,0,0,0,0,0,0,0,0,0,0,0,0
instruct-0.7,T3032,1,stop,752,0,0,0,0,0,0,0,0,0,0,0,0,0,0,0
instruct-0.7,T3033,1,stop,662,0,0,0,0,0,0,0,0,1,0,0,0,0,0,0
instruct-0.7,T3034,1,stop,638,0,0,0,0,0,0,0,0,0,0,0,0,0,0,0
instruct-0.7,T3035,1,stop,655,0,0,0,0,0,0,0,0,0,0,0,0,0,0,0
instruct-0.7,T3036,1,stop,664,0,0,0,0,0,0,0,0,0,0,0,0,0,0,0
instruct-0.7,T3037,1,stop,742,0,0,0,0,0,0,0,0,1,0,0,0,0,0,0
instruct-0.7,T3038,1,stop,439,0,0,0,0,0,0,0,0,0,0,0,0,0,0,0
instruct-0.7,T3039,1,stop,695,0,0,0,0,0,0,0,0,0,0,0,0,0,0,0
instruct-0.7,T3040,1,stop,606,0,0,0,0,0,0,0,0,0,0,0,0,1,0,0
instruct-0.7,T3041,1,stop,726,0,0,0,0,0,0,1,0,1,0,0,0,0,0,0
instruct-0.7,T3042,1,length,763,0,0,0,0,0,0,0,0,0,0,0,0,0,0,0
instruct-0.7,T3043,1,stop,733,0,0,0,0,0,0,0,0,0,0,0,0,0,0,0
instruct-0.7,T3044,1,stop,679,0,0,0,0,0,0,0,0,0,0,0,0,0,0,0
instruct-0.7,T3045,1,stop,556,0,0,0,0,0,0,0,0,0,0,0,0,0,0,0
instruct-0.7,T3046,1,stop,551,0,0,0,0,0,0,0,0,0,0,0,0,0,0,0
instruct-0.7,T3047,1,stop,722,0,0,0,0,0,0,0,0,0,0,0,0,0,0,0
instruct-0.7,T3048,1,stop,601,0,0,0,0,0,0,0,0,1,0,0,0,0,0,0
instruct-0.7,T3049,1,stop,596,0,0,0,0,0,0,1,0,1,0,0,0,0,0,0
instruct-0.7,T3050,1,stop,605,0,0,0,0,0,0,0,0,0,0,0,0,0,0,0
instruct-0.7,T3051,1,length,803,0,0,0,0,0,0,0,0,0,0,0,0,0,0,0
instruct-0.7,T3052,1,length,741,0,0,0,0,0,0,0,0,0,0,0,0,0,0,0
instruct-0.7,T3053,1,stop,607,0,0,0,0,0,0,0,0,0,0,0,0,0,0,0
instruct-0.7,T3054,1,stop,592,0,0,0,0,0,0,0,0,1,1,0,0,0,0,0
instruct-0.7,T3055,1,stop,484,0,0,0,0,0,0,0,0,1,0,0,0,0,0,0
instruct-0.7,T3056,1,stop,708,0,0,0,0,0,0,0,0,1,0,0,0,0,0,0
instruct-0.7,T3057,1,stop,579,0,0,0,0,0,0,0,0,0,0,0,0,0,0,0
instruct-0.7,T3058,1,stop,484,0,0,0,0,0,0,0,0,0,0,0,0,0,0,0
instruct-0.7,T3059,1,stop,449,0,0,0,0,0,0,0,0,0,0,0,0,0,0,0
instruct-0.7,T3060,1,stop,644,0,0,0,0,0,0,0,0,0,0,0,0,0,0,0
instruct-0.7,T3061,1,stop,540,0,0,1,0,0,0,0,0,0,0,0,0,0,0,0
instruct-0.7,T3062,1,stop,405,0,0,0,0,0,0,0,0,0,0,0,0,0,0,0
instruct-0.7,T3063,1,stop,536,0,0,0,0,0,0,0,0,0,0,0,0,0,0,0
instruct-0.7,T3064,1,stop,597,0,0,0,0,0,0,0,0,0,0,0,0,0,0,0
instruct-0.7,T3065,1,stop,606,0,0,0,0,0,0,0,0,1,0,0,0,0,0,0
instruct-0.7,T3066,1,length,558,0,0,0,0,0,0,0,0,0,0,0,0,0,0,0
instruct-0.7,T3067,1,stop,535,0,0,0,0,0,0,0,0,0,0,0,0,0,0,0
instruct-0.7,T3068,1,stop,754,0,0,0,0,0,0,0,0,1,0,0,0,0,0,0
instruct-0.7,T3069,1,stop,437,0,0,0,0,0,0,0,0,0,0,0,0,0,0,0
instruct-0.7,T3070,1,stop,730,0,0,0,0,0,0,0,0,0,0,0,0,0,0,0
instruct-0.7,T3071,1,stop,721,0,0,0,0,0,0,0,0,2,0,0,0,0,0,0
instruct-0.7,T3072,1,stop,653,0,0,0,0,0,0,0,0,1,0,0,0,0,0,0
instruct-0.7,T3073,1,stop,600,0,0,0,0,0,0,0,0,0,0,0,0,0,0,0
instruct-0.7,T3074,1,stop,485,1,0,0,0,0,0,0,0,0,0,0,0,0,0,0
instruct-0.7,T3075,1,length,736,0,0,0,0,0,0,0,0,0,1,0,0,0,0,0
instruct-0.7,T3076,1,stop,520,0,0,0,0,0,0,1,0,1,0,0,0,0,0,0
instruct-0.7,T3077,1,stop,585,0,0,0,0,0,0,0,0,0,0,0,0,0,0,0
instruct-0.7,T3078,1,stop,624,0,0,0,0,0,0,0,0,1,0,0,0,0,0,0
instruct-0.7,T3079,1,length,672,0,0,0,0,0,0,0,0,0,0,0,0,0,0,0
instruct-0.7,T3080,1,stop,673,0,0,0,0,0,0,0,0,1,0,0,0,0,0,0
instruct-0.7,T3081,1,stop,622,0,0,0,0,0,0,0,0,0,0,0,0,0,0,0
instruct-0.7,T3082,1,stop,775,0,0,0,0,0,0,0,0,0,0,0,0,0,0,0
instruct-0.7,T3083,1,stop,722,0,0,0,0,0,0,0,0,2,0,0,0,0,0,0
instruct-0.7,T3084,1,stop,663,0,0,0,0,0,0,0,0,0,1,0,0,0,0,0
instruct-0.7,T3085,1,stop,709,0,0,0,0,0,0,0,0,0,0,0,0,0,0,0
instruct-0.7,T3086,1,stop,632,0,0,0,0,0,0,1,0,0,0,0,0,0,0,0
instruct-0.7,T3087,1,stop,758,0,0,0,0,0,0,0,0,1,0,0,0,0,0,0
instruct-0.7,T3088,1,stop,447,0,0,0,0,0,0,0,0,0,0,0,0,0,0,0
instruct-0.7,T3089,1,stop,456,0,0,0,0,0,0,0,0,1,0,0,0,0,0,0
instruct-0.7,T3090,1,length,702,0,0,0,0,0,0,1,0,0,0,0,0,0,0,0
instruct-0.7,T3091,1,stop,600,0,0,0,0,0,0,0,0,0,0,0,0,0,0,0
instruct-0.7,T3092,1,stop,642,0,0,0,1,0,0,0,0,0,0,0,0,0,0,0
instruct-0.7,T3093,1,stop,397,0,0,0,0,0,0,0,0,0,0,0,0,0,0,0
instruct-0.7,T3094,1,stop,589,0,0,0,0,0,0,0,0,0,0,0,0,0,0,0
instruct-0.7,T3095,1,length,815,0,0,0,0,0,0,0,0,0,0,0,0,0,0,0
instruct-0.7,T3096,1,stop,480,0,0,0,0,0,0,0,0,0,0,0,0,0,0,0
instruct-0.7,T3097,1,length,765,0,0,0,0,0,0,0,0,0,0,0,0,0,0,0
instruct-0.7,T3098,1,stop,670,0,0,0,0,0,0,0,0,1,0,0,0,0,0,0
instruct-0.7,T3099,1,stop,624,0,0,0,0,0,0,0,0,0,0,0,0,0,0,0
instruct-0.7,T3100,1,stop,630,0,0,0,0,0,0,0,0,0,0,0,0,0,0,0
instruct-0.7,T3101,1,length,753,0,0,0,0,0,0,0,0,0,0,0,0,1,0,0
instruct-0.7,T3102,1,length,798,0,0,0,0,0,0,0,0,0,0,0,0,0,0,0
instruct-0.7,T3103,1,stop,637,0,0,0,0,0,0,0,0,0,0,0,0,0,0,0
instruct-0.7,T3104,1,length,815,0,0,0,0,0,0,0,0,0,0,0,0,0,0,0
instruct-0.7,T3105,1,stop,771,0,0,1,0,0,0,0,0,1,0,0,0,0,0,0
instruct-0.7,T3106,1,stop,784,0,0,1,0,0,0,0,0,1,0,0,0,0,0,0
instruct-0.7,T3107,1,stop,592,0,0,0,0,0,0,0,0,0,0,0,0,0,0,0
instruct-0.7,T3108,1,stop,659,0,0,0,0,0,0,0,0,0,0,0,0,0,0,0
instruct-0.7,T3109,1,stop,537,0,0,0,0,0,0,0,0,0,0,0,0,0,0,0
instruct-0.7,T3110,1,stop,684,0,0,0,0,0,0,0,0,0,0,0,0,0,0,0
instruct-0.7,T3111,1,stop,650,0,0,0,0,0,0,0,0,0,0,0,0,0,0,0
instruct-0.7,T3112,1,stop,537,0,0,0,0,0,0,0,0,0,0,0,0,0,0,0
instruct-0.7,T3113,1,stop,710,0,0,0,0,0,0,0,0,1,0,0,0,0,0,0
instruct-0.7,T3114,1,length,722,0,0,0,0,0,0,0,0,0,0,0,0,0,0,0
instruct-0.7,T3115,1,length,750,0,0,0,0,0,0,0,0,0,0,0,0,0,0,0
instruct-0.7,T3116,1,stop,619,0,0,0,0,0,0,0,0,1,0,0,0,0,0,0
instruct-0.7,T3117,1,stop,695,0,0,0,0,0,0,0,0,1,0,0,0,0,0,0
instruct-0.7,T3118,1,stop,470,0,0,0,0,0,0,0,0,0,0,0,0,0,0,0
instruct-0.7,T3119,1,stop,517,0,0,0,0,0,0,0,0,1,0,0,0,0,0,0
instruct-0.7,T3120,1,stop,613,0,0,0,0,0,0,0,0,1,0,0,0,0,0,0
instruct-0.7,T3121,1,stop,333,0,0,0,0,0,0,0,0,0,0,0,0,0,0,0
instruct-0.7,T3122,1,stop,770,0,0,0,0,0,0,0,0,0,0,0,0,0,0,0
instruct-0.7,T3123,1,stop,498,0,0,0,0,0,0,0,0,0,0,0,0,0,0,0
instruct-0.7,T3124,1,stop,456,0,0,0,0,0,0,1,0,0,0,0,0,0,0,0
instruct-0.7,T3125,1,stop,435,0,0,0,0,0,0,0,0,0,0,0,0,0,0,0
instruct-0.7,T3126,1,length,575,0,0,0,0,0,0,0,0,0,0,0,0,0,0,0
instruct-0.7,T3127,1,stop,538,0,0,0,0,0,0,0,0,0,0,0,0,0,0,0
instruct-0.7,T3128,1,stop,695,0,0,0,0,0,0,0,0,0,0,0,0,0,0,0
instruct-0.7,T3129,1,stop,503,0,0,0,0,0,0,0,0,0,0,0,0,0,0,0
instruct-0.7,T3130,1,stop,755,0,0,0,0,0,0,0,0,0,0,0,0,0,0,0
instruct-0.7,T3131,1,stop,737,0,0,0,0,0,0,0,0,0,0,0,0,0,0,0
instruct-0.7,T3132,1,stop,670,0,0,0,0,0,0,0,0,0,0,0,0,0,0,0
instruct-0.7,T3133,1,stop,667,0,0,0,0,0,0,0,0,1,0,0,0,0,0,0
instruct-0.7,T3134,1,length,722,0,0,0,0,0,0,0,0,0,0,0,0,0,0,0
instruct-0.7,T3135,1,stop,694,0,0,0,0,0,0,0,0,2,0,0,0,0,0,0
instruct-0.7,T3136,1,length,654,0,0,0,0,0,0,0,0,0,0,0,0,0,0,0
instruct-0.7,T3137,1,stop,604,0,0,0,0,0,0,0,0,0,0,0,0,0,0,0
instruct-0.7,T3138,1,length,751,0,0,0,0,0,0,0,0,0,0,0,0,0,0,0
instruct-0.7,T3139,1,stop,508,0,0,0,0,0,0,0,0,0,0,0,0,0,0,0
instruct-0.7,T3140,1,stop,709,0,0,0,0,0,0,0,0,0,0,0,0,0,0,0
instruct-0.7,T3141,1,stop,565,0,0,0,0,0,0,0,0,0,0,0,0,0,0,0
instruct-0.7,T3142,1,stop,517,0,0,0,0,0,0,0,0,0,0,0,0,0,0,0
instruct-0.7,T3143,1,stop,575,0,0,0,0,0,0,0,0,1,0,0,0,0,0,0
instruct-0.7,T3144,1,stop,697,0,0,0,0,0,0,1,0,0,0,0,0,0,0,0
instruct-0.7,T3145,1,length,612,0,0,0,0,0,0,0,0,0,0,0,0,0,0,0
instruct-0.7,T3146,1,stop,670,0,0,0,0,0,0,0,0,0,0,0,0,0,0,0
instruct-0.7,T3147,1,stop,724,0,0,0,0,0,0,0,0,0,0,0,0,0,0,0
instruct-0.7,T3148,1,stop,530,0,0,0,0,0,0,0,0,0,0,0,0,1,0,0
instruct-0.7,T3149,1,stop,645,0,0,0,0,0,0,0,0,0,0,0,0,0,0,0
instruct-0.7,T3150,1,stop,740,0,0,0,0,0,0,0,0,0,0,0,0,0,0,0
instruct-0.7,T3151,1,length,808,0,0,0,0,0,0,0,0,1,0,0,0,0,0,0
instruct-0.7,T3152,1,stop,389,0,0,0,0,0,0,0,0,0,0,0,0,0,0,0
instruct-0.7,T3153,1,stop,795,0,0,0,0,0,0,0,0,0,0,0,0,0,0,0
instruct-0.7,T3154,1,stop,697,0,0,0,0,0,0,0,0,1,0,0,0,0,0,0
instruct-0.7,T3155,1,stop,637,0,0,0,0,0,0,0,0,0,0,0,0,0,0,0
instruct-0.7,T3156,1,length,642,0,0,0,0,0,0,0,0,0,0,0,0,0,0,0
instruct-0.7,T3157,1,stop,674,0,0,0,0,0,0,1,0,0,0,0,0,0,0,0
instruct-0.7,T3158,1,length,785,0,0,0,0,0,0,0,0,0,0,0,0,0,0,0
instruct-0.7,T3159,1,length,726,0,0,0,0,0,0,0,0,0,0,0,0,0,0,0
instruct-0.7,T3160,1,length,796,0,0,0,0,0,0,0,0,0,0,0,0,0,0,0
instruct-0.7,T3161,1,length,788,0,0,0,0,0,0,0,0,0,0,0,0,0,0,0
instruct-0.7,T3162,1,stop,472,0,0,0,0,0,0,0,0,0,0,0,0,1,0,0
instruct-0.7,T3163,1,stop,646,0,0,0,0,0,0,0,0,0,0,0,0,0,0,0
instruct-0.7,T3164,1,stop,700,0,0,0,0,0,0,0,0,0,0,0,0,0,0,0
instruct-0.7,T3165,1,stop,561,0,0,0,0,0,0,0,0,0,0,0,0,0,0,0
instruct-0.7,T3166,1,stop,670,0,0,0,0,0,0,0,0,0,0,0,0,0,0,0
instruct-0.7,T3167,1,length,738,0,0,0,0,0,0,0,0,0,0,0,0,0,0,0
instruct-0.7,T3168,1,stop,766,0,0,0,0,0,0,0,0,0,0,0,0,0,0,0
instruct-0.7,T3169,1,stop,588,0,0,0,0,0,0,0,0,1,0,0,0,0,0,0
instruct-0.7,T3170,1,stop,595,0,0,0,0,0,0,0,0,0,0,0,0,0,0,0
instruct-0.7,T3171,1,stop,569,0,0,1,0,0,0,0,0,0,0,0,0,0,0,0
instruct-0.7,T3172,1,stop,546,0,0,0,0,0,0,0,0,2,0,0,0,0,0,0
instruct-0.7,T3173,1,stop,555,0,0,0,0,0,0,0,0,0,0,0,0,0,0,0
instruct-0.7,T3174,1,stop,618,0,0,0,0,0,0,0,0,0,0,0,0,0,0,0
instruct-0.7,T3175,1,stop,553,0,0,0,0,0,0,0,0,0,0,0,0,1,0,0
instruct-0.7,T3176,1,stop,471,0,0,0,0,0,0,0,0,0,0,0,0,0,0,0
instruct-0.7,T3177,1,stop,736,0,0,0,0,0,0,0,0,0,0,0,0,0,0,0
instruct-0.7,T3178,1,stop,457,0,0,0,0,0,0,0,0,0,0,0,0,0,0,0
instruct-0.7,T3179,1,stop,755,0,0,0,0,0,0,0,0,0,0,0,0,0,0,0
instruct-0.7,T3180,1,stop,609,0,0,0,0,0,0,0,0,0,0,0,0,0,0,0
instruct-0.7,T3181,1,stop,694,0,0,0,0,0,0,0,0,0,0,0,0,0,0,0
instruct-0.7,T3182,1,length,739,0,0,1,0,0,0,0,0,0,0,0,0,0,0,0
instruct-0.7,T3183,1,length,764,0,0,0,0,0,0,0,0,0,0,0,0,0,0,0
instruct-0.7,T3184,1,stop,746,0,0,0,0,0,0,0,0,0,0,0,0,0,0,0
instruct-0.7,T3185,1,stop,664,0,0,0,0,0,0,0,0,1,0,0,0,0,0,0
instruct-0.7,T3186,1,stop,701,0,0,1,0,0,0,0,0,0,0,0,0,0,0,0
instruct-0.7,T3187,1,stop,630,0,0,0,0,0,0,0,0,2,0,0,0,0,0,0
instruct-0.7,T3188,1,length,668,0,0,0,0,0,0,0,0,0,0,0,0,0,0,0
instruct-0.7,T3189,1,stop,772,0,0,0,0,0,0,0,0,0,0,0,0,0,0,0
instruct-0.7,T3190,1,stop,608,0,0,0,0,0,0,0,0,0,0,0,0,0,0,0
instruct-0.7,T3191,1,stop,545,0,0,0,0,0,0,0,0,0,0,0,0,0,0,0
instruct-0.7,T3192,1,stop,545,0,0,0,0,0,0,0,0,0,0,0,0,0,0,0
instruct-0.7,T3193,1,length,718,0,0,0,0,0,0,0,0,0,0,0,0,0,0,0
instruct-0.7,T3194,1,stop,644,0,0,0,0,0,1,0,0,0,0,0,0,0,0,0
instruct-0.7,T3195,1,length,736,0,0,0,0,0,0,0,0,1,0,0,0,0,0,0
instruct-0.7,T3196,1,stop,759,0,0,0,0,0,0,0,0,0,0,0,0,0,0,0
instruct-0.7,T3197,1,stop,554,0,0,0,0,0,0,0,0,1,0,0,0,0,0,0
instruct-0.7,T3198,1,stop,424,0,0,0,0,0,0,0,0,0,0,0,0,0,0,0
instruct-0.7,T3199,1,stop,772,0,0,0,0,0,0,0,0,0,0,0,0,0,0,0
instruct-0.7,T3200,1,length,799,0,0,0,0,0,0,0,0,0,0,0,0,0,0,0
instruct-0.7,T3201,1,stop,728,0,0,0,0,0,0,0,0,1,0,0,0,0,0,0
instruct-0.7,T3202,1,stop,599,0,0,0,0,0,0,0,0,0,0,0,0,0,0,0
instruct-0.7,T3203,1,stop,556,0,0,0,0,0,0,0,0,0,0,0,0,0,0,0
instruct-0.7,T3204,1,length,769,0,0,0,0,0,0,0,0,3,0,0,0,0,0,0
instruct-0.7,T3205,1,stop,784,0,0,0,0,0,0,0,0,0,0,0,0,0,0,0
instruct-0.7,T3206,1,stop,441,0,0,0,0,0,0,0,0,0,0,0,0,0,0,0
instruct-0.7,T3207,1,length,708,0,0,0,0,0,0,0,0,0,0,0,0,0,0,0
instruct-0.7,T3208,1,stop,712,0,0,0,0,0,0,1,0,0,0,0,0,0,0,0
instruct-0.7,T3209,1,stop,487,0,0,0,0,0,0,0,0,0,0,0,0,0,0,0
instruct-0.7,T3210,1,stop,475,0,0,0,0,0,0,0,0,0,0,0,0,0,0,0
instruct-0.7,T3211,1,stop,556,0,0,0,0,0,0,0,0,0,0,0,0,0,0,0
instruct-0.7,T3212,1,length,839,0,0,0,0,0,0,0,0,0,0,0,0,1,0,0
instruct-0.7,T3213,1,stop,702,0,0,0,0,0,0,2,0,0,0,0,0,0,0,0
instruct-0.7,T3214,1,stop,445,0,0,0,0,0,0,0,0,1,0,0,0,0,0,0
instruct-0.7,T3215,1,stop,550,0,0,0,0,0,0,0,0,0,0,0,0,0,0,0
instruct-0.7,T3216,1,length,780,0,0,0,0,0,0,0,0,1,0,0,0,0,0,0
instruct-0.7,T3217,1,stop,676,0,0,0,0,0,0,2,0,0,0,0,0,0,0,0
instruct-0.7,T3218,1,length,775,0,0,0,0,0,0,0,0,0,0,0,0,0,0,0
instruct-0.7,T3219,1,stop,613,0,0,0,0,0,0,0,0,3,0,0,0,0,0,0
instruct-0.7,T3220,1,stop,428,0,0,0,0,0,0,0,0,0,0,0,0,0,0,0
instruct-0.7,T3221,1,length,716,0,0,0,0,0,0,0,0,0,0,0,0,0,0,0
instruct-0.7,T3222,1,stop,749,0,0,0,0,0,0,0,0,0,0,0,0,0,0,0
instruct-0.7,T3223,1,length,784,0,0,0,0,0,0,0,0,0,0,0,0,0,0,0
instruct-0.7,T3224,1,length,797,0,0,0,0,0,0,0,0,0,0,0,0,0,0,0
instruct-0.7,T3225,1,length,721,0,0,0,0,0,0,0,0,0,0,0,0,0,0,0
instruct-0.7,T3226,1,stop,555,0,0,0,0,0,0,0,0,0,0,0,0,0,0,0
instruct-0.7,T3227,1,stop,644,0,0,0,0,0,0,0,0,0,0,0,0,0,0,0
instruct-0.7,T3228,1,stop,625,0,0,0,0,0,0,0,0,0,0,0,0,0,0,0
instruct-0.7,T3229,1,stop,522,0,0,0,0,0,0,0,0,0,0,0,0,0,0,0
instruct-0.7,T3230,1,stop,640,0,0,0,0,0,0,0,0,0,0,0,0,0,0,0
instruct-0.7,T3231,1,stop,670,0,0,0,0,0,0,0,0,0,0,0,0,0,0,0
instruct-0.7,T3232,1,stop,724,0,0,0,0,0,0,0,0,0,0,0,0,0,0,0
instruct-0.7,T3233,1,stop,514,0,0,0,0,0,0,0,0,0,0,0,0,0,0,0
instruct-0.7,T3234,1,stop,791,0,0,0,0,0,0,0,0,0,0,0,0,0,0,0
instruct-0.7,T3235,1,stop,583,0,0,0,0,0,0,0,0,0,0,0,0,0,0,0
instruct-0.7,T3236,1,stop,744,0,0,0,0,0,0,0,0,3,0,0,0,0,0,0
instruct-0.7,T3237,1,length,734,0,0,0,0,0,0,1,0,0,0,0,0,0,0,0
instruct-0.7,T3238,1,stop,640,0,0,0,0,0,0,0,0,0,0,0,0,0,1,0
instruct-0.7,T3239,1,stop,526,0,0,0,0,0,0,1,0,0,0,0,0,0,0,0
instruct-0.7,T3240,1,length,773,0,0,0,0,0,0,0,0,0,0,0,0,0,0,0
instruct-0.7,T3241,1,stop,816,0,0,0,0,0,0,0,0,1,0,0,0,0,0,0
instruct-0.7,T3242,1,stop,791,0,0,0,0,0,0,0,0,1,0,0,0,0,0,0
instruct-0.7,T3243,1,stop,470,0,0,0,0,0,0,0,0,0,0,0,0,0,0,0
instruct-0.7,T3244,1,stop,663,0,0,0,0,0,0,0,0,0,0,0,0,0,0,0
instruct-0.7,T3245,1,stop,684,0,0,0,0,0,0,0,1,0,0,0,0,0,0,0
instruct-0.7,T3246,1,stop,620,0,0,0,0,0,0,0,0,2,0,0,0,0,0,0
instruct-0.7,T3247,1,stop,503,0,0,0,0,0,0,0,0,0,0,0,0,0,0,0
instruct-0.7,T3248,1,length,803,0,0,0,0,0,0,0,0,0,0,0,0,0,0,0
instruct-0.7,T3249,1,length,674,0,0,0,0,0,0,0,0,0,0,0,0,0,0,0
instruct-0.7,T3250,1,stop,611,0,0,0,0,0,0,0,0,0,0,0,0,0,0,0
instruct-0.7,T3251,1,length,797,0,0,0,0,0,0,0,0,0,0,0,0,0,0,0
instruct-0.7,T3252,1,length,775,0,0,0,0,0,0,0,0,1,0,0,0,0,0,0
instruct-0.7,T3253,1,length,782,1,0,0,0,0,0,0,0,0,0,0,0,1,0,0
instruct-0.7,T3254,1,stop,773,0,0,0,0,0,0,0,0,1,0,0,0,0,0,0
instruct-0.7,T3255,1,length,795,0,0,0,0,0,0,0,0,0,0,0,0,0,0,0
instruct-0.7,T3256,1,stop,502,0,0,0,0,0,0,0,0,1,0,0,0,0,0,0
instruct-0.7,T3257,1,stop,600,0,0,0,0,0,0,0,0,0,0,0,0,0,1,0
instruct-0.7,T3258,1,stop,562,0,0,0,0,0,0,0,0,0,0,0,0,0,0,0
instruct-0.7,T3259,1,stop,642,0,0,0,0,0,0,0,0,0,0,0,0,0,0,0
instruct-0.7,T3260,1,length,680,0,0,0,0,0,0,0,0,0,0,0,0,0,0,0
instruct-0.7,T3261,1,stop,492,0,0,0,0,0,0,0,0,0,0,0,0,0,0,0
instruct-0.7,T3262,1,stop,615,0,0,0,0,0,0,0,0,0,0,0,0,0,0,0
instruct-0.7,T3263,1,stop,534,0,0,0,0,0,0,0,0,2,0,0,0,0,0,0
instruct-0.7,T3264,1,stop,630,0,0,0,0,0,0,1,0,1,0,0,0,0,0,0
instruct-0.7,T3265,1,stop,678,0,0,0,0,0,0,0,0,0,0,0,0,0,0,0
instruct-0.7,T3266,1,stop,649,0,0,0,0,0,0,0,0,0,0,0,0,0,0,0
instruct-0.7,T3267,1,stop,747,0,0,0,0,0,0,0,0,0,0,0,0,0,0,0
instruct-0.7,T3268,1,stop,804,0,0,0,0,0,0,0,0,0,0,0,0,0,0,0
instruct-0.7,T3269,1,stop,307,0,0,0,0,0,0,0,0,0,0,0,0,0,0,0
instruct-0.7,T3270,1,stop,635,0,0,0,0,0,0,0,0,0,0,0,0,0,0,0
instruct-0.7,T3271,1,stop,567,0,0,0,0,0,0,0,0,1,0,0,0,0,0,0
instruct-0.7,T3272,1,stop,734,0,0,0,0,0,0,0,0,0,0,0,0,0,0,0
instruct-0.7,T3273,1,length,823,0,0,0,0,0,0,0,0,1,0,0,0,1,0,0
instruct-0.7,T3274,1,stop,595,0,0,0,0,0,0,0,0,0,0,0,0,0,0,0
instruct-0.7,T3275,1,stop,698,0,0,0,0,0,0,1,0,0,0,0,0,0,0,0
instruct-0.7,T3276,1,stop,641,0,0,0,0,0,0,0,0,1,0,0,0,0,0,0
instruct-0.7,T3277,1,stop,701,0,0,0,0,0,0,2,0,1,0,0,0,0,0,0
instruct-0.7,T3278,1,stop,564,0,0,0,0,0,0,0,0,0,0,0,0,0,0,0
instruct-0.7,T3279,1,stop,592,0,0,0,0,0,0,0,0,0,0,0,0,0,0,0
instruct-0.7,T3280,1,stop,791,0,0,0,0,0,0,0,0,0,0,0,0,0,0,0
instruct-0.7,T3281,1,stop,672,0,0,0,0,0,0,0,0,1,0,0,0,0,0,0
instruct-0.7,T3282,1,stop,431,0,0,0,0,0,0,0,0,0,0,0,0,0,0,0
instruct-0.7,T3283,1,stop,433,0,0,0,0,0,0,0,0,0,0,0,0,0,0,0
instruct-0.7,T3284,1,stop,212,0,0,0,0,0,0,0,0,0,0,0,0,0,0,0
instruct-0.7,T3285,1,stop,706,0,0,0,0,0,0,0,0,1,0,0,0,0,0,0
instruct-0.7,T3286,1,stop,586,0,0,0,0,0,0,0,0,0,0,0,0,0,0,0
instruct-0.7,T3287,1,stop,739,0,0,0,0,0,0,0,0,0,0,0,0,0,0,0
instruct-0.7,T3288,1,length,786,0,0,0,0,0,0,2,0,0,0,0,0,0,0,0
instruct-0.7,T3289,1,stop,730,0,0,0,0,0,0,0,0,0,0,0,0,0,0,1
instruct-0.7,T3290,1,stop,725,0,0,0,0,0,0,1,0,0,0,0,0,0,0,0
instruct-0.7,T3291,1,stop,611,0,0,0,0,0,0,0,0,0,0,0,0,0,0,0
instruct-0.7,T3292,1,length,822,0,0,0,0,0,0,0,0,0,0,0,0,0,0,0
instruct-0.7,T3293,1,stop,718,0,0,0,0,0,0,0,0,0,0,0,0,0,0,0
instruct-0.7,T3294,1,stop,808,0,0,0,0,0,0,0,0,0,0,0,0,0,0,0
instruct-0.7,T3295,1,stop,375,0,0,0,0,0,0,0,0,0,0,0,0,0,0,0
instruct-0.7,T3296,1,stop,643,0,0,0,0,0,0,0,0,0,0,0,0,0,0,0
instruct-0.7,T3297,1,length,637,0,0,0,0,0,0,0,0,0,0,0,0,0,0,0
instruct-0.7,T3298,1,stop,770,0,0,0,0,0,0,0,0,1,0,0,0,0,0,0
instruct-0.7,T3299,1,stop,639,0,0,0,0,0,0,0,0,1,0,0,0,0,0,0
instruct-0.7,T3300,1,length,843,1,0,0,0,0,0,0,0,0,0,0,0,0,0,0
instruct-0.7,T3301,1,stop,555,0,0,0,0,0,0,0,0,0,0,0,0,0,0,0
instruct-0.7,T3302,1,stop,825,0,0,0,0,0,0,0,0,0,0,0,0,0,0,0
instruct-0.7,T3303,1,stop,718,0,0,0,0,0,0,0,0,0,0,0,0,0,0,0
instruct-0.7,T3304,1,length,799,0,0,0,0,0,0,0,0,0,0,0,0,0,0,0
instruct-0.7,T3305,1,stop,723,0,0,0,0,0,0,0,1,0,0,0,0,0,0,0
instruct-0.7,T3306,1,stop,541,0,0,0,0,0,0,0,0,0,0,0,0,0,0,0
instruct-0.7,T3307,1,stop,578,0,0,0,0,0,0,0,0,0,0,0,0,0,0,0
instruct-0.7,T3308,1,stop,491,0,0,0,0,0,0,0,0,1,0,0,0,0,0,0
instruct-0.7,T3309,1,stop,647,0,0,0,0,0,0,0,0,2,0,0,0,0,0,0
instruct-0.7,T3310,1,stop,627,0,0,0,0,0,0,0,0,1,0,0,0,0,0,0
instruct-0.7,T3311,1,stop,730,0,0,0,0,0,0,0,0,0,0,0,0,0,0,0
instruct-0.7,T3312,1,stop,578,0,0,0,0,0,0,0,0,0,0,0,0,0,0,0
instruct-0.7,T3313,1,stop,734,0,0,0,0,0,0,0,0,0,0,0,0,0,1,0
instruct-0.7,T3314,1,length,782,0,0,0,0,0,0,0,0,0,0,0,0,0,0,0
instruct-0.7,T3315,1,stop,638,0,0,0,0,0,0,0,0,1,0,0,0,0,0,0
instruct-0.7,T3316,1,length,760,0,0,0,0,0,0,0,0,0,0,0,0,0,0,0
instruct-0.7,T3317,1,length,782,0,0,1,0,0,0,0,0,0,0,0,0,0,0,0
instruct-0.7,T3318,1,stop,550,0,0,0,0,0,0,0,0,0,0,0,0,0,0,0
instruct-0.7,T3319,1,stop,500,0,0,0,0,0,0,1,0,2,0,0,0,0,0,0
instruct-0.7,T3320,1,stop,561,0,0,0,0,0,0,0,0,1,0,0,0,0,0,0
instruct-0.7,T3321,1,stop,531,0,0,0,0,0,0,0,0,0,0,0,0,0,0,0
instruct-0.7,T3322,1,stop,692,0,0,0,0,0,0,0,0,0,0,0,0,0,0,0
instruct-0.7,T3323,1,stop,718,0,0,0,0,0,0,0,0,0,0,0,0,0,0,0
instruct-0.7,T3324,1,stop,611,0,0,0,0,0,0,0,0,1,0,0,0,0,0,0
instruct-0.7,T3325,1,stop,802,0,0,0,0,0,0,0,0,1,0,0,0,0,0,0
instruct-0.7,T3326,1,stop,518,0,0,0,0,0,0,0,0,0,0,0,0,0,0,0
instruct-0.7,T3327,1,stop,562,0,0,0,0,0,0,0,0,0,0,0,0,0,0,0
instruct-0.7,T3328,1,length,768,0,0,0,0,0,0,0,0,0,0,0,0,0,0,0
instruct-0.7,T3329,1,length,776,0,0,0,0,0,0,0,0,0,0,0,0,0,0,0
instruct-0.7,T3330,1,stop,697,0,0,0,0,0,0,0,0,0,0,0,0,0,0,0
instruct-0.7,T3331,1,stop,441,0,0,1,0,0,0,0,0,0,0,0,0,0,0,0
instruct-0.7,T3332,1,stop,573,0,0,0,0,0,0,0,0,2,0,0,0,0,0,0
instruct-0.7,T3333,1,stop,435,0,0,0,0,0,0,0,0,0,0,0,0,0,0,0
instruct-0.7,T3334,1,length,745,0,0,1,0,0,0,0,0,1,0,0,0,0,0,0
instruct-0.7,T3335,1,stop,528,0,0,0,0,0,0,0,0,0,0,0,0,0,0,0
instruct-0.7,T3336,1,stop,609,0,0,0,0,0,0,1,0,0,0,0,0,0,0,0
instruct-0.7,T3337,1,stop,752,0,0,0,0,0,0,1,0,1,0,0,0,0,0,0
instruct-0.7,T3338,1,stop,704,0,0,0,0,0,0,0,0,0,0,0,0,0,0,0
instruct-0.7,T3339,1,stop,620,0,0,0,0,0,0,1,0,0,0,0,0,0,0,0
instruct-0.7,T3340,1,stop,704,0,0,1,0,0,0,0,0,2,0,0,0,0,0,0
instruct-0.7,T3341,1,stop,537,0,0,0,0,0,0,0,0,0,0,0,0,0,0,0
instruct-0.7,T3342,1,stop,610,0,0,0,0,0,0,0,0,0,0,0,0,0,0,0
instruct-0.7,T3343,1,stop,588,0,0,0,0,0,0,0,0,1,0,0,0,0,0,0
instruct-0.7,T3344,1,stop,550,1,0,0,0,0,0,1,0,3,0,0,0,0,0,0
instruct-0.7,T3345,1,stop,435,0,0,1,0,0,0,0,0,1,0,0,0,0,0,0
instruct-0.7,T3346,1,stop,602,0,0,0,0,0,0,0,0,0,0,0,0,0,0,0
instruct-0.7,T3347,1,stop,507,0,0,0,0,0,0,0,0,0,0,0,0,0,0,0
instruct-0.7,T3348,1,stop,450,0,0,0,0,0,0,0,0,1,0,0,0,1,0,0
instruct-0.7,T3349,1,stop,707,0,0,0,0,0,0,0,0,0,0,0,0,0,0,0
instruct-0.7,T3350,1,length,718,0,0,0,0,0,0,0,0,0,0,0,0,0,0,0
instruct-0.7,T3351,1,stop,627,0,0,0,0,0,0,0,0,1,0,0,0,0,0,0
instruct-0.7,T3352,1,stop,706,0,0,0,0,0,0,1,0,2,0,0,0,0,0,0
instruct-0.7,T3353,1,stop,662,0,0,0,0,0,0,0,0,0,0,0,0,0,0,0
instruct-0.7,T3354,1,stop,687,0,0,0,0,0,0,0,0,0,0,0,0,0,0,0
instruct-0.7,T3355,1,length,694,0,0,1,0,0,0,0,0,1,0,0,0,0,0,0
instruct-0.7,T3356,1,stop,750,0,0,0,0,0,0,0,0,1,0,0,0,0,0,0
instruct-0.7,T3357,1,stop,664,0,0,0,0,0,0,0,0,0,0,0,0,0,0,0
instruct-0.7,T3358,1,stop,754,0,0,0,0,0,0,0,0,1,0,0,0,0,0,0
instruct-0.7,T3359,1,stop,316,0,0,0,0,0,0,0,0,0,0,0,0,0,0,0
instruct-0.7,T3360,1,stop,354,1,0,0,0,0,0,0,0,0,0,0,0,0,0,0
instruct-0.7,T3361,1,stop,765,0,0,0,0,0,0,0,0,0,0,0,0,0,0,0
instruct-0.7,T3362,1,length,727,0,0,0,0,0,0,0,0,0,0,0,0,0,0,0
instruct-0.7,T3363,1,stop,591,0,0,0,0,0,0,0,0,0,0,0,0,0,0,0
instruct-0.7,T3364,1,length,799,0,0,1,0,0,0,0,0,0,0,0,0,0,0,0
instruct-0.7,T3365,1,stop,387,0,0,0,0,0,0,0,0,0,0,0,0,0,0,0
instruct-0.7,T3366,1,length,739,0,0,0,0,0,0,0,0,0,0,0,0,0,0,0
instruct-0.7,T3367,1,length,844,0,0,0,0,0,0,0,0,0,0,0,0,0,0,0
instruct-0.7,T3368,1,length,737,0,0,0,0,0,0,0,0,0,0,0,0,0,0,0
instruct-0.7,T3369,1,length,824,0,0,0,0,0,0,0,0,0,0,0,0,0,0,0
instruct-0.7,T3370,1,length,773,0,0,0,0,0,0,0,0,0,0,0,0,0,0,0
instruct-0.7,T3371,1,stop,462,0,0,0,0,0,0,0,0,1,0,0,0,0,0,0
instruct-0.7,T3372,1,length,739,0,0,0,0,0,0,0,0,0,0,0,0,0,0,0
instruct-0.7,T3373,1,stop,597,0,0,0,0,0,0,1,0,0,0,0,0,0,0,0
instruct-0.7,T3374,1,stop,589,0,0,0,0,0,0,0,0,0,0,0,0,0,0,0
instruct-0.7,T3375,1,stop,741,0,0,0,0,0,0,0,0,1,0,0,0,0,0,0
instruct-0.7,T3376,1,stop,730,0,0,1,0,0,0,0,0,0,0,0,0,0,0,0
instruct-0.7,T3377,1,stop,613,0,0,0,0,0,0,0,0,0,0,0,0,0,0,0
instruct-0.7,T3378,1,stop,528,0,0,0,0,0,0,1,0,0,0,0,0,0,0,0
instruct-0.7,T3379,1,stop,756,0,0,0,0,0,0,0,0,0,0,0,0,0,0,0
instruct-0.7,T3380,1,stop,672,0,0,0,0,0,0,0,0,0,0,0,0,1,0,0
instruct-0.7,T3381,1,stop,746,0,0,0,0,0,0,0,0,0,0,0,0,0,0,0
instruct-0.7,T3382,1,stop,653,0,0,0,0,0,0,0,0,0,0,0,0,0,0,0
instruct-0.7,T3383,1,stop,586,0,0,0,0,0,0,1,0,1,0,0,0,0,0,0
instruct-0.7,T3384,1,length,759,0,0,0,0,0,0,0,0,0,0,0,0,0,0,0
instruct-0.7,T3385,1,stop,597,0,0,0,0,0,0,0,0,0,0,0,0,0,0,0
instruct-0.7,T3386,1,stop,696,0,0,0,0,0,0,0,0,0,0,0,0,0,0,0
instruct-0.7,T3387,1,stop,617,0,0,0,0,0,0,0,0,0,0,0,0,0,0,0
instruct-0.7,T3388,1,stop,399,0,0,0,0,0,0,0,0,0,0,0,0,1,0,0
instruct-0.7,T3389,1,stop,457,0,0,0,0,0,0,0,0,1,0,0,0,0,0,0
instruct-0.7,T3390,1,length,778,0,0,0,0,0,0,0,0,0,0,0,0,0,0,0
instruct-0.7,T3391,1,length,764,0,0,0,0,0,0,1,0,1,0,0,0,0,0,0
instruct-0.7,T3392,1,stop,324,0,0,0,0,0,0,0,0,0,0,0,0,0,0,0
instruct-0.7,T3393,1,stop,740,0,0,0,0,0,0,1,0,2,0,0,0,0,0,0
instruct-0.7,T3394,1,stop,308,0,0,0,0,0,0,0,0,0,0,0,0,0,0,0
instruct-0.7,T3395,1,stop,665,0,0,0,0,0,0,0,0,0,0,0,0,0,0,1
instruct-0.7,T3396,1,length,764,0,0,0,0,0,0,0,0,1,0,0,0,0,0,0
instruct-0.7,T3397,1,stop,608,0,0,0,0,0,0,0,0,1,0,0,0,0,0,0
instruct-0.7,T3398,1,stop,588,0,0,0,0,0,0,0,0,0,0,0,0,0,0,0
instruct-0.7,T3399,1,length,731,0,0,0,0,0,0,0,0,0,0,0,0,0,0,0
instruct-0.7,T3400,1,stop,537,0,0,0,0,0,0,0,0,1,0,0,0,0,0,0
instruct-0.7,T3401,1,stop,503,0,0,0,0,0,0,0,0,0,0,0,0,0,0,0
instruct-0.7,T3402,1,length,769,0,0,0,0,0,0,0,0,0,0,0,0,0,0,0
instruct-0.7,T3403,1,length,753,0,0,0,0,0,0,0,0,0,0,0,0,0,0,0
instruct-0.7,T3404,1,length,846,0,0,0,0,0,0,0,0,0,0,0,0,0,0,0
instruct-0.7,T3405,1,stop,671,0,0,0,0,0,0,0,0,0,1,0,0,0,0,0
instruct-0.7,T3406,1,stop,630,0,0,0,0,0,0,0,0,1,0,0,0,0,0,0
instruct-0.7,T3407,1,length,681,0,0,0,0,0,0,0,0,0,0,0,0,0,0,0
instruct-0.7,T3408,1,stop,600,0,0,0,0,0,0,0,0,0,0,0,0,0,0,0
instruct-0.7,T3409,1,stop,703,0,0,1,0,0,0,0,0,0,0,0,0,0,0,0
instruct-0.7,T3410,1,stop,498,0,0,0,0,0,0,0,0,0,0,0,0,0,0,0
instruct-0.7,T3411,1,stop,473,0,0,0,0,0,0,1,0,0,0,0,0,0,0,0
instruct-0.7,T3412,1,stop,797,0,0,0,0,0,0,1,0,0,0,0,0,0,0,0
instruct-0.7,T3413,1,stop,714,0,0,0,0,0,0,0,0,0,0,0,0,0,0,0
instruct-0.7,T3414,1,stop,733,0,0,0,0,0,0,0,0,0,0,0,0,0,0,0
instruct-0.7,T3415,1,stop,491,0,0,0,0,0,0,0,0,0,0,0,0,0,0,0
instruct-0.7,T3416,1,stop,619,0,0,0,0,0,0,0,0,0,0,0,0,0,0,0
instruct-0.7,T3417,1,length,691,0,0,0,0,0,0,0,0,0,0,0,0,0,0,0
instruct-0.7,T3418,1,length,789,0,0,0,0,0,0,0,0,0,0,0,0,0,0,0
instruct-0.7,T3419,1,stop,778,0,0,0,0,0,0,1,0,1,0,0,0,0,0,0
instruct-0.7,T3420,1,stop,585,0,0,0,0,0,0,0,0,0,0,0,0,0,0,0
instruct-0.7,T3421,1,stop,655,0,0,0,0,0,0,0,0,0,0,0,0,0,0,0
instruct-0.7,T3422,1,stop,586,0,0,0,0,0,0,0,0,0,0,0,0,0,0,0
instruct-0.7,T3423,1,stop,554,0,0,0,0,0,0,0,0,0,0,0,0,0,0,0
instruct-0.7,T3424,1,length,770,0,0,0,0,0,0,0,0,0,0,0,0,1,0,0
instruct-0.7,T3425,1,stop,713,0,0,0,0,0,0,0,0,0,0,0,0,0,0,0
instruct-0.7,T3426,1,stop,667,0,0,0,0,0,0,0,0,1,0,0,0,0,0,0
instruct-0.7,T3427,1,stop,631,0,0,0,0,0,0,0,0,0,0,0,0,0,0,0
instruct-0.7,T3428,1,stop,703,0,0,0,0,0,0,1,0,1,0,0,0,0,0,0
instruct-0.7,T3429,1,stop,636,0,0,0,0,0,0,1,0,1,0,0,0,0,0,0
instruct-0.7,T3430,1,stop,811,0,0,0,0,0,0,0,0,0,0,0,0,0,0,0
instruct-0.7,T3431,1,length,584,0,0,0,0,0,0,0,0,0,0,0,0,0,0,0
instruct-0.7,T3432,1,stop,609,0,0,0,0,0,0,0,0,1,0,0,0,0,0,0
instruct-0.7,T3433,1,stop,433,0,0,0,0,0,0,0,0,0,0,0,0,0,0,0
instruct-0.7,T3434,1,stop,692,0,0,0,0,0,0,0,0,0,1,0,0,0,0,0
instruct-0.7,T3435,1,stop,606,0,0,0,0,0,0,0,0,0,0,0,0,0,0,0
instruct-0.7,T3436,1,stop,755,0,0,0,0,0,0,0,0,3,0,0,0,0,0,0
instruct-0.7,T3437,1,length,772,0,0,0,0,0,0,0,0,0,0,0,0,0,0,0
instruct-0.7,T3438,1,stop,584,0,0,0,0,0,0,0,0,0,0,0,0,0,0,0
instruct-0.7,T3439,1,length,695,0,0,0,0,0,0,0,0,0,0,0,0,0,0,0
instruct-0.7,T3440,1,stop,617,0,0,0,0,0,0,0,0,2,0,0,0,0,0,0
instruct-0.7,T3441,1,stop,415,0,0,0,0,0,0,0,0,0,0,0,0,0,0,0
instruct-0.7,T3442,1,stop,679,0,0,0,0,0,0,0,0,1,0,0,0,0,0,0
instruct-0.7,T3443,1,length,775,0,0,0,0,0,0,0,0,0,0,0,0,0,0,0
instruct-0.7,T3444,1,stop,479,0,0,0,0,0,0,0,0,0,0,0,0,0,0,0
instruct-0.7,T3445,1,length,775,0,0,0,0,0,0,0,0,0,0,0,0,0,0,0
instruct-0.7,T3446,1,stop,777,0,0,0,0,0,0,0,0,1,0,0,0,0,0,0
instruct-0.7,T3447,1,stop,635,0,0,0,0,0,0,0,0,1,0,0,0,0,0,0
instruct-0.7,T3448,1,stop,730,0,0,1,0,0,0,0,0,0,1,0,0,0,0,0
instruct-0.7,T3449,1,stop,603,0,0,1,0,0,0,0,0,0,0,0,0,0,0,0
instruct-0.7,T3450,1,stop,708,0,0,0,0,0,0,0,0,2,0,0,0,0,0,0
instruct-0.7,T3451,1,length,794,0,0,0,0,0,0,0,0,0,0,0,0,0,0,0
instruct-0.7,T3452,1,stop,680,0,0,0,0,0,0,0,0,2,0,0,0,0,0,0
instruct-0.7,T3453,1,stop,746,0,0,0,0,0,0,0,0,0,0,0,0,0,0,0
instruct-0.7,T3454,1,stop,330,0,0,0,0,0,0,0,0,0,0,0,0,0,0,0
instruct-0.7,T3455,1,stop,725,0,0,0,0,0,0,0,0,0,0,0,0,0,0,0
instruct-0.7,T3456,1,stop,557,0,0,0,0,0,0,0,0,0,0,0,0,0,0,0
instruct-0.7,T3457,1,length,823,0,0,0,0,0,0,0,0,0,0,0,0,0,0,0
instruct-0.7,T3458,1,length,720,0,0,0,0,0,0,0,0,0,0,0,0,0,0,0
instruct-0.7,T3459,1,stop,675,0,0,0,0,0,0,0,0,0,0,0,0,0,0,0
instruct-0.7,T3460,1,stop,533,0,0,0,0,0,0,0,0,2,0,0,0,0,0,0
instruct-0.7,T3461,1,stop,401,0,0,0,0,0,0,0,0,1,0,0,0,0,0,0
instruct-0.7,T3462,1,length,698,0,0,0,0,0,0,0,0,0,0,0,0,1,0,0
instruct-0.7,T3463,1,length,777,0,0,0,0,0,0,0,0,1,0,0,0,0,0,0
instruct-0.7,T3464,1,stop,617,0,0,0,0,0,0,0,0,0,0,0,0,0,0,0
instruct-0.7,T3465,1,stop,317,0,0,0,0,0,0,1,0,0,0,0,0,0,0,0
instruct-0.7,T3466,1,stop,679,0,0,0,0,0,0,0,0,0,0,0,0,0,0,0
instruct-0.7,T3467,1,length,767,0,0,0,0,0,0,0,0,0,0,0,0,0,0,0
instruct-0.7,T3468,1,stop,579,0,0,1,0,0,0,1,0,0,0,0,0,0,0,0
instruct-0.7,T3469,1,stop,481,0,0,0,0,0,0,0,0,0,0,0,0,0,0,0
instruct-0.7,T3470,1,stop,697,0,0,0,0,0,0,0,0,0,0,0,0,0,0,0
instruct-0.7,T3471,1,stop,630,0,0,0,0,0,0,0,0,1,0,0,0,0,0,0
instruct-0.7,T3472,1,length,782,0,0,1,0,0,0,0,0,0,0,0,0,0,0,0
instruct-0.7,T3473,1,stop,601,0,0,0,0,0,0,0,0,0,0,0,0,0,0,0
instruct-0.7,T3474,1,stop,491,0,0,0,0,0,0,0,0,0,0,0,0,0,0,0
instruct-0.7,T3475,1,stop,564,0,0,0,0,0,0,0,0,1,0,0,0,0,0,0
instruct-0.7,T3476,1,length,706,0,0,0,0,0,0,0,0,0,0,0,0,0,0,0
instruct-0.7,T3477,1,stop,513,0,0,0,0,0,0,0,0,0,0,0,0,0,0,0
instruct-0.7,T3478,1,length,809,0,0,0,0,0,0,0,0,0,0,0,0,0,0,0
instruct-0.7,T3479,1,length,752,0,0,0,0,0,0,0,0,0,0,0,0,0,0,0
instruct-0.7,T3480,1,length,834,0,0,0,0,0,0,0,0,1,0,0,0,0,0,0
instruct-0.7,T3481,1,stop,615,0,0,0,0,0,0,0,0,0,0,0,0,0,0,0
instruct-0.7,T3482,1,stop,702,0,0,0,0,0,0,0,0,1,0,0,0,0,0,0
instruct-0.7,T3483,1,stop,618,0,0,1,0,0,0,1,0,0,0,0,0,0,0,0
instruct-0.7,T3484,1,stop,704,0,0,0,0,0,0,0,0,0,0,0,0,0,0,0
instruct-0.7,T3485,1,stop,705,0,0,1,0,0,0,0,0,0,0,0,0,0,0,0
instruct-0.7,T3486,1,stop,675,0,0,0,0,0,0,0,0,1,0,0,0,0,0,0
instruct-0.7,T3487,1,stop,587,0,0,0,0,0,0,0,0,0,0,0,0,0,0,0
instruct-0.7,T3488,1,stop,565,1,0,0,0,0,0,0,0,0,0,0,0,0,0,0
instruct-0.7,T3489,1,length,799,0,0,0,0,0,0,0,0,1,0,0,0,0,0,0
instruct-0.7,T3490,1,stop,579,0,0,0,0,0,0,0,0,0,0,0,0,0,0,0
instruct-0.7,T3491,1,stop,647,0,0,0,0,0,0,0,0,0,0,0,0,1,0,0
instruct-0.7,T3492,1,stop,674,0,0,0,0,0,0,0,0,0,0,0,0,0,0,0
instruct-0.7,T3493,1,length,729,0,0,0,0,0,0,0,0,0,0,0,0,0,0,0
instruct-0.7,T3494,1,stop,651,0,0,0,0,0,0,0,0,0,0,0,0,0,0,0
instruct-0.7,T3495,1,stop,744,0,0,0,0,0,0,0,0,0,0,0,0,0,0,0
instruct-0.7,T3496,1,length,818,0,0,0,0,0,0,0,0,0,0,0,0,0,0,0
instruct-0.7,T3497,1,stop,351,0,0,0,0,0,0,0,0,0,0,0,0,0,0,0
instruct-0.7,T3498,1,stop,546,0,0,0,0,0,0,0,0,0,0,0,0,0,0,0
instruct-0.7,T3499,1,stop,729,0,0,0,0,0,0,0,0,1,0,0,0,0,0,0
instruct-0.7,T3500,1,stop,743,0,0,0,0,0,0,1,0,0,0,0,0,0,0,0
instruct-0.7,T3501,1,stop,635,0,0,0,0,0,0,0,0,0,0,0,0,0,0,0
instruct-0.7,T3502,1,stop,633,0,0,0,0,0,0,0,0,1,0,0,0,0,0,0
instruct-0.7,T3503,1,stop,747,0,0,0,0,0,0,0,0,0,0,0,0,0,0,0
instruct-0.7,T3504,1,stop,821,0,0,0,0,0,0,0,0,0,0,0,0,0,0,0
instruct-0.7,T3505,1,stop,635,0,0,1,0,0,0,0,0,1,0,0,0,0,0,0
instruct-0.7,T3506,1,stop,649,0,0,0,0,0,0,0,0,0,0,0,0,0,0,0
instruct-0.7,T3507,1,stop,292,0,0,0,0,0,0,0,0,0,0,0,0,3,0,0
instruct-0.7,T3508,1,stop,776,0,0,0,0,0,0,0,0,0,0,0,0,0,0,0
instruct-0.7,T3509,1,stop,608,0,0,0,0,0,0,0,0,0,0,0,0,0,0,0
instruct-0.7,T3510,1,stop,698,0,0,0,0,0,0,0,0,0,0,0,0,0,0,0
instruct-0.7,T3511,1,stop,699,0,0,0,0,0,0,0,0,3,0,0,0,0,0,0
instruct-0.7,T3512,1,length,716,0,0,0,0,0,0,0,0,0,0,0,0,0,0,0
instruct-0.7,T3513,1,stop,652,0,0,0,0,0,0,0,0,0,0,0,0,0,0,0
instruct-0.7,T3514,1,stop,407,0,0,0,0,0,0,0,0,0,0,0,0,0,0,0
instruct-0.7,T3515,1,length,746,0,0,0,0,0,0,0,0,0,0,0,0,0,0,0
instruct-0.7,T3516,1,length,700,0,0,0,0,0,0,0,0,0,0,0,0,0,0,0
instruct-0.7,T3517,1,length,762,0,0,0,0,0,0,0,0,0,0,0,0,0,0,0
instruct-0.7,T3518,1,stop,651,0,0,0,0,0,0,0,0,0,0,0,0,0,0,0
instruct-0.7,T3519,1,stop,605,0,0,0,0,0,0,0,0,0,0,0,0,0,0,0
instruct-0.7,T3520,1,stop,620,0,0,0,0,0,0,0,0,0,0,0,0,0,0,0
instruct-0.7,T3521,1,stop,699,0,0,0,0,0,0,0,0,1,0,0,0,0,0,0
instruct-0.7,T3522,1,stop,531,0,0,0,0,0,0,1,0,1,0,0,0,0,0,0
instruct-0.7,T3523,1,stop,398,0,0,0,0,0,0,0,0,0,0,0,0,0,0,0
instruct-0.7,T3524,1,stop,784,0,0,1,0,0,0,0,0,0,0,0,0,0,0,0
instruct-0.7,T3525,1,stop,478,0,0,0,0,0,0,0,0,0,0,0,0,0,0,0
instruct-0.7,T3526,1,stop,743,0,0,1,0,0,0,0,0,0,0,0,0,0,0,0
instruct-0.7,T3527,1,stop,406,0,0,0,0,0,0,0,0,0,0,0,0,0,0,0
instruct-0.7,T3528,1,stop,531,0,0,0,0,0,0,0,0,1,0,0,0,0,0,0
instruct-0.7,T3529,1,stop,671,0,0,0,0,0,0,0,0,0,0,0,0,0,0,0
instruct-0.7,T3530,1,stop,725,0,0,0,0,0,0,0,0,0,0,0,0,0,0,0
instruct-0.7,T3531,1,stop,647,0,0,0,0,0,0,0,0,0,0,0,0,0,0,0
instruct-0.7,T3532,1,stop,690,0,0,0,0,0,0,0,0,0,0,0,0,0,0,0
instruct-0.7,T3533,1,stop,668,0,0,0,0,0,0,0,0,0,0,0,0,0,0,0
instruct-0.7,T3534,1,stop,599,0,0,0,0,0,0,0,0,0,0,0,0,0,0,0
instruct-0.7,T3535,1,stop,438,0,0,0,0,0,0,0,0,0,0,0,0,0,0,0
instruct-0.7,T3536,1,stop,685,0,0,0,0,0,0,0,0,0,0,0,0,0,0,0
instruct-0.7,T3537,1,stop,512,0,0,0,0,0,0,0,0,0,0,0,0,0,0,0
instruct-0.7,T3538,1,stop,545,0,0,0,0,0,0,0,0,0,0,0,0,0,0,0
instruct-0.7,T3539,1,stop,329,0,0,0,0,0,0,0,0,0,0,0,0,0,0,0
instruct-0.7,T3540,1,length,674,0,0,0,0,0,0,0,0,0,0,0,0,0,0,0
instruct-0.7,T3541,1,stop,701,0,0,0,0,0,0,0,0,2,0,0,0,0,0,0
instruct-0.7,T3542,1,stop,721,0,0,0,0,0,0,0,0,0,0,0,0,0,0,0
instruct-0.7,T3543,1,stop,619,0,0,0,0,0,0,0,0,0,0,0,0,0,0,0
instruct-0.7,T3544,1,stop,631,0,0,0,0,0,0,0,0,0,0,0,0,0,0,0
instruct-0.7,T3545,1,stop,586,0,0,0,0,0,0,0,0,0,0,0,0,0,0,0
instruct-0.7,T3546,1,stop,474,0,0,0,0,0,0,0,0,0,0,0,0,0,0,0
instruct-0.7,T3547,1,stop,642,0,0,0,0,0,0,0,0,1,0,0,0,0,0,0
instruct-0.7,T3548,1,stop,805,0,0,0,0,0,0,0,0,0,0,0,0,0,0,0
instruct-0.7,T3549,1,stop,718,0,0,0,0,0,0,0,0,0,0,0,0,0,0,0
instruct-0.7,T3550,1,stop,578,0,0,0,0,0,0,0,0,2,0,0,0,0,0,0
instruct-0.7,T3551,1,stop,669,0,0,0,0,0,0,0,0,0,0,0,0,0,0,0
instruct-0.7,T3552,1,stop,728,0,0,0,0,0,0,0,0,0,0,0,0,0,0,0
instruct-0.7,T3553,1,stop,716,0,0,0,0,0,0,0,0,1,0,0,0,0,0,0
instruct-0.7,T3554,1,stop,783,0,0,0,0,0,0,0,0,0,0,0,0,0,0,0
instruct-0.7,T3555,1,stop,664,0,0,0,0,0,0,0,0,2,0,0,0,0,0,0
instruct-0.7,T3556,1,stop,626,0,0,0,0,0,0,0,0,0,0,0,0,0,0,0
instruct-0.7,T3557,1,stop,623,0,0,0,0,0,0,0,0,0,0,0,0,1,0,0
instruct-0.7,T3558,1,length,711,0,0,0,0,0,0,0,0,0,0,0,0,0,0,0
instruct-0.7,T3559,1,stop,680,0,0,0,0,0,0,0,0,0,0,0,0,0,0,0
instruct-0.7,T3560,1,length,768,0,0,0,0,0,0,0,0,2,0,0,0,0,0,0
instruct-0.7,T3561,1,stop,698,0,0,0,0,0,0,0,0,0,0,0,0,0,0,0
instruct-0.7,T3562,1,stop,701,0,0,0,0,0,0,0,0,0,0,0,0,0,0,0
instruct-0.7,T3563,1,stop,776,0,0,0,0,0,0,0,0,0,0,0,0,0,0,0
instruct-0.7,T3564,1,stop,712,0,0,0,0,0,0,1,0,0,0,0,0,0,0,0
instruct-0.7,T3565,1,stop,696,0,0,0,0,0,0,0,0,1,0,0,0,0,0,0
instruct-0.7,T3566,1,stop,645,0,0,0,0,0,0,0,0,0,0,0,0,0,0,0
instruct-0.7,T3567,1,stop,759,0,0,0,0,0,0,0,0,0,0,0,0,0,0,0
instruct-0.7,T3568,1,stop,664,0,0,0,0,0,0,0,0,0,0,0,0,0,0,0
instruct-0.7,T3569,1,stop,587,0,0,0,0,0,0,0,0,0,0,0,0,0,0,0
instruct-0.7,T3570,1,stop,678,0,0,0,0,0,0,0,0,0,0,0,0,0,0,0
instruct-0.7,T3571,1,length,769,1,0,0,0,0,0,0,0,0,0,0,0,0,0,0
instruct-0.7,T3572,1,stop,603,0,0,0,0,0,0,0,0,1,0,0,0,0,0,0
instruct-0.7,T3573,1,stop,587,0,0,0,0,0,0,0,0,1,0,0,0,0,0,0
instruct-0.7,T3574,1,stop,670,0,0,0,0,0,0,0,0,0,0,0,0,0,0,0
instruct-0.7,T3575,1,stop,594,0,0,0,0,0,0,0,0,1,0,0,0,0,1,0
instruct-0.7,T3576,1,stop,483,0,0,0,0,0,0,0,0,0,0,0,0,0,0,0
instruct-0.7,T3577,1,length,820,0,0,0,0,0,0,0,0,0,0,0,0,0,1,0
instruct-0.7,T3578,1,stop,714,0,0,0,0,0,0,1,0,0,0,0,0,0,0,0
instruct-0.7,T3579,1,stop,608,0,0,0,0,0,0,0,0,0,0,0,0,0,0,0
instruct-0.7,T3580,1,stop,452,0,0,0,0,0,0,1,0,1,0,0,0,0,0,0
instruct-0.7,T3581,1,stop,727,0,0,0,0,0,0,0,0,1,0,0,0,0,0,0
instruct-0.7,T3582,1,stop,580,0,0,0,0,0,0,0,0,0,0,0,0,0,0,0
instruct-0.7,T3583,1,stop,605,0,0,0,0,0,0,0,0,0,0,0,0,0,0,0
instruct-0.7,T3584,1,length,704,0,0,0,0,0,0,0,0,0,0,0,0,0,0,0
instruct-0.7,T3585,1,stop,648,0,0,0,0,0,0,0,0,1,0,0,0,0,0,0
instruct-0.7,T3586,1,length,779,0,0,1,0,0,0,0,0,1,0,0,0,0,0,0
instruct-0.7,T3587,1,stop,690,0,0,0,0,0,0,0,0,0,0,0,0,0,0,0
instruct-0.7,T3588,1,stop,543,0,0,0,0,0,0,0,0,0,0,0,0,0,0,0
instruct-0.7,T3589,1,stop,465,0,0,0,0,0,0,0,0,0,0,0,0,0,0,0
instruct-0.7,T3590,1,stop,637,0,0,1,0,0,0,0,0,1,0,0,0,0,0,0
instruct-0.7,T3591,1,stop,306,0,0,0,0,0,0,0,0,0,0,0,0,0,0,0
instruct-0.7,T3592,1,length,703,0,0,0,0,0,0,0,0,0,0,0,0,0,0,0
instruct-0.7,T3593,1,length,716,0,0,0,0,0,0,0,0,0,0,0,0,0,0,0
instruct-0.7,T3594,1,stop,741,0,0,0,0,0,0,0,0,0,0,0,0,0,0,0
instruct-0.7,T3595,1,stop,573,0,0,0,0,0,0,0,0,0,0,0,0,1,0,0
instruct-0.7,T3596,1,stop,518,0,0,0,0,0,0,0,0,0,0,0,0,0,0,0
instruct-0.7,T3597,1,stop,685,0,0,0,0,0,0,0,0,0,0,0,0,0,0,0
instruct-0.7,T3598,1,stop,538,0,0,0,0,0,0,1,0,0,0,0,0,0,1,0
instruct-0.7,T3599,1,length,768,0,0,0,0,0,0,0,0,0,1,0,0,0,0,0
instruct-0.7,T3600,1,stop,628,0,0,0,0,0,0,0,0,0,0,0,0,0,0,0
instruct-0.7,T3601,1,stop,625,0,0,0,0,0,0,0,0,0,0,0,0,0,0,0
instruct-0.7,T3602,1,stop,681,1,0,0,0,0,0,0,0,0,0,0,0,0,0,0
instruct-0.7,T3603,1,stop,568,0,0,0,0,0,0,0,0,1,0,0,0,0,1,0
instruct-0.7,T3604,1,stop,655,0,0,0,0,0,0,0,0,0,0,0,0,0,0,0
instruct-0.7,T3605,1,length,696,0,0,0,0,0,0,0,0,0,0,0,0,0,0,0
instruct-0.7,T3606,1,length,733,0,0,0,0,0,0,0,0,0,0,0,0,0,0,0
instruct-0.7,T3607,1,stop,743,0,0,0,0,0,0,0,0,0,0,0,0,0,0,0
instruct-0.7,T3608,1,stop,451,0,0,0,0,0,0,0,0,0,0,0,0,0,0,0
instruct-0.7,T3609,1,stop,611,0,0,0,0,0,0,0,0,0,0,0,0,0,0,0
instruct-0.7,T3610,1,stop,591,0,0,0,0,0,0,0,0,0,0,0,0,0,0,0
instruct-0.7,T3611,1,stop,657,0,0,0,0,0,0,1,0,0,0,0,0,0,0,0
instruct-0.7,T3612,1,stop,490,0,0,0,0,0,0,0,0,1,0,0,0,0,0,0
instruct-0.7,T3613,1,stop,396,1,0,0,0,0,0,0,0,1,0,0,0,0,0,0
instruct-0.7,T3614,1,stop,708,0,0,0,0,0,0,0,1,0,0,0,0,0,0,0
instruct-0.7,T3615,1,stop,613,0,0,0,0,0,0,0,0,0,0,0,0,0,0,0
instruct-0.7,T3616,1,stop,698,0,0,0,0,0,0,0,0,1,0,0,0,0,0,0
instruct-0.7,T3617,1,stop,456,0,0,0,0,0,0,0,0,3,0,0,0,0,0,0
instruct-0.7,T3618,1,stop,602,0,0,0,0,0,0,0,0,0,0,0,0,0,0,0
instruct-0.7,T3619,1,stop,527,0,0,0,0,0,0,0,0,0,0,0,0,0,0,0
instruct-0.7,T3620,1,stop,664,0,0,0,0,0,0,0,0,0,0,0,0,0,0,0
instruct-0.7,T3621,1,stop,778,0,0,0,0,0,0,0,0,0,0,0,0,0,0,0
instruct-0.7,T3622,1,length,798,0,0,0,0,0,0,1,0,1,0,0,0,0,0,0
instruct-0.7,T3623,1,stop,592,0,0,0,0,0,0,0,0,0,0,0,0,0,0,0
instruct-0.7,T3624,1,stop,497,0,0,0,0,0,0,0,0,0,0,0,0,0,0,0
instruct-0.7,T3625,1,stop,626,0,0,0,0,0,0,0,0,0,0,0,0,0,0,0
instruct-0.7,T3626,1,stop,714,0,0,0,0,0,0,0,0,0,0,0,0,1,0,0
instruct-0.7,T3627,1,stop,679,0,0,0,0,0,0,0,0,0,0,0,0,1,0,0
instruct-0.7,T3628,1,stop,470,0,0,0,0,0,0,0,0,0,0,0,0,2,0,0
instruct-0.7,T3629,1,length,739,0,0,0,0,0,0,0,0,0,0,0,0,0,0,0
instruct-0.7,T3630,1,stop,652,0,0,0,0,0,0,0,0,1,0,0,0,0,0,0
instruct-0.7,T3631,1,stop,792,0,0,0,0,0,0,0,0,0,0,0,0,0,0,0
instruct-0.7,T3632,1,length,759,0,0,0,0,0,0,0,0,0,0,0,0,0,0,0
instruct-0.7,T3633,1,length,818,0,0,0,0,0,0,0,1,0,0,0,0,0,0,0
instruct-0.7,T3634,1,stop,611,0,0,0,0,0,0,0,0,2,0,0,0,0,0,0
instruct-0.7,T3635,1,length,791,0,0,0,0,0,0,0,0,0,0,0,0,0,0,0
instruct-0.7,T3636,1,stop,734,0,0,0,0,0,0,0,0,1,0,0,0,0,0,0
instruct-0.7,T3637,1,stop,667,0,0,0,0,0,0,0,0,0,0,0,0,0,0,0
instruct-0.7,T3638,1,stop,742,0,0,0,0,0,0,0,0,1,0,0,0,0,0,0
instruct-0.7,T3639,1,length,708,0,0,0,0,0,0,0,0,0,0,0,0,0,0,0
instruct-0.7,T3640,1,stop,582,0,0,0,0,0,0,0,0,0,0,0,0,0,0,0
instruct-0.7,T3641,1,length,679,0,0,0,0,0,0,0,0,0,0,0,0,0,0,0
instruct-0.7,T3642,1,stop,648,0,0,0,0,0,0,0,0,3,0,0,0,0,0,0
instruct-0.7,T3643,1,stop,790,0,0,1,0,0,0,0,0,3,0,0,0,0,0,0
instruct-0.7,T3644,1,stop,403,0,0,0,0,0,0,1,0,0,0,0,0,0,0,0
instruct-0.7,T3645,1,stop,613,0,0,0,0,0,0,0,0,2,0,0,0,0,0,0
instruct-0.7,T3646,1,length,805,0,0,0,0,0,0,0,0,0,0,0,0,0,0,0
instruct-0.7,T3647,1,stop,761,0,0,0,0,0,0,0,0,1,0,0,0,0,0,0
instruct-0.7,T3648,1,stop,615,0,0,0,0,0,0,0,0,3,0,0,0,0,0,0
instruct-0.7,T3649,1,length,780,0,0,1,0,0,0,0,0,0,0,0,0,0,0,0
instruct-0.7,T3650,1,stop,458,0,0,0,0,0,0,0,0,0,0,0,0,0,0,0
instruct-0.7,T3651,1,stop,558,0,0,0,0,0,0,0,0,0,0,0,0,0,0,0
instruct-0.7,T3652,1,stop,615,0,0,0,0,0,0,0,0,1,0,0,0,0,0,0
instruct-0.7,T3653,1,length,741,0,0,0,0,0,0,0,0,1,0,0,0,0,0,0
instruct-0.7,T3654,1,stop,495,0,0,0,0,0,0,0,0,0,0,0,0,0,0,0
instruct-0.7,T3655,1,stop,402,0,0,0,0,0,0,1,0,1,0,0,0,0,0,0
instruct-0.7,T3656,1,length,728,0,0,0,0,0,0,0,0,0,0,0,0,0,0,0
instruct-0.7,T3657,1,stop,700,0,0,0,0,0,0,0,0,0,0,0,0,0,0,0
instruct-0.7,T3658,1,stop,653,0,0,0,0,0,0,0,0,0,0,0,0,0,0,0
instruct-0.7,T3659,1,stop,774,0,0,0,0,0,0,0,0,1,0,0,0,0,0,0
instruct-0.7,T3660,1,length,749,0,0,0,0,0,0,0,0,0,0,0,0,0,0,0
instruct-0.7,T3661,1,stop,644,0,0,0,0,0,0,0,0,0,0,0,0,0,0,0
instruct-0.7,T3662,1,stop,629,0,0,0,0,0,0,0,0,1,0,0,0,0,0,0
instruct-0.7,T3663,1,stop,707,0,0,0,0,0,0,0,0,1,0,0,0,0,0,0
instruct-0.7,T3664,1,length,831,0,0,0,0,0,0,0,0,0,0,0,0,0,0,0
instruct-0.7,T3665,1,stop,398,0,0,0,0,0,0,0,0,0,0,0,0,0,0,0
instruct-0.7,T3666,1,stop,659,0,0,0,0,0,0,0,0,0,0,0,0,0,0,0
instruct-0.7,T3667,1,stop,721,0,0,0,0,0,0,0,0,2,0,0,0,0,0,0
instruct-0.7,T3668,1,stop,602,0,0,0,0,0,0,0,0,0,0,0,0,0,0,0
instruct-0.7,T3669,1,stop,710,0,0,0,0,0,0,0,0,2,0,0,0,0,0,0
instruct-0.7,T3670,1,stop,664,0,0,0,0,0,0,0,0,1,0,0,0,0,0,0
instruct-0.7,T3671,1,stop,690,0,0,0,0,0,0,0,0,0,0,0,0,0,0,0
instruct-0.7,T3672,1,length,839,0,0,0,0,0,0,0,0,2,0,0,0,0,0,0
instruct-0.7,T3673,1,stop,473,0,0,0,0,0,0,1,0,0,0,0,0,0,0,0
instruct-0.7,T3674,1,stop,778,0,0,0,0,0,0,0,0,0,0,0,0,0,0,0
instruct-0.7,T3675,1,stop,724,0,0,0,0,0,0,0,0,0,0,0,0,0,0,0
instruct-0.7,T3676,1,stop,616,0,0,0,0,0,0,0,0,1,0,0,0,0,0,0
instruct-0.7,T3677,1,stop,678,0,0,0,0,0,0,0,0,0,0,0,0,0,0,0
instruct-0.7,T3678,1,stop,618,0,0,0,0,0,0,0,0,0,0,0,0,0,0,0
instruct-0.7,T3679,1,length,770,0,0,0,0,0,0,0,0,1,0,0,0,0,0,0
instruct-0.7,T3680,1,stop,678,0,0,0,0,0,0,0,0,0,0,0,0,1,0,0
instruct-0.7,T3681,1,stop,534,0,0,0,0,0,0,1,0,2,0,0,0,0,0,0
instruct-0.7,T3682,1,stop,754,0,0,0,0,0,0,0,0,0,0,0,0,0,0,0
instruct-0.7,T3683,1,stop,710,0,0,0,0,0,0,0,0,0,0,0,0,0,0,0
instruct-0.7,T3684,1,stop,476,0,0,0,0,0,0,0,0,1,0,0,0,0,0,0
instruct-0.7,T3685,1,stop,562,0,0,0,0,0,0,1,0,1,0,0,0,0,0,0
instruct-0.7,T3686,1,length,842,0,0,0,0,0,0,0,0,1,0,0,0,0,0,0
instruct-0.7,T3687,1,length,694,0,0,0,0,0,0,0,0,0,0,0,0,0,0,0
instruct-0.7,T3688,1,stop,848,0,0,0,0,0,0,0,0,0,0,0,0,0,0,0
instruct-0.7,T3689,1,length,779,0,0,0,0,0,0,0,0,0,0,0,0,0,0,0
instruct-0.7,T3690,1,stop,684,0,0,0,0,0,0,1,0,1,0,0,0,0,0,0
instruct-0.7,T3691,1,stop,480,0,0,0,0,0,0,0,0,0,0,0,0,0,0,0
instruct-0.7,T3692,1,length,730,0,0,1,0,0,0,0,0,1,0,0,0,0,0,0
instruct-0.7,T3693,1,length,747,0,0,0,0,0,0,1,0,1,0,0,0,0,0,0
instruct-0.7,T3694,1,length,791,0,0,0,0,0,0,0,0,0,0,0,0,0,0,0
instruct-0.7,T3695,1,stop,713,0,0,0,0,0,0,0,0,2,0,0,0,0,0,0
instruct-0.7,T3696,1,stop,459,0,0,0,0,0,0,0,0,0,0,0,0,0,0,0
instruct-0.7,T3697,1,stop,702,0,0,0,0,0,0,0,0,0,0,0,0,0,0,0
instruct-0.7,T3698,1,stop,267,0,0,0,0,0,0,0,0,0,0,0,0,0,0,0
instruct-0.7,T3699,1,length,825,0,0,0,0,0,0,0,0,0,0,0,0,0,0,0
instruct-0.7,T3700,1,stop,579,0,0,0,0,0,0,0,0,0,0,0,0,0,0,0
instruct-0.7,T3701,1,stop,838,0,0,0,0,0,0,0,0,1,0,0,0,0,0,0
instruct-0.7,T3702,1,stop,726,0,0,0,0,0,0,0,0,0,0,0,0,0,0,0
instruct-0.7,T3703,1,stop,693,0,0,0,0,0,0,0,0,0,0,0,0,0,0,0
instruct-0.7,T3704,1,length,774,0,0,0,0,0,0,0,0,0,0,0,0,0,0,0
instruct-0.7,T3705,1,stop,654,0,0,0,0,0,0,0,0,0,0,0,0,2,0,0
instruct-0.7,T3706,1,length,797,0,0,0,0,0,0,0,0,1,0,0,0,0,0,0
instruct-0.7,T3707,1,length,690,0,0,0,0,0,0,0,0,0,0,0,0,0,0,0
instruct-0.7,T3708,1,length,730,0,0,0,0,0,0,0,0,0,0,0,0,0,0,0
instruct-0.7,T3709,1,length,612,0,0,0,0,0,0,0,0,0,0,0,0,0,0,0
instruct-0.7,T3710,1,stop,733,0,0,0,0,0,0,0,0,0,0,0,0,0,0,0
instruct-0.7,T3711,1,stop,737,0,0,0,0,0,0,0,0,2,0,0,0,0,0,0
instruct-0.7,T3712,1,stop,687,0,0,0,0,0,0,0,0,0,0,0,0,0,0,0
instruct-0.7,T3713,1,stop,561,0,0,0,0,0,0,1,0,0,0,0,0,1,0,0
instruct-0.7,T3714,1,stop,599,0,0,0,0,0,0,0,0,0,0,0,0,0,0,0
instruct-0.7,T3715,1,stop,541,0,0,0,0,0,0,0,0,0,0,0,0,0,0,0
instruct-0.7,T3716,1,stop,545,0,0,0,0,0,0,0,0,1,0,0,0,0,0,0
instruct-0.7,T3717,1,stop,449,0,0,0,0,0,0,0,0,0,0,0,0,0,0,0
instruct-0.7,T3718,1,stop,570,0,0,0,0,0,0,0,0,1,0,0,0,0,0,0
instruct-0.7,T3719,1,length,733,0,0,0,0,0,0,0,0,0,0,0,0,0,0,0
instruct-0.7,T3720,1,stop,642,0,0,0,0,0,0,0,0,0,0,0,0,0,0,0
instruct-0.7,T3721,1,stop,590,0,0,0,0,0,0,0,0,1,0,0,0,0,0,0
instruct-0.7,T3722,1,stop,547,0,0,0,0,0,0,0,0,1,0,0,0,0,0,0
instruct-0.7,T3723,1,length,769,0,0,0,0,0,0,0,0,0,0,0,0,0,0,0
instruct-0.7,T3724,1,stop,740,0,0,0,0,0,0,0,0,0,0,0,0,0,0,0
instruct-0.7,T3725,1,stop,625,0,0,0,0,0,0,0,0,0,0,0,0,0,1,0
instruct-0.7,T3726,1,stop,776,0,0,0,0,0,0,1,0,0,0,0,0,0,0,0
instruct-0.7,T3727,1,length,773,0,0,0,0,0,0,0,0,0,0,0,0,0,0,0
instruct-0.7,T3728,1,stop,91,0,0,0,0,0,0,0,0,0,0,0,0,0,0,0
instruct-0.7,T3729,1,stop,723,0,0,0,0,0,0,1,0,2,0,0,0,0,0,0
instruct-0.7,T3730,1,stop,723,0,0,0,0,0,0,0,1,1,0,0,0,0,0,0
instruct-0.7,T3731,1,stop,577,0,0,0,0,0,0,0,0,0,0,0,0,0,0,0
instruct-0.7,T3732,1,length,671,0,0,0,0,0,0,0,0,1,0,0,0,0,0,0
instruct-0.7,T3733,1,stop,654,0,0,0,0,0,0,0,0,0,0,0,0,0,0,0
instruct-0.7,T3734,1,stop,562,0,0,0,0,0,0,1,0,1,0,0,0,1,1,0
instruct-0.7,T3735,1,stop,747,0,0,0,0,0,0,0,0,1,0,0,0,0,0,0
instruct-0.7,T3736,1,stop,633,0,0,0,0,0,0,0,0,0,0,0,0,0,0,0
instruct-0.7,T3737,1,length,743,0,0,0,0,0,0,0,0,0,0,0,0,0,0,0
instruct-0.7,T3738,1,stop,656,0,0,0,0,0,0,0,0,0,0,0,0,0,0,0
instruct-0.7,T3739,1,stop,806,0,0,0,0,0,0,0,0,0,0,0,0,0,0,0
instruct-0.7,T3740,1,length,724,0,0,0,0,0,0,0,0,0,0,0,0,0,0,0
instruct-0.7,T3741,1,stop,696,0,0,0,0,0,0,0,0,0,0,0,0,0,0,0
instruct-0.7,T3742,1,stop,757,0,0,0,0,0,0,0,0,1,0,0,0,0,0,0
instruct-0.7,T3743,1,stop,415,0,0,0,0,0,0,0,0,0,0,0,0,0,0,0
instruct-0.7,T3744,1,stop,220,0,0,0,0,0,0,0,0,1,0,0,0,0,0,0
instruct-0.7,T3745,1,stop,774,0,0,0,0,0,0,0,0,2,0,0,0,0,0,0
instruct-0.7,T3746,1,stop,610,0,0,0,0,0,0,0,0,0,0,0,0,0,0,0
instruct-0.7,T3747,1,stop,675,0,0,0,0,0,0,0,0,0,0,0,0,0,0,0
instruct-0.7,T3748,1,length,768,0,0,0,0,0,0,1,0,0,0,0,0,1,0,0
instruct-0.7,T3749,1,length,723,0,0,0,0,0,0,0,0,0,0,0,0,0,0,0
instruct-0.7,T3750,1,stop,759,0,0,0,0,0,0,0,0,0,0,0,0,0,0,0
instruct-0.7,T3751,1,stop,779,0,0,0,0,0,0,0,0,1,0,0,0,0,0,0
instruct-0.7,T3752,1,stop,520,0,0,0,0,0,0,0,0,0,0,0,0,0,0,0
instruct-0.7,T3753,1,stop,546,0,0,0,0,0,0,0,0,1,0,0,0,0,0,0
instruct-0.7,T3754,1,stop,571,0,0,0,0,0,0,0,0,0,0,0,0,0,0,0
instruct-0.7,T3755,1,length,799,0,0,0,0,0,0,0,0,0,0,0,0,0,0,0
instruct-0.7,T3756,1,stop,527,0,0,0,0,0,0,0,0,0,0,0,0,0,0,0
instruct-0.7,T3757,1,stop,605,0,0,0,0,0,0,1,0,1,0,0,0,0,0,0
instruct-0.7,T3758,1,stop,493,0,0,0,0,0,0,0,0,0,0,0,0,0,0,0
instruct-0.7,T3759,1,stop,653,0,0,0,0,0,0,1,0,1,0,0,0,0,0,0
instruct-0.7,T3760,1,stop,672,0,0,0,0,0,0,0,0,0,0,0,0,0,0,0
instruct-0.7,T3761,1,length,765,0,0,0,0,0,0,0,0,1,0,0,0,0,0,0
instruct-0.7,T3762,1,stop,617,0,0,0,0,0,0,0,0,1,0,0,0,0,0,0
instruct-0.7,T3763,1,stop,415,0,0,0,0,0,0,0,0,0,0,0,0,0,0,0
instruct-0.7,T3764,1,stop,389,0,0,0,0,0,0,0,0,0,0,0,0,0,0,0
instruct-0.7,T3765,1,stop,618,0,0,0,0,0,0,1,0,0,0,0,0,0,0,0
instruct-0.7,T3766,1,stop,538,0,0,0,0,0,0,0,0,0,0,0,0,0,0,0
instruct-0.7,T3767,1,stop,425,0,0,0,0,0,0,1,0,0,0,0,0,0,0,0
instruct-0.7,T3768,1,stop,644,0,0,0,0,0,0,0,0,0,0,0,0,0,0,0
instruct-0.7,T3769,1,length,819,0,0,0,0,0,0,0,0,1,0,0,0,0,0,0
instruct-0.7,T3770,1,stop,524,0,0,0,0,0,0,0,0,0,0,0,0,0,0,0
instruct-0.7,T3771,1,stop,581,0,0,0,0,0,0,0,0,0,0,0,0,0,0,0
instruct-0.7,T3772,1,stop,615,0,0,0,0,0,0,0,0,0,1,0,0,0,0,0
instruct-0.7,T3773,1,stop,473,0,0,0,0,0,0,0,0,0,0,0,0,0,0,0
instruct-0.7,T3774,1,stop,718,0,0,0,0,0,0,0,0,0,0,0,0,0,0,0
instruct-0.7,T3775,1,stop,645,0,0,0,0,0,0,0,0,0,0,0,0,0,0,0
instruct-0.7,T3776,1,stop,713,0,0,0,0,0,0,0,0,3,0,0,0,0,0,0
instruct-0.7,T3777,1,stop,515,0,0,0,0,0,0,0,0,0,0,0,0,0,0,0
instruct-0.7,T3778,1,stop,494,0,0,0,0,0,0,0,1,0,0,0,0,0,0,0
instruct-0.7,T3779,1,stop,537,0,0,0,0,0,0,0,0,2,0,0,0,0,0,0
instruct-0.7,T3780,1,stop,737,0,0,0,0,0,0,0,0,1,0,0,0,0,0,0
instruct-0.7,T3781,1,stop,753,0,0,0,0,0,0,0,0,1,0,0,0,0,0,0
instruct-0.7,T3782,1,length,732,0,0,0,0,0,0,0,0,0,0,0,0,0,0,0
instruct-0.7,T3783,1,stop,841,0,0,0,0,0,0,0,0,1,0,0,0,1,0,0
instruct-0.7,T3784,1,stop,766,0,0,0,0,0,0,0,0,0,0,0,0,0,0,0
instruct-0.7,T3785,1,stop,676,0,0,0,0,0,0,1,0,0,0,0,0,0,0,0
instruct-0.7,T3786,1,stop,752,0,0,0,0,0,0,0,0,0,0,0,0,0,0,0
instruct-0.7,T3787,1,stop,308,0,0,0,0,0,0,0,0,0,0,0,0,0,0,0
instruct-0.7,T3788,1,stop,646,0,0,0,0,0,0,0,0,0,0,0,0,0,0,0
instruct-0.7,T3789,1,stop,658,0,0,0,0,0,0,0,0,0,0,0,0,0,0,0
instruct-0.7,T3790,1,stop,726,0,0,0,0,0,0,3,0,0,0,0,0,0,0,0
instruct-0.7,T3791,1,stop,410,0,0,0,0,0,0,0,0,1,0,0,0,0,0,0
instruct-0.7,T3792,1,stop,649,0,0,0,0,0,0,0,0,0,0,0,0,0,0,0
instruct-0.7,T3793,1,length,635,0,0,0,0,0,0,0,0,0,0,0,0,0,0,0
instruct-0.7,T3794,1,stop,512,0,0,0,0,0,0,0,0,0,0,0,0,0,0,0
instruct-0.7,T3795,1,stop,474,0,0,0,0,0,0,0,0,0,0,0,0,0,1,0
instruct-0.7,T3796,1,stop,601,0,0,0,0,0,0,0,0,0,0,0,0,0,0,0
instruct-0.7,T3797,1,stop,641,0,0,0,0,0,0,0,0,2,0,0,0,0,0,0
instruct-0.7,T3798,1,stop,644,0,0,0,0,0,0,0,0,0,0,0,0,0,0,0
instruct-0.7,T3799,1,stop,516,0,0,0,0,0,0,0,0,1,0,0,0,0,0,0
instruct-0.7,T3800,1,stop,558,0,0,0,0,0,0,0,0,0,0,0,0,0,0,0
instruct-0.7,T3801,1,stop,700,0,0,0,0,0,0,0,0,0,0,0,0,0,0,0
instruct-0.7,T3802,1,stop,694,0,0,0,0,0,0,3,0,0,0,0,0,0,0,0
instruct-0.7,T3803,1,stop,535,0,0,1,0,0,0,1,0,1,0,0,0,0,0,0
instruct-0.7,T3804,1,stop,504,0,0,0,0,0,0,0,0,0,0,0,0,0,0,0
instruct-0.7,T3805,1,stop,720,0,0,0,0,0,0,0,0,2,0,0,0,0,0,0
instruct-0.7,T3806,1,stop,789,0,0,0,0,0,0,0,0,0,0,0,0,0,0,0
instruct-0.7,T3807,1,length,756,0,0,0,0,0,0,0,0,0,0,0,0,0,0,0
instruct-0.7,T3808,1,stop,738,0,0,0,0,0,0,0,0,0,0,0,0,0,0,0
instruct-0.7,T3809,1,stop,601,0,0,0,0,0,0,1,0,1,0,0,0,0,0,0
instruct-0.7,T3810,1,stop,626,0,0,0,0,0,0,0,0,0,0,0,0,0,0,0
instruct-0.7,T3811,1,stop,435,0,0,0,0,0,0,0,0,0,0,0,0,0,0,0
instruct-0.7,T3812,1,stop,709,0,0,1,0,0,0,1,0,1,0,0,0,0,0,0
instruct-0.7,T3813,1,stop,683,0,0,0,0,0,0,0,0,0,0,0,0,0,0,0
instruct-0.7,T3814,1,stop,614,0,0,0,0,0,0,0,0,0,0,0,0,0,0,0
instruct-0.7,T3815,1,stop,649,0,0,0,0,0,0,0,0,0,0,0,0,0,0,0
instruct-0.7,T3816,1,stop,520,0,0,0,0,0,0,0,0,0,0,0,0,0,0,0
instruct-0.7,T3817,1,stop,792,0,0,0,0,0,0,0,0,0,0,0,0,0,0,0
instruct-0.7,T3818,1,length,776,0,0,0,0,0,0,0,0,0,0,0,0,0,0,0
instruct-0.7,T3819,1,length,696,0,0,0,0,0,0,0,0,0,0,0,0,0,0,0
instruct-0.7,T3820,1,stop,712,0,0,0,0,0,0,0,0,1,0,0,0,0,0,0
instruct-0.7,T3821,1,length,779,0,0,0,0,0,0,0,0,1,0,0,0,0,0,0
instruct-0.7,T3822,1,stop,677,0,0,0,0,0,0,0,0,3,0,0,0,0,0,0
instruct-0.7,T3823,1,stop,562,0,0,0,0,0,0,0,0,0,0,0,0,0,0,0
instruct-0.7,T3824,1,length,762,0,0,0,0,0,0,0,0,0,0,0,0,0,0,0
instruct-0.7,T3825,1,stop,625,0,0,0,0,0,0,0,0,3,0,0,0,0,0,0
instruct-0.7,T3826,1,stop,630,0,0,0,0,0,0,0,0,1,0,0,0,0,0,0
instruct-0.7,T3827,1,length,772,0,0,0,0,0,0,0,0,1,0,0,0,0,0,0
instruct-0.7,T3828,1,stop,807,0,0,0,0,0,0,0,0,0,0,0,0,0,0,0
instruct-0.7,T3829,1,stop,718,0,0,0,0,0,0,0,0,1,0,0,0,0,0,0
instruct-0.7,T3830,1,length,795,1,0,0,0,0,0,0,0,0,0,0,0,1,0,0
instruct-0.7,T3831,1,stop,618,0,0,0,0,0,0,0,0,0,0,0,0,0,0,0
instruct-0.7,T3832,1,stop,681,0,0,0,0,0,0,0,0,0,0,0,0,0,0,0
instruct-0.7,T3833,1,stop,719,0,0,0,0,0,0,0,0,2,0,0,0,0,0,0
instruct-0.7,T3834,1,stop,636,0,0,0,0,0,0,0,0,0,0,0,0,0,0,0
instruct-0.7,T3835,1,stop,788,0,0,0,0,0,0,0,0,0,0,0,0,0,0,0
instruct-0.7,T3836,1,stop,682,0,0,0,0,0,0,0,0,1,0,0,0,0,0,0
instruct-0.7,T3837,1,stop,712,0,0,0,0,0,0,0,0,1,0,0,0,0,0,0
instruct-0.7,T3838,1,length,754,0,0,0,0,0,0,0,0,1,0,0,0,1,0,0
instruct-0.7,T3839,1,stop,473,0,0,0,0,0,0,1,0,0,0,0,0,0,0,0
instruct-0.7,T3840,1,stop,547,0,0,0,0,0,0,0,0,1,0,0,0,1,0,0
instruct-0.7,T3841,1,length,787,0,0,0,0,0,0,0,0,0,0,0,0,0,0,0
instruct-0.7,T3842,1,stop,746,0,0,0,0,0,0,0,0,0,0,0,0,0,0,0
instruct-0.7,T3843,1,stop,732,0,0,0,0,0,0,1,0,0,0,0,0,0,0,0
instruct-0.7,T3844,1,stop,704,0,0,0,0,0,0,0,0,0,0,0,0,0,0,0
instruct-0.7,T3845,1,stop,643,0,0,0,0,0,0,0,0,0,0,0,0,0,0,0
instruct-0.7,T3846,1,length,794,0,0,0,0,0,0,0,0,4,0,0,0,0,0,0
instruct-0.7,T3847,1,length,748,0,0,0,0,0,0,0,0,0,0,0,0,0,0,0
instruct-0.7,T3848,1,stop,654,0,0,0,0,0,0,0,0,0,0,0,0,0,0,0
instruct-0.7,T3849,1,stop,505,0,0,0,0,0,0,0,0,0,0,0,0,0,0,0
instruct-0.7,T3850,1,stop,581,0,0,0,0,0,0,0,0,1,0,0,0,0,0,0
instruct-0.7,T3851,1,length,789,0,0,0,0,0,0,0,0,1,0,0,0,0,0,0
instruct-0.7,T3852,1,length,735,0,0,0,0,0,0,0,0,0,0,0,0,0,0,0
instruct-0.7,T3853,1,stop,660,0,0,0,0,0,0,0,0,1,0,0,0,0,0,0
instruct-0.7,T3854,1,stop,459,0,0,0,0,0,0,0,0,0,0,0,0,0,0,0
instruct-0.7,T3855,1,stop,729,0,0,0,0,0,0,0,0,0,0,0,0,0,0,0
instruct-0.7,T3856,1,stop,617,0,0,0,0,0,0,0,0,0,0,0,0,0,0,0
instruct-0.7,T3857,1,stop,539,0,0,0,0,0,0,0,0,0,0,0,0,0,0,0
instruct-0.7,T3858,1,stop,703,0,0,0,0,0,0,0,0,1,0,0,0,0,0,0
instruct-0.7,T3859,1,length,763,0,0,0,0,0,0,0,0,3,0,0,0,0,0,0
instruct-0.7,T3860,1,stop,547,0,0,0,0,0,0,0,0,0,0,0,0,0,0,0
instruct-0.7,T3861,1,length,732,0,0,0,0,0,0,0,0,1,0,0,0,0,0,0
instruct-0.7,T3862,1,length,813,0,0,0,0,0,0,0,0,0,0,0,0,0,0,0
instruct-0.7,T3863,1,stop,481,0,0,0,0,0,0,0,0,0,0,0,0,0,0,0
instruct-0.7,T3864,1,stop,737,0,0,0,0,0,0,0,0,0,0,0,0,0,0,0
instruct-0.7,T3865,1,stop,677,0,0,0,0,0,0,0,0,0,0,0,0,0,0,0
instruct-0.7,T3866,1,stop,731,0,0,0,0,0,0,1,0,2,0,0,0,0,0,0
instruct-0.7,T3867,1,length,779,0,0,0,0,0,0,0,0,0,0,0,0,0,0,0
instruct-0.7,T3868,1,stop,629,0,0,0,0,0,0,0,0,2,0,0,0,0,0,0
instruct-0.7,T3869,1,stop,687,0,0,0,0,0,0,0,0,0,0,0,0,0,0,0
instruct-0.7,T3870,1,stop,718,0,0,0,0,0,0,0,0,0,0,0,0,0,0,0
instruct-0.7,T3871,1,stop,567,1,0,0,0,0,0,0,0,1,0,0,0,0,0,0
instruct-0.7,T3872,1,length,777,0,0,0,0,0,0,0,0,1,0,0,0,0,0,0
instruct-0.7,T3873,1,stop,688,0,0,0,0,0,0,0,0,0,1,0,0,0,0,0
instruct-0.7,T3874,1,stop,492,1,0,0,0,0,0,0,0,0,0,0,0,0,0,0
instruct-0.7,T3875,1,stop,381,0,0,0,0,0,0,0,0,0,0,0,0,0,0,0
instruct-0.7,T3876,1,stop,676,0,0,0,0,0,0,1,0,1,0,0,0,0,0,0
instruct-0.7,T3877,1,stop,562,0,0,0,0,0,0,1,0,1,0,0,0,0,0,0
instruct-0.7,T3878,1,stop,416,0,0,0,0,0,0,0,0,0,0,0,0,0,0,0
instruct-0.7,T3879,1,stop,684,0,0,0,0,0,0,0,0,0,0,0,0,0,0,0
instruct-0.7,T3880,1,stop,643,0,0,0,0,0,0,0,0,0,0,0,0,0,0,0
instruct-0.7,T3881,1,stop,735,0,0,0,0,0,0,0,0,1,0,0,0,0,0,0
instruct-0.7,T3882,1,length,767,0,0,0,0,0,0,0,0,0,0,0,0,0,0,0
instruct-0.7,T3883,1,length,755,0,0,0,0,0,0,0,0,1,0,0,0,0,0,0
instruct-0.7,T3884,1,stop,378,0,0,0,0,0,0,0,0,0,0,0,0,0,0,0
instruct-0.7,T3885,1,stop,483,0,0,0,0,0,0,0,0,0,0,0,0,0,0,0
instruct-0.7,T3886,1,stop,615,0,0,0,0,0,0,0,0,1,0,0,0,0,0,0
instruct-0.7,T3887,1,stop,653,0,0,0,0,0,0,0,0,0,0,0,0,0,0,0
instruct-0.7,T3888,1,stop,609,0,0,0,0,0,0,0,0,1,0,0,0,0,0,0
instruct-0.7,T3889,1,length,761,0,0,0,0,0,0,0,0,0,0,0,0,0,0,0
instruct-0.7,T3890,1,stop,731,0,0,0,0,0,0,0,0,0,0,0,0,0,0,0
instruct-0.7,T3891,1,length,761,0,0,0,0,0,0,0,0,0,0,0,0,0,0,0
instruct-0.7,T3892,1,stop,575,0,0,0,0,0,0,0,0,0,0,0,0,0,0,0
instruct-0.7,T3893,1,length,805,0,0,0,0,0,0,0,0,1,0,0,0,0,0,0
instruct-0.7,T3894,1,stop,635,0,0,0,0,0,0,0,0,1,0,0,0,0,0,0
instruct-0.7,T3895,1,stop,658,0,0,0,0,0,0,0,0,0,0,0,0,0,0,0
instruct-0.7,T3896,1,stop,736,0,0,0,0,0,0,0,0,0,0,0,0,0,0,0
instruct-0.7,T3897,1,stop,383,0,0,0,0,0,0,0,0,0,0,0,0,1,0,0
instruct-0.7,T3898,1,stop,599,0,0,0,0,0,0,0,0,0,0,0,0,0,0,0
instruct-0.7,T3899,1,stop,465,0,0,0,0,0,0,0,0,0,0,0,0,0,0,0
instruct-0.7,T3900,1,stop,681,0,0,0,0,0,0,0,0,0,0,0,0,0,0,0
instruct-0.7,T3901,1,stop,611,0,0,0,0,0,0,0,0,0,0,0,0,0,0,0
instruct-0.7,T3902,1,stop,654,0,0,0,0,0,0,0,0,1,0,0,0,0,0,0
instruct-0.7,T3903,1,stop,668,0,0,0,0,0,0,0,0,2,0,0,0,0,0,0
instruct-0.7,T3904,1,stop,520,0,0,0,0,0,0,0,0,0,0,0,0,0,0,0
instruct-0.7,T3905,1,stop,695,0,0,0,0,0,0,0,0,0,0,0,0,0,0,0
instruct-0.7,T3906,1,stop,717,0,0,0,0,0,0,0,0,0,0,0,0,0,0,0
instruct-0.7,T3907,1,length,773,0,0,0,0,0,0,0,0,0,0,0,0,0,0,0
instruct-0.7,T3908,1,stop,605,0,0,0,0,0,0,0,0,0,0,0,0,0,0,0
instruct-0.7,T3909,1,stop,628,0,0,0,0,0,0,0,0,0,0,0,0,0,0,0
instruct-0.7,T3910,1,stop,656,0,0,0,0,0,0,0,0,1,0,0,0,0,0,0
instruct-0.7,T3911,1,stop,504,0,0,0,0,0,0,0,0,0,0,0,0,0,0,0
instruct-0.7,T3912,1,stop,286,0,0,0,0,0,0,0,0,0,0,0,0,0,0,0
instruct-0.7,T3913,1,stop,690,0,0,0,0,0,0,0,0,1,0,0,0,0,0,0
instruct-0.7,T3914,1,stop,647,0,0,0,0,0,0,0,0,2,0,0,0,0,0,0
instruct-0.7,T3915,1,stop,462,0,0,0,0,0,0,0,0,0,0,0,0,0,0,0
instruct-0.7,T3916,1,stop,587,0,0,0,0,0,0,0,0,2,0,0,0,1,0,0
instruct-0.7,T3917,1,stop,711,0,0,0,0,0,0,0,0,1,0,0,0,0,0,0
instruct-0.7,T3918,1,stop,491,0,0,0,0,0,0,0,0,0,0,0,0,0,0,0
instruct-0.7,T3919,1,stop,400,0,0,0,0,0,0,0,0,0,0,0,0,0,0,0
instruct-0.7,T3920,1,stop,599,0,0,0,0,0,0,0,0,1,0,0,0,0,0,0
instruct-0.7,T3921,1,stop,580,0,0,0,0,0,0,0,0,1,0,0,0,0,0,0
instruct-0.7,T3922,1,stop,614,0,0,0,0,0,0,1,0,0,1,0,0,0,0,0
instruct-0.7,T3923,1,stop,548,0,0,0,0,0,0,0,0,0,0,0,0,0,0,0
instruct-0.7,T3924,1,stop,641,0,0,0,0,0,0,0,0,0,0,0,0,0,0,0
instruct-0.7,T3925,1,stop,700,0,0,0,0,0,0,1,0,2,0,0,0,0,0,0
instruct-0.7,T3926,1,length,780,0,0,0,0,0,0,0,0,0,0,0,0,0,0,0
instruct-0.7,T3927,1,length,736,0,0,0,0,0,0,0,0,0,0,0,0,0,0,0
instruct-0.7,T3928,1,stop,770,0,0,0,0,0,0,0,0,0,0,0,0,0,0,0
instruct-0.7,T3929,1,stop,695,0,0,0,0,0,0,0,0,0,0,0,0,0,0,0
instruct-0.7,T3930,1,stop,517,0,0,0,0,0,0,0,0,0,0,0,0,0,0,0
instruct-0.7,T3931,1,stop,637,0,0,0,0,0,0,0,0,0,0,0,0,0,0,0
instruct-0.7,T3932,1,length,782,0,0,0,0,0,0,1,0,1,0,0,0,0,0,0
instruct-0.7,T3933,1,length,777,0,0,0,0,0,0,0,0,0,0,0,0,0,0,0
instruct-0.7,T3934,1,stop,709,0,0,0,0,0,0,0,0,1,0,0,0,0,0,0
instruct-0.7,T3935,1,length,829,0,0,0,0,0,0,1,0,2,0,0,0,0,0,0
instruct-0.7,T3936,1,stop,584,0,0,1,0,0,0,1,0,0,0,0,0,0,0,0
instruct-0.7,T3937,1,stop,716,0,0,0,0,0,0,0,0,0,0,0,0,0,0,0
instruct-0.7,T3938,1,stop,681,0,0,0,0,0,0,0,0,1,0,0,0,0,0,0
instruct-0.7,T3939,1,stop,768,0,0,0,0,0,0,0,0,0,0,0,0,0,0,0
instruct-0.7,T3940,1,stop,731,0,0,0,0,0,0,0,0,0,0,0,0,0,0,0
instruct-0.7,T3941,1,length,792,0,0,0,0,0,0,0,0,0,0,0,0,0,0,0
instruct-0.7,T3942,1,stop,764,0,0,0,0,0,0,0,0,1,0,0,0,0,0,0
instruct-0.7,T3943,1,stop,794,0,0,0,0,0,0,0,0,0,0,0,0,0,0,0
instruct-0.7,T3944,1,length,763,0,0,0,0,0,0,0,0,2,0,0,0,0,0,0
instruct-0.7,T3945,1,stop,455,0,0,0,0,0,0,0,0,0,0,0,0,0,0,0
instruct-0.7,T3946,1,stop,610,0,0,0,0,0,0,0,0,0,0,0,0,0,0,0
instruct-0.7,T3947,1,stop,748,0,0,0,0,0,0,0,0,0,0,0,0,0,0,0
instruct-0.7,T3948,1,stop,523,0,0,0,0,0,0,0,0,0,0,0,0,0,0,0
instruct-0.7,T3949,1,length,700,0,0,0,0,0,0,0,0,0,0,0,0,0,0,0
instruct-0.7,T3950,1,stop,603,0,0,0,0,0,0,0,0,0,0,0,0,0,0,0
instruct-0.7,T3951,1,stop,481,0,0,0,0,0,0,0,0,1,0,0,0,0,0,0
instruct-0.7,T3952,1,length,806,0,0,0,0,0,0,0,0,0,0,0,0,0,0,0
instruct-0.7,T3953,1,stop,782,0,0,0,0,0,0,0,0,0,0,0,0,0,0,0
instruct-0.7,T3954,1,length,796,0,0,0,0,0,0,0,0,0,0,0,0,0,0,0
instruct-0.7,T3955,1,stop,755,0,0,0,0,0,0,0,0,1,0,0,0,0,0,1
instruct-0.7,T3956,1,stop,661,0,0,0,0,0,0,0,0,0,0,0,0,0,0,0
instruct-0.7,T3957,1,stop,713,0,0,0,0,0,0,0,0,0,0,0,0,0,0,0
instruct-0.7,T3958,1,length,581,0,0,0,0,0,0,0,0,0,0,0,0,0,0,0
instruct-0.7,T3959,1,stop,777,0,0,0,0,0,0,0,0,0,0,0,0,1,0,0
instruct-0.7,T3960,1,length,786,0,0,0,0,0,0,0,0,0,0,0,0,0,0,0
instruct-0.7,T3961,1,stop,501,0,0,0,0,0,0,0,0,0,0,0,0,1,0,0
instruct-0.7,T3962,1,stop,518,0,0,0,0,0,0,0,0,1,0,0,0,0,0,0
instruct-0.7,T3963,1,stop,669,0,0,0,0,0,0,0,0,0,0,0,0,0,0,0
instruct-0.7,T3964,1,stop,442,0,0,0,0,0,0,0,0,0,0,0,0,0,0,0
instruct-0.7,T3965,1,stop,705,0,0,0,0,0,0,0,0,2,0,0,0,0,0,0
instruct-0.7,T3966,1,stop,725,0,0,0,0,0,0,1,0,1,0,0,0,0,0,0
instruct-0.7,T3967,1,stop,750,0,0,0,0,0,0,0,0,0,0,0,0,0,0,0
instruct-0.7,T3968,1,stop,392,0,0,0,0,0,0,0,0,1,0,0,0,0,0,0
instruct-0.7,T3969,1,length,726,0,0,0,0,0,0,0,0,0,0,0,0,0,0,0
instruct-0.7,T3970,1,stop,534,0,0,0,0,0,0,1,0,0,0,0,0,0,0,0
instruct-0.7,T3971,1,stop,513,0,0,0,0,0,0,0,0,0,0,0,0,0,0,0
instruct-0.7,T3972,1,stop,721,0,0,0,0,0,0,0,0,0,0,0,0,0,0,0
instruct-0.7,T3973,1,stop,651,0,0,0,0,0,0,0,0,0,0,0,0,0,0,0
instruct-0.7,T3974,1,length,743,0,0,0,0,0,0,0,0,2,0,0,0,0,0,0
instruct-0.7,T3975,1,stop,431,0,0,0,0,0,0,1,0,1,0,0,0,0,0,0
instruct-0.7,T3976,1,length,753,0,0,0,0,0,0,0,0,0,0,0,0,0,0,0
instruct-0.7,T3977,1,stop,486,0,0,0,0,0,0,0,0,0,0,0,0,0,0,0
instruct-0.7,T3978,1,length,764,0,0,1,0,0,0,0,0,1,0,0,0,0,0,0
instruct-0.7,T3979,1,stop,606,0,0,0,0,0,0,0,0,3,0,0,0,0,0,0
instruct-0.7,T3980,1,stop,695,0,0,0,0,0,0,0,0,0,0,0,0,0,0,0
instruct-0.7,T3981,1,stop,421,0,0,0,0,0,0,0,0,0,0,0,0,0,0,0
instruct-0.7,T3982,1,stop,574,0,0,0,0,0,0,0,0,0,0,0,0,0,0,0
instruct-0.7,T3983,1,length,791,0,0,0,0,0,0,0,0,0,0,0,0,0,0,0
instruct-0.7,T3984,1,stop,829,0,0,0,0,0,0,0,0,0,0,0,0,0,0,0
instruct-0.7,T3985,1,stop,755,0,0,0,0,0,0,0,0,0,0,0,0,0,0,0
instruct-0.7,T3986,1,stop,742,0,0,0,0,0,0,0,0,1,0,0,0,0,1,0
instruct-0.7,T3987,1,stop,407,0,0,0,0,0,0,0,0,0,0,0,0,0,0,0
instruct-0.7,T3988,1,stop,823,0,0,0,0,0,0,0,0,1,0,0,0,0,0,0
instruct-0.7,T3989,1,stop,626,0,0,0,0,0,0,0,0,1,0,0,0,0,0,0
instruct-0.7,T3990,1,stop,435,0,0,0,0,0,0,0,0,0,0,0,0,0,0,0
instruct-0.7,T3991,1,stop,629,0,0,0,0,0,0,0,0,2,0,0,0,0,0,0
instruct-0.7,T3992,1,stop,706,0,0,0,0,0,0,0,0,0,0,0,0,0,0,0
instruct-0.7,T3993,1,stop,766,0,0,0,0,0,0,0,0,1,0,0,0,0,0,0
instruct-0.7,T3994,1,stop,417,0,0,0,0,0,0,0,0,0,0,0,0,0,0,0
instruct-0.7,T3995,1,stop,798,0,0,0,0,0,0,0,0,0,0,0,0,0,0,0
instruct-0.7,T3996,1,stop,689,0,0,0,0,0,0,0,0,0,0,0,0,0,0,0
instruct-0.7,T3997,1,stop,502,0,0,0,0,0,0,1,0,2,0,0,0,0,0,0
instruct-0.7,T3998,1,stop,580,0,0,0,0,0,0,0,0,0,0,0,0,0,0,0
instruct-0.7,T3999,1,stop,612,0,0,0,0,0,0,1,0,0,0,0,0,0,0,1
instruct-0.7,T4000,1,stop,502,0,0,0,0,0,0,0,0,0,0,0,0,0,0,0
instruct-1.0,T0001,1,stop,495,0,0,0,0,0,0,0,0,0,0,0,0,0,0,0
instruct-1.0,T0002,1,length,707,0,0,0,0,0,0,0,0,0,0,0,0,0,0,0
instruct-1.0,T0003,1,stop,684,0,0,0,0,0,0,1,0,0,0,0,0,1,0,0
instruct-1.0,T0004,1,stop,534,0,0,0,0,0,0,0,0,0,0,0,0,0,0,0
instruct-1.0,T0005,1,stop,615,0,0,1,0,0,0,0,0,0,0,0,0,0,0,0
instruct-1.0,T0006,1,stop,702,0,0,0,0,0,0,0,0,0,0,0,0,0,0,0
instruct-1.0,T0007,1,stop,728,0,0,0,0,0,0,0,0,0,0,0,0,0,1,0
instruct-1.0,T0008,1,stop,593,0,0,0,0,0,0,0,0,1,0,0,0,0,0,0
instruct-1.0,T0009,1,length,793,0,0,0,0,0,0,0,0,0,0,0,0,0,0,0
instruct-1.0,T0010,1,stop,492,0,0,0,0,0,0,0,0,0,0,0,0,0,0,0
instruct-1.0,T0011,1,stop,644,0,0,0,0,0,0,0,0,0,0,0,0,0,0,0
instruct-1.0,T0012,1,stop,763,0,0,0,0,0,0,0,0,0,0,0,0,0,0,0
instruct-1.0,T0013,1,stop,551,0,0,0,0,0,0,0,0,0,0,0,0,0,0,0
instruct-1.0,T0014,1,stop,655,0,0,0,0,0,0,0,0,0,0,0,0,0,0,0
instruct-1.0,T0015,1,stop,702,0,0,0,0,0,0,0,0,0,0,0,0,1,0,0
instruct-1.0,T0016,1,length,727,0,0,0,0,0,0,0,0,0,0,0,0,0,0,0
instruct-1.0,T0017,1,stop,586,0,0,0,0,0,0,0,0,0,0,0,0,0,0,0
instruct-1.0,T0018,1,stop,466,0,0,0,0,0,0,0,0,0,0,0,0,0,0,0
instruct-1.0,T0019,1,stop,669,0,0,0,0,0,0,0,0,0,0,0,0,0,0,0
instruct-1.0,T0020,1,length,791,0,0,0,0,0,0,0,0,0,0,0,0,0,0,0
instruct-1.0,T0021,1,stop,737,0,0,0,0,0,0,0,0,2,0,0,0,0,0,0
instruct-1.0,T0022,1,stop,628,0,0,0,0,0,0,0,0,1,0,0,0,0,0,0
instruct-1.0,T0023,1,stop,526,0,0,0,0,0,0,0,0,1,0,0,0,0,0,0
instruct-1.0,T0024,1,stop,731,0,0,0,0,0,0,0,0,2,0,0,0,0,0,0
instruct-1.0,T0025,1,stop,713,0,0,0,0,0,0,0,0,0,0,0,0,0,0,0
instruct-1.0,T0026,1,length,744,0,0,0,0,0,0,0,0,0,0,0,0,0,0,0
instruct-1.0,T0027,1,stop,688,0,1,0,0,0,0,0,0,0,0,0,0,0,0,0
instruct-1.0,T0028,1,stop,741,0,0,0,0,0,0,0,0,0,0,0,0,0,0,0
instruct-1.0,T0029,1,stop,441,0,0,0,0,0,0,0,0,1,0,0,0,0,0,0
instruct-1.0,T0030,1,length,740,0,0,0,0,0,0,0,0,0,0,0,0,0,0,0
instruct-1.0,T0031,1,length,731,0,0,1,0,0,0,1,0,0,0,0,0,0,0,0
instruct-1.0,T0032,1,stop,670,0,0,0,0,0,0,0,0,2,0,0,0,0,0,0
instruct-1.0,T0033,1,stop,705,0,0,0,0,0,0,0,0,0,0,0,0,0,0,0
instruct-1.0,T0034,1,length,731,0,0,0,0,0,0,0,0,0,0,0,0,0,1,0
instruct-1.0,T0035,1,stop,763,0,0,0,0,0,0,0,0,0,0,0,0,0,0,0
instruct-1.0,T0036,1,stop,586,0,0,0,0,0,0,0,0,0,0,0,0,0,0,0
instruct-1.0,T0037,1,stop,721,0,0,0,0,0,0,0,0,0,0,0,0,0,0,0
instruct-1.0,T0038,1,stop,402,0,0,0,0,0,0,0,0,1,0,0,0,0,0,0
instruct-1.0,T0039,1,stop,626,0,0,0,0,0,0,0,0,0,0,0,0,0,0,0
instruct-1.0,T0040,1,stop,445,1,0,0,0,0,0,0,0,0,0,0,0,0,0,0
instruct-1.0,T0041,1,stop,555,0,0,0,0,0,0,0,0,0,0,0,0,0,0,0
instruct-1.0,T0042,1,length,787,0,0,0,0,0,0,0,0,1,1,0,0,0,0,0
instruct-1.0,T0043,1,length,641,0,0,0,0,0,0,0,0,0,0,0,0,0,0,0
instruct-1.0,T0044,1,stop,449,0,0,0,0,0,0,0,0,0,0,0,0,0,0,0
instruct-1.0,T0045,1,stop,650,0,0,0,0,0,0,0,0,0,0,0,0,0,0,0
instruct-1.0,T0046,1,stop,785,0,0,0,0,0,0,0,0,1,0,0,0,0,0,0
instruct-1.0,T0047,1,stop,723,0,0,0,0,0,0,0,0,0,0,0,0,0,0,0
instruct-1.0,T0048,1,stop,703,0,0,0,0,0,0,0,0,0,0,0,0,0,0,0
instruct-1.0,T0049,1,stop,481,0,0,0,0,0,0,1,0,0,0,0,0,0,0,0
instruct-1.0,T0050,1,stop,630,0,0,0,0,0,0,0,0,0,0,0,0,0,0,0
instruct-1.0,T0051,1,stop,769,0,0,0,0,0,0,0,0,0,0,0,0,0,0,0
instruct-1.0,T0052,1,length,741,0,0,0,0,0,0,0,0,2,0,0,0,0,0,0
instruct-1.0,T0053,1,stop,777,0,0,0,0,0,0,0,0,0,0,0,0,0,0,0
instruct-1.0,T0054,1,stop,570,0,0,1,0,0,0,0,0,0,0,0,0,0,0,0
instruct-1.0,T0055,1,length,721,0,0,0,0,0,0,0,0,1,0,0,0,0,0,0
instruct-1.0,T0056,1,stop,534,0,0,0,0,0,0,0,0,0,0,0,0,0,0,0
instruct-1.0,T0057,1,length,759,0,0,0,0,0,0,0,0,0,0,0,0,0,0,0
instruct-1.0,T0058,1,length,780,0,0,0,0,0,0,0,0,0,0,0,0,0,0,0
instruct-1.0,T0059,1,length,765,0,0,0,0,0,0,0,0,1,1,0,0,0,0,0
instruct-1.0,T0060,1,stop,594,0,0,0,0,0,0,0,0,0,0,0,0,0,0,0
instruct-1.0,T0061,1,length,686,0,0,0,0,0,0,0,0,0,0,0,0,0,0,0
instruct-1.0,T0062,1,stop,529,0,0,0,0,0,0,0,0,3,0,0,0,0,0,0
instruct-1.0,T0063,1,stop,536,0,0,1,0,0,0,0,0,0,0,0,0,0,0,0
instruct-1.0,T0064,1,length,778,0,0,0,0,0,0,0,1,2,0,0,0,0,0,0
instruct-1.0,T0065,1,stop,764,0,0,0,0,0,0,0,0,0,0,0,0,0,0,0
instruct-1.0,T0066,1,length,759,0,0,0,0,0,0,0,0,0,0,0,0,0,0,0
instruct-1.0,T0067,1,stop,596,1,0,0,0,0,0,0,0,0,0,0,0,1,0,0
instruct-1.0,T0068,1,stop,667,0,0,0,0,0,0,0,0,0,0,0,0,0,0,0
instruct-1.0,T0069,1,length,802,0,0,0,0,0,0,0,0,0,0,0,0,0,0,0
instruct-1.0,T0070,1,stop,671,0,0,0,0,0,0,0,0,0,0,0,0,0,0,0
instruct-1.0,T0071,1,stop,674,0,0,0,0,0,0,0,0,0,0,0,0,0,0,0
instruct-1.0,T0072,1,stop,677,0,0,0,0,0,0,0,0,0,0,0,0,0,0,0
instruct-1.0,T0073,1,stop,438,0,0,0,0,0,0,0,0,1,0,0,0,0,0,0
instruct-1.0,T0074,1,length,780,0,0,0,0,0,0,0,0,0,0,0,0,0,0,0
instruct-1.0,T0075,1,length,678,0,0,0,0,0,0,0,0,0,0,0,0,0,0,0
instruct-1.0,T0076,1,stop,469,0,0,0,0,0,0,0,0,0,0,0,0,0,0,0
instruct-1.0,T0077,1,length,684,0,0,0,0,0,0,0,0,0,0,0,0,0,0,0
instruct-1.0,T0078,1,stop,790,0,0,0,0,0,0,0,0,0,0,0,0,0,0,0
instruct-1.0,T0079,1,length,719,0,0,0,0,0,0,0,0,0,0,0,0,0,0,0
instruct-1.0,T0080,1,length,800,0,0,0,0,0,0,0,0,1,0,0,0,0,0,0
instruct-1.0,T0081,1,stop,619,0,0,0,0,0,0,0,0,0,0,0,0,1,0,0
instruct-1.0,T0082,1,stop,663,0,0,0,0,0,0,0,0,0,0,0,0,0,0,0
instruct-1.0,T0083,1,stop,608,0,0,0,0,0,0,0,0,0,0,0,0,0,0,0
instruct-1.0,T0084,1,stop,582,0,0,0,0,0,0,0,0,0,0,0,0,0,0,0
instruct-1.0,T0085,1,stop,726,0,0,0,0,0,0,0,0,4,1,0,0,0,0,0
instruct-1.0,T0086,1,stop,496,0,0,0,0,0,0,0,0,1,0,0,0,0,0,0
instruct-1.0,T0087,1,length,742,0,0,0,0,0,0,0,0,0,0,0,0,0,0,0
instruct-1.0,T0088,1,stop,594,0,0,0,0,0,0,0,0,0,0,0,0,0,0,0
instruct-1.0,T0089,1,length,716,0,0,0,0,0,0,0,0,1,0,0,0,0,0,0
instruct-1.0,T0090,1,stop,663,0,0,0,0,0,0,1,0,0,0,0,0,0,0,0
instruct-1.0,T0091,1,stop,645,0,0,0,0,0,0,0,0,0,0,0,0,0,0,0
instruct-1.0,T0092,1,length,684,0,0,0,0,0,0,0,0,0,0,0,0,0,0,0
instruct-1.0,T0093,1,stop,577,0,0,0,0,0,0,2,0,0,0,0,0,0,0,0
instruct-1.0,T0094,1,stop,542,0,0,0,0,0,0,0,0,1,0,0,0,0,1,0
instruct-1.0,T0095,1,stop,722,0,0,0,0,0,0,0,0,1,1,0,0,0,0,0
instruct-1.0,T0096,1,length,784,0,0,0,0,0,0,0,0,0,0,0,0,0,0,0
instruct-1.0,T0097,1,length,668,0,0,0,0,0,0,0,0,0,0,0,0,0,0,0
instruct-1.0,T0098,1,stop,531,0,0,0,0,0,0,0,0,0,0,0,0,0,0,0
instruct-1.0,T0099,1,length,760,0,0,0,0,0,0,0,0,0,0,0,0,0,0,0
instruct-1.0,T0100,1,stop,733,0,0,0,0,0,0,0,0,1,0,0,0,0,0,0
instruct-1.0,T0101,1,stop,752,0,0,0,0,0,0,0,0,0,0,0,0,0,0,0
instruct-1.0,T0102,1,length,760,0,0,0,0,0,0,0,0,0,0,0,0,0,0,0
instruct-1.0,T0103,1,stop,741,0,0,0,0,0,0,0,0,1,1,0,0,0,0,0
instruct-1.0,T0104,1,stop,733,0,0,0,0,0,0,0,0,0,0,0,0,0,0,0
instruct-1.0,T0105,1,stop,459,0,0,0,0,0,0,0,0,0,0,0,0,0,0,0
instruct-1.0,T0106,1,stop,398,0,0,0,0,0,0,0,0,0,0,0,0,0,0,0
instruct-1.0,T0107,1,stop,622,0,0,0,0,0,0,0,0,0,0,0,0,0,0,0
instruct-1.0,T0108,1,stop,772,0,0,0,0,0,0,0,0,0,0,0,0,0,0,0
instruct-1.0,T0109,1,stop,768,0,0,0,0,0,0,1,0,2,0,0,0,0,0,0
instruct-1.0,T0110,1,stop,647,0,0,0,0,0,0,0,0,0,0,0,0,0,0,0
instruct-1.0,T0111,1,length,764,0,0,0,0,0,0,0,0,0,0,0,0,0,0,0
instruct-1.0,T0112,1,stop,426,0,0,0,0,0,0,0,0,0,0,0,0,0,0,0
instruct-1.0,T0113,1,stop,640,0,0,0,0,0,0,0,0,0,0,0,0,0,0,0
instruct-1.0,T0114,1,stop,729,0,0,0,0,0,0,0,0,0,0,0,0,0,0,0
instruct-1.0,T0115,1,stop,694,0,0,0,0,0,0,0,0,1,0,0,0,0,0,0
instruct-1.0,T0116,1,stop,659,0,0,0,0,0,0,0,0,0,0,0,0,0,0,0
instruct-1.0,T0117,1,length,710,0,0,0,0,0,0,0,0,0,0,0,0,0,0,0
instruct-1.0,T0118,1,length,793,0,0,0,0,0,0,0,0,0,0,0,0,0,0,0
instruct-1.0,T0119,1,stop,590,0,0,0,0,0,0,0,0,1,0,0,0,0,0,0
instruct-1.0,T0120,1,stop,722,0,0,0,0,0,0,0,0,2,0,0,0,0,0,0
instruct-1.0,T0121,1,stop,745,0,0,0,0,0,0,0,0,0,0,0,0,0,0,0
instruct-1.0,T0122,1,stop,684,0,0,0,0,0,0,0,0,0,0,0,0,0,0,0
instruct-1.0,T0123,1,stop,708,0,0,0,0,0,0,0,0,0,0,0,0,0,0,0
instruct-1.0,T0124,1,stop,719,0,0,0,0,0,0,0,0,1,0,0,0,0,0,0
instruct-1.0,T0125,1,stop,704,0,0,0,0,0,0,0,0,0,0,0,0,0,0,0
instruct-1.0,T0126,1,stop,368,0,0,0,0,0,0,0,0,1,0,0,0,0,0,0
instruct-1.0,T0127,1,stop,724,0,0,0,0,0,0,0,0,0,0,0,0,0,0,0
instruct-1.0,T0128,1,stop,766,0,0,0,0,0,0,0,0,0,0,0,0,0,0,0
instruct-1.0,T0129,1,stop,717,0,0,0,0,0,0,0,0,3,0,0,0,0,0,0
instruct-1.0,T0130,1,length,788,0,0,0,0,0,0,0,0,0,1,0,0,0,0,0
instruct-1.0,T0131,1,stop,591,0,0,0,0,0,0,0,0,0,0,0,0,0,0,0
instruct-1.0,T0132,1,length,787,0,0,0,0,0,0,1,0,1,0,0,0,0,0,0
instruct-1.0,T0133,1,length,826,0,0,0,0,0,0,0,0,0,0,0,0,0,0,0
instruct-1.0,T0134,1,length,697,0,0,0,0,0,0,0,0,0,0,0,0,0,0,0
instruct-1.0,T0135,1,stop,555,0,0,0,0,0,0,0,0,2,0,0,0,0,0,0
instruct-1.0,T0136,1,stop,679,0,0,0,0,0,0,0,0,0,0,0,0,0,0,0
instruct-1.0,T0137,1,stop,661,0,0,0,0,0,0,1,0,0,0,0,0,0,0,0
instruct-1.0,T0138,1,stop,609,0,0,0,0,0,0,0,0,0,0,0,0,0,0,0
instruct-1.0,T0139,1,length,730,0,0,0,0,0,0,0,0,0,0,0,0,0,0,0
instruct-1.0,T0140,1,stop,777,0,0,0,0,0,0,0,0,0,1,0,0,0,0,0
instruct-1.0,T0141,1,stop,698,0,0,0,0,0,0,1,0,1,0,0,0,0,0,0
instruct-1.0,T0142,1,stop,769,0,0,0,0,0,0,0,0,0,0,0,0,0,0,0
instruct-1.0,T0143,1,length,774,0,0,0,0,0,0,0,0,0,0,0,0,0,0,0
instruct-1.0,T0144,1,stop,769,0,0,0,0,0,0,0,0,0,0,0,0,0,0,0
instruct-1.0,T0145,1,stop,515,0,0,0,0,0,0,0,0,1,0,0,0,0,0,0
instruct-1.0,T0146,1,stop,695,0,0,0,0,0,0,0,0,0,0,0,0,0,0,0
instruct-1.0,T0147,1,stop,815,0,0,0,0,0,0,0,0,1,0,0,0,0,0,0
instruct-1.0,T0148,1,stop,673,0,0,0,0,0,0,0,0,0,0,0,0,0,0,0
instruct-1.0,T0149,1,stop,467,0,0,0,0,0,0,0,0,1,0,0,0,0,0,0
instruct-1.0,T0150,1,stop,577,0,0,0,0,0,0,0,0,0,0,0,0,0,0,0
instruct-1.0,T0151,1,stop,686,0,0,0,0,0,0,0,0,0,0,0,0,0,0,0
instruct-1.0,T0152,1,stop,583,1,0,0,0,0,0,0,0,0,0,0,0,0,0,0
instruct-1.0,T0153,1,length,790,0,0,0,0,0,0,0,0,0,0,0,0,0,0,0
instruct-1.0,T0154,1,length,771,0,0,0,0,0,0,1,0,1,0,0,0,0,0,0
instruct-1.0,T0155,1,stop,536,0,0,0,0,0,0,0,0,0,0,0,0,0,0,0
instruct-1.0,T0156,1,stop,614,0,0,0,0,0,0,0,0,1,0,0,0,0,0,0
instruct-1.0,T0157,1,stop,670,0,0,0,0,0,0,0,0,1,0,0,0,0,0,0
instruct-1.0,T0158,1,length,729,0,0,0,0,0,0,0,0,0,0,0,0,0,0,0
instruct-1.0,T0159,1,stop,517,0,0,0,0,0,0,0,0,0,0,0,0,0,0,0
instruct-1.0,T0160,1,stop,643,0,0,1,0,0,0,0,0,0,0,0,0,1,0,0
instruct-1.0,T0161,1,length,807,0,0,0,0,0,0,0,0,0,0,0,0,0,0,0
instruct-1.0,T0162,1,stop,581,0,0,0,0,0,0,0,0,0,0,0,0,0,0,0
instruct-1.0,T0163,1,stop,646,0,0,0,0,0,0,0,0,0,0,0,0,0,0,0
instruct-1.0,T0164,1,length,738,0,0,0,0,0,0,0,0,1,0,0,0,0,0,0
instruct-1.0,T0165,1,stop,733,0,0,0,0,0,0,0,0,0,0,0,0,0,0,0
instruct-1.0,T0166,1,length,693,0,0,0,0,0,0,0,0,0,0,0,0,0,0,0
instruct-1.0,T0167,1,stop,615,0,0,0,0,0,0,0,0,0,0,0,0,0,0,0
instruct-1.0,T0168,1,length,795,0,0,0,0,0,0,0,0,2,0,0,0,1,0,0
instruct-1.0,T0169,1,stop,706,0,0,0,0,0,0,0,0,0,0,0,0,0,0,0
instruct-1.0,T0170,1,length,724,0,0,0,0,0,0,0,0,0,3,0,0,0,0,0
instruct-1.0,T0171,1,length,816,0,0,0,0,0,0,0,0,0,0,0,0,0,0,0
instruct-1.0,T0172,1,length,806,0,1,0,0,0,0,0,0,0,0,0,0,0,0,0
instruct-1.0,T0173,1,stop,609,0,0,0,0,0,0,0,0,0,0,0,0,0,0,0
instruct-1.0,T0174,1,length,757,0,0,0,0,0,0,0,0,0,0,0,0,0,0,0
instruct-1.0,T0175,1,stop,642,0,0,0,0,0,0,2,0,0,0,0,0,0,0,0
instruct-1.0,T0176,1,length,755,0,0,0,0,0,0,0,0,0,0,0,0,0,0,0
instruct-1.0,T0177,1,length,809,0,0,0,0,0,0,0,0,1,0,0,0,0,0,0
instruct-1.0,T0178,1,stop,644,0,0,0,0,0,0,0,0,0,0,0,0,0,0,0
instruct-1.0,T0179,1,stop,784,0,0,0,0,0,0,0,0,0,0,0,0,0,0,0
instruct-1.0,T0180,1,length,745,0,0,0,0,0,0,0,0,1,0,0,0,0,0,0
instruct-1.0,T0181,1,stop,665,0,0,0,0,0,0,0,0,2,0,0,0,0,0,0
instruct-1.0,T0182,1,stop,752,0,0,0,0,0,0,0,0,1,0,0,0,0,0,0
instruct-1.0,T0183,1,stop,544,0,0,0,0,0,0,0,0,0,0,0,0,0,0,0
instruct-1.0,T0184,1,stop,725,0,0,0,0,0,0,0,0,2,0,0,0,0,0,0
instruct-1.0,T0185,1,stop,739,0,0,0,0,0,0,1,0,0,0,0,0,0,0,0
instruct-1.0,T0186,1,stop,654,0,0,0,0,0,0,0,0,0,0,0,0,0,0,0
instruct-1.0,T0187,1,stop,627,0,0,0,0,0,0,0,0,0,0,0,0,0,0,0
instruct-1.0,T0188,1,stop,565,0,0,0,0,0,0,0,0,0,0,0,0,0,0,0
instruct-1.0,T0189,1,stop,659,0,0,0,0,0,0,1,0,0,0,0,0,0,0,0
instruct-1.0,T0190,1,stop,680,0,0,0,0,0,0,0,0,2,0,0,0,0,0,0
instruct-1.0,T0191,1,stop,765,0,0,0,0,0,0,0,0,0,0,0,0,0,0,0
instruct-1.0,T0192,1,stop,689,0,0,0,0,0,0,0,0,1,0,0,0,0,0,0
instruct-1.0,T0193,1,stop,704,0,0,0,0,0,0,0,0,1,0,0,0,0,0,0
instruct-1.0,T0194,1,stop,797,0,0,0,0,0,0,0,0,0,0,0,0,0,0,0
instruct-1.0,T0195,1,stop,416,0,0,0,0,0,0,0,0,0,0,0,0,0,0,0
instruct-1.0,T0196,1,stop,586,0,0,0,0,0,0,0,0,1,0,0,0,0,0,0
instruct-1.0,T0197,1,length,779,0,0,0,0,0,0,0,0,0,0,0,0,0,0,0
instruct-1.0,T0198,1,length,794,0,0,0,0,0,0,0,0,1,0,0,0,0,0,0
instruct-1.0,T0199,1,stop,726,0,0,0,0,0,0,0,0,0,0,0,0,0,0,0
instruct-1.0,T0200,1,stop,629,0,0,0,0,0,0,0,0,1,0,0,0,0,0,0
instruct-1.0,T0201,1,length,697,0,0,0,0,0,0,0,0,0,0,0,0,0,0,0
instruct-1.0,T0202,1,stop,652,0,0,0,0,0,0,0,0,0,0,0,0,0,0,0
instruct-1.0,T0203,1,stop,746,0,1,0,0,0,0,0,0,0,0,0,0,0,0,0
instruct-1.0,T0204,1,stop,676,0,0,0,0,0,0,0,0,0,0,0,0,0,0,0
instruct-1.0,T0205,1,stop,601,0,0,0,0,0,0,0,0,0,0,0,0,0,0,0
instruct-1.0,T0206,1,length,787,0,0,0,0,0,0,0,0,0,0,0,0,0,0,0
instruct-1.0,T0207,1,length,724,0,0,0,0,0,0,0,0,0,0,0,0,0,0,0
instruct-1.0,T0208,1,length,733,0,0,0,0,0,0,1,0,0,0,0,0,0,0,0
instruct-1.0,T0209,1,stop,457,0,0,0,0,0,0,0,0,0,0,0,0,0,0,0
instruct-1.0,T0210,1,stop,555,0,0,0,0,0,0,0,0,0,0,0,0,0,0,0
instruct-1.0,T0211,1,stop,685,0,0,0,0,0,0,0,0,0,0,0,0,0,0,0
instruct-1.0,T0212,1,stop,640,0,0,0,0,0,0,0,0,1,0,0,0,1,0,0
instruct-1.0,T0213,1,stop,725,0,0,0,0,0,0,0,0,0,0,0,0,0,0,0
instruct-1.0,T0214,1,stop,532,0,0,0,0,0,0,0,0,0,0,0,0,0,0,0
instruct-1.0,T0215,1,stop,597,0,0,0,0,0,0,0,0,0,0,0,0,0,0,0
instruct-1.0,T0216,1,length,725,0,0,0,0,0,0,0,0,2,0,0,0,0,0,0
instruct-1.0,T0217,1,stop,698,0,0,0,0,0,0,0,0,1,0,0,0,0,0,0
instruct-1.0,T0218,1,stop,581,0,0,0,0,0,0,0,0,1,0,0,0,0,0,0
instruct-1.0,T0219,1,stop,658,0,0,0,0,0,0,0,0,0,0,0,0,0,0,0
instruct-1.0,T0220,1,stop,697,0,0,0,0,0,0,0,0,1,0,0,0,0,0,0
instruct-1.0,T0221,1,length,779,0,0,0,0,0,0,0,0,0,0,0,0,0,0,0
instruct-1.0,T0222,1,stop,772,0,0,0,0,0,0,0,0,0,0,0,0,0,0,0
instruct-1.0,T0223,1,stop,643,0,0,0,0,0,0,0,0,0,0,0,0,0,0,0
instruct-1.0,T0224,1,stop,590,0,0,0,0,0,0,0,0,1,0,0,0,0,0,0
instruct-1.0,T0225,1,length,727,0,0,0,0,0,0,0,0,0,0,0,0,0,0,0
instruct-1.0,T0226,1,stop,534,0,0,0,0,0,0,1,0,1,0,0,0,0,0,0
instruct-1.0,T0227,1,length,728,0,0,0,0,0,0,0,0,1,0,0,0,0,0,0
instruct-1.0,T0228,1,stop,522,0,0,0,0,0,0,0,0,1,0,0,0,0,0,0
instruct-1.0,T0229,1,stop,681,0,0,0,0,0,0,0,0,0,0,0,0,0,0,0
instruct-1.0,T0230,1,stop,595,0,0,0,0,0,0,0,0,0,0,0,0,0,0,0
instruct-1.0,T0231,1,stop,588,0,0,0,0,0,0,0,0,0,0,0,0,0,0,0
instruct-1.0,T0232,1,stop,731,0,0,0,0,0,0,0,0,0,0,0,0,1,0,0
instruct-1.0,T0233,1,stop,557,0,0,0,0,0,0,0,0,0,0,0,0,0,0,0
instruct-1.0,T0234,1,stop,599,0,0,0,0,0,0,0,0,0,0,0,0,0,0,0
instruct-1.0,T0235,1,stop,459,0,0,0,0,0,0,0,0,0,0,0,0,0,0,0
instruct-1.0,T0236,1,stop,737,0,0,0,0,0,0,1,0,0,0,0,0,0,0,0
instruct-1.0,T0237,1,stop,775,0,0,0,0,0,0,0,0,0,0,0,0,0,0,0
instruct-1.0,T0238,1,stop,673,0,0,0,0,0,0,0,0,0,0,0,0,0,0,0
instruct-1.0,T0239,1,length,721,0,0,0,0,0,0,0,0,0,0,0,0,0,0,0
instruct-1.0,T0240,1,length,748,0,0,0,0,0,0,0,0,0,0,0,0,0,0,0
instruct-1.0,T0241,1,stop,643,0,0,0,0,0,0,0,0,0,0,0,0,0,0,0
instruct-1.0,T0242,1,length,704,0,0,0,0,0,0,0,0,0,0,0,0,0,0,0
instruct-1.0,T0243,1,stop,769,0,0,0,0,0,0,1,0,0,0,0,0,0,0,0
instruct-1.0,T0244,1,stop,689,0,0,0,0,0,0,0,0,0,0,0,0,0,0,0
instruct-1.0,T0245,1,stop,621,0,0,0,0,0,0,0,0,0,0,0,0,0,0,0
instruct-1.0,T0246,1,stop,647,0,0,0,0,0,0,0,0,0,0,0,0,0,0,0
instruct-1.0,T0247,1,stop,695,0,0,0,0,0,0,0,0,0,0,0,0,0,0,0
instruct-1.0,T0248,1,stop,560,0,0,0,0,0,0,0,0,0,0,0,0,0,0,0
instruct-1.0,T0249,1,length,711,0,0,0,0,0,0,0,0,0,0,0,0,0,0,0
instruct-1.0,T0250,1,length,757,0,0,0,0,0,0,0,0,0,0,0,0,0,0,0
instruct-1.0,T0251,1,stop,699,0,0,0,0,0,0,0,0,2,0,0,0,0,0,0
instruct-1.0,T0252,1,stop,521,0,0,0,0,0,0,0,0,0,1,0,0,0,0,0
instruct-1.0,T0253,1,stop,594,0,0,0,0,0,0,0,0,0,1,0,0,0,0,0
instruct-1.0,T0254,1,length,789,0,0,0,0,0,0,0,0,0,0,0,0,1,0,0
instruct-1.0,T0255,1,stop,650,0,0,0,0,0,0,0,0,0,0,0,0,0,0,0
instruct-1.0,T0256,1,length,785,0,0,0,0,0,0,0,0,0,0,0,0,0,0,0
instruct-1.0,T0257,1,stop,504,0,0,0,0,0,0,0,0,0,0,0,0,0,0,0
instruct-1.0,T0258,1,length,731,0,0,0,0,0,0,0,0,0,0,0,0,0,0,0
instruct-1.0,T0259,1,stop,672,0,0,0,0,0,0,0,0,1,0,0,0,0,0,0
instruct-1.0,T0260,1,stop,467,0,0,0,0,0,0,0,0,1,0,0,0,0,0,0
instruct-1.0,T0261,1,stop,716,0,0,0,0,0,0,0,0,0,0,0,0,0,0,0
instruct-1.0,T0262,1,stop,518,0,0,0,0,0,0,0,0,0,0,0,0,0,0,0
instruct-1.0,T0263,1,stop,791,0,0,0,0,0,0,0,0,0,0,0,0,0,0,0
instruct-1.0,T0264,1,stop,468,0,0,0,0,0,0,0,0,1,0,0,0,0,0,0
instruct-1.0,T0265,1,stop,643,0,0,0,0,0,0,0,0,1,0,0,0,0,0,0
instruct-1.0,T0266,1,stop,780,0,0,0,0,0,0,0,0,0,0,0,0,0,0,0
instruct-1.0,T0267,1,stop,505,0,0,0,0,0,0,0,0,0,0,0,0,0,0,0
instruct-1.0,T0268,1,stop,648,0,0,0,0,0,0,0,0,1,0,0,0,0,0,0
instruct-1.0,T0269,1,stop,543,0,0,0,0,0,0,0,0,0,0,0,0,0,0,0
instruct-1.0,T0270,1,stop,703,0,0,0,0,0,0,0,1,1,0,0,0,0,0,0
instruct-1.0,T0271,1,stop,561,0,0,0,0,0,0,0,0,0,0,0,0,0,0,0
instruct-1.0,T0272,1,length,771,0,0,1,0,0,0,0,0,0,0,0,0,0,0,0
instruct-1.0,T0273,1,stop,761,0,0,0,0,0,0,0,0,0,0,0,0,0,0,0
instruct-1.0,T0274,1,length,776,0,0,0,0,0,0,0,0,0,0,0,0,0,0,0
instruct-1.0,T0275,1,stop,634,0,0,0,0,0,0,0,0,0,0,0,0,0,0,0
instruct-1.0,T0276,1,stop,700,0,0,0,0,0,0,0,0,0,0,0,0,0,0,0
instruct-1.0,T0277,1,stop,693,0,0,0,0,0,0,0,0,1,0,0,0,0,0,0
instruct-1.0,T0278,1,stop,632,0,0,0,0,0,0,0,0,0,0,0,0,0,0,0
instruct-1.0,T0279,1,length,758,0,0,0,0,0,0,0,0,0,0,0,0,0,0,0
instruct-1.0,T0280,1,stop,717,0,0,0,0,0,0,0,0,0,0,0,0,0,0,0
instruct-1.0,T0281,1,length,772,0,0,0,0,0,0,0,0,0,0,0,0,0,0,0
instruct-1.0,T0282,1,length,730,0,0,0,0,0,0,0,0,0,0,0,0,0,0,0
instruct-1.0,T0283,1,stop,531,0,0,0,0,0,0,0,0,0,0,0,0,0,0,0
instruct-1.0,T0284,1,length,761,0,0,0,0,0,0,0,0,0,1,0,0,0,0,0
instruct-1.0,T0285,1,length,758,0,0,0,0,0,0,0,0,1,0,0,0,0,0,0
instruct-1.0,T0286,1,stop,621,0,0,0,0,0,0,0,0,0,0,0,0,0,0,0
instruct-1.0,T0287,1,stop,493,0,0,0,0,0,0,0,0,0,0,0,0,0,0,0
instruct-1.0,T0288,1,stop,337,0,0,0,0,0,0,0,0,0,0,0,0,0,0,0
instruct-1.0,T0289,1,stop,582,0,0,0,0,0,0,0,0,0,0,0,0,0,0,0
instruct-1.0,T0290,1,stop,705,0,0,0,0,0,0,0,0,0,0,0,0,0,0,0
instruct-1.0,T0291,1,stop,426,0,0,0,0,0,0,0,0,0,0,0,0,1,0,0
instruct-1.0,T0292,1,stop,722,0,0,0,0,0,0,0,0,0,0,0,0,0,0,0
instruct-1.0,T0293,1,stop,733,0,0,0,0,0,0,0,0,0,0,0,0,0,0,0
instruct-1.0,T0294,1,length,726,0,0,0,0,0,0,0,0,0,0,0,0,0,0,0
instruct-1.0,T0295,1,length,796,0,0,0,0,0,0,0,0,0,0,0,0,0,0,0
instruct-1.0,T0296,1,length,811,0,0,0,0,0,0,0,0,1,0,0,0,0,0,0
instruct-1.0,T0297,1,stop,734,0,0,0,0,0,0,1,0,0,0,0,0,0,0,0
instruct-1.0,T0298,1,stop,709,0,0,0,0,0,0,0,0,0,0,0,0,0,0,0
instruct-1.0,T0299,1,stop,601,0,0,0,0,0,0,0,0,0,0,0,0,0,0,0
instruct-1.0,T0300,1,stop,444,0,0,0,0,0,0,0,0,0,0,0,0,1,0,0
instruct-1.0,T0301,1,stop,695,0,0,0,0,0,0,0,0,1,0,0,0,0,0,0
instruct-1.0,T0302,1,stop,732,0,0,0,0,0,0,0,0,0,0,0,0,0,0,0
instruct-1.0,T0303,1,length,766,0,0,0,0,0,0,0,0,0,0,0,0,0,0,0
instruct-1.0,T0304,1,stop,585,0,0,0,0,0,0,0,0,0,0,0,0,0,0,0
instruct-1.0,T0305,1,stop,665,0,0,0,0,0,0,0,0,1,0,0,0,0,0,0
instruct-1.0,T0306,1,stop,668,0,0,0,0,0,0,0,0,0,0,0,0,0,0,0
instruct-1.0,T0307,1,stop,515,0,0,0,0,0,0,0,0,0,0,0,0,0,0,0
instruct-1.0,T0308,1,stop,472,0,0,0,0,0,0,1,0,0,0,0,0,0,0,0
instruct-1.0,T0309,1,stop,612,0,0,0,0,0,0,0,0,1,0,0,0,0,0,0
instruct-1.0,T0310,1,stop,634,0,0,0,0,0,0,0,0,1,0,0,0,0,0,0
instruct-1.0,T0311,1,stop,365,0,0,0,0,0,0,0,0,0,0,0,0,0,0,0
instruct-1.0,T0312,1,stop,733,0,0,0,0,0,0,0,0,3,0,0,0,0,0,0
instruct-1.0,T0313,1,stop,723,0,0,0,0,0,0,1,1,2,0,0,0,0,0,0
instruct-1.0,T0314,1,stop,554,0,0,0,0,0,0,0,0,0,0,0,0,0,0,0
instruct-1.0,T0315,1,stop,628,0,0,0,0,0,0,0,0,1,0,0,0,0,0,0
instruct-1.0,T0316,1,length,731,0,0,0,0,0,0,0,0,0,0,0,0,0,0,0
instruct-1.0,T0317,1,stop,763,0,0,0,0,0,0,0,0,0,0,0,0,0,0,0
instruct-1.0,T0318,1,length,761,0,0,0,0,0,0,0,0,0,0,0,0,0,0,0
instruct-1.0,T0319,1,length,696,0,0,0,0,0,0,0,0,0,0,0,0,0,0,0
instruct-1.0,T0320,1,length,751,0,0,0,0,0,0,0,0,0,0,0,0,0,0,0
instruct-1.0,T0321,1,stop,746,0,0,0,0,0,0,0,0,0,0,0,0,0,0,0
instruct-1.0,T0322,1,length,774,0,0,0,0,0,0,0,0,0,0,0,0,0,0,0
instruct-1.0,T0323,1,stop,690,0,0,0,0,0,0,0,0,1,0,0,0,0,0,0
instruct-1.0,T0324,1,length,817,0,0,0,0,0,0,0,0,2,0,0,0,1,0,0
instruct-1.0,T0325,1,stop,638,0,0,0,0,0,0,1,0,0,0,0,0,1,0,0
instruct-1.0,T0326,1,stop,546,0,0,0,0,0,0,0,0,0,0,0,0,0,0,0
instruct-1.0,T0327,1,stop,492,0,0,0,0,0,0,0,0,1,0,0,0,1,0,0
instruct-1.0,T0328,1,length,664,0,0,0,0,0,0,0,0,0,0,0,0,0,0,0
instruct-1.0,T0329,1,length,758,0,0,0,0,0,0,0,0,0,0,0,0,0,0,0
instruct-1.0,T0330,1,stop,715,0,0,0,0,0,0,0,0,0,0,0,0,0,0,0
instruct-1.0,T0331,1,stop,732,0,0,0,0,0,0,0,0,0,0,0,0,0,0,0
instruct-1.0,T0332,1,stop,639,0,0,0,0,0,0,0,0,0,0,0,0,0,0,0
instruct-1.0,T0333,1,stop,647,0,0,1,0,0,0,0,0,1,0,0,0,0,0,0
instruct-1.0,T0334,1,length,380,0,0,0,0,0,0,0,0,1,0,0,0,0,0,0
instruct-1.0,T0335,1,length,778,1,0,0,0,0,0,0,0,0,0,0,0,0,0,0
instruct-1.0,T0336,1,stop,344,0,0,0,0,0,0,0,0,0,0,0,0,0,0,0
instruct-1.0,T0337,1,stop,531,0,0,0,0,0,0,0,0,0,0,0,0,0,0,0
instruct-1.0,T0338,1,length,782,0,0,0,0,0,0,0,0,0,0,0,0,0,0,0
instruct-1.0,T0339,1,stop,772,0,0,0,0,0,0,0,0,0,0,0,0,0,0,0
instruct-1.0,T0340,1,stop,606,0,0,0,0,0,0,0,0,0,0,0,0,0,0,0
instruct-1.0,T0341,1,stop,624,0,0,0,0,0,0,0,0,0,0,0,0,0,0,0
instruct-1.0,T0342,1,length,745,0,0,0,0,0,0,0,0,0,0,0,0,0,0,0
instruct-1.0,T0343,1,stop,478,0,0,0,0,0,0,0,0,1,0,0,0,0,0,0
instruct-1.0,T0344,1,stop,365,0,0,0,0,0,0,0,0,0,0,0,0,0,0,0
instruct-1.0,T0345,1,stop,693,0,0,0,0,0,0,0,0,1,0,0,0,1,0,0
instruct-1.0,T0346,1,stop,736,0,0,0,0,0,0,0,0,1,1,0,0,0,0,0
instruct-1.0,T0347,1,length,762,0,0,0,0,0,0,0,0,0,0,0,0,0,0,0
instruct-1.0,T0348,1,stop,642,0,0,0,0,0,0,0,0,0,0,0,0,0,0,0
instruct-1.0,T0349,1,stop,610,0,0,0,0,0,0,0,0,1,0,0,0,0,0,0
instruct-1.0,T0350,1,length,762,0,0,0,0,0,0,0,0,0,0,0,0,0,0,0
instruct-1.0,T0351,1,stop,590,0,0,0,0,0,0,0,0,0,0,0,0,0,0,0
instruct-1.0,T0352,1,length,786,0,0,0,0,0,0,0,0,0,0,0,0,0,0,0
instruct-1.0,T0353,1,stop,571,0,0,0,0,0,0,0,0,0,0,0,0,0,0,0
instruct-1.0,T0354,1,length,782,0,0,0,0,0,0,1,0,0,0,0,0,0,0,0
instruct-1.0,T0355,1,stop,520,0,0,0,0,0,0,1,0,0,0,0,0,0,0,0
instruct-1.0,T0356,1,stop,635,0,0,0,0,0,0,0,0,0,0,0,0,0,0,0
instruct-1.0,T0357,1,stop,792,0,0,0,0,0,0,0,0,0,0,0,0,0,0,0
instruct-1.0,T0358,1,stop,727,0,0,0,0,0,0,0,0,0,0,0,0,0,0,0
instruct-1.0,T0359,1,length,778,0,0,0,0,0,0,0,0,0,0,0,0,0,0,0
instruct-1.0,T0360,1,stop,732,0,0,0,0,0,0,0,0,1,0,0,0,0,0,0
instruct-1.0,T0361,1,stop,678,0,0,0,0,0,0,0,0,0,0,0,0,0,0,0
instruct-1.0,T0362,1,stop,669,0,0,0,0,0,0,0,0,0,0,0,0,0,0,0
instruct-1.0,T0363,1,stop,728,0,0,0,0,0,0,0,0,1,0,0,0,0,0,0
instruct-1.0,T0364,1,stop,784,0,0,0,0,0,0,0,0,0,0,0,0,0,0,0
instruct-1.0,T0365,1,length,750,0,0,0,0,0,0,0,0,0,0,0,0,0,0,0
instruct-1.0,T0366,1,stop,729,0,0,0,0,0,0,1,0,1,0,0,0,0,0,0
instruct-1.0,T0367,1,stop,562,0,0,0,0,0,0,0,0,0,0,0,0,0,0,0
instruct-1.0,T0368,1,stop,550,0,0,1,0,0,0,0,0,0,0,0,0,0,0,0
instruct-1.0,T0369,1,length,826,0,0,1,0,0,0,0,0,0,0,0,0,0,0,0
instruct-1.0,T0370,1,stop,738,0,0,0,0,0,0,0,0,0,0,0,0,0,0,0
instruct-1.0,T0371,1,stop,656,0,0,0,0,0,0,0,0,0,0,0,0,0,0,0
instruct-1.0,T0372,1,stop,614,0,0,0,0,0,0,0,0,0,0,0,0,0,0,0
instruct-1.0,T0373,1,stop,759,0,0,0,0,0,0,0,0,0,0,0,0,0,0,0
instruct-1.0,T0374,1,length,738,0,0,0,0,0,0,0,0,1,0,0,0,1,0,0
instruct-1.0,T0375,1,stop,403,1,0,0,0,0,0,0,0,0,0,0,0,0,0,0
instruct-1.0,T0376,1,length,789,0,0,0,0,0,0,0,0,1,0,0,0,0,0,0
instruct-1.0,T0377,1,stop,767,0,0,0,0,0,0,0,0,0,0,0,0,0,0,1
instruct-1.0,T0378,1,stop,704,0,0,0,0,0,0,0,0,1,0,0,0,0,0,0
instruct-1.0,T0379,1,length,810,0,0,1,0,0,0,0,0,0,0,0,0,0,0,0
instruct-1.0,T0380,1,stop,286,0,0,1,0,0,0,0,0,0,0,0,0,0,0,0
instruct-1.0,T0381,1,length,750,0,0,0,0,0,0,0,0,0,0,0,0,0,0,0
instruct-1.0,T0382,1,length,718,0,0,0,0,0,0,0,0,0,0,0,0,0,0,0
instruct-1.0,T0383,1,stop,667,0,0,0,0,0,0,0,0,1,0,0,0,0,0,0
instruct-1.0,T0384,1,length,718,1,0,0,0,0,0,0,0,0,0,0,0,0,0,0
instruct-1.0,T0385,1,stop,752,0,0,0,0,0,0,0,0,1,0,0,0,0,0,0
instruct-1.0,T0386,1,length,745,0,0,0,0,0,0,0,0,0,0,0,0,0,0,0
instruct-1.0,T0387,1,stop,765,0,0,0,0,0,0,0,0,0,0,0,0,0,0,0
instruct-1.0,T0388,1,stop,744,0,0,0,0,0,0,0,0,0,0,0,0,0,0,0
instruct-1.0,T0389,1,stop,540,0,0,0,0,0,0,0,0,0,0,0,0,0,0,0
instruct-1.0,T0390,1,length,791,0,0,0,0,0,0,1,0,0,0,0,0,0,0,0
instruct-1.0,T0391,1,stop,649,0,0,0,0,0,0,0,0,1,0,0,0,0,0,0
instruct-1.0,T0392,1,stop,566,0,0,0,0,0,0,0,0,1,0,0,0,0,0,0
instruct-1.0,T0393,1,stop,665,0,0,0,0,0,0,0,0,0,0,0,0,0,0,0
instruct-1.0,T0394,1,stop,677,0,0,0,0,0,0,0,0,1,0,0,0,0,0,0
instruct-1.0,T0395,1,stop,566,0,0,0,0,0,0,0,0,0,0,0,0,0,0,0
instruct-1.0,T0396,1,stop,624,0,0,0,0,0,0,0,0,0,0,0,0,0,0,0
instruct-1.0,T0397,1,length,736,0,0,0,0,0,0,0,0,0,0,0,0,0,0,0
instruct-1.0,T0398,1,stop,715,0,0,0,0,0,0,0,0,0,0,0,0,0,0,0
instruct-1.0,T0399,1,length,772,0,0,0,0,0,0,0,0,0,1,0,0,0,0,0
instruct-1.0,T0400,1,length,766,0,0,0,0,0,0,0,0,0,0,0,0,0,0,0
instruct-1.0,T0401,1,stop,488,0,0,0,0,0,0,0,0,0,0,0,0,0,0,0
instruct-1.0,T0402,1,stop,725,0,0,0,0,0,0,0,0,0,0,0,0,0,0,0
instruct-1.0,T0403,1,length,846,0,0,0,0,0,0,0,0,0,0,0,0,0,0,0
instruct-1.0,T0404,1,length,761,0,0,1,0,0,0,0,0,1,0,0,0,0,0,0
instruct-1.0,T0405,1,stop,738,0,0,0,0,0,0,0,0,2,0,0,0,0,0,0
instruct-1.0,T0406,1,stop,694,0,0,0,0,0,0,0,0,3,0,0,0,0,0,0
instruct-1.0,T0407,1,stop,783,0,0,0,0,0,0,0,0,0,1,0,0,0,0,0
instruct-1.0,T0408,1,length,717,0,0,0,0,0,0,0,0,0,0,0,0,0,0,0
instruct-1.0,T0409,1,length,725,0,0,0,0,0,0,0,0,1,0,0,0,0,0,0
instruct-1.0,T0410,1,stop,600,0,0,0,0,0,0,0,0,0,0,0,0,0,0,0
instruct-1.0,T0411,1,stop,482,0,0,0,0,0,0,0,0,0,0,0,0,0,0,0
instruct-1.0,T0412,1,stop,443,0,0,0,0,0,0,0,0,0,0,0,0,1,0,0
instruct-1.0,T0413,1,stop,660,0,0,0,0,0,0,0,0,2,0,0,0,0,0,0
instruct-1.0,T0414,1,stop,474,0,0,0,0,0,0,0,0,0,0,0,0,0,0,0
instruct-1.0,T0415,1,stop,664,0,1,0,0,0,0,0,0,0,0,0,0,0,0,0
instruct-1.0,T0416,1,length,734,0,0,0,0,0,0,0,0,0,0,0,0,0,0,0
instruct-1.0,T0417,1,length,759,0,0,0,0,0,0,0,0,0,0,0,0,0,0,0
instruct-1.0,T0418,1,length,751,0,0,0,0,0,0,0,0,0,0,0,0,0,0,0
instruct-1.0,T0419,1,length,786,0,0,0,0,0,0,0,0,0,0,0,0,0,0,0
instruct-1.0,T0420,1,stop,594,0,0,0,0,0,0,0,0,0,0,0,0,0,0,0
instruct-1.0,T0421,1,stop,748,0,0,0,0,0,0,1,0,0,0,0,0,0,0,0
instruct-1.0,T0422,1,length,707,0,0,0,0,0,0,0,0,0,0,0,0,0,0,0
instruct-1.0,T0423,1,stop,755,0,0,0,0,0,0,0,0,0,0,0,0,0,0,0
instruct-1.0,T0424,1,stop,512,0,0,0,0,0,0,0,0,0,0,0,0,0,0,0
instruct-1.0,T0425,1,length,686,0,0,0,0,0,0,0,0,2,0,0,0,0,0,0
instruct-1.0,T0426,1,stop,612,0,0,0,0,0,0,0,0,0,0,0,0,0,0,0
instruct-1.0,T0427,1,stop,650,0,0,0,0,0,0,0,0,2,0,0,0,0,0,0
instruct-1.0,T0428,1,length,786,1,0,0,0,0,0,1,0,0,0,0,0,1,0,0
instruct-1.0,T0429,1,stop,663,0,0,0,0,0,0,0,0,0,0,0,0,0,0,0
instruct-1.0,T0430,1,length,814,0,0,0,0,0,0,0,0,0,0,0,0,0,0,0
instruct-1.0,T0431,1,length,640,0,0,1,0,0,0,0,0,0,0,0,0,0,0,0
instruct-1.0,T0432,1,stop,484,0,0,0,0,0,0,1,0,0,0,0,0,0,0,0
instruct-1.0,T0433,1,stop,647,0,0,0,0,0,0,0,0,0,0,0,0,0,0,0
instruct-1.0,T0434,1,length,755,0,0,0,0,0,0,0,0,0,0,0,0,0,0,0
instruct-1.0,T0435,1,length,733,0,0,0,0,0,0,0,0,0,0,0,0,0,0,0
instruct-1.0,T0436,1,stop,652,0,0,0,0,0,0,0,0,0,0,0,0,0,0,0
instruct-1.0,T0437,1,length,720,0,0,0,0,0,0,0,0,1,0,0,0,0,0,0
instruct-1.0,T0438,1,stop,667,0,0,0,0,0,0,0,0,1,0,0,0,0,0,0
instruct-1.0,T0439,1,stop,734,0,0,0,0,0,0,0,0,0,0,0,0,0,0,0
instruct-1.0,T0440,1,stop,595,0,0,0,0,0,0,1,0,1,0,0,0,0,0,0
instruct-1.0,T0441,1,stop,703,0,0,0,0,0,0,0,0,0,0,0,0,0,0,0
instruct-1.0,T0442,1,length,777,0,0,0,0,0,0,0,0,0,0,0,0,0,0,0
instruct-1.0,T0443,1,stop,629,0,0,0,0,0,0,0,0,0,0,0,0,0,0,0
instruct-1.0,T0444,1,stop,731,0,0,0,0,0,0,0,0,2,0,0,0,0,0,0
instruct-1.0,T0445,1,length,787,0,0,0,0,0,0,0,0,0,0,0,0,0,0,0
instruct-1.0,T0446,1,length,794,0,0,0,0,0,0,0,0,0,0,0,0,0,0,0
instruct-1.0,T0447,1,length,628,0,0,1,0,0,0,0,0,0,0,0,0,0,0,0
instruct-1.0,T0448,1,stop,811,0,0,0,0,0,0,0,0,0,0,0,0,0,0,0
instruct-1.0,T0449,1,stop,721,0,0,0,0,0,0,0,0,1,0,0,0,1,0,0
instruct-1.0,T0450,1,stop,739,0,0,0,0,0,0,0,0,0,0,0,0,0,0,0
instruct-1.0,T0451,1,stop,735,0,0,0,0,0,0,0,0,1,0,0,0,0,0,0
instruct-1.0,T0452,1,length,820,1,0,0,0,0,0,0,0,1,0,0,0,1,0,0
instruct-1.0,T0453,1,stop,741,0,0,0,0,0,0,0,0,0,0,0,0,0,0,0
instruct-1.0,T0454,1,stop,575,0,0,1,0,0,0,0,0,0,0,0,0,0,0,0
instruct-1.0,T0455,1,stop,676,0,0,0,0,0,0,0,0,0,0,0,0,0,0,0
instruct-1.0,T0456,1,stop,580,0,0,0,0,0,0,0,0,1,0,0,0,0,0,0
instruct-1.0,T0457,1,length,701,0,0,0,0,0,0,0,0,0,0,0,0,0,0,0
instruct-1.0,T0458,1,length,722,0,0,0,0,0,0,0,0,0,0,0,0,0,0,0
instruct-1.0,T0459,1,length,787,1,0,0,0,0,0,0,0,0,0,0,0,0,0,0
instruct-1.0,T0460,1,length,818,0,0,0,0,0,0,0,0,1,0,0,0,0,0,0
instruct-1.0,T0461,1,length,734,0,0,1,0,0,0,0,0,0,0,0,0,0,0,0
instruct-1.0,T0462,1,stop,718,0,0,0,0,0,0,0,0,1,0,0,0,0,0,0
instruct-1.0,T0463,1,stop,791,0,0,0,0,0,0,0,0,2,0,0,0,0,0,0
instruct-1.0,T0464,1,length,634,0,0,0,0,0,0,0,0,0,0,0,0,0,0,0
instruct-1.0,T0465,1,stop,709,0,0,0,0,0,0,1,0,0,0,0,0,0,0,0
instruct-1.0,T0466,1,stop,664,0,0,0,0,0,0,0,0,0,0,0,0,0,0,0
instruct-1.0,T0467,1,length,797,0,0,0,0,0,0,0,0,1,0,0,0,0,0,0
instruct-1.0,T0468,1,stop,433,0,0,0,0,0,0,0,0,0,0,0,0,0,0,0
instruct-1.0,T0469,1,stop,475,0,0,0,0,0,0,0,0,0,0,0,0,0,1,0
instruct-1.0,T0470,1,stop,704,0,0,0,0,0,0,0,0,2,0,0,0,0,0,0
instruct-1.0,T0471,1,stop,415,0,0,0,0,0,0,0,0,0,0,0,0,0,0,0
instruct-1.0,T0472,1,stop,712,0,0,0,0,0,0,0,0,1,0,0,0,0,0,0
instruct-1.0,T0473,1,stop,549,0,0,0,0,0,0,0,0,0,0,0,0,0,1,0
instruct-1.0,T0474,1,length,779,0,0,0,0,0,0,0,0,1,0,0,0,0,0,0
instruct-1.0,T0475,1,stop,744,0,0,0,0,0,0,0,0,1,0,0,0,0,0,0
instruct-1.0,T0476,1,stop,548,0,0,0,0,0,0,0,0,0,0,0,0,0,0,0
instruct-1.0,T0477,1,stop,115,0,0,0,0,0,0,0,0,0,0,0,0,0,0,0
instruct-1.0,T0478,1,stop,577,0,0,0,0,0,0,0,0,1,0,0,0,0,0,0
instruct-1.0,T0479,1,stop,413,0,0,0,0,0,0,0,0,0,0,0,0,0,0,0
instruct-1.0,T0480,1,length,781,0,0,0,0,0,0,0,0,0,0,0,0,0,0,0
instruct-1.0,T0481,1,stop,677,0,0,0,0,0,0,0,0,0,0,0,0,0,0,0
instruct-1.0,T0482,1,length,741,0,0,1,0,0,0,0,0,0,0,0,0,0,0,0
instruct-1.0,T0483,1,stop,697,0,0,0,0,0,0,0,0,0,0,0,0,0,0,0
instruct-1.0,T0484,1,stop,721,0,0,0,0,0,0,0,0,0,0,0,0,0,0,0
instruct-1.0,T0485,1,length,673,0,0,0,0,0,0,0,0,0,0,0,0,0,0,0
instruct-1.0,T0486,1,stop,684,0,0,0,0,0,0,1,0,0,0,0,0,0,0,0
instruct-1.0,T0487,1,stop,596,0,0,0,0,0,0,0,0,0,0,0,0,0,0,0
instruct-1.0,T0488,1,length,806,0,0,1,0,0,0,0,0,0,0,0,0,0,0,0
instruct-1.0,T0489,1,stop,759,0,0,1,0,0,0,0,0,1,0,0,0,0,1,0
instruct-1.0,T0490,1,length,647,0,0,0,0,0,0,0,0,0,0,0,0,0,0,0
instruct-1.0,T0491,1,stop,717,0,0,0,0,0,0,0,0,0,0,0,0,0,0,0
instruct-1.0,T0492,1,stop,686,0,0,0,0,0,0,0,0,0,0,0,0,0,0,0
instruct-1.0,T0493,1,stop,601,0,0,0,0,0,0,0,0,1,0,0,0,0,0,0
instruct-1.0,T0494,1,stop,518,0,0,0,0,0,0,0,0,0,0,0,0,0,0,0
instruct-1.0,T0495,1,stop,588,0,0,0,0,0,0,0,0,0,0,0,0,0,0,0
instruct-1.0,T0496,1,length,728,0,0,0,0,0,0,0,0,0,0,0,0,0,0,0
instruct-1.0,T0497,1,stop,581,0,0,1,0,0,0,1,0,1,0,0,0,0,0,0
instruct-1.0,T0498,1,stop,668,0,0,0,0,0,0,0,0,0,0,0,0,0,0,0
instruct-1.0,T0499,1,stop,406,0,0,0,0,0,0,0,0,0,0,0,0,0,0,0
instruct-1.0,T0500,1,stop,703,0,0,0,0,0,0,0,0,1,0,0,0,0,0,0
instruct-1.0,T0501,1,stop,740,0,0,0,0,0,0,0,0,0,0,0,0,0,0,0
instruct-1.0,T0502,1,stop,434,0,0,0,0,0,0,0,0,0,0,0,0,0,0,0
instruct-1.0,T0503,1,length,730,0,0,0,0,0,0,1,0,0,0,0,0,1,0,0
instruct-1.0,T0504,1,length,745,0,0,0,0,0,0,0,0,0,0,0,0,0,0,0
instruct-1.0,T0505,1,length,721,0,0,0,0,0,0,0,0,0,0,0,0,0,0,0
instruct-1.0,T0506,1,stop,521,0,0,0,0,0,0,1,0,0,0,0,0,0,0,0
instruct-1.0,T0507,1,stop,797,0,0,0,0,0,0,0,0,0,0,0,0,0,0,0
instruct-1.0,T0508,1,stop,390,0,0,0,0,0,0,0,0,0,0,0,0,0,0,0
instruct-1.0,T0509,1,stop,738,0,0,0,0,0,0,0,0,0,0,0,0,0,0,0
instruct-1.0,T0510,1,length,781,0,0,0,0,0,0,0,0,1,0,0,0,0,0,0
instruct-1.0,T0511,1,length,628,0,0,0,0,0,0,0,0,0,0,0,0,0,0,0
instruct-1.0,T0512,1,stop,701,0,0,0,0,0,0,0,0,0,0,0,0,0,0,1
instruct-1.0,T0513,1,stop,816,0,0,0,0,0,0,0,0,1,0,0,0,0,0,0
instruct-1.0,T0514,1,stop,716,0,0,0,0,0,0,0,0,1,0,0,0,0,0,0
instruct-1.0,T0515,1,stop,553,0,0,0,0,0,0,0,0,0,0,0,0,0,0,0
instruct-1.0,T0516,1,stop,717,0,0,0,0,0,0,0,0,1,0,0,0,0,0,0
instruct-1.0,T0517,1,stop,671,0,0,0,0,0,0,0,0,1,0,0,0,0,0,0
instruct-1.0,T0518,1,stop,627,0,0,0,0,0,0,0,0,0,0,0,0,0,0,0
instruct-1.0,T0519,1,stop,515,0,0,0,0,0,0,1,0,0,0,0,0,0,0,0
instruct-1.0,T0520,1,length,758,0,0,0,0,0,0,0,0,1,0,0,0,0,0,0
instruct-1.0,T0521,1,length,693,0,0,0,0,0,0,0,0,1,0,0,0,0,0,0
instruct-1.0,T0522,1,stop,477,0,0,0,0,0,0,0,0,1,0,0,0,0,0,0
instruct-1.0,T0523,1,stop,668,0,0,0,0,0,0,0,0,1,0,0,0,0,0,0
instruct-1.0,T0524,1,stop,716,0,0,0,0,0,0,0,0,1,0,0,0,0,0,0
instruct-1.0,T0525,1,stop,572,0,0,0,0,0,0,0,0,0,0,0,0,0,0,0
instruct-1.0,T0526,1,stop,483,0,0,0,0,0,0,0,0,1,0,0,0,0,0,0
instruct-1.0,T0527,1,stop,795,0,0,0,0,0,0,0,0,1,0,0,0,0,0,0
instruct-1.0,T0528,1,length,826,0,0,0,0,0,0,0,0,1,0,0,0,0,0,0
instruct-1.0,T0529,1,stop,754,0,0,0,0,0,0,0,0,2,0,0,0,0,0,0
instruct-1.0,T0530,1,stop,631,0,0,0,0,0,0,0,0,0,0,0,0,0,0,0
instruct-1.0,T0531,1,stop,595,0,0,0,0,0,0,0,0,1,1,0,0,0,0,0
instruct-1.0,T0532,1,stop,736,1,0,0,0,0,0,0,0,0,0,0,0,1,0,0
instruct-1.0,T0533,1,stop,758,0,0,0,0,0,0,0,0,1,0,0,0,0,0,0
instruct-1.0,T0534,1,length,777,0,0,0,0,0,0,0,0,0,0,0,0,0,0,0
instruct-1.0,T0535,1,length,809,0,0,0,0,0,0,0,0,0,0,0,0,0,0,0
instruct-1.0,T0536,1,stop,639,0,0,0,0,0,0,0,0,2,0,0,0,0,0,0
instruct-1.0,T0537,1,stop,750,0,0,0,0,0,0,0,0,1,0,0,0,0,0,0
instruct-1.0,T0538,1,stop,706,0,0,0,0,0,0,0,0,0,0,0,0,0,0,0
instruct-1.0,T0539,1,length,779,0,0,0,0,0,0,0,0,0,0,0,0,0,0,0
instruct-1.0,T0540,1,length,621,0,0,0,0,0,0,0,0,0,0,0,0,0,0,0
instruct-1.0,T0541,1,stop,505,0,0,0,0,0,0,0,0,0,0,0,0,0,0,0
instruct-1.0,T0542,1,length,736,0,0,0,0,0,0,0,0,0,0,0,0,0,0,0
instruct-1.0,T0543,1,stop,656,0,0,0,0,0,0,0,0,0,0,0,0,0,0,0
instruct-1.0,T0544,1,length,763,0,0,0,0,0,0,0,0,1,0,0,0,0,0,0
instruct-1.0,T0545,1,length,815,0,0,0,0,0,0,0,0,0,0,0,0,0,0,0
instruct-1.0,T0546,1,length,746,0,0,0,0,0,0,0,0,2,0,0,0,0,0,0
instruct-1.0,T0547,1,stop,559,0,0,0,0,0,0,0,0,1,0,0,0,0,0,0
instruct-1.0,T0548,1,stop,744,0,0,0,0,0,0,0,0,1,0,0,0,0,0,0
instruct-1.0,T0549,1,stop,718,0,0,0,0,0,0,0,0,0,0,0,0,0,0,0
instruct-1.0,T0550,1,length,738,0,0,0,0,0,0,0,0,0,0,0,0,0,0,0
instruct-1.0,T0551,1,length,664,0,0,0,0,0,0,0,0,0,0,0,0,0,0,0
instruct-1.0,T0552,1,stop,727,0,0,0,0,0,0,0,0,0,0,0,0,1,0,0
instruct-1.0,T0553,1,stop,776,0,0,0,0,0,0,0,0,0,0,0,0,0,0,0
instruct-1.0,T0554,1,length,745,0,0,0,0,0,0,0,0,1,0,0,0,0,0,0
instruct-1.0,T0555,1,length,748,0,0,0,0,0,0,0,0,0,0,0,0,0,0,0
instruct-1.0,T0556,1,stop,467,0,0,0,0,0,0,0,0,0,0,0,0,0,0,0
instruct-1.0,T0557,1,length,704,0,0,0,1,0,0,0,0,0,0,0,0,1,0,0
instruct-1.0,T0558,1,length,754,0,0,0,0,0,0,0,0,0,1,0,0,0,0,0
instruct-1.0,T0559,1,stop,665,0,0,0,0,0,0,1,0,1,0,0,0,0,0,0
instruct-1.0,T0560,1,stop,657,0,0,0,0,0,0,0,0,0,0,0,0,0,0,0
instruct-1.0,T0561,1,stop,744,0,0,0,0,0,0,0,1,1,0,0,0,0,0,0
instruct-1.0,T0562,1,stop,599,0,0,0,0,0,0,0,0,0,0,0,0,0,0,0
instruct-1.0,T0563,1,stop,544,0,0,0,0,0,0,0,0,0,0,0,0,0,0,0
instruct-1.0,T0564,1,length,744,0,0,0,0,0,0,0,0,0,0,0,0,0,0,0
instruct-1.0,T0565,1,stop,736,0,0,0,0,0,0,0,0,0,0,0,0,0,0,0
instruct-1.0,T0566,1,stop,565,0,0,0,0,0,0,0,0,0,0,0,0,0,0,0
instruct-1.0,T0567,1,length,796,0,0,0,0,0,0,0,0,0,0,0,0,0,0,0
instruct-1.0,T0568,1,length,713,0,0,0,0,0,0,0,0,0,0,0,0,0,0,0
instruct-1.0,T0569,1,stop,671,0,0,0,0,0,0,0,0,0,1,0,0,0,0,0
instruct-1.0,T0570,1,stop,780,0,0,0,0,0,0,0,0,1,0,0,0,0,0,0
instruct-1.0,T0571,1,length,719,0,0,0,0,0,0,0,0,0,0,0,0,0,0,0
instruct-1.0,T0572,1,stop,597,0,0,0,0,0,0,0,0,1,0,0,0,0,0,0
instruct-1.0,T0573,1,stop,653,0,0,0,0,0,0,0,0,0,0,0,0,0,0,0
instruct-1.0,T0574,1,length,825,0,0,0,0,0,0,0,0,1,0,0,0,0,0,0
instruct-1.0,T0575,1,stop,496,0,0,0,0,0,0,0,0,1,0,0,0,0,0,0
instruct-1.0,T0576,1,stop,656,0,0,0,0,0,0,0,0,0,0,0,0,0,0,0
instruct-1.0,T0577,1,length,763,0,0,0,0,0,0,0,0,0,0,0,0,0,0,0
instruct-1.0,T0578,1,stop,557,0,0,0,0,0,0,0,0,0,0,0,0,0,0,0
instruct-1.0,T0579,1,stop,656,0,0,0,0,0,0,0,0,2,0,0,0,0,0,0
instruct-1.0,T0580,1,stop,674,0,0,0,0,0,0,0,0,0,0,0,0,0,0,0
instruct-1.0,T0581,1,length,746,0,0,0,0,0,0,0,0,0,0,0,0,0,0,0
instruct-1.0,T0582,1,stop,660,0,0,0,0,0,0,0,0,0,0,0,0,0,0,0
instruct-1.0,T0583,1,length,663,0,0,0,0,0,0,0,0,0,0,0,0,0,0,0
instruct-1.0,T0584,1,stop,601,0,0,0,0,0,0,0,0,2,0,0,0,0,0,0
instruct-1.0,T0585,1,stop,432,0,1,0,0,0,0,0,0,0,0,0,0,0,0,0
instruct-1.0,T0586,1,stop,667,0,0,0,0,0,0,0,0,0,0,0,0,0,0,0
instruct-1.0,T0587,1,length,691,0,0,0,0,0,0,0,0,0,0,0,0,0,0,0
instruct-1.0,T0588,1,length,734,0,0,0,0,0,0,0,0,0,0,0,0,0,0,0
instruct-1.0,T0589,1,length,795,0,0,0,0,0,0,0,0,0,0,0,0,0,0,0
instruct-1.0,T0590,1,stop,661,0,0,0,0,0,0,0,0,0,0,0,0,0,0,0
instruct-1.0,T0591,1,stop,756,1,0,0,0,0,0,2,0,0,0,0,0,1,0,0
instruct-1.0,T0592,1,length,759,0,0,0,0,0,0,1,0,0,0,0,0,0,0,0
instruct-1.0,T0593,1,stop,744,0,0,0,0,0,0,0,0,0,0,0,0,0,0,0
instruct-1.0,T0594,1,stop,546,0,0,0,0,0,0,0,0,1,0,0,0,0,0,0
instruct-1.0,T0595,1,length,765,0,0,0,0,0,0,0,0,0,0,0,0,0,0,0
instruct-1.0,T0596,1,stop,699,0,0,0,0,0,0,0,0,0,0,0,0,0,0,0
instruct-1.0,T0597,1,length,797,0,0,0,0,0,0,0,0,0,0,0,0,0,0,0
instruct-1.0,T0598,1,stop,682,0,0,0,0,0,0,0,0,0,0,0,0,0,0,0
instruct-1.0,T0599,1,length,751,0,0,0,0,0,0,0,0,0,0,0,0,0,0,0
instruct-1.0,T0600,1,stop,660,0,0,0,0,0,0,0,0,0,0,0,0,0,0,0
instruct-1.0,T0601,1,stop,554,0,0,0,0,0,0,0,0,1,0,0,0,0,0,0
instruct-1.0,T0602,1,stop,708,0,0,0,0,0,0,0,0,0,0,0,0,0,0,0
instruct-1.0,T0603,1,length,758,0,0,0,0,0,0,1,0,1,0,0,0,0,0,0
instruct-1.0,T0604,1,stop,550,0,0,0,0,0,0,0,0,0,0,0,0,0,0,0
instruct-1.0,T0605,1,length,762,0,0,0,0,0,0,0,0,1,0,0,0,0,0,0
instruct-1.0,T0606,1,stop,693,0,0,0,0,0,0,1,0,2,0,0,0,0,0,0
instruct-1.0,T0607,1,stop,550,0,0,0,0,0,0,0,0,1,0,0,0,0,0,0
instruct-1.0,T0608,1,stop,477,0,0,0,0,0,0,0,0,0,0,0,0,0,0,0
instruct-1.0,T0609,1,stop,571,0,0,0,0,0,0,0,0,0,0,0,0,0,0,0
instruct-1.0,T0610,1,length,733,0,0,0,0,0,0,0,0,0,0,0,0,0,0,0
instruct-1.0,T0611,1,stop,585,0,0,0,0,0,0,0,0,0,0,0,0,0,0,0
instruct-1.0,T0612,1,length,798,0,0,0,0,0,0,0,0,0,0,0,0,0,0,0
instruct-1.0,T0613,1,stop,759,0,0,0,0,0,0,0,0,0,0,0,0,0,0,0
instruct-1.0,T0614,1,stop,702,0,0,0,0,0,0,0,0,1,0,0,0,0,0,0
instruct-1.0,T0615,1,stop,722,0,0,0,0,0,0,3,0,1,0,0,0,0,0,0
instruct-1.0,T0616,1,length,676,0,0,0,0,0,0,0,0,1,0,0,0,0,0,0
instruct-1.0,T0617,1,length,814,0,0,0,0,0,0,0,0,0,0,0,0,0,0,0
instruct-1.0,T0618,1,stop,458,0,0,0,0,0,0,0,0,0,0,0,0,0,0,0
instruct-1.0,T0619,1,length,746,0,0,0,0,0,0,0,0,1,0,0,0,0,0,0
instruct-1.0,T0620,1,stop,422,0,0,0,0,0,0,0,0,0,0,0,0,0,0,0
instruct-1.0,T0621,1,stop,748,0,0,0,0,0,0,0,0,1,0,0,0,0,0,0
instruct-1.0,T0622,1,length,726,0,0,0,0,0,0,0,0,0,0,0,0,0,0,0
instruct-1.0,T0623,1,stop,602,1,0,0,0,0,0,0,0,0,0,0,0,0,0,0
instruct-1.0,T0624,1,stop,722,0,0,1,0,0,0,0,0,1,0,0,0,0,0,0
instruct-1.0,T0625,1,stop,745,0,0,0,0,0,0,0,0,0,0,0,0,0,0,0
instruct-1.0,T0626,1,stop,754,0,0,0,0,0,0,2,0,0,0,0,0,1,0,0
instruct-1.0,T0627,1,length,802,0,0,0,0,0,0,0,0,0,0,0,0,0,0,0
instruct-1.0,T0628,1,stop,646,0,0,0,0,0,0,0,0,1,0,0,0,0,0,0
instruct-1.0,T0629,1,stop,557,0,0,0,0,0,0,0,0,0,0,0,0,0,0,0
instruct-1.0,T0630,1,length,676,0,0,0,0,0,0,0,0,1,0,0,0,0,0,0
instruct-1.0,T0631,1,length,769,0,0,0,0,0,0,0,0,0,0,0,0,0,0,0
instruct-1.0,T0632,1,stop,650,1,0,0,0,0,0,0,0,0,1,0,0,0,0,0
instruct-1.0,T0633,1,length,753,0,0,0,0,0,0,0,0,0,0,0,0,0,0,0
instruct-1.0,T0634,1,length,718,0,0,0,0,0,0,1,0,0,0,0,0,0,0,0
instruct-1.0,T0635,1,length,737,0,0,0,0,0,0,0,0,0,0,0,0,0,0,0
instruct-1.0,T0636,1,stop,493,0,0,0,0,0,0,1,0,1,0,0,0,1,0,0
instruct-1.0,T0637,1,stop,623,0,0,0,0,0,0,0,0,0,0,0,0,0,0,0
instruct-1.0,T0638,1,stop,643,0,0,0,0,0,0,0,0,0,0,0,0,0,0,0
instruct-1.0,T0639,1,stop,704,1,0,0,0,0,0,0,0,0,0,0,0,0,0,0
instruct-1.0,T0640,1,stop,413,0,0,0,0,0,0,0,0,0,0,0,0,0,0,0
instruct-1.0,T0641,1,length,773,0,0,0,0,0,0,0,0,0,0,0,0,0,0,0
instruct-1.0,T0642,1,stop,596,0,0,0,0,0,0,0,0,1,0,0,0,0,0,0
instruct-1.0,T0643,1,stop,752,0,0,0,0,0,0,0,0,0,0,0,0,0,0,0
instruct-1.0,T0644,1,length,779,0,0,0,0,0,0,0,0,0,0,0,0,0,0,0
instruct-1.0,T0645,1,stop,616,0,0,0,0,0,0,0,0,1,0,0,0,0,0,0
instruct-1.0,T0646,1,stop,736,0,0,0,0,0,0,0,0,0,1,0,0,0,0,0
instruct-1.0,T0647,1,stop,755,0,0,0,0,0,0,0,0,0,0,0,0,0,0,0
instruct-1.0,T0648,1,stop,739,0,0,0,0,0,0,0,0,0,0,0,0,0,0,0
instruct-1.0,T0649,1,length,789,0,0,1,0,0,0,0,0,0,0,0,0,0,0,0
instruct-1.0,T0650,1,stop,480,0,0,0,0,0,0,0,0,0,0,0,0,0,0,0
instruct-1.0,T0651,1,length,746,0,0,0,0,0,0,0,0,0,0,0,0,0,0,0
instruct-1.0,T0652,1,length,687,0,0,0,0,0,0,0,0,0,0,0,0,0,0,0
instruct-1.0,T0653,1,length,806,0,0,0,0,0,0,0,0,1,0,0,0,0,0,0
instruct-1.0,T0654,1,length,770,0,0,0,0,0,0,0,0,1,0,0,0,0,0,0
instruct-1.0,T0655,1,length,604,0,0,0,0,0,0,0,0,0,0,0,0,0,0,0
instruct-1.0,T0656,1,stop,698,0,0,0,0,0,0,0,0,0,0,0,0,0,0,0
instruct-1.0,T0657,1,stop,722,0,0,0,0,0,0,0,0,0,0,0,0,0,0,0
instruct-1.0,T0658,1,length,775,0,0,0,0,0,0,0,0,0,0,0,0,0,0,0
instruct-1.0,T0659,1,stop,748,0,0,0,0,0,0,0,0,0,0,0,0,0,0,0
instruct-1.0,T0660,1,stop,391,0,0,0,0,0,0,0,0,0,0,0,0,0,0,0
instruct-1.0,T0661,1,stop,741,0,0,0,0,0,0,0,0,1,0,0,0,0,0,0
instruct-1.0,T0662,1,length,816,0,0,0,0,0,0,0,0,0,0,0,0,0,0,0
instruct-1.0,T0663,1,length,804,0,0,0,0,0,0,0,0,2,0,0,0,0,0,0
instruct-1.0,T0664,1,stop,390,0,0,0,0,0,0,1,0,0,0,0,0,0,0,0
instruct-1.0,T0665,1,stop,765,0,0,1,0,0,0,0,0,0,0,0,0,0,0,0
instruct-1.0,T0666,1,stop,590,0,0,0,0,0,0,0,0,0,0,0,0,0,0,0
instruct-1.0,T0667,1,stop,701,1,0,0,0,0,0,0,0,1,0,0,0,0,0,0
instruct-1.0,T0668,1,stop,655,0,0,0,0,0,0,0,0,0,0,0,0,0,0,0
instruct-1.0,T0669,1,length,830,0,0,0,0,0,0,0,0,0,0,0,0,0,0,0
instruct-1.0,T0670,1,stop,685,0,0,0,0,0,0,0,0,0,0,0,0,0,0,0
instruct-1.0,T0671,1,stop,616,0,0,0,0,0,0,0,0,0,0,0,0,0,0,0
instruct-1.0,T0672,1,stop,636,0,0,0,0,0,0,0,0,0,0,0,0,0,0,0
instruct-1.0,T0673,1,stop,601,0,0,0,0,0,0,0,0,0,0,0,0,0,0,0
instruct-1.0,T0674,1,stop,539,0,0,0,0,0,0,0,0,0,0,0,0,0,0,0
instruct-1.0,T0675,1,stop,643,0,0,0,0,0,0,1,0,2,0,0,0,0,0,0
instruct-1.0,T0676,1,length,773,1,0,0,0,0,0,0,0,0,0,0,0,0,0,0
instruct-1.0,T0677,1,stop,658,0,0,0,0,0,0,0,0,1,0,0,0,1,0,0
instruct-1.0,T0678,1,stop,687,0,0,0,0,0,0,0,0,0,0,0,0,0,0,0
instruct-1.0,T0679,1,length,806,0,0,0,0,0,0,0,0,0,0,0,0,0,0,0
instruct-1.0,T0680,1,stop,344,0,0,0,0,0,0,0,0,0,0,0,0,1,0,0
instruct-1.0,T0681,1,length,766,0,0,0,0,0,0,0,0,1,0,0,0,0,0,0
instruct-1.0,T0682,1,stop,735,0,0,0,0,0,0,0,0,0,0,0,0,0,0,0
instruct-1.0,T0683,1,stop,630,0,0,0,0,0,0,0,0,0,0,0,0,0,0,0
instruct-1.0,T0684,1,length,675,0,0,0,0,0,0,0,0,0,0,0,0,0,0,0
instruct-1.0,T0685,1,stop,453,0,0,0,0,0,0,0,0,0,1,0,0,0,0,0
instruct-1.0,T0686,1,stop,618,0,0,0,0,0,0,0,0,0,0,0,0,0,0,0
instruct-1.0,T0687,1,stop,659,0,0,0,0,0,0,0,0,0,0,0,0,0,0,0
instruct-1.0,T0688,1,stop,543,0,0,0,0,0,0,0,0,0,0,0,0,0,0,0
instruct-1.0,T0689,1,length,792,0,0,0,0,0,0,0,0,0,0,0,0,0,0,0
instruct-1.0,T0690,1,length,770,0,0,0,0,0,0,0,0,1,0,0,0,0,0,0
instruct-1.0,T0691,1,stop,697,0,0,0,0,0,0,0,0,1,0,0,0,0,0,0
instruct-1.0,T0692,1,stop,655,0,0,0,0,0,0,0,0,0,0,0,0,0,0,0
instruct-1.0,T0693,1,stop,528,0,0,0,0,0,0,0,0,1,0,0,0,0,0,0
instruct-1.0,T0694,1,length,812,0,0,0,0,0,0,0,0,0,0,0,0,0,0,0
instruct-1.0,T0695,1,length,696,0,0,0,0,0,0,0,0,0,0,0,0,0,0,0
instruct-1.0,T0696,1,stop,699,0,0,0,0,0,0,0,0,0,0,0,0,0,0,0
instruct-1.0,T0697,1,stop,427,0,0,0,0,0,0,0,0,0,0,0,0,0,0,0
instruct-1.0,T0698,1,stop,672,0,0,0,0,0,0,0,0,0,0,0,0,0,0,0
instruct-1.0,T0699,1,stop,721,0,0,0,0,0,0,0,0,0,0,0,0,0,0,0
instruct-1.0,T0700,1,stop,468,0,0,0,0,0,0,0,0,0,0,0,0,0,0,0
instruct-1.0,T0701,1,stop,757,0,0,0,0,0,0,0,0,0,0,0,0,0,0,0
instruct-1.0,T0702,1,stop,675,0,0,0,0,0,0,0,0,0,0,0,0,0,0,0
instruct-1.0,T0703,1,length,697,0,0,0,0,0,0,0,0,0,0,0,0,0,0,0
instruct-1.0,T0704,1,stop,654,0,0,0,0,0,0,0,0,1,0,0,0,0,0,0
instruct-1.0,T0705,1,length,723,0,0,0,0,0,0,0,0,0,0,0,0,0,0,0
instruct-1.0,T0706,1,length,732,0,0,0,0,0,0,0,0,0,0,0,0,0,0,0
instruct-1.0,T0707,1,length,758,0,0,0,0,0,0,0,0,0,0,0,0,0,0,0
instruct-1.0,T0708,1,stop,679,0,0,0,0,0,0,0,0,0,0,0,0,0,0,0
instruct-1.0,T0709,1,length,700,0,0,0,0,0,0,1,0,0,0,0,0,0,0,0
instruct-1.0,T0710,1,stop,319,0,0,0,0,0,0,0,0,0,0,0,0,0,0,0
instruct-1.0,T0711,1,stop,652,0,0,0,0,0,0,0,0,0,0,0,0,0,0,0
instruct-1.0,T0712,1,stop,794,0,0,0,0,0,0,0,0,0,0,0,0,0,0,0
instruct-1.0,T0713,1,stop,711,0,0,0,0,0,0,0,0,0,0,0,0,0,0,0
instruct-1.0,T0714,1,length,747,0,0,0,0,0,0,0,0,0,0,0,0,0,0,0
instruct-1.0,T0715,1,length,683,0,0,0,0,0,0,0,0,0,0,0,0,0,0,0
instruct-1.0,T0716,1,stop,747,0,0,0,0,0,0,0,0,2,0,0,0,0,0,0
instruct-1.0,T0717,1,stop,728,0,0,0,0,0,0,0,0,1,0,0,0,0,0,0
instruct-1.0,T0718,1,stop,461,0,0,1,0,0,0,0,0,1,0,0,0,1,0,0
instruct-1.0,T0719,1,stop,680,0,0,0,0,0,0,0,0,0,0,0,0,0,0,0
instruct-1.0,T0720,1,length,719,0,0,0,0,0,0,0,0,0,0,0,0,0,0,0
instruct-1.0,T0721,1,stop,736,0,0,0,0,0,0,0,0,1,0,0,0,0,0,0
instruct-1.0,T0722,1,stop,712,0,0,0,0,0,0,0,0,0,0,0,0,0,0,0
instruct-1.0,T0723,1,stop,655,0,0,0,0,0,0,0,0,0,0,0,0,0,0,0
instruct-1.0,T0724,1,length,766,0,0,0,0,0,0,0,0,1,0,0,0,0,0,0
instruct-1.0,T0725,1,length,726,0,0,0,0,0,0,0,0,0,0,0,0,0,0,0
instruct-1.0,T0726,1,stop,658,0,0,0,0,0,0,0,0,0,0,0,0,0,0,0
instruct-1.0,T0727,1,length,749,0,0,0,0,0,0,0,0,2,0,0,0,0,0,0
instruct-1.0,T0728,1,stop,657,0,0,0,0,0,0,1,0,0,0,0,0,0,0,0
instruct-1.0,T0729,1,stop,666,0,0,0,0,0,0,0,0,0,0,0,0,0,0,0
instruct-1.0,T0730,1,stop,706,0,0,0,0,0,0,0,0,0,0,0,0,0,0,0
instruct-1.0,T0731,1,length,791,0,0,0,0,0,0,0,0,1,0,0,0,0,0,0
instruct-1.0,T0732,1,stop,557,0,0,0,0,0,0,0,0,1,0,0,0,0,0,0
instruct-1.0,T0733,1,stop,666,0,0,0,0,0,0,0,0,0,0,0,0,0,0,0
instruct-1.0,T0734,1,stop,577,0,0,0,0,0,0,1,0,0,0,0,0,0,0,0
instruct-1.0,T0735,1,stop,758,0,0,0,0,0,0,0,0,0,0,0,0,0,0,0
instruct-1.0,T0736,1,stop,494,0,0,0,0,0,0,0,0,0,0,0,0,1,0,0
instruct-1.0,T0737,1,stop,499,0,0,0,0,0,0,0,0,1,0,0,0,0,0,0
instruct-1.0,T0738,1,stop,725,0,0,0,0,0,0,0,1,0,0,0,0,0,0,0
instruct-1.0,T0739,1,stop,587,0,0,0,0,0,0,0,0,2,0,0,0,0,0,0
instruct-1.0,T0740,1,stop,554,0,0,0,0,0,0,1,0,2,0,0,0,0,0,0
instruct-1.0,T0741,1,stop,619,0,0,0,0,0,0,0,0,0,0,0,0,0,0,0
instruct-1.0,T0742,1,stop,637,0,0,0,0,0,0,0,0,1,0,0,0,0,0,0
instruct-1.0,T0743,1,stop,703,0,0,0,0,0,0,0,0,0,0,0,0,0,0,0
instruct-1.0,T0744,1,stop,666,0,0,0,0,0,0,0,0,0,0,0,0,0,0,0
instruct-1.0,T0745,1,stop,637,0,0,1,0,0,0,0,0,0,0,0,0,0,0,0
instruct-1.0,T0746,1,stop,675,0,0,0,0,0,0,0,0,0,0,0,0,0,0,0
instruct-1.0,T0747,1,stop,625,0,0,0,0,0,0,0,0,0,0,0,0,0,0,0
instruct-1.0,T0748,1,stop,626,0,0,0,0,0,0,0,0,1,0,0,0,0,0,0
instruct-1.0,T0749,1,length,800,0,0,0,0,0,0,0,0,0,0,0,0,0,0,0
instruct-1.0,T0750,1,length,763,0,0,0,0,0,0,0,0,1,0,0,0,0,0,0
instruct-1.0,T0751,1,stop,451,0,0,0,0,0,0,0,0,0,0,0,0,1,0,0
instruct-1.0,T0752,1,length,721,0,0,1,0,0,0,0,0,1,0,0,0,0,0,0
instruct-1.0,T0753,1,stop,695,0,0,0,0,0,0,0,0,0,0,0,0,0,0,0
instruct-1.0,T0754,1,length,731,0,0,0,0,0,0,0,1,0,0,0,0,0,0,0
instruct-1.0,T0755,1,stop,691,0,0,0,0,0,0,0,0,0,0,0,0,0,0,0
instruct-1.0,T0756,1,stop,537,0,0,0,0,0,0,0,0,0,0,0,0,0,0,0
instruct-1.0,T0757,1,stop,537,0,0,0,0,0,0,0,0,0,0,0,0,1,0,0
instruct-1.0,T0758,1,length,788,0,0,0,0,0,0,0,0,0,0,0,0,0,0,0
instruct-1.0,T0759,1,stop,587,0,0,0,0,0,0,0,0,0,0,0,0,0,0,0
instruct-1.0,T0760,1,stop,547,0,0,0,0,0,0,0,0,0,0,0,0,0,0,0
instruct-1.0,T0761,1,length,757,0,0,0,0,0,0,0,0,2,0,0,0,0,0,0
instruct-1.0,T0762,1,stop,584,0,0,0,0,0,0,0,0,1,0,0,0,0,0,0
instruct-1.0,T0763,1,stop,640,0,0,0,0,0,0,0,0,0,0,0,0,0,0,0
instruct-1.0,T0764,1,stop,512,0,0,0,0,0,0,0,0,0,0,0,0,0,0,0
instruct-1.0,T0765,1,length,698,0,0,0,0,0,0,0,0,0,0,0,0,0,0,0
instruct-1.0,T0766,1,stop,539,0,0,0,0,0,0,0,0,0,0,0,0,0,0,0
instruct-1.0,T0767,1,stop,561,0,0,0,0,0,0,0,0,0,0,0,0,0,0,0
instruct-1.0,T0768,1,length,748,0,0,0,0,0,0,0,0,2,0,0,0,0,0,0
instruct-1.0,T0769,1,stop,703,0,0,0,0,0,0,0,1,1,0,0,0,0,0,0
instruct-1.0,T0770,1,length,723,0,0,0,0,0,0,0,0,0,0,0,0,0,0,0
instruct-1.0,T0771,1,length,855,0,0,0,0,0,0,0,0,0,0,0,0,0,0,0
instruct-1.0,T0772,1,length,794,0,0,0,0,0,0,0,0,1,0,0,0,0,0,0
instruct-1.0,T0773,1,stop,651,0,0,0,0,0,0,0,0,1,0,0,0,0,0,0
instruct-1.0,T0774,1,stop,788,0,0,1,0,0,0,0,0,0,0,0,0,0,0,0
instruct-1.0,T0775,1,length,687,0,0,0,0,0,0,0,0,0,0,0,0,0,0,0
instruct-1.0,T0776,1,length,740,0,0,1,0,0,0,0,0,0,0,0,0,0,0,0
instruct-1.0,T0777,1,length,742,0,0,0,0,0,0,0,0,0,0,0,0,0,0,0
instruct-1.0,T0778,1,stop,694,0,0,0,0,0,0,2,0,0,0,0,0,0,0,0
instruct-1.0,T0779,1,length,670,0,0,0,0,0,0,0,0,0,0,0,0,0,0,0
instruct-1.0,T0780,1,stop,687,0,0,0,0,0,0,0,0,0,0,0,0,0,0,0
instruct-1.0,T0781,1,stop,715,0,0,0,0,0,0,0,0,1,0,0,0,0,0,0
instruct-1.0,T0782,1,length,673,0,0,0,0,0,0,0,0,0,0,0,0,0,0,0
instruct-1.0,T0783,1,stop,709,0,0,0,0,0,0,0,0,2,0,0,0,0,0,0
instruct-1.0,T0784,1,stop,657,0,0,0,0,0,0,0,0,1,0,0,0,0,0,0
instruct-1.0,T0785,1,stop,706,0,0,0,1,0,0,0,0,0,0,0,0,0,0,0
instruct-1.0,T0786,1,stop,557,0,0,0,0,0,0,1,0,0,0,0,0,0,0,0
instruct-1.0,T0787,1,stop,713,0,0,0,0,0,0,1,0,2,0,0,0,0,0,0
instruct-1.0,T0788,1,stop,727,0,0,0,0,0,0,0,0,0,0,0,0,0,0,0
instruct-1.0,T0789,1,stop,620,0,0,0,0,0,0,0,0,0,0,0,0,0,0,0
instruct-1.0,T0790,1,stop,653,0,0,0,0,0,0,0,0,0,0,0,0,0,0,0
instruct-1.0,T0791,1,length,699,0,0,0,0,0,0,0,0,0,0,0,0,0,0,0
instruct-1.0,T0792,1,stop,619,0,0,0,0,0,0,0,0,3,0,0,0,0,0,0
instruct-1.0,T0793,1,length,796,0,0,0,0,0,0,0,0,3,0,0,0,0,0,0
instruct-1.0,T0794,1,length,766,0,0,0,0,0,0,0,0,0,0,0,0,0,0,0
instruct-1.0,T0795,1,length,811,0,0,0,0,0,0,0,0,0,0,0,0,0,0,0
instruct-1.0,T0796,1,stop,752,0,0,0,0,0,0,0,0,2,0,0,0,0,0,0
instruct-1.0,T0797,1,stop,565,0,0,0,0,0,0,0,0,2,0,0,0,0,0,0
instruct-1.0,T0798,1,stop,715,0,0,0,0,0,0,0,0,1,0,0,0,0,0,0
instruct-1.0,T0799,1,stop,513,0,0,0,0,0,0,0,0,1,0,0,0,0,0,0
instruct-1.0,T0800,1,stop,634,0,0,0,0,0,0,0,0,0,0,0,0,0,0,0
instruct-1.0,T0801,1,length,826,0,0,0,0,0,0,1,0,0,0,0,0,0,0,0
instruct-1.0,T0802,1,length,778,0,0,0,0,0,0,0,0,0,0,0,0,0,0,0
instruct-1.0,T0803,1,stop,481,0,0,0,0,0,0,0,0,0,0,0,0,0,0,0
instruct-1.0,T0804,1,length,752,0,0,0,0,0,0,0,0,0,0,0,0,0,0,0
instruct-1.0,T0805,1,stop,646,0,0,0,0,0,0,0,0,0,0,0,0,0,0,0
instruct-1.0,T0806,1,stop,603,0,0,0,0,0,0,0,0,0,0,0,0,0,0,0
instruct-1.0,T0807,1,stop,617,0,0,0,0,0,0,0,0,1,0,0,0,0,0,0
instruct-1.0,T0808,1,length,789,0,0,0,0,0,0,0,0,0,0,0,0,0,0,0
instruct-1.0,T0809,1,stop,611,0,0,0,0,0,0,0,0,2,0,0,0,0,0,0
instruct-1.0,T0810,1,stop,767,0,0,1,0,0,0,0,0,0,0,0,0,0,0,0
instruct-1.0,T0811,1,stop,526,0,0,0,0,0,0,0,0,0,0,0,0,0,0,0
instruct-1.0,T0812,1,stop,641,0,0,0,0,0,0,0,0,0,0,0,0,0,0,0
instruct-1.0,T0813,1,stop,733,0,0,0,0,0,0,0,0,0,0,0,0,0,0,0
instruct-1.0,T0814,1,stop,631,0,0,1,1,0,0,0,0,0,0,0,0,0,0,0
instruct-1.0,T0815,1,length,688,0,0,0,0,0,0,0,0,0,0,0,0,0,0,0
instruct-1.0,T0816,1,length,787,0,0,0,0,0,0,0,0,0,1,0,0,0,0,0
instruct-1.0,T0817,1,length,675,0,0,0,0,0,0,0,0,0,0,0,0,0,0,0
instruct-1.0,T0818,1,length,796,0,0,0,0,0,0,0,0,0,0,0,0,0,0,0
instruct-1.0,T0819,1,stop,776,0,0,0,0,0,0,0,0,1,0,0,0,0,0,0
instruct-1.0,T0820,1,length,749,0,0,0,0,0,0,0,0,0,0,0,0,0,0,0
instruct-1.0,T0821,1,stop,509,0,0,0,0,0,0,0,0,0,0,0,0,0,0,0
instruct-1.0,T0822,1,stop,748,0,0,0,0,0,0,0,0,0,0,0,0,0,0,0
instruct-1.0,T0823,1,stop,331,0,0,0,0,0,0,0,0,1,0,0,0,0,0,0
instruct-1.0,T0824,1,stop,665,0,0,0,0,0,0,0,0,0,0,0,0,0,0,0
instruct-1.0,T0825,1,stop,721,0,0,0,0,0,0,0,0,1,0,0,0,0,0,0
instruct-1.0,T0826,1,length,783,0,0,0,0,0,0,0,0,1,0,0,0,0,0,0
instruct-1.0,T0827,1,stop,706,0,0,0,0,0,0,0,0,0,0,0,0,0,0,0
instruct-1.0,T0828,1,stop,590,0,0,0,0,0,0,0,0,1,0,0,0,0,0,0
instruct-1.0,T0829,1,stop,460,0,0,0,0,0,0,0,0,0,0,0,0,0,0,0
instruct-1.0,T0830,1,stop,549,0,0,0,0,0,0,0,0,0,0,0,0,0,0,0
instruct-1.0,T0831,1,stop,461,0,0,0,0,0,0,0,0,0,0,0,0,0,0,0
instruct-1.0,T0832,1,length,731,0,0,1,0,0,0,0,0,0,1,0,0,0,0,0
instruct-1.0,T0833,1,stop,664,0,0,0,0,0,0,0,0,1,0,0,0,0,0,0
instruct-1.0,T0834,1,stop,709,0,0,0,0,0,0,0,0,0,0,0,0,0,0,0
instruct-1.0,T0835,1,length,798,0,0,0,0,0,0,0,0,0,0,0,0,1,0,0
instruct-1.0,T0836,1,stop,693,0,0,0,0,0,0,0,0,0,0,0,0,0,0,0
instruct-1.0,T0837,1,stop,613,0,0,0,0,0,0,1,0,0,0,0,0,0,0,0
instruct-1.0,T0838,1,stop,470,0,0,0,0,0,0,1,0,1,0,0,0,0,0,0
instruct-1.0,T0839,1,length,822,0,0,0,0,0,0,0,0,0,0,0,0,0,0,0
instruct-1.0,T0840,1,stop,612,0,0,0,0,0,0,0,0,1,0,0,0,0,0,0
instruct-1.0,T0841,1,length,787,0,0,0,0,0,0,0,0,0,0,0,0,0,0,0
instruct-1.0,T0842,1,length,779,0,0,0,0,0,0,0,0,1,0,0,0,0,0,0
instruct-1.0,T0843,1,length,754,0,0,0,0,0,0,0,0,0,0,0,0,0,0,0
instruct-1.0,T0844,1,stop,651,0,0,0,0,0,0,0,0,3,0,0,0,0,0,0
instruct-1.0,T0845,1,stop,625,0,0,0,0,0,0,0,0,0,0,0,0,0,0,0
instruct-1.0,T0846,1,length,755,0,0,0,0,0,0,0,0,1,0,0,0,0,0,0
instruct-1.0,T0847,1,length,712,0,0,0,0,0,0,0,0,0,0,0,0,0,0,0
instruct-1.0,T0848,1,stop,785,0,0,0,0,0,0,0,0,0,0,0,0,0,0,0
instruct-1.0,T0849,1,stop,688,0,0,1,0,0,0,0,0,0,0,0,0,0,0,0
instruct-1.0,T0850,1,stop,620,0,0,0,0,0,0,0,0,0,0,0,0,0,0,0
instruct-1.0,T0851,1,stop,661,0,0,0,0,0,0,0,0,0,0,0,0,0,0,0
instruct-1.0,T0852,1,stop,697,0,0,0,0,0,0,0,0,0,0,0,0,0,0,0
instruct-1.0,T0853,1,length,700,0,0,0,0,0,0,0,0,0,0,0,0,0,0,0
instruct-1.0,T0854,1,stop,563,0,0,0,0,0,0,0,0,1,0,0,0,0,0,0
instruct-1.0,T0855,1,stop,451,0,0,0,0,0,0,0,0,2,0,0,0,0,0,0
instruct-1.0,T0856,1,length,782,0,0,0,0,0,0,0,0,0,0,0,0,0,0,0
instruct-1.0,T0857,1,length,801,0,0,1,0,0,0,0,0,0,0,0,0,0,0,0
instruct-1.0,T0858,1,length,748,0,0,0,0,0,0,0,0,0,0,0,0,0,0,0
instruct-1.0,T0859,1,stop,713,0,0,0,0,0,0,0,0,0,0,0,0,0,0,0
instruct-1.0,T0860,1,length,847,0,0,0,0,0,0,0,1,0,0,0,0,0,0,0
instruct-1.0,T0861,1,length,783,0,0,0,0,0,0,1,0,2,0,0,0,0,0,0
instruct-1.0,T0862,1,stop,669,0,0,0,0,0,0,0,0,1,0,0,0,0,0,0
instruct-1.0,T0863,1,stop,740,0,0,0,0,0,0,0,0,1,0,0,0,0,0,0
instruct-1.0,T0864,1,stop,707,0,0,0,0,0,0,0,0,0,0,0,0,0,0,0
instruct-1.0,T0865,1,stop,560,0,0,0,0,0,0,0,0,0,0,0,0,0,0,0
instruct-1.0,T0866,1,length,712,0,0,0,0,0,0,0,0,1,0,0,0,0,0,0
instruct-1.0,T0867,1,stop,448,0,0,0,0,0,0,0,0,1,0,0,0,0,0,0
instruct-1.0,T0868,1,stop,595,0,0,0,0,0,0,0,0,0,0,0,0,0,0,0
instruct-1.0,T0869,1,length,798,0,0,0,0,0,0,0,0,2,0,0,0,1,0,0
instruct-1.0,T0870,1,stop,491,0,0,0,0,0,0,0,0,0,0,0,0,0,0,0
instruct-1.0,T0871,1,length,764,0,0,0,0,0,0,0,0,0,0,0,0,0,0,0
instruct-1.0,T0872,1,stop,749,0,0,0,0,0,0,0,0,2,0,0,0,0,0,0
instruct-1.0,T0873,1,length,774,0,0,0,0,0,0,0,0,0,0,0,0,0,0,0
instruct-1.0,T0874,1,stop,484,0,0,0,0,0,0,0,0,0,0,0,0,0,0,0
instruct-1.0,T0875,1,length,775,0,0,0,0,0,0,1,0,2,0,0,0,0,0,0
instruct-1.0,T0876,1,stop,741,0,1,0,0,0,0,0,0,0,0,0,0,0,0,0
instruct-1.0,T0877,1,length,774,0,0,0,0,0,0,0,0,0,0,0,0,0,0,0
instruct-1.0,T0878,1,stop,667,0,0,0,0,0,0,0,0,0,0,0,0,0,0,0
instruct-1.0,T0879,1,stop,565,0,0,0,0,0,0,0,0,1,0,0,0,0,0,0
instruct-1.0,T0880,1,length,744,0,0,0,0,0,0,0,0,0,0,0,0,0,0,0
instruct-1.0,T0881,1,stop,688,0,0,0,0,0,0,0,0,0,0,0,0,0,0,0
instruct-1.0,T0882,1,length,750,0,0,0,0,0,0,0,0,0,0,0,0,0,0,0
instruct-1.0,T0883,1,stop,537,0,0,0,0,0,0,0,0,2,0,0,0,0,0,0
instruct-1.0,T0884,1,stop,625,0,0,0,0,0,0,0,0,0,0,0,0,0,0,0
instruct-1.0,T0885,1,stop,697,0,0,0,0,0,0,0,0,0,0,0,0,0,0,0
instruct-1.0,T0886,1,length,754,0,0,0,0,0,0,0,0,0,0,0,0,0,0,0
instruct-1.0,T0887,1,stop,609,0,0,0,0,0,0,0,0,0,0,0,0,0,0,0
instruct-1.0,T0888,1,stop,411,0,0,0,0,0,0,0,0,0,0,0,0,0,0,0
instruct-1.0,T0889,1,length,706,0,0,0,0,0,0,0,0,0,0,0,0,0,0,0
instruct-1.0,T0890,1,length,744,0,0,0,0,0,0,0,0,0,0,0,0,0,0,0
instruct-1.0,T0891,1,stop,620,0,0,0,0,0,0,0,0,0,0,0,0,0,0,0
instruct-1.0,T0892,1,length,711,0,0,0,0,0,0,0,0,0,0,0,0,0,0,0
instruct-1.0,T0893,1,stop,552,0,0,0,0,0,0,0,0,0,0,0,0,0,0,0
instruct-1.0,T0894,1,stop,439,0,0,0,0,0,0,0,0,0,0,0,0,0,0,0
instruct-1.0,T0895,1,length,788,0,0,0,0,0,0,0,0,1,0,0,0,0,0,0
instruct-1.0,T0896,1,stop,612,0,0,0,0,0,0,0,0,0,0,0,0,0,0,0
instruct-1.0,T0897,1,stop,680,0,0,0,0,0,0,0,1,0,0,0,0,0,0,0
instruct-1.0,T0898,1,length,834,0,0,0,0,0,0,0,0,0,0,0,0,0,0,0
instruct-1.0,T0899,1,length,752,0,0,0,0,0,0,0,0,1,0,0,0,0,0,0
instruct-1.0,T0900,1,length,814,0,0,0,0,0,0,0,0,1,0,0,0,0,0,0
instruct-1.0,T0901,1,stop,646,0,0,0,0,0,0,0,0,0,0,0,0,0,0,0
instruct-1.0,T0902,1,stop,669,0,0,0,0,0,0,0,0,0,0,0,0,0,0,0
instruct-1.0,T0903,1,length,771,0,0,0,0,0,0,0,0,0,1,0,0,0,0,0
instruct-1.0,T0904,1,length,784,0,0,0,0,0,0,0,0,0,0,0,0,0,0,0
instruct-1.0,T0905,1,stop,681,0,0,0,0,0,0,0,0,0,0,0,0,0,0,0
instruct-1.0,T0906,1,length,709,0,0,0,0,0,0,1,0,0,0,0,0,0,0,0
instruct-1.0,T0907,1,stop,621,0,0,0,0,0,0,0,0,1,0,0,0,0,0,0
instruct-1.0,T0908,1,stop,616,0,0,0,0,0,0,0,0,0,0,0,0,0,0,0
instruct-1.0,T0909,1,stop,625,0,0,0,0,0,0,0,0,0,0,0,0,0,0,0
instruct-1.0,T0910,1,length,798,0,0,1,0,0,0,0,0,0,0,0,0,0,0,0
instruct-1.0,T0911,1,stop,714,0,0,0,0,0,0,0,0,0,0,0,0,0,0,0
instruct-1.0,T0912,1,stop,664,0,0,0,0,0,0,0,0,1,0,0,0,0,0,0
instruct-1.0,T0913,1,stop,627,0,0,0,0,0,0,0,0,1,0,0,0,0,0,0
instruct-1.0,T0914,1,length,799,0,0,0,0,0,0,0,0,0,0,0,0,0,0,0
instruct-1.0,T0915,1,stop,620,0,0,0,0,0,0,0,0,0,0,0,0,0,0,0
instruct-1.0,T0916,1,stop,514,0,0,0,0,0,0,0,0,1,0,0,0,0,0,0
instruct-1.0,T0917,1,stop,677,0,0,1,0,0,0,0,0,0,0,0,0,0,0,0
instruct-1.0,T0918,1,stop,568,0,0,0,0,0,0,0,0,0,0,0,0,0,0,0
instruct-1.0,T0919,1,length,814,0,0,0,0,0,0,0,0,0,0,0,0,0,0,0
instruct-1.0,T0920,1,stop,630,0,0,0,0,0,0,1,0,1,0,0,0,0,0,0
instruct-1.0,T0921,1,stop,514,0,0,0,0,0,0,0,0,0,0,0,0,0,0,0
instruct-1.0,T0922,1,stop,641,0,0,0,0,0,0,0,0,0,0,0,0,0,0,0
instruct-1.0,T0923,1,stop,483,0,0,0,0,0,0,0,0,0,0,0,0,0,0,0
instruct-1.0,T0924,1,length,739,0,0,0,0,0,0,0,0,0,0,0,0,0,0,0
instruct-1.0,T0925,1,length,756,0,0,0,0,0,0,0,0,0,0,0,0,0,0,0
instruct-1.0,T0926,1,stop,609,0,0,0,0,0,0,0,0,1,0,0,0,0,0,0
instruct-1.0,T0927,1,stop,669,0,0,0,0,0,0,0,0,3,0,0,0,1,0,0
instruct-1.0,T0928,1,stop,585,0,0,0,0,0,0,0,0,1,0,0,0,0,0,0
instruct-1.0,T0929,1,length,769,0,0,0,0,0,0,0,0,0,0,0,0,0,0,0
instruct-1.0,T0930,1,stop,525,0,0,0,0,0,0,0,0,0,0,0,0,0,0,0
instruct-1.0,T0931,1,stop,578,0,0,0,0,0,0,0,0,0,0,0,0,0,0,0
instruct-1.0,T0932,1,stop,656,0,0,0,0,0,0,0,0,0,0,0,0,0,0,0
instruct-1.0,T0933,1,length,769,0,0,0,0,0,0,0,0,0,0,0,0,0,0,0
instruct-1.0,T0934,1,length,726,0,0,0,0,0,0,0,0,0,0,0,0,0,0,0
instruct-1.0,T0935,1,length,784,0,0,0,0,0,0,0,0,0,0,0,0,0,0,0
instruct-1.0,T0936,1,stop,601,0,0,0,0,0,0,0,0,0,0,0,0,0,0,0
instruct-1.0,T0937,1,stop,687,0,0,0,0,0,0,0,0,0,0,0,0,0,0,0
instruct-1.0,T0938,1,stop,468,0,0,0,0,0,0,0,0,0,0,0,0,0,0,0
instruct-1.0,T0939,1,stop,661,0,0,0,0,0,0,0,0,0,0,0,0,0,0,0
instruct-1.0,T0940,1,stop,781,0,0,0,0,0,0,0,0,1,0,0,0,1,0,0
instruct-1.0,T0941,1,stop,683,0,0,0,0,0,0,1,0,0,0,0,0,0,0,0
instruct-1.0,T0942,1,stop,758,0,0,0,0,0,0,0,0,0,0,0,0,0,0,0
instruct-1.0,T0943,1,stop,715,0,0,0,0,0,0,0,0,0,0,0,0,0,0,0
instruct-1.0,T0944,1,stop,779,0,0,0,0,0,0,0,0,0,0,0,0,0,0,0
instruct-1.0,T0945,1,stop,590,0,0,0,0,0,0,0,0,0,0,0,0,0,0,0
instruct-1.0,T0946,1,stop,644,0,0,0,0,0,0,0,0,0,0,0,0,0,0,0
instruct-1.0,T0947,1,length,764,0,0,0,0,0,0,0,0,0,0,0,0,0,0,0
instruct-1.0,T0948,1,stop,740,0,0,0,0,0,0,1,0,0,0,0,0,0,0,0
instruct-1.0,T0949,1,stop,742,0,0,0,0,0,0,0,0,0,0,0,0,0,0,0
instruct-1.0,T0950,1,stop,775,0,0,0,0,0,0,1,0,1,0,0,0,0,0,0
instruct-1.0,T0951,1,stop,599,1,0,0,0,0,0,0,0,0,0,0,0,0,0,0
instruct-1.0,T0952,1,stop,655,0,0,0,0,0,0,0,0,0,0,0,0,0,0,0
instruct-1.0,T0953,1,stop,689,0,0,0,0,0,0,0,0,0,0,0,0,0,0,0
instruct-1.0,T0954,1,stop,750,0,0,0,0,0,0,1,0,1,0,0,0,1,0,0
instruct-1.0,T0955,1,stop,460,0,0,0,0,0,0,0,0,0,0,0,0,0,0,0
instruct-1.0,T0956,1,stop,645,0,0,0,0,0,0,0,0,0,0,0,0,0,0,0
instruct-1.0,T0957,1,length,742,0,0,0,0,0,0,0,0,0,0,0,0,0,0,0
instruct-1.0,T0958,1,length,747,1,0,0,0,0,0,0,0,0,0,0,0,0,0,0
instruct-1.0,T0959,1,length,815,0,0,0,0,0,0,0,0,0,0,0,0,0,0,0
instruct-1.0,T0960,1,stop,681,0,0,0,0,0,0,0,0,0,0,0,0,1,0,0
instruct-1.0,T0961,1,length,766,0,0,0,0,0,0,0,0,0,0,0,0,0,0,0
instruct-1.0,T0962,1,stop,764,0,0,0,0,0,0,0,0,1,0,0,0,0,0,0
instruct-1.0,T0963,1,stop,654,0,0,0,0,0,0,0,0,0,0,0,0,1,0,0
instruct-1.0,T0964,1,stop,691,0,0,0,0,0,0,0,0,2,0,0,0,0,0,0
instruct-1.0,T0965,1,stop,438,0,0,0,0,0,0,0,0,0,0,0,0,0,0,0
instruct-1.0,T0966,1,stop,693,0,0,0,0,0,0,0,0,0,0,0,0,0,0,0
instruct-1.0,T0967,1,stop,697,0,0,0,0,0,0,0,0,1,0,0,0,0,0,0
instruct-1.0,T0968,1,length,760,0,0,0,0,0,0,0,0,0,0,0,0,0,0,0
instruct-1.0,T0969,1,length,758,0,0,0,0,0,0,0,0,0,0,0,0,0,0,0
instruct-1.0,T0970,1,length,717,0,0,0,0,0,0,0,0,1,0,0,0,0,0,0
instruct-1.0,T0971,1,length,757,0,0,0,0,0,0,0,0,0,0,0,0,0,0,0
instruct-1.0,T0972,1,length,766,0,0,0,0,0,0,0,0,0,0,0,0,0,0,0
instruct-1.0,T0973,1,stop,592,0,0,0,0,0,0,1,0,0,0,0,0,0,0,0
instruct-1.0,T0974,1,stop,415,0,0,0,0,0,0,1,0,1,0,0,0,0,0,0
instruct-1.0,T0975,1,stop,759,0,0,0,0,0,0,0,0,1,0,0,0,0,0,0
instruct-1.0,T0976,1,stop,578,0,0,0,0,0,0,0,0,0,0,0,0,0,0,0
instruct-1.0,T0977,1,length,684,0,0,0,0,0,0,0,0,0,0,0,0,0,0,0
instruct-1.0,T0978,1,stop,673,0,0,0,0,0,0,0,0,0,0,0,0,0,0,0
instruct-1.0,T0979,1,length,768,0,0,0,0,0,0,0,0,0,0,0,0,0,0,0
instruct-1.0,T0980,1,stop,432,0,0,0,0,0,0,0,0,0,0,0,0,0,0,0
instruct-1.0,T0981,1,stop,515,0,0,0,0,0,0,0,0,0,0,0,0,0,0,0
instruct-1.0,T0982,1,stop,341,0,0,0,0,0,0,0,0,0,0,0,0,0,0,0
instruct-1.0,T0983,1,length,700,0,0,0,0,0,0,0,0,0,0,0,0,0,0,0
instruct-1.0,T0984,1,stop,560,0,0,1,0,0,0,0,0,0,0,0,0,0,0,0
instruct-1.0,T0985,1,length,816,0,0,0,0,0,0,0,0,0,0,0,0,0,0,0
instruct-1.0,T0986,1,stop,621,1,0,0,0,0,0,1,0,1,0,0,0,0,0,0
instruct-1.0,T0987,1,stop,744,0,0,0,0,0,0,0,0,0,0,0,0,0,0,0
instruct-1.0,T0988,1,stop,723,0,0,0,0,0,0,0,0,0,0,0,0,0,0,0
instruct-1.0,T0989,1,stop,714,0,0,0,0,0,0,0,0,0,0,0,0,0,0,0
instruct-1.0,T0990,1,stop,682,0,0,0,0,0,0,0,0,0,0,0,0,0,0,0
instruct-1.0,T0991,1,stop,493,0,0,0,0,0,0,0,0,0,0,0,0,0,0,0
instruct-1.0,T0992,1,length,771,0,0,0,0,0,0,0,0,0,0,0,0,0,0,0
instruct-1.0,T0993,1,stop,737,0,0,0,0,0,0,0,0,0,0,0,0,0,0,0
instruct-1.0,T0994,1,length,762,0,0,0,0,0,0,0,0,0,0,0,0,0,0,0
instruct-1.0,T0995,1,stop,589,0,0,0,0,0,0,0,0,0,0,0,0,0,0,0
instruct-1.0,T0996,1,stop,710,0,0,0,0,0,0,0,0,1,0,0,0,0,0,0
instruct-1.0,T0997,1,stop,393,0,0,0,0,0,0,0,0,1,0,0,0,0,0,0
instruct-1.0,T0998,1,stop,611,0,0,0,0,0,0,0,0,1,0,0,0,0,0,0
instruct-1.0,T0999,1,length,782,0,0,0,0,0,0,0,0,0,0,0,0,0,0,0
instruct-1.0,T1000,1,stop,604,0,0,0,0,0,0,0,0,0,0,0,0,0,0,0
instruct-1.0,T1001,1,stop,711,0,0,0,0,0,0,0,0,1,0,0,0,0,0,0
instruct-1.0,T1002,1,stop,700,0,0,0,0,0,0,0,0,0,0,0,0,0,0,0
instruct-1.0,T1003,1,stop,704,0,0,0,0,0,0,0,0,0,0,0,0,0,0,0
instruct-1.0,T1004,1,stop,526,0,0,0,0,0,0,0,0,0,0,0,0,0,0,0
instruct-1.0,T1005,1,stop,671,0,0,0,0,0,0,0,0,1,0,0,0,0,0,0
instruct-1.0,T1006,1,stop,663,0,0,0,0,0,0,0,0,0,0,0,0,0,0,0
instruct-1.0,T1007,1,length,764,0,0,0,0,0,0,0,0,0,0,0,0,0,0,0
instruct-1.0,T1008,1,length,785,0,0,0,0,0,0,0,0,0,0,0,0,0,0,0
instruct-1.0,T1009,1,stop,559,0,0,0,0,0,0,0,0,1,0,0,0,0,0,0
instruct-1.0,T1010,1,length,819,0,0,0,0,0,0,1,0,3,0,0,0,0,0,0
instruct-1.0,T1011,1,stop,837,0,0,0,0,0,0,0,0,0,0,0,0,0,0,0
instruct-1.0,T1012,1,stop,487,0,0,0,0,0,0,0,0,1,0,0,0,0,0,0
instruct-1.0,T1013,1,stop,453,0,0,0,0,0,0,0,0,0,0,0,0,0,0,0
instruct-1.0,T1014,1,stop,525,0,0,0,0,0,0,0,0,1,0,0,0,0,0,0
instruct-1.0,T1015,1,stop,759,0,0,0,0,0,0,0,0,1,0,0,0,0,0,0
instruct-1.0,T1016,1,stop,791,0,0,0,0,0,0,0,0,0,0,0,0,0,0,0
instruct-1.0,T1017,1,stop,796,0,0,0,0,0,0,0,0,2,0,0,0,0,0,0
instruct-1.0,T1018,1,length,801,0,0,0,0,0,0,0,0,0,0,0,0,0,0,0
instruct-1.0,T1019,1,stop,586,0,0,0,0,0,0,0,0,0,0,0,0,0,0,0
instruct-1.0,T1020,1,length,788,0,0,0,0,0,0,0,0,0,0,0,0,0,0,0
instruct-1.0,T1021,1,length,733,0,0,0,0,0,0,0,0,0,0,0,0,0,0,0
instruct-1.0,T1022,1,stop,545,1,0,0,0,0,0,0,0,0,0,0,0,0,0,0
instruct-1.0,T1023,1,length,776,0,0,0,0,0,0,0,0,0,0,0,0,0,0,0
instruct-1.0,T1024,1,stop,592,0,0,0,0,0,0,0,0,0,0,0,0,0,0,0
instruct-1.0,T1025,1,stop,634,1,0,0,0,0,0,0,0,1,0,0,0,0,0,0
instruct-1.0,T1026,1,stop,645,0,0,0,0,0,0,1,0,0,0,0,0,0,0,0
instruct-1.0,T1027,1,stop,734,0,0,0,0,0,0,0,0,1,0,0,0,0,0,0
instruct-1.0,T1028,1,length,684,0,0,0,0,0,0,0,0,1,0,0,0,0,0,0
instruct-1.0,T1029,1,stop,773,0,0,0,0,0,0,0,0,1,0,0,0,0,0,0
instruct-1.0,T1030,1,stop,683,1,0,0,0,0,0,0,0,0,1,0,0,0,0,0
instruct-1.0,T1031,1,stop,719,0,0,0,0,0,0,0,0,1,0,0,0,0,0,0
instruct-1.0,T1032,1,stop,706,0,0,0,0,0,0,0,0,0,0,0,0,0,0,0
instruct-1.0,T1033,1,length,841,0,0,0,0,0,0,1,0,3,0,0,0,0,0,0
instruct-1.0,T1034,1,stop,710,0,0,0,0,0,0,0,0,0,0,0,0,0,0,0
instruct-1.0,T1035,1,length,816,0,0,0,0,0,0,0,0,0,0,0,0,0,0,0
instruct-1.0,T1036,1,length,758,0,0,0,0,0,0,0,0,1,0,0,0,0,0,0
instruct-1.0,T1037,1,length,724,0,0,0,0,0,0,0,0,0,0,0,0,0,0,0
instruct-1.0,T1038,1,length,755,0,0,0,0,0,0,0,0,0,0,0,0,0,0,0
instruct-1.0,T1039,1,stop,675,0,0,0,0,0,0,0,1,1,1,0,0,0,0,0
instruct-1.0,T1040,1,stop,543,0,0,0,0,0,0,1,0,1,0,0,0,0,0,0
instruct-1.0,T1041,1,length,752,0,0,0,0,0,0,0,0,0,0,0,0,0,0,0
instruct-1.0,T1042,1,length,816,0,0,0,0,0,0,0,0,0,0,0,0,0,0,0
instruct-1.0,T1043,1,stop,424,0,0,0,0,0,0,0,0,0,0,0,0,0,0,0
instruct-1.0,T1044,1,length,801,0,0,0,0,0,0,0,0,0,0,0,0,0,0,0
instruct-1.0,T1045,1,stop,593,0,0,0,0,0,0,1,0,1,0,0,0,0,0,0
instruct-1.0,T1046,1,length,737,0,0,0,0,0,0,0,0,1,0,0,0,0,0,0
instruct-1.0,T1047,1,length,811,0,0,0,0,0,0,0,0,0,0,0,0,0,0,0
instruct-1.0,T1048,1,length,807,0,0,0,0,0,0,0,0,0,0,0,0,0,0,0
instruct-1.0,T1049,1,stop,659,0,0,0,0,0,0,0,0,4,0,0,0,0,0,0
instruct-1.0,T1050,1,stop,573,0,0,0,0,0,0,0,0,0,0,0,0,0,0,0
instruct-1.0,T1051,1,stop,411,0,0,0,0,0,0,0,0,0,0,0,0,0,0,0
instruct-1.0,T1052,1,length,647,0,0,0,0,0,0,0,0,0,0,0,0,0,0,0
instruct-1.0,T1053,1,stop,504,0,0,0,0,0,0,0,0,0,0,0,0,0,0,0
instruct-1.0,T1054,1,stop,650,0,0,0,0,0,0,0,0,0,0,0,0,0,0,0
instruct-1.0,T1055,1,stop,609,0,0,0,0,0,0,0,0,0,0,0,0,0,0,0
instruct-1.0,T1056,1,length,713,0,0,0,0,0,0,0,0,1,0,0,0,0,0,0
instruct-1.0,T1057,1,stop,637,0,0,1,0,0,0,0,0,0,0,0,0,0,0,0
instruct-1.0,T1058,1,stop,638,0,0,0,0,0,0,0,0,1,0,0,0,0,0,0
instruct-1.0,T1059,1,stop,799,0,0,0,0,0,0,0,0,0,0,0,0,0,0,0
instruct-1.0,T1060,1,stop,626,0,0,0,0,0,0,0,0,0,0,0,0,0,0,0
instruct-1.0,T1061,1,length,775,0,0,0,0,0,0,0,0,0,0,0,0,0,0,0
instruct-1.0,T1062,1,stop,142,0,0,0,0,0,0,0,0,0,0,0,0,0,0,0
instruct-1.0,T1063,1,stop,707,0,0,0,0,0,0,0,0,1,0,0,0,0,0,0
instruct-1.0,T1064,1,stop,594,0,0,0,0,0,0,0,0,1,0,0,0,0,0,0
instruct-1.0,T1065,1,length,731,0,0,0,0,0,0,0,0,0,0,0,0,0,0,0
instruct-1.0,T1066,1,stop,593,0,0,0,0,0,0,0,0,1,0,0,0,0,0,0
instruct-1.0,T1067,1,stop,573,0,0,0,0,0,0,0,0,0,0,0,0,0,0,0
instruct-1.0,T1068,1,stop,597,0,0,0,0,0,0,0,0,0,0,0,0,0,0,0
instruct-1.0,T1069,1,stop,673,0,0,0,0,0,0,0,0,0,0,0,0,0,0,0
instruct-1.0,T1070,1,stop,578,0,0,0,0,0,0,0,0,0,0,0,0,0,0,0
instruct-1.0,T1071,1,length,816,0,0,0,0,0,0,0,0,0,0,0,0,0,0,0
instruct-1.0,T1072,1,length,786,0,0,0,0,0,0,0,0,0,0,0,0,0,0,0
instruct-1.0,T1073,1,stop,767,0,0,0,0,0,0,0,0,0,0,0,0,0,0,0
instruct-1.0,T1074,1,stop,766,0,0,0,0,0,0,0,0,0,0,0,0,0,0,0
instruct-1.0,T1075,1,stop,803,0,0,0,0,0,0,0,0,0,0,0,0,0,0,0
instruct-1.0,T1076,1,stop,762,0,0,0,0,0,0,0,1,0,0,0,0,0,0,0
instruct-1.0,T1077,1,stop,653,0,0,1,0,0,0,0,0,0,0,0,0,0,0,0
instruct-1.0,T1078,1,stop,555,0,0,0,0,0,0,0,0,0,0,0,0,0,1,0
instruct-1.0,T1079,1,length,681,0,0,0,0,0,0,0,0,0,0,0,0,0,0,0
instruct-1.0,T1080,1,stop,561,0,0,0,0,0,0,0,0,0,0,0,0,0,0,0
instruct-1.0,T1081,1,length,615,0,0,0,0,0,0,0,0,0,0,0,0,0,0,0
instruct-1.0,T1082,1,stop,644,0,0,0,0,0,0,0,0,1,0,0,0,0,0,0
instruct-1.0,T1083,1,length,731,0,0,0,0,0,0,0,0,0,0,0,0,0,0,0
instruct-1.0,T1084,1,length,637,0,0,1,0,0,0,0,0,0,0,0,0,0,0,0
instruct-1.0,T1085,1,length,738,0,0,0,0,0,0,0,0,1,0,0,0,0,0,0
instruct-1.0,T1086,1,length,787,0,0,0,0,0,0,0,0,0,0,0,0,0,0,0
instruct-1.0,T1087,1,length,738,0,0,0,0,0,0,0,0,0,0,0,0,0,0,0
instruct-1.0,T1088,1,length,669,0,0,0,0,0,0,0,0,0,0,0,0,0,0,0
instruct-1.0,T1089,1,stop,456,0,0,0,0,0,0,0,0,0,0,0,0,0,0,0
instruct-1.0,T1090,1,length,724,0,0,0,0,0,0,0,0,0,0,0,0,0,0,0
instruct-1.0,T1091,1,stop,651,0,0,0,0,0,0,0,0,1,0,0,0,0,0,0
instruct-1.0,T1092,1,stop,428,1,0,0,0,0,0,0,0,0,0,0,0,0,0,0
instruct-1.0,T1093,1,stop,679,0,0,0,0,0,0,0,0,1,0,0,0,0,0,0
instruct-1.0,T1094,1,length,822,0,0,0,0,0,0,0,0,0,0,0,0,0,0,0
instruct-1.0,T1095,1,stop,795,0,0,0,0,0,0,0,0,0,0,0,0,0,0,0
instruct-1.0,T1096,1,stop,634,0,0,0,0,0,0,0,0,0,0,0,0,0,0,0
instruct-1.0,T1097,1,length,738,0,0,0,0,0,0,0,0,0,0,0,0,0,0,0
instruct-1.0,T1098,1,stop,655,0,0,0,0,0,0,0,0,0,0,0,0,0,0,0
instruct-1.0,T1099,1,stop,730,0,0,0,0,0,0,0,0,0,0,0,0,0,0,0
instruct-1.0,T1100,1,stop,594,0,0,0,0,0,0,0,0,0,0,0,0,0,0,0
instruct-1.0,T1101,1,length,694,0,0,0,0,0,0,0,0,0,0,0,0,0,0,0
instruct-1.0,T1102,1,length,750,0,0,0,0,0,0,0,0,0,0,0,0,0,0,0
instruct-1.0,T1103,1,stop,630,0,0,0,0,0,0,0,0,0,0,0,0,0,0,0
instruct-1.0,T1104,1,length,712,0,0,0,0,0,0,1,0,0,0,0,0,1,0,0
instruct-1.0,T1105,1,stop,664,0,0,0,0,0,0,0,0,0,0,0,0,0,0,0
instruct-1.0,T1106,1,stop,716,0,0,0,0,0,0,0,0,0,0,0,0,0,0,0
instruct-1.0,T1107,1,stop,781,0,0,0,0,0,0,1,0,1,0,0,0,0,0,0
instruct-1.0,T1108,1,length,767,0,0,0,0,0,0,0,0,1,0,0,0,0,0,0
instruct-1.0,T1109,1,stop,781,0,0,0,0,0,0,0,0,1,0,0,0,0,0,0
instruct-1.0,T1110,1,stop,687,0,0,0,0,0,0,0,0,0,0,0,0,0,0,0
instruct-1.0,T1111,1,stop,714,0,0,0,0,0,0,0,0,0,0,0,0,0,0,0
instruct-1.0,T1112,1,stop,423,0,0,0,0,0,0,0,0,0,0,0,0,0,0,0
instruct-1.0,T1113,1,stop,667,0,0,0,0,0,0,0,0,0,1,0,0,0,0,0
instruct-1.0,T1114,1,stop,620,0,0,0,0,0,0,0,0,0,1,0,0,0,0,0
instruct-1.0,T1115,1,length,772,0,0,0,0,0,0,0,0,0,0,0,0,0,0,0
instruct-1.0,T1116,1,stop,545,0,0,0,0,0,0,0,0,1,0,0,0,0,0,0
instruct-1.0,T1117,1,stop,786,0,0,0,0,0,0,0,0,0,0,0,0,0,0,0
instruct-1.0,T1118,1,length,813,0,0,0,0,0,0,0,0,1,0,0,0,0,0,0
instruct-1.0,T1119,1,stop,720,0,0,0,0,0,0,0,0,0,0,0,0,0,0,0
instruct-1.0,T1120,1,stop,692,0,0,0,0,0,0,0,0,1,0,0,0,0,0,0
instruct-1.0,T1121,1,length,764,0,0,0,0,0,0,0,0,1,0,0,0,0,0,0
instruct-1.0,T1122,1,stop,497,0,0,0,0,0,0,0,0,0,0,0,0,0,0,0
instruct-1.0,T1123,1,stop,558,0,0,0,0,0,0,0,0,1,0,0,0,0,0,0
instruct-1.0,T1124,1,stop,493,0,0,0,0,0,0,0,0,0,0,0,0,0,0,0
instruct-1.0,T1125,1,length,691,0,0,0,0,0,0,0,0,1,0,0,0,0,0,0
instruct-1.0,T1126,1,stop,419,0,0,0,0,0,0,0,0,0,0,0,0,0,0,0
instruct-1.0,T1127,1,stop,718,0,0,0,0,0,0,0,0,0,0,0,0,0,0,0
instruct-1.0,T1128,1,stop,753,0,0,0,0,0,0,0,0,0,0,0,0,0,0,0
instruct-1.0,T1129,1,length,754,0,0,0,0,0,0,0,0,0,0,0,0,0,0,0
instruct-1.0,T1130,1,stop,790,0,0,0,0,0,0,0,0,0,0,0,0,0,0,0
instruct-1.0,T1131,1,stop,598,0,0,0,0,0,0,0,0,0,0,0,0,0,0,0
instruct-1.0,T1132,1,length,779,0,0,0,0,0,0,0,0,0,0,0,0,0,0,0
instruct-1.0,T1133,1,length,726,0,0,0,0,0,0,0,0,0,0,0,0,0,0,0
instruct-1.0,T1134,1,stop,624,0,0,0,0,0,0,0,0,0,0,0,0,0,0,0
instruct-1.0,T1135,1,length,790,0,0,0,0,0,0,0,0,0,0,0,0,0,0,0
instruct-1.0,T1136,1,length,804,0,0,0,0,0,0,0,0,0,0,0,0,0,0,0
instruct-1.0,T1137,1,length,739,0,0,0,0,0,0,0,0,0,0,0,0,0,0,0
instruct-1.0,T1138,1,length,767,0,0,0,0,0,0,1,0,1,0,0,0,0,0,0
instruct-1.0,T1139,1,length,736,0,0,0,0,0,0,0,0,0,0,0,0,0,0,0
instruct-1.0,T1140,1,length,723,0,0,0,0,0,0,0,0,1,0,0,0,0,0,0
instruct-1.0,T1141,1,length,741,0,0,0,0,0,0,0,0,0,0,0,0,0,0,0
instruct-1.0,T1142,1,length,763,0,0,0,0,0,0,0,0,0,0,0,0,0,0,0
instruct-1.0,T1143,1,stop,770,0,0,0,0,0,0,0,0,0,0,0,0,0,0,0
instruct-1.0,T1144,1,stop,701,0,0,0,0,0,0,0,0,1,0,0,0,0,0,0
instruct-1.0,T1145,1,stop,380,0,0,0,0,0,0,0,0,0,0,0,0,0,0,0
instruct-1.0,T1146,1,length,727,0,0,0,0,0,0,0,0,0,0,0,0,0,0,0
instruct-1.0,T1147,1,length,761,0,0,0,0,0,0,0,0,0,0,0,0,0,0,0
instruct-1.0,T1148,1,length,736,0,0,0,0,0,0,0,0,0,0,0,0,0,0,0
instruct-1.0,T1149,1,stop,652,0,0,0,0,0,0,1,0,1,0,0,0,0,0,0
instruct-1.0,T1150,1,length,817,0,0,0,0,0,0,0,0,0,0,0,0,0,0,0
instruct-1.0,T1151,1,stop,640,0,0,0,0,0,0,0,0,0,0,0,0,0,0,0
instruct-1.0,T1152,1,stop,691,0,0,0,0,0,0,0,0,0,0,0,0,0,0,0
instruct-1.0,T1153,1,length,720,0,0,0,0,0,0,0,0,0,0,0,0,0,0,0
instruct-1.0,T1154,1,stop,641,0,0,0,0,0,0,0,0,0,0,0,0,0,0,0
instruct-1.0,T1155,1,stop,495,0,0,0,0,0,0,0,0,0,0,0,0,0,0,0
instruct-1.0,T1156,1,stop,665,0,0,0,0,0,0,0,0,1,0,0,0,0,0,0
instruct-1.0,T1157,1,length,742,0,0,0,0,0,0,0,0,0,0,0,0,0,0,0
instruct-1.0,T1158,1,stop,603,0,0,0,0,0,0,0,0,0,0,0,0,0,0,0
instruct-1.0,T1159,1,length,766,0,0,0,0,0,0,0,0,0,0,0,0,0,0,0
instruct-1.0,T1160,1,length,760,0,0,0,0,0,0,0,0,0,0,0,0,0,0,0
instruct-1.0,T1161,1,stop,469,0,0,0,0,0,0,0,0,0,0,0,0,0,0,0
instruct-1.0,T1162,1,stop,749,0,0,0,0,0,0,0,0,0,0,0,0,0,0,0
instruct-1.0,T1163,1,length,787,0,0,0,0,0,0,0,0,0,0,0,0,0,0,0
instruct-1.0,T1164,1,stop,576,0,0,0,0,0,0,0,0,0,0,0,0,0,0,0
instruct-1.0,T1165,1,stop,636,0,0,0,0,0,0,0,0,0,0,0,0,0,0,0
instruct-1.0,T1166,1,stop,803,0,0,0,0,0,0,0,0,0,0,0,0,0,0,0
instruct-1.0,T1167,1,length,719,0,0,0,0,0,0,0,1,2,0,0,0,0,0,0
instruct-1.0,T1168,1,length,814,0,0,0,0,0,0,0,0,0,0,0,0,0,0,0
instruct-1.0,T1169,1,stop,489,0,0,0,0,0,0,0,0,1,0,0,0,0,0,0
instruct-1.0,T1170,1,stop,571,0,0,0,0,0,0,0,0,0,1,0,0,0,0,0
instruct-1.0,T1171,1,stop,711,0,0,0,0,0,0,0,0,0,0,0,0,0,0,0
instruct-1.0,T1172,1,stop,734,0,0,0,0,0,0,0,0,0,0,0,0,0,0,0
instruct-1.0,T1173,1,length,803,0,0,0,0,0,0,0,0,0,0,0,0,0,0,0
instruct-1.0,T1174,1,stop,641,0,0,0,0,0,0,0,0,0,0,0,0,0,0,0
instruct-1.0,T1175,1,stop,681,0,0,0,0,0,0,0,0,0,0,0,0,0,0,0
instruct-1.0,T1176,1,stop,831,0,0,0,0,0,0,0,0,0,0,0,0,0,0,0
instruct-1.0,T1177,1,length,737,0,0,0,0,0,0,0,0,0,0,0,0,0,0,0
instruct-1.0,T1178,1,stop,765,0,0,0,0,0,0,0,0,0,0,0,0,0,0,0
instruct-1.0,T1179,1,stop,690,0,0,0,0,0,0,0,0,0,0,0,0,1,0,0
instruct-1.0,T1180,1,length,737,0,0,0,0,0,0,0,0,0,0,0,0,0,0,0
instruct-1.0,T1181,1,length,700,0,0,0,0,0,0,0,0,1,0,0,0,0,0,0
instruct-1.0,T1182,1,stop,638,0,0,0,0,0,0,0,0,0,0,0,0,0,0,0
instruct-1.0,T1183,1,length,684,0,0,0,0,0,0,0,0,0,0,0,0,0,0,0
instruct-1.0,T1184,1,length,795,0,0,0,0,0,0,0,0,1,0,0,0,0,0,0
instruct-1.0,T1185,1,length,697,0,0,0,0,0,0,0,0,0,0,0,0,0,0,0
instruct-1.0,T1186,1,stop,629,0,0,0,0,0,0,0,0,0,0,0,0,0,0,0
instruct-1.0,T1187,1,stop,728,0,0,0,0,0,0,1,1,2,0,0,0,0,0,0
instruct-1.0,T1188,1,stop,512,0,0,0,0,0,0,1,0,0,0,0,0,0,0,0
instruct-1.0,T1189,1,stop,729,0,0,0,0,0,0,0,0,0,0,0,0,0,0,0
instruct-1.0,T1190,1,length,805,0,0,0,0,0,0,0,0,0,0,0,0,0,0,0
instruct-1.0,T1191,1,length,785,0,0,0,0,0,0,0,0,0,0,0,0,0,0,0
instruct-1.0,T1192,1,stop,711,0,0,0,0,0,0,0,0,0,0,0,0,0,0,0
instruct-1.0,T1193,1,stop,570,0,0,0,0,0,0,0,0,0,0,0,0,0,0,0
instruct-1.0,T1194,1,stop,667,0,0,0,0,0,0,0,0,0,0,0,0,0,0,0
instruct-1.0,T1195,1,length,743,0,0,0,0,0,0,0,0,1,0,0,0,0,0,0
instruct-1.0,T1196,1,stop,753,0,0,0,0,0,0,0,0,1,0,0,0,0,0,0
instruct-1.0,T1197,1,length,742,0,0,0,0,0,0,0,0,2,0,0,0,0,0,0
instruct-1.0,T1198,1,length,779,0,0,0,0,0,0,0,0,0,0,0,0,0,0,0
instruct-1.0,T1199,1,length,766,0,0,0,0,0,0,0,0,0,0,0,0,0,0,0
instruct-1.0,T1200,1,length,762,0,0,0,0,0,0,0,0,0,0,0,0,0,0,0
instruct-1.0,T1201,1,length,769,1,0,0,0,0,0,0,0,1,0,0,0,0,0,0
instruct-1.0,T1202,1,length,757,0,0,0,0,0,0,0,0,1,0,0,0,0,0,0
instruct-1.0,T1203,1,length,722,0,0,0,0,0,0,0,0,0,0,0,0,0,0,0
instruct-1.0,T1204,1,length,738,0,0,0,0,0,0,0,0,1,0,0,0,0,0,0
instruct-1.0,T1205,1,stop,624,0,0,0,0,0,0,0,0,0,0,0,0,0,0,0
instruct-1.0,T1206,1,stop,458,0,0,0,0,0,0,0,0,0,0,0,0,0,0,0
instruct-1.0,T1207,1,stop,728,0,0,0,0,0,0,2,0,0,0,0,0,0,0,0
instruct-1.0,T1208,1,stop,731,0,0,0,0,0,0,0,0,0,0,0,0,0,0,0
instruct-1.0,T1209,1,length,759,0,0,0,0,0,0,0,0,0,0,0,0,0,0,0
instruct-1.0,T1210,1,length,659,0,0,0,0,0,0,0,0,0,0,0,0,0,0,0
instruct-1.0,T1211,1,stop,714,0,0,0,0,0,0,0,0,0,0,0,0,0,0,0
instruct-1.0,T1212,1,length,781,0,0,0,0,0,0,0,0,1,0,0,0,0,0,0
instruct-1.0,T1213,1,stop,720,0,0,0,0,0,0,0,0,0,0,0,0,0,0,0
instruct-1.0,T1214,1,stop,634,0,0,0,0,0,0,0,0,0,0,0,0,0,0,0
instruct-1.0,T1215,1,stop,677,0,0,0,0,0,0,0,0,0,0,0,0,0,0,0
instruct-1.0,T1216,1,length,755,0,0,0,0,0,0,0,0,0,0,0,0,0,0,0
instruct-1.0,T1217,1,stop,648,0,0,0,0,0,0,0,0,0,0,0,0,0,0,0
instruct-1.0,T1218,1,length,828,0,0,0,0,0,0,0,0,0,0,0,0,0,0,0
instruct-1.0,T1219,1,stop,352,0,0,0,0,0,0,0,0,0,0,0,0,0,0,0
instruct-1.0,T1220,1,stop,654,0,0,0,0,0,0,0,0,0,0,0,0,0,0,0
instruct-1.0,T1221,1,stop,651,0,0,0,0,0,0,1,0,0,0,0,0,0,0,0
instruct-1.0,T1222,1,stop,714,0,0,0,0,0,0,0,0,0,0,0,0,0,0,0
instruct-1.0,T1223,1,stop,686,0,0,0,0,0,0,0,0,0,0,0,0,0,0,0
instruct-1.0,T1224,1,length,707,0,0,0,0,0,0,0,0,0,0,0,0,0,0,0
instruct-1.0,T1225,1,length,728,0,0,1,0,0,0,0,0,0,0,0,0,0,0,0
instruct-1.0,T1226,1,length,788,0,0,0,0,0,0,0,0,0,0,0,0,0,0,0
instruct-1.0,T1227,1,stop,723,0,0,0,0,0,0,0,0,0,0,0,0,0,0,0
instruct-1.0,T1228,1,stop,765,0,0,0,0,0,0,0,0,0,0,0,0,0,0,0
instruct-1.0,T1229,1,length,755,0,0,0,0,0,0,0,0,0,0,0,0,0,0,0
instruct-1.0,T1230,1,stop,618,0,0,0,0,0,0,0,0,0,0,0,0,0,0,0
instruct-1.0,T1231,1,length,731,0,0,0,0,0,0,0,0,0,0,0,0,0,0,0
instruct-1.0,T1232,1,stop,695,0,0,0,0,0,0,0,0,1,0,0,0,0,0,0
instruct-1.0,T1233,1,length,770,0,0,0,0,0,0,0,0,0,0,0,0,0,0,0
instruct-1.0,T1234,1,length,808,0,0,0,0,0,0,0,0,0,0,0,0,0,0,0
instruct-1.0,T1235,1,length,768,0,0,0,0,0,0,0,0,0,0,0,0,0,0,0
instruct-1.0,T1236,1,stop,589,0,0,0,0,0,0,0,0,0,0,0,0,0,0,0
instruct-1.0,T1237,1,stop,787,0,0,0,0,0,0,0,1,2,0,0,0,0,0,0
instruct-1.0,T1238,1,stop,712,0,0,0,0,0,0,0,0,1,0,0,0,0,0,0
instruct-1.0,T1239,1,length,766,0,0,0,0,0,0,0,0,1,0,0,0,0,0,0
instruct-1.0,T1240,1,length,766,0,0,0,0,0,0,0,0,0,0,0,0,0,0,0
instruct-1.0,T1241,1,stop,726,0,0,0,0,0,0,0,0,0,0,0,0,0,0,0
instruct-1.0,T1242,1,length,734,0,0,0,0,0,0,0,0,0,0,0,0,0,0,0
instruct-1.0,T1243,1,stop,619,0,0,0,0,0,0,0,0,0,0,0,0,0,0,0
instruct-1.0,T1244,1,stop,766,0,0,0,0,0,0,0,0,1,0,0,0,0,0,0
instruct-1.0,T1245,1,stop,616,0,0,0,0,0,0,0,0,0,0,0,0,0,0,0
instruct-1.0,T1246,1,stop,604,0,0,0,0,0,0,0,0,2,0,0,0,0,0,0
instruct-1.0,T1247,1,stop,646,0,0,0,0,0,0,1,0,1,0,0,0,0,0,0
instruct-1.0,T1248,1,length,758,0,0,0,0,0,0,0,0,0,0,0,0,0,0,0
instruct-1.0,T1249,1,stop,738,0,0,0,0,0,0,0,0,0,0,0,0,0,0,0
instruct-1.0,T1250,1,length,827,0,0,0,0,0,0,0,0,2,0,0,0,0,0,0
instruct-1.0,T1251,1,length,710,0,0,1,0,0,0,0,0,0,0,0,0,0,0,0
instruct-1.0,T1252,1,length,772,0,0,0,0,0,0,0,0,0,0,0,0,0,0,0
instruct-1.0,T1253,1,stop,734,0,0,0,0,0,0,0,0,0,0,0,0,0,0,0
instruct-1.0,T1254,1,stop,785,0,0,0,0,0,0,0,0,0,0,0,0,0,0,0
instruct-1.0,T1255,1,stop,768,0,0,0,0,0,0,0,0,1,0,0,0,0,0,0
instruct-1.0,T1256,1,stop,688,0,0,0,0,0,0,0,0,0,0,0,0,0,0,0
instruct-1.0,T1257,1,stop,562,0,0,0,0,0,0,1,0,0,0,0,0,0,0,0
instruct-1.0,T1258,1,stop,625,0,0,0,0,0,0,0,0,1,0,0,0,0,0,0
instruct-1.0,T1259,1,length,794,0,0,0,0,0,0,0,0,0,0,0,0,0,0,0
instruct-1.0,T1260,1,length,738,0,0,0,0,0,0,0,0,1,0,0,0,0,0,0
instruct-1.0,T1261,1,stop,803,0,0,0,0,0,0,0,0,0,0,0,0,0,1,0
instruct-1.0,T1262,1,stop,661,0,0,0,0,0,0,0,0,0,1,0,0,0,0,0
instruct-1.0,T1263,1,length,754,0,0,0,0,0,0,0,0,0,0,0,0,0,0,0
instruct-1.0,T1264,1,stop,666,0,0,0,0,0,0,1,0,1,0,0,0,0,0,0
instruct-1.0,T1265,1,stop,586,0,0,0,0,0,0,0,0,2,0,0,0,0,1,0
instruct-1.0,T1266,1,length,815,0,0,0,0,0,0,0,0,0,0,0,0,0,0,0
instruct-1.0,T1267,1,stop,284,0,0,0,0,0,0,0,0,0,0,0,0,0,0,0
instruct-1.0,T1268,1,stop,558,0,0,0,0,0,0,0,0,0,0,0,0,0,0,0
instruct-1.0,T1269,1,stop,639,0,0,0,0,0,0,0,0,0,0,0,0,0,0,0
instruct-1.0,T1270,1,stop,745,0,0,0,0,0,0,0,0,0,0,0,0,0,0,0
instruct-1.0,T1271,1,length,754,0,0,0,0,0,0,0,0,0,0,0,0,0,0,0
instruct-1.0,T1272,1,stop,678,0,0,0,0,0,0,0,0,0,0,0,0,0,0,0
instruct-1.0,T1273,1,stop,685,0,0,0,0,0,0,0,0,0,0,0,0,0,0,0
instruct-1.0,T1274,1,length,747,0,0,0,0,0,0,0,0,0,0,0,0,0,0,0
instruct-1.0,T1275,1,stop,485,0,0,0,0,0,0,0,0,0,0,0,0,0,0,0
instruct-1.0,T1276,1,stop,803,0,0,0,0,0,0,0,0,0,0,0,0,1,0,0
instruct-1.0,T1277,1,stop,631,0,0,0,0,0,0,0,0,1,0,0,0,0,0,0
instruct-1.0,T1278,1,stop,369,0,0,0,0,0,0,0,0,0,0,0,0,0,0,0
instruct-1.0,T1279,1,stop,602,0,0,0,0,0,0,0,0,0,0,0,0,0,0,0
instruct-1.0,T1280,1,stop,642,0,0,0,0,0,0,0,0,0,0,0,0,0,0,0
instruct-1.0,T1281,1,length,796,1,0,0,0,0,0,0,0,0,0,0,0,0,1,0
instruct-1.0,T1282,1,stop,679,0,0,0,0,0,0,0,0,1,0,0,0,0,0,0
instruct-1.0,T1283,1,stop,745,0,0,0,0,0,0,0,0,0,0,0,0,0,0,0
instruct-1.0,T1284,1,stop,726,0,0,0,0,0,0,0,0,0,0,0,0,0,0,0
instruct-1.0,T1285,1,length,785,0,0,0,0,0,0,0,0,1,0,0,0,0,0,0
instruct-1.0,T1286,1,stop,495,0,0,0,0,0,0,0,0,0,0,0,0,0,0,0
instruct-1.0,T1287,1,stop,758,0,0,0,0,0,0,0,0,0,0,0,0,0,0,0
instruct-1.0,T1288,1,stop,507,0,0,0,0,0,0,0,0,1,0,0,0,0,0,0
instruct-1.0,T1289,1,stop,714,0,0,0,0,0,0,0,0,0,0,0,0,0,0,0
instruct-1.0,T1290,1,length,737,0,0,0,0,0,0,0,0,0,0,0,0,0,0,0
instruct-1.0,T1291,1,stop,615,0,0,0,0,0,0,0,0,0,0,0,0,0,0,0
instruct-1.0,T1292,1,stop,629,0,0,0,0,0,0,0,0,1,0,0,0,0,0,0
instruct-1.0,T1293,1,stop,562,0,0,1,0,0,0,0,0,0,0,0,0,0,0,0
instruct-1.0,T1294,1,length,664,0,0,0,0,0,0,0,0,0,0,0,0,0,0,0
instruct-1.0,T1295,1,stop,415,0,0,0,0,0,0,0,0,0,0,0,0,0,0,0
instruct-1.0,T1296,1,stop,700,0,0,0,0,0,0,0,0,0,0,0,0,0,0,0
instruct-1.0,T1297,1,stop,686,0,0,0,0,0,0,0,0,0,0,0,0,0,0,0
instruct-1.0,T1298,1,stop,469,0,0,0,0,0,0,0,0,0,0,0,0,1,0,0
instruct-1.0,T1299,1,length,785,0,0,0,0,0,0,0,0,0,0,0,0,0,0,0
instruct-1.0,T1300,1,stop,668,0,0,0,0,0,0,0,0,1,0,0,0,0,0,0
instruct-1.0,T1301,1,length,738,0,0,0,0,0,0,0,0,3,0,0,0,0,0,0
instruct-1.0,T1302,1,stop,651,0,0,0,0,0,0,0,0,0,0,0,0,0,0,0
instruct-1.0,T1303,1,length,750,0,0,0,0,0,0,0,0,0,0,0,0,0,0,0
instruct-1.0,T1304,1,stop,709,0,0,0,0,0,0,1,0,0,0,0,0,0,0,0
instruct-1.0,T1305,1,length,781,0,0,0,0,0,0,0,0,1,0,0,0,0,0,0
instruct-1.0,T1306,1,length,802,0,0,0,0,0,0,0,0,0,0,0,0,0,0,0
instruct-1.0,T1307,1,stop,443,0,0,1,0,0,0,0,0,2,0,0,0,0,0,0
instruct-1.0,T1308,1,stop,712,0,0,0,0,0,0,0,0,1,0,0,0,0,0,0
instruct-1.0,T1309,1,length,692,0,0,0,0,0,0,0,0,0,0,0,0,0,0,0
instruct-1.0,T1310,1,length,728,0,0,0,0,0,0,0,0,0,0,0,0,0,0,0
instruct-1.0,T1311,1,stop,626,0,0,0,0,0,0,0,0,0,0,0,0,0,0,0
instruct-1.0,T1312,1,stop,764,0,0,0,0,0,0,0,0,2,0,0,0,0,0,0
instruct-1.0,T1313,1,stop,519,0,0,0,0,0,0,0,0,0,0,0,0,0,0,0
instruct-1.0,T1314,1,length,667,0,0,0,0,0,0,0,0,0,0,0,0,0,0,0
instruct-1.0,T1315,1,length,757,0,0,0,0,0,0,1,0,0,0,0,0,0,0,0
instruct-1.0,T1316,1,stop,700,0,0,0,0,0,0,0,0,1,0,0,0,0,0,0
instruct-1.0,T1317,1,length,750,0,0,0,0,0,0,0,0,0,0,0,0,0,0,0
instruct-1.0,T1318,1,stop,548,0,0,0,0,0,0,0,0,0,0,0,0,0,0,0
instruct-1.0,T1319,1,stop,672,0,0,0,0,0,0,0,0,1,0,0,0,0,0,0
instruct-1.0,T1320,1,stop,713,0,0,1,0,0,0,1,0,1,0,0,0,0,0,0
instruct-1.0,T1321,1,stop,707,0,0,0,0,0,0,0,0,0,0,0,0,0,0,0
instruct-1.0,T1322,1,length,700,0,0,0,0,0,0,1,0,0,0,0,0,0,0,0
instruct-1.0,T1323,1,stop,798,0,0,0,0,0,0,0,0,0,0,0,0,0,0,0
instruct-1.0,T1324,1,length,718,0,0,0,0,0,0,0,0,1,0,0,0,0,0,0
instruct-1.0,T1325,1,stop,623,0,0,0,0,0,0,0,0,1,0,0,0,0,0,0
instruct-1.0,T1326,1,stop,658,0,0,1,0,0,0,0,0,0,0,0,0,0,0,0
instruct-1.0,T1327,1,length,699,0,0,0,0,0,0,0,0,0,0,0,0,0,0,0
instruct-1.0,T1328,1,length,706,0,0,0,0,0,0,0,0,0,0,0,0,0,0,0
instruct-1.0,T1329,1,stop,774,0,0,0,0,0,0,0,0,1,0,0,0,0,0,0
instruct-1.0,T1330,1,stop,756,0,0,0,0,0,0,0,0,1,0,0,0,0,0,0
instruct-1.0,T1331,1,stop,722,0,0,0,0,0,0,0,0,1,0,0,0,0,0,0
instruct-1.0,T1332,1,stop,667,0,0,0,0,0,0,0,0,0,0,0,0,0,0,0
instruct-1.0,T1333,1,length,790,0,0,0,0,0,0,0,0,0,0,0,0,0,0,0
instruct-1.0,T1334,1,stop,704,0,0,0,0,0,0,0,0,0,0,0,0,0,0,0
instruct-1.0,T1335,1,stop,733,0,0,0,0,0,0,0,0,1,0,0,0,0,0,0
instruct-1.0,T1336,1,length,694,0,0,0,0,0,0,0,0,0,0,0,0,0,0,0
instruct-1.0,T1337,1,length,707,0,0,0,0,0,0,0,0,0,0,0,0,0,0,0
instruct-1.0,T1338,1,stop,679,0,0,0,0,0,0,0,0,0,0,0,0,0,0,0
instruct-1.0,T1339,1,stop,593,0,0,0,0,0,0,0,0,1,0,0,0,0,1,0
instruct-1.0,T1340,1,length,779,0,0,0,0,0,0,0,0,0,0,0,0,0,0,0
instruct-1.0,T1341,1,length,821,0,0,0,0,0,0,0,0,0,0,0,0,0,0,0
instruct-1.0,T1342,1,length,751,0,0,0,0,0,0,0,0,0,0,0,0,0,0,0
instruct-1.0,T1343,1,stop,585,0,0,0,0,0,0,0,0,0,0,0,0,0,0,0
instruct-1.0,T1344,1,stop,663,0,0,0,0,0,0,0,0,0,0,0,0,0,0,0
instruct-1.0,T1345,1,stop,676,0,0,0,0,0,0,0,0,0,0,0,0,0,0,0
instruct-1.0,T1346,1,stop,574,0,0,1,0,0,0,0,0,0,0,0,0,0,0,0
instruct-1.0,T1347,1,stop,766,0,0,0,0,0,0,0,0,1,0,0,0,0,0,0
instruct-1.0,T1348,1,stop,585,0,0,0,0,0,0,0,0,0,0,0,0,0,0,0
instruct-1.0,T1349,1,length,749,0,0,0,0,0,0,0,0,0,0,0,0,0,0,0
instruct-1.0,T1350,1,stop,562,0,0,0,0,0,0,0,0,0,0,0,0,0,0,0
instruct-1.0,T1351,1,stop,660,0,0,0,0,0,0,0,0,1,0,0,0,0,0,0
instruct-1.0,T1352,1,stop,594,0,0,0,0,0,0,0,0,0,0,0,0,0,0,0
instruct-1.0,T1353,1,stop,707,0,0,0,0,0,0,0,0,0,0,0,0,0,0,0
instruct-1.0,T1354,1,stop,772,0,0,0,0,0,0,0,0,0,0,0,0,0,0,0
instruct-1.0,T1355,1,stop,507,1,0,0,0,0,0,0,0,1,0,0,0,0,0,0
instruct-1.0,T1356,1,stop,593,0,0,0,0,0,0,0,0,0,0,0,0,0,0,0
instruct-1.0,T1357,1,stop,421,0,0,0,0,0,0,0,0,0,0,0,0,0,0,0
instruct-1.0,T1358,1,stop,599,0,0,0,0,0,0,0,0,0,0,0,0,0,0,0
instruct-1.0,T1359,1,stop,667,0,0,0,0,0,0,1,0,0,0,0,0,0,0,0
instruct-1.0,T1360,1,stop,614,0,0,0,0,0,0,0,0,0,0,0,0,0,0,0
instruct-1.0,T1361,1,stop,511,0,0,0,0,0,0,0,0,2,0,0,0,0,0,0
instruct-1.0,T1362,1,stop,637,0,0,0,0,0,0,0,0,0,0,0,0,0,0,0
instruct-1.0,T1363,1,stop,646,0,0,0,0,0,0,0,0,0,0,0,0,0,0,0
instruct-1.0,T1364,1,stop,708,0,0,0,0,0,0,0,0,1,0,0,0,0,0,0
instruct-1.0,T1365,1,length,779,0,0,0,0,0,0,0,0,0,0,0,0,0,0,0
instruct-1.0,T1366,1,stop,540,0,0,1,0,0,0,0,0,0,0,0,0,0,0,0
instruct-1.0,T1367,1,length,717,0,0,0,0,0,0,0,0,0,0,0,0,0,0,0
instruct-1.0,T1368,1,stop,726,0,0,0,0,0,0,0,0,1,0,0,0,0,0,0
instruct-1.0,T1369,1,length,730,0,0,0,0,0,0,0,0,0,0,0,0,0,0,0
instruct-1.0,T1370,1,length,741,0,0,0,0,0,0,0,0,0,0,0,0,0,0,0
instruct-1.0,T1371,1,stop,688,0,0,1,0,0,0,0,0,1,0,0,0,0,0,0
instruct-1.0,T1372,1,length,804,0,0,0,0,0,0,0,0,0,0,0,0,0,0,0
instruct-1.0,T1373,1,length,826,0,0,0,0,0,0,0,0,0,0,0,0,1,0,0
instruct-1.0,T1374,1,length,829,0,0,0,0,0,0,0,0,1,0,0,0,0,0,0
instruct-1.0,T1375,1,stop,748,0,0,0,0,0,0,0,0,0,0,0,0,0,0,0
instruct-1.0,T1376,1,stop,712,0,0,0,0,0,0,0,0,0,0,0,0,0,0,0
instruct-1.0,T1377,1,stop,694,0,0,0,0,0,0,0,0,0,0,0,0,0,0,0
instruct-1.0,T1378,1,length,704,0,0,0,0,0,0,0,0,0,0,0,0,0,0,0
instruct-1.0,T1379,1,stop,611,0,0,0,0,0,0,0,0,0,0,0,0,0,0,0
instruct-1.0,T1380,1,stop,695,0,0,0,0,0,0,0,0,0,0,0,0,0,0,0
instruct-1.0,T1381,1,stop,554,0,0,0,0,0,0,0,0,1,0,0,0,0,0,0
instruct-1.0,T1382,1,stop,713,0,0,0,0,0,0,0,0,1,0,0,0,0,0,0
instruct-1.0,T1383,1,stop,741,0,0,0,0,0,0,0,0,1,0,0,0,0,0,0
instruct-1.0,T1384,1,length,738,0,0,0,0,0,0,0,0,0,0,0,0,0,0,0
instruct-1.0,T1385,1,stop,778,0,0,0,0,0,0,0,0,0,0,0,0,0,0,0
instruct-1.0,T1386,1,stop,458,0,0,0,0,0,0,0,0,0,0,0,0,0,0,0
instruct-1.0,T1387,1,stop,619,0,0,0,0,0,0,1,0,2,0,0,0,0,0,0
instruct-1.0,T1388,1,length,783,0,0,0,0,0,0,0,0,0,0,0,0,0,0,0
instruct-1.0,T1389,1,stop,503,0,0,0,0,0,0,0,0,0,0,0,0,0,0,0
instruct-1.0,T1390,1,length,749,0,0,0,0,0,0,0,0,1,0,0,0,0,0,0
instruct-1.0,T1391,1,stop,711,0,0,0,0,0,0,0,0,0,0,0,0,0,0,0
instruct-1.0,T1392,1,stop,669,0,0,0,0,0,0,0,0,0,0,0,0,0,0,0
instruct-1.0,T1393,1,stop,618,0,0,0,0,0,0,0,0,1,0,0,0,0,0,0
instruct-1.0,T1394,1,stop,532,0,0,0,0,0,0,0,0,0,0,0,0,1,0,0
instruct-1.0,T1395,1,stop,589,0,0,0,0,0,0,0,0,0,0,0,0,0,0,0
instruct-1.0,T1396,1,stop,590,0,0,0,0,0,0,1,0,1,0,0,0,0,0,0
instruct-1.0,T1397,1,length,667,0,0,0,0,0,0,0,0,0,0,0,0,0,0,0
instruct-1.0,T1398,1,stop,469,0,0,0,0,0,0,0,0,0,0,0,0,0,0,0
instruct-1.0,T1399,1,length,809,0,0,0,0,0,0,0,0,0,0,0,0,0,0,0
instruct-1.0,T1400,1,stop,782,0,0,0,0,0,0,0,0,0,0,0,0,0,0,0
instruct-1.0,T1401,1,stop,713,0,0,0,0,0,0,0,0,0,0,0,0,0,0,0
instruct-1.0,T1402,1,stop,704,0,0,0,0,0,0,0,0,0,0,0,0,0,0,0
instruct-1.0,T1403,1,stop,667,0,0,0,0,0,0,0,0,0,0,0,0,0,0,0
instruct-1.0,T1404,1,length,699,0,0,0,0,0,0,0,0,0,0,0,0,0,0,0
instruct-1.0,T1405,1,stop,444,0,0,0,0,0,0,0,0,1,0,0,0,0,0,0
instruct-1.0,T1406,1,length,712,0,0,0,0,0,0,0,0,0,0,0,0,0,0,0
instruct-1.0,T1407,1,stop,625,0,0,0,0,0,0,0,0,0,0,0,0,0,0,0
instruct-1.0,T1408,1,stop,490,0,0,0,0,0,0,0,0,0,0,0,0,0,0,0
instruct-1.0,T1409,1,length,804,0,0,0,0,0,0,0,0,1,0,0,0,0,0,0
instruct-1.0,T1410,1,stop,611,0,0,0,0,0,0,0,0,0,0,0,0,0,0,0
instruct-1.0,T1411,1,stop,724,0,0,0,0,0,0,0,0,0,0,0,0,0,0,0
instruct-1.0,T1412,1,stop,536,0,0,0,0,0,0,0,0,0,0,0,0,1,0,0
instruct-1.0,T1413,1,stop,744,0,0,0,0,0,0,0,0,0,0,0,0,0,1,0
instruct-1.0,T1414,1,stop,605,0,0,0,0,0,0,0,0,0,0,0,0,0,0,0
instruct-1.0,T1415,1,stop,401,0,0,0,0,0,0,1,0,0,0,0,0,0,1,0
instruct-1.0,T1416,1,stop,602,0,0,0,0,0,0,0,0,1,0,0,0,0,0,0
instruct-1.0,T1417,1,stop,569,0,0,0,0,0,0,0,0,0,0,0,0,0,0,0
instruct-1.0,T1418,1,stop,794,0,0,1,0,0,0,0,0,0,0,0,0,0,0,0
instruct-1.0,T1419,1,stop,500,0,0,0,0,0,0,0,0,0,0,0,0,0,0,0
instruct-1.0,T1420,1,length,789,0,0,1,0,0,0,0,0,1,0,0,0,0,0,0
instruct-1.0,T1421,1,stop,546,0,0,0,0,0,0,0,0,0,0,0,0,0,0,0
instruct-1.0,T1422,1,stop,640,0,0,0,0,0,0,0,0,0,0,0,0,0,0,0
instruct-1.0,T1423,1,length,747,0,0,0,0,0,0,0,0,0,0,0,0,0,0,0
instruct-1.0,T1424,1,stop,668,0,0,0,0,0,0,1,0,0,0,0,0,0,0,0
instruct-1.0,T1425,1,stop,693,0,1,0,0,0,0,0,0,0,0,0,0,0,0,0
instruct-1.0,T1426,1,stop,617,0,0,0,0,0,0,0,0,0,0,0,0,0,0,0
instruct-1.0,T1427,1,stop,653,0,0,0,0,0,0,0,0,0,0,0,0,0,0,0
instruct-1.0,T1428,1,stop,728,0,0,0,0,0,0,0,0,0,0,0,0,0,0,0
instruct-1.0,T1429,1,stop,679,0,0,0,0,0,0,0,0,1,0,0,0,0,0,0
instruct-1.0,T1430,1,stop,489,0,0,0,0,0,0,0,0,0,0,0,0,0,0,0
instruct-1.0,T1431,1,stop,566,0,0,0,0,0,0,0,0,0,0,0,0,0,0,0
instruct-1.0,T1432,1,stop,708,0,0,0,0,0,0,0,0,0,0,0,0,0,0,0
instruct-1.0,T1433,1,stop,791,0,0,0,0,0,0,0,0,0,0,0,0,0,0,0
instruct-1.0,T1434,1,stop,752,0,0,0,0,0,0,0,0,0,0,0,0,0,0,0
instruct-1.0,T1435,1,stop,693,0,0,0,0,0,0,0,0,0,1,0,0,0,0,0
instruct-1.0,T1436,1,length,765,0,0,0,0,0,0,0,0,0,0,0,0,0,0,0
instruct-1.0,T1437,1,stop,719,0,0,0,0,0,0,0,0,0,0,0,0,0,0,0
instruct-1.0,T1438,1,stop,572,0,0,0,0,0,0,0,0,1,0,0,0,0,0,0
instruct-1.0,T1439,1,stop,734,0,0,0,0,0,0,0,0,0,0,0,0,0,0,0
instruct-1.0,T1440,1,stop,571,0,0,0,0,0,0,0,0,0,1,0,0,0,0,0
instruct-1.0,T1441,1,stop,730,0,0,0,0,0,0,0,0,0,0,0,0,0,0,0
instruct-1.0,T1442,1,length,685,0,0,0,0,0,0,0,0,0,0,0,0,0,0,0
instruct-1.0,T1443,1,stop,572,0,0,0,0,0,0,0,0,0,0,0,0,0,0,0
instruct-1.0,T1444,1,stop,502,0,0,0,0,0,0,0,0,1,0,0,0,0,0,0
instruct-1.0,T1445,1,length,798,0,0,0,0,0,0,0,0,2,0,0,0,0,0,0
instruct-1.0,T1446,1,stop,653,0,0,0,0,0,0,0,0,0,0,0,0,0,0,0
instruct-1.0,T1447,1,stop,618,0,0,0,0,0,0,0,0,0,0,0,0,0,0,0
instruct-1.0,T1448,1,length,743,0,0,0,0,0,0,0,0,0,0,0,0,0,0,0
instruct-1.0,T1449,1,length,723,0,0,0,0,0,0,0,0,0,0,0,0,0,0,0
instruct-1.0,T1450,1,stop,752,0,0,0,0,0,0,0,0,1,0,0,0,0,0,0
instruct-1.0,T1451,1,length,779,0,0,0,0,0,0,0,0,0,0,0,0,0,0,0
instruct-1.0,T1452,1,stop,738,0,0,0,0,0,0,0,0,0,0,0,0,0,0,0
instruct-1.0,T1453,1,stop,682,0,0,0,0,0,0,0,0,0,0,0,0,0,0,0
instruct-1.0,T1454,1,stop,470,0,0,0,0,0,0,0,0,0,0,0,0,0,0,0
instruct-1.0,T1455,1,length,745,0,0,0,0,0,0,0,0,0,0,0,0,0,0,0
instruct-1.0,T1456,1,length,758,0,0,0,0,0,0,0,1,0,0,0,0,0,0,0
instruct-1.0,T1457,1,stop,657,0,0,0,0,0,0,0,0,1,0,0,0,0,0,0
instruct-1.0,T1458,1,stop,593,0,0,0,0,0,0,0,0,1,0,0,0,0,0,0
instruct-1.0,T1459,1,stop,671,0,0,0,0,0,0,0,0,1,0,0,0,0,0,0
instruct-1.0,T1460,1,stop,806,0,0,0,0,0,0,0,0,0,0,0,0,1,0,0
instruct-1.0,T1461,1,stop,747,0,0,0,0,0,0,1,0,1,0,0,0,0,0,0
instruct-1.0,T1462,1,stop,548,0,0,0,0,0,0,0,0,0,0,0,0,0,0,0
instruct-1.0,T1463,1,stop,723,0,0,0,0,0,0,0,0,0,0,0,0,0,0,0
instruct-1.0,T1464,1,stop,663,0,0,0,0,0,0,0,0,0,0,0,0,0,0,0
instruct-1.0,T1465,1,length,774,0,0,1,0,0,0,0,0,0,0,0,0,0,0,0
instruct-1.0,T1466,1,length,754,0,0,0,0,0,0,0,0,1,0,0,0,0,0,0
instruct-1.0,T1467,1,stop,722,0,0,0,0,0,0,0,0,1,0,0,0,0,0,0
instruct-1.0,T1468,1,stop,519,0,0,0,0,0,0,0,0,0,0,0,0,0,0,0
instruct-1.0,T1469,1,length,818,0,0,0,0,0,0,0,0,0,0,0,0,0,0,0
instruct-1.0,T1470,1,length,797,0,0,0,0,0,0,0,0,2,0,0,0,0,0,0
instruct-1.0,T1471,1,stop,678,0,0,0,0,0,0,0,0,1,0,0,0,0,0,0
instruct-1.0,T1472,1,stop,579,0,0,0,0,0,0,0,0,1,0,0,0,0,0,0
instruct-1.0,T1473,1,length,825,0,0,0,0,0,0,0,0,1,0,0,0,0,0,0
instruct-1.0,T1474,1,stop,660,0,0,0,0,0,0,0,0,0,0,0,0,0,0,0
instruct-1.0,T1475,1,stop,647,0,0,0,0,0,0,0,0,0,0,0,0,0,0,0
instruct-1.0,T1476,1,stop,514,0,0,0,0,0,0,2,0,0,0,0,0,0,0,0
instruct-1.0,T1477,1,stop,559,0,0,0,0,0,0,0,0,1,0,0,0,0,0,0
instruct-1.0,T1478,1,length,728,0,0,2,0,0,0,0,0,1,0,0,0,0,0,0
instruct-1.0,T1479,1,stop,710,0,0,0,0,0,0,0,0,0,0,0,0,0,0,0
instruct-1.0,T1480,1,length,766,0,0,0,0,0,0,0,0,0,0,0,0,0,0,0
instruct-1.0,T1481,1,length,721,0,0,0,0,0,0,0,0,0,0,0,0,0,0,0
instruct-1.0,T1482,1,length,726,0,0,0,0,0,0,0,0,0,0,0,0,0,0,0
instruct-1.0,T1483,1,length,777,0,0,0,0,0,0,0,0,0,0,0,0,0,0,0
instruct-1.0,T1484,1,stop,665,0,0,0,0,0,0,0,0,0,0,0,0,0,0,0
instruct-1.0,T1485,1,stop,456,0,0,0,0,0,0,0,0,0,1,0,0,0,0,0
instruct-1.0,T1486,1,stop,571,0,0,0,0,0,0,0,0,0,0,0,0,0,0,0
instruct-1.0,T1487,1,stop,662,0,0,0,0,0,0,0,0,1,0,0,0,0,0,0
instruct-1.0,T1488,1,length,771,0,0,0,0,0,0,0,0,0,0,0,0,0,0,0
instruct-1.0,T1489,1,stop,720,0,0,0,0,0,0,0,0,2,0,0,0,0,0,0
instruct-1.0,T1490,1,stop,704,0,0,0,0,0,0,0,0,0,0,0,0,0,0,0
instruct-1.0,T1491,1,length,682,0,0,0,0,0,0,0,0,0,0,0,0,0,0,0
instruct-1.0,T1492,1,stop,782,0,0,0,0,0,0,0,0,0,0,0,0,0,0,0
instruct-1.0,T1493,1,length,776,0,0,0,0,0,0,0,0,0,0,0,0,0,0,0
instruct-1.0,T1494,1,stop,681,0,0,0,0,0,0,0,0,0,0,0,0,0,0,0
instruct-1.0,T1495,1,stop,789,0,0,0,0,0,0,0,0,1,0,0,0,0,0,0
instruct-1.0,T1496,1,length,775,0,0,0,0,0,0,0,0,0,0,0,0,0,0,0
instruct-1.0,T1497,1,stop,752,0,0,0,0,0,0,0,0,1,0,0,0,0,0,0
instruct-1.0,T1498,1,length,816,0,0,0,0,0,0,0,0,1,0,0,0,0,0,0
instruct-1.0,T1499,1,length,775,0,0,0,0,0,0,0,0,0,0,0,0,0,0,0
instruct-1.0,T1500,1,stop,493,0,0,0,0,0,0,0,0,0,0,0,0,0,0,0
instruct-1.0,T1501,1,stop,774,0,0,0,0,0,0,0,0,0,0,0,0,0,0,0
instruct-1.0,T1502,1,length,757,0,0,0,0,0,0,0,0,1,0,0,0,0,0,0
instruct-1.0,T1503,1,stop,468,0,0,0,0,0,0,0,0,0,1,0,0,0,0,0
instruct-1.0,T1504,1,stop,765,0,0,0,0,0,0,0,0,0,0,0,0,0,0,0
instruct-1.0,T1505,1,stop,594,0,0,0,0,0,0,0,0,1,0,0,0,0,0,0
instruct-1.0,T1506,1,stop,650,0,0,0,0,0,0,0,0,1,0,0,0,0,0,0
instruct-1.0,T1507,1,stop,656,0,0,0,0,0,0,0,0,2,0,0,0,0,0,0
instruct-1.0,T1508,1,stop,682,0,0,0,0,0,0,0,0,0,0,0,0,0,0,0
instruct-1.0,T1509,1,length,790,0,0,0,0,0,0,0,0,0,0,0,0,0,0,0
instruct-1.0,T1510,1,stop,715,0,0,0,0,0,0,0,0,0,0,0,0,0,0,0
instruct-1.0,T1511,1,stop,576,0,0,1,0,0,0,1,0,1,0,0,0,0,0,0
instruct-1.0,T1512,1,length,763,0,0,0,0,0,0,0,0,0,0,0,0,0,0,0
instruct-1.0,T1513,1,stop,639,0,0,0,0,0,0,0,0,0,0,0,0,0,0,0
instruct-1.0,T1514,1,stop,627,0,0,0,0,0,0,0,0,0,0,0,0,0,0,0
instruct-1.0,T1515,1,length,705,0,0,0,0,0,0,0,0,0,0,0,0,0,0,0
instruct-1.0,T1516,1,stop,661,0,0,0,0,0,0,0,0,3,0,0,0,0,0,0
instruct-1.0,T1517,1,length,773,0,0,0,0,0,0,0,0,0,0,0,0,0,0,0
instruct-1.0,T1518,1,stop,714,0,0,0,0,0,0,0,0,2,0,0,0,0,0,0
instruct-1.0,T1519,1,length,722,0,0,0,0,0,0,0,0,0,0,0,0,0,0,0
instruct-1.0,T1520,1,length,636,0,0,0,0,0,0,0,0,0,0,0,0,0,0,0
instruct-1.0,T1521,1,stop,802,0,0,0,0,0,0,1,0,0,0,0,0,0,0,0
instruct-1.0,T1522,1,stop,542,0,0,0,0,0,0,0,0,0,0,0,0,0,0,0
instruct-1.0,T1523,1,length,751,0,0,0,0,0,0,1,0,0,0,0,0,0,0,0
instruct-1.0,T1524,1,stop,700,0,0,0,0,0,0,0,0,1,0,0,0,0,0,0
instruct-1.0,T1525,1,stop,417,0,0,0,0,0,0,0,0,0,0,0,0,0,0,0
instruct-1.0,T1526,1,stop,632,0,0,0,0,0,0,0,0,0,0,0,0,0,0,0
instruct-1.0,T1527,1,stop,695,0,0,0,0,0,0,0,0,0,0,0,0,0,1,0
instruct-1.0,T1528,1,stop,644,0,0,0,0,0,0,1,0,0,0,0,0,0,0,0
instruct-1.0,T1529,1,stop,547,0,0,0,0,0,0,0,0,0,0,0,0,0,0,0
instruct-1.0,T1530,1,length,762,0,0,0,0,0,0,0,0,0,0,0,0,0,0,0
instruct-1.0,T1531,1,stop,438,0,0,0,0,0,0,0,0,0,0,0,0,0,0,0
instruct-1.0,T1532,1,stop,588,0,0,0,0,0,0,0,0,0,0,0,0,0,0,0
instruct-1.0,T1533,1,stop,781,0,0,0,0,0,0,0,0,0,0,0,0,0,0,0
instruct-1.0,T1534,1,stop,778,0,0,0,0,0,0,0,0,0,0,0,0,0,0,0
instruct-1.0,T1535,1,stop,468,0,0,0,0,0,0,0,0,0,0,0,0,1,0,0
instruct-1.0,T1536,1,stop,527,0,0,0,0,0,0,0,0,0,0,0,0,0,0,0
instruct-1.0,T1537,1,length,733,0,0,0,0,0,0,0,0,1,0,0,0,0,0,0
instruct-1.0,T1538,1,stop,629,0,0,0,0,0,0,0,0,2,0,0,0,0,0,0
instruct-1.0,T1539,1,stop,485,0,0,0,0,0,0,0,0,1,0,0,0,0,0,0
instruct-1.0,T1540,1,stop,431,0,0,0,0,0,0,0,0,0,0,0,0,0,0,0
instruct-1.0,T1541,1,stop,553,0,0,0,0,0,0,0,0,0,0,0,0,0,0,0
instruct-1.0,T1542,1,length,770,0,0,0,0,0,0,0,0,0,0,0,0,0,0,0
instruct-1.0,T1543,1,stop,760,0,0,0,0,0,0,0,0,0,0,0,0,0,0,0
instruct-1.0,T1544,1,stop,669,0,0,0,0,0,0,0,0,1,0,0,0,0,0,0
instruct-1.0,T1545,1,stop,499,0,0,0,0,0,0,0,0,0,0,0,0,0,0,0
instruct-1.0,T1546,1,stop,723,0,0,0,0,0,0,0,0,0,0,0,0,0,0,0
instruct-1.0,T1547,1,stop,720,0,0,0,0,0,0,0,0,0,0,0,0,0,0,0
instruct-1.0,T1548,1,length,704,0,0,1,0,0,0,0,0,0,0,0,0,0,0,0
instruct-1.0,T1549,1,stop,638,0,0,0,0,0,0,0,0,1,0,0,0,0,0,0
instruct-1.0,T1550,1,stop,570,0,0,0,0,0,0,0,0,0,0,0,0,0,0,0
instruct-1.0,T1551,1,stop,411,0,0,0,0,0,0,0,0,0,0,0,0,0,0,0
instruct-1.0,T1552,1,stop,617,0,0,0,0,0,0,0,0,0,0,0,0,0,0,0
instruct-1.0,T1553,1,stop,687,0,0,0,0,0,0,0,0,1,1,0,0,0,0,0
instruct-1.0,T1554,1,stop,677,0,0,0,0,0,0,0,0,0,0,0,0,0,0,0
instruct-1.0,T1555,1,length,810,0,0,0,0,0,0,0,0,0,0,0,0,0,0,0
instruct-1.0,T1556,1,stop,581,0,0,0,0,0,0,0,0,2,0,0,0,0,0,0
instruct-1.0,T1557,1,stop,694,0,0,0,0,0,0,0,0,0,0,0,0,0,0,0
instruct-1.0,T1558,1,length,766,0,0,0,0,0,0,0,0,0,0,0,0,0,0,0
instruct-1.0,T1559,1,stop,699,0,0,0,0,0,0,0,0,0,0,0,0,0,0,0
instruct-1.0,T1560,1,stop,785,0,0,0,0,0,0,0,0,0,0,0,0,0,0,0
instruct-1.0,T1561,1,length,772,0,0,0,0,0,0,0,0,0,0,0,0,0,0,0
instruct-1.0,T1562,1,length,761,0,0,0,0,0,0,0,0,0,0,0,0,0,0,0
instruct-1.0,T1563,1,stop,513,0,0,1,0,0,0,0,0,0,0,0,0,0,0,0
instruct-1.0,T1564,1,stop,651,0,0,0,0,0,0,0,0,0,0,0,0,0,0,0
instruct-1.0,T1565,1,stop,591,0,0,0,0,0,0,0,0,2,0,0,0,0,0,0
instruct-1.0,T1566,1,stop,618,0,0,0,0,0,0,0,0,1,0,0,0,0,0,0
instruct-1.0,T1567,1,stop,462,0,0,0,0,0,0,0,0,0,0,0,0,0,0,0
instruct-1.0,T1568,1,length,748,0,0,0,0,0,0,0,0,0,0,0,0,0,0,0
instruct-1.0,T1569,1,length,772,0,0,0,0,0,0,0,0,0,0,0,0,0,0,0
instruct-1.0,T1570,1,length,822,0,0,0,0,0,0,1,0,0,0,0,0,0,0,0
instruct-1.0,T1571,1,stop,577,0,0,0,0,0,0,0,0,0,0,0,0,0,0,0
instruct-1.0,T1572,1,stop,463,0,0,0,0,0,0,0,0,1,0,0,0,0,0,0
instruct-1.0,T1573,1,length,711,0,0,0,0,0,0,0,0,0,0,0,0,0,0,0
instruct-1.0,T1574,1,stop,714,0,0,0,0,0,0,0,0,0,0,0,0,0,0,0
instruct-1.0,T1575,1,length,752,0,0,0,0,0,0,0,0,0,0,0,0,0,0,0
instruct-1.0,T1576,1,length,760,0,0,0,0,0,0,0,0,1,0,0,0,0,0,1
instruct-1.0,T1577,1,stop,544,0,0,0,0,0,0,0,0,1,0,0,0,0,0,0
instruct-1.0,T1578,1,length,674,0,0,0,0,0,0,0,0,0,0,0,0,0,0,0
instruct-1.0,T1579,1,length,745,0,0,1,0,0,0,0,0,0,0,0,0,0,0,0
instruct-1.0,T1580,1,stop,694,0,0,0,0,0,0,0,0,0,0,0,0,0,0,0
instruct-1.0,T1581,1,stop,725,0,0,0,0,0,0,0,0,1,0,0,0,0,0,0
instruct-1.0,T1582,1,length,743,0,0,0,0,0,0,0,0,0,0,0,0,0,0,0
instruct-1.0,T1583,1,length,765,0,0,0,0,0,0,0,0,0,0,0,0,0,0,0
instruct-1.0,T1584,1,stop,779,0,0,0,0,0,0,1,0,1,0,0,0,0,0,0
instruct-1.0,T1585,1,stop,774,0,0,0,0,0,0,0,0,0,0,0,0,0,0,0
instruct-1.0,T1586,1,length,781,0,0,1,0,0,0,0,0,0,0,0,0,0,0,0
instruct-1.0,T1587,1,stop,657,0,0,0,0,0,0,0,0,0,0,0,0,0,0,0
instruct-1.0,T1588,1,stop,705,0,0,0,0,0,0,0,0,0,0,0,0,0,0,0
instruct-1.0,T1589,1,stop,750,0,0,0,0,0,0,0,0,0,0,0,0,0,0,0
instruct-1.0,T1590,1,stop,681,0,0,0,0,0,0,0,0,0,0,0,0,0,0,0
instruct-1.0,T1591,1,length,782,0,0,0,0,0,0,0,0,1,0,0,0,0,0,0
instruct-1.0,T1592,1,stop,582,0,0,0,0,0,0,0,0,1,0,0,0,0,0,0
instruct-1.0,T1593,1,stop,685,0,0,0,0,0,0,0,0,0,0,0,0,0,0,0
instruct-1.0,T1594,1,stop,728,0,0,0,0,0,0,0,0,0,0,0,0,0,0,0
instruct-1.0,T1595,1,stop,784,0,0,0,0,0,0,0,0,1,0,0,0,0,0,0
instruct-1.0,T1596,1,stop,634,0,0,0,0,0,0,0,0,1,0,0,0,0,0,0
instruct-1.0,T1597,1,stop,703,0,0,0,0,0,0,1,0,0,0,0,0,0,0,0
instruct-1.0,T1598,1,stop,657,0,0,0,0,0,0,0,0,1,0,0,0,0,0,0
instruct-1.0,T1599,1,stop,401,0,0,0,0,0,0,1,0,0,0,0,0,0,0,0
instruct-1.0,T1600,1,stop,675,0,0,0,0,0,0,0,0,2,0,0,0,0,0,0
instruct-1.0,T1601,1,stop,720,0,0,0,0,0,0,0,0,0,0,0,0,0,0,0
instruct-1.0,T1602,1,stop,755,0,0,0,0,0,0,0,0,0,0,0,0,0,0,0
instruct-1.0,T1603,1,stop,747,0,0,0,0,0,0,0,0,1,0,0,0,0,0,0
instruct-1.0,T1604,1,length,749,0,0,0,0,0,0,0,0,0,0,0,0,0,0,0
instruct-1.0,T1605,1,stop,430,0,0,0,0,0,0,0,0,0,0,0,0,0,0,0
instruct-1.0,T1606,1,stop,529,0,0,0,0,0,0,0,0,0,0,0,0,0,0,0
instruct-1.0,T1607,1,stop,747,0,0,0,0,0,0,0,0,3,0,0,0,1,0,0
instruct-1.0,T1608,1,length,767,0,0,0,0,0,0,0,0,1,0,0,0,0,0,0
instruct-1.0,T1609,1,stop,465,0,0,0,0,0,0,0,0,0,0,0,0,0,0,0
instruct-1.0,T1610,1,length,808,0,0,0,0,0,0,0,0,0,0,0,0,0,0,0
instruct-1.0,T1611,1,stop,680,0,0,0,0,0,0,0,0,0,0,0,0,0,0,0
instruct-1.0,T1612,1,stop,630,0,0,0,0,0,0,1,0,0,0,0,0,0,0,0
instruct-1.0,T1613,1,stop,673,0,0,0,0,0,0,0,0,1,0,0,0,0,0,0
instruct-1.0,T1614,1,stop,725,0,0,0,0,0,0,0,0,1,0,0,0,0,0,0
instruct-1.0,T1615,1,stop,629,0,0,0,0,0,0,0,0,0,0,0,0,1,0,0
instruct-1.0,T1616,1,stop,728,0,0,0,0,0,0,0,0,2,0,0,0,0,0,0
instruct-1.0,T1617,1,stop,477,0,0,0,0,0,0,0,0,0,0,0,0,0,0,0
instruct-1.0,T1618,1,stop,763,0,0,0,0,0,0,0,0,0,0,0,0,0,0,0
instruct-1.0,T1619,1,length,750,0,0,0,0,0,0,0,0,0,0,0,0,1,0,0
instruct-1.0,T1620,1,length,731,0,0,0,0,0,0,0,0,0,0,0,0,0,0,0
instruct-1.0,T1621,1,length,714,0,0,0,0,0,0,0,0,0,0,0,0,0,0,0
instruct-1.0,T1622,1,stop,385,0,0,0,0,0,0,0,0,0,0,0,0,0,0,0
instruct-1.0,T1623,1,stop,681,0,0,0,0,0,0,0,0,0,0,0,0,0,0,0
instruct-1.0,T1624,1,length,769,0,0,1,0,0,0,0,0,0,0,0,0,0,0,0
instruct-1.0,T1625,1,stop,768,0,0,0,0,0,0,0,0,0,0,0,0,0,0,0
instruct-1.0,T1626,1,stop,692,0,0,0,0,0,0,0,0,2,0,0,0,0,0,0
instruct-1.0,T1627,1,length,787,0,0,0,0,0,0,0,0,1,0,0,0,0,0,0
instruct-1.0,T1628,1,length,797,0,0,0,0,0,0,0,0,1,0,0,0,0,0,0
instruct-1.0,T1629,1,length,795,0,0,0,0,0,0,0,0,0,0,0,0,0,0,0
instruct-1.0,T1630,1,stop,676,0,0,0,0,0,0,0,0,0,0,0,0,0,0,0
instruct-1.0,T1631,1,stop,549,0,0,0,0,0,0,0,0,0,0,0,0,0,0,0
instruct-1.0,T1632,1,stop,548,0,0,0,0,0,0,0,0,0,0,0,0,0,0,0
instruct-1.0,T1633,1,length,706,0,0,0,0,0,0,0,0,0,0,0,0,0,0,0
instruct-1.0,T1634,1,length,756,0,0,0,0,0,0,1,0,0,0,0,0,0,1,0
instruct-1.0,T1635,1,stop,570,0,0,0,0,0,0,0,0,1,0,0,0,0,0,0
instruct-1.0,T1636,1,stop,746,0,1,0,0,0,0,0,0,0,0,0,0,0,0,0
instruct-1.0,T1637,1,stop,526,0,0,0,0,0,0,0,0,0,0,0,0,0,0,0
instruct-1.0,T1638,1,length,779,0,0,0,0,0,0,0,0,0,0,0,0,0,0,0
instruct-1.0,T1639,1,stop,555,0,0,0,0,0,0,0,0,0,0,0,0,0,0,0
instruct-1.0,T1640,1,length,732,0,0,0,0,0,0,0,0,0,0,0,0,0,0,0
instruct-1.0,T1641,1,stop,567,0,0,0,0,0,0,0,0,0,0,0,0,0,0,0
instruct-1.0,T1642,1,length,651,0,0,0,0,0,0,0,0,0,0,0,0,0,0,0
instruct-1.0,T1643,1,stop,550,0,0,1,0,0,0,0,0,0,0,0,0,1,0,0
instruct-1.0,T1644,1,stop,682,0,0,0,0,0,0,0,1,1,0,0,0,0,0,0
instruct-1.0,T1645,1,stop,491,0,0,0,0,0,0,0,0,1,0,0,0,0,0,0
instruct-1.0,T1646,1,length,744,0,0,0,0,0,0,0,0,1,0,0,0,0,0,0
instruct-1.0,T1647,1,stop,545,0,0,0,0,0,0,0,0,0,0,0,0,0,0,0
instruct-1.0,T1648,1,stop,686,0,0,0,0,0,0,1,0,2,0,0,0,0,0,0
instruct-1.0,T1649,1,length,768,0,0,0,0,0,0,0,0,1,0,0,0,0,0,0
instruct-1.0,T1650,1,length,748,0,0,0,0,0,0,0,0,1,0,0,0,0,0,0
instruct-1.0,T1651,1,stop,742,0,0,0,0,0,0,0,0,1,0,0,0,0,0,0
instruct-1.0,T1652,1,stop,731,0,0,0,0,0,0,0,0,0,0,0,0,0,0,0
instruct-1.0,T1653,1,length,784,0,0,1,0,0,0,0,0,1,0,0,0,0,0,0
instruct-1.0,T1654,1,stop,578,0,0,0,0,0,0,0,0,2,0,0,0,0,0,0
instruct-1.0,T1655,1,length,682,0,0,0,0,0,0,0,0,0,0,0,0,0,0,0
instruct-1.0,T1656,1,stop,717,0,1,0,0,0,0,0,0,0,0,0,0,0,0,0
instruct-1.0,T1657,1,stop,558,0,0,0,0,0,0,0,0,0,0,0,0,0,0,0
instruct-1.0,T1658,1,length,725,0,0,0,0,0,0,0,0,0,0,0,0,1,0,0
instruct-1.0,T1659,1,stop,675,0,0,0,0,0,0,0,0,0,0,0,0,0,0,0
instruct-1.0,T1660,1,stop,761,0,0,0,0,0,0,0,0,1,0,0,0,0,0,0
instruct-1.0,T1661,1,length,769,0,0,0,0,0,0,0,0,0,0,0,0,1,0,0
instruct-1.0,T1662,1,stop,507,0,0,0,0,0,0,0,0,0,0,0,0,0,0,0
instruct-1.0,T1663,1,stop,548,0,0,0,0,0,0,1,0,0,0,0,0,1,0,0
instruct-1.0,T1664,1,stop,472,0,0,0,0,0,0,0,0,0,0,0,0,0,0,0
instruct-1.0,T1665,1,stop,647,0,0,0,0,0,0,0,0,0,0,0,0,0,0,0
instruct-1.0,T1666,1,length,746,0,0,0,0,0,0,0,0,2,0,0,0,0,0,0
instruct-1.0,T1667,1,stop,688,0,0,1,0,0,0,0,0,0,0,0,0,0,0,0
instruct-1.0,T1668,1,stop,699,0,0,0,0,0,0,0,0,0,0,0,0,0,0,0
instruct-1.0,T1669,1,length,785,0,0,0,0,0,0,0,0,1,0,0,0,0,0,0
instruct-1.0,T1670,1,stop,615,0,0,0,0,0,0,1,0,0,0,0,0,0,0,0
instruct-1.0,T1671,1,stop,735,0,0,0,0,0,0,0,0,1,0,0,0,1,0,0
instruct-1.0,T1672,1,stop,615,0,0,0,0,0,0,0,0,0,0,0,0,0,0,0
instruct-1.0,T1673,1,length,793,0,0,0,0,0,0,0,0,0,0,0,0,0,0,0
instruct-1.0,T1674,1,stop,665,0,0,0,0,0,0,0,0,1,0,0,0,0,0,0
instruct-1.0,T1675,1,length,747,0,0,0,0,0,0,0,0,0,0,0,0,0,0,0
instruct-1.0,T1676,1,length,747,0,0,0,0,0,0,0,0,0,0,0,0,0,0,0
instruct-1.0,T1677,1,length,755,0,0,0,0,0,0,0,0,0,0,0,0,0,0,0
instruct-1.0,T1678,1,stop,415,0,0,0,0,0,0,0,0,0,1,0,0,0,0,0
instruct-1.0,T1679,1,stop,674,0,0,0,0,0,0,0,0,0,0,0,0,0,0,0
instruct-1.0,T1680,1,stop,490,0,0,0,0,0,0,0,0,0,0,0,0,0,0,0
instruct-1.0,T1681,1,stop,723,0,0,0,0,0,0,0,0,0,0,0,0,0,0,0
instruct-1.0,T1682,1,length,767,0,0,0,0,0,0,0,0,0,0,0,0,0,0,0
instruct-1.0,T1683,1,stop,801,0,0,0,0,0,0,0,0,0,0,0,0,0,0,0
instruct-1.0,T1684,1,length,815,0,0,1,0,0,0,0,0,1,0,0,0,0,0,0
instruct-1.0,T1685,1,length,742,0,0,0,0,0,0,0,0,0,0,0,0,0,0,0
instruct-1.0,T1686,1,stop,489,0,0,0,0,0,0,0,0,0,0,0,0,0,0,0
instruct-1.0,T1687,1,stop,734,0,0,0,0,0,0,0,0,1,0,0,0,0,0,0
instruct-1.0,T1688,1,stop,600,0,0,0,0,0,0,0,0,0,0,0,0,0,0,0
instruct-1.0,T1689,1,stop,760,0,0,1,0,0,0,0,0,0,0,0,0,0,0,0
instruct-1.0,T1690,1,stop,707,0,0,0,0,0,0,0,0,0,0,0,0,0,0,0
instruct-1.0,T1691,1,length,706,0,0,0,0,0,0,0,0,1,0,0,0,0,0,0
instruct-1.0,T1692,1,length,722,0,0,0,0,0,0,1,0,1,0,0,0,0,0,0
instruct-1.0,T1693,1,stop,654,0,0,0,0,0,0,0,0,0,0,0,0,0,0,0
instruct-1.0,T1694,1,stop,489,0,0,0,0,0,0,0,0,0,0,0,0,0,0,0
instruct-1.0,T1695,1,stop,410,0,0,0,0,0,0,0,0,0,0,0,0,0,0,0
instruct-1.0,T1696,1,stop,544,0,0,0,0,0,0,0,0,0,0,0,0,0,0,0
instruct-1.0,T1697,1,stop,562,0,0,1,0,0,0,0,0,0,0,0,0,0,0,0
instruct-1.0,T1698,1,length,697,0,0,0,0,0,0,0,0,0,0,0,0,0,0,0
instruct-1.0,T1699,1,length,776,0,0,0,0,0,0,0,0,0,0,0,0,0,0,0
instruct-1.0,T1700,1,stop,500,0,0,0,0,0,0,0,0,0,0,0,0,0,0,0
instruct-1.0,T1701,1,stop,657,0,0,0,0,0,0,0,0,0,0,0,0,0,0,0
instruct-1.0,T1702,1,stop,643,0,0,0,0,0,0,0,0,1,0,0,0,0,0,0
instruct-1.0,T1703,1,stop,686,0,0,0,0,0,0,0,0,1,0,0,0,0,0,0
instruct-1.0,T1704,1,stop,471,0,0,0,0,0,0,0,0,0,0,0,0,0,0,0
instruct-1.0,T1705,1,length,787,0,0,0,0,0,0,0,0,0,0,0,0,0,0,0
instruct-1.0,T1706,1,stop,763,0,0,0,0,0,0,0,0,0,0,0,0,0,0,0
instruct-1.0,T1707,1,length,633,0,0,1,0,0,0,1,0,0,0,0,0,0,0,0
instruct-1.0,T1708,1,length,760,0,0,0,0,0,0,0,0,0,0,0,0,0,0,0
instruct-1.0,T1709,1,length,725,0,0,0,0,0,0,0,0,0,0,0,0,0,0,0
instruct-1.0,T1710,1,length,732,0,0,0,0,0,0,0,0,0,0,0,0,0,0,0
instruct-1.0,T1711,1,length,764,0,0,0,0,0,0,0,0,0,0,0,0,0,0,0
instruct-1.0,T1712,1,stop,477,0,0,0,0,0,0,0,0,1,0,0,0,0,0,0
instruct-1.0,T1713,1,stop,658,0,0,1,0,0,0,0,0,1,0,0,0,0,0,0
instruct-1.0,T1714,1,stop,394,0,0,0,0,0,0,0,0,1,0,0,0,0,0,0
instruct-1.0,T1715,1,stop,643,0,0,0,0,0,0,0,0,0,0,0,0,0,0,0
instruct-1.0,T1716,1,stop,653,0,0,1,0,0,0,1,0,0,0,0,0,0,0,0
instruct-1.0,T1717,1,stop,460,0,0,0,0,0,0,0,0,1,0,0,0,0,0,0
instruct-1.0,T1718,1,stop,299,0,0,0,0,0,0,0,0,0,0,0,0,0,0,0
instruct-1.0,T1719,1,stop,728,0,0,0,0,0,0,0,0,0,0,0,0,0,0,0
instruct-1.0,T1720,1,stop,682,0,0,0,0,0,0,0,0,0,0,0,0,0,0,0
instruct-1.0,T1721,1,stop,655,0,0,0,0,0,0,0,0,0,0,0,0,0,0,0
instruct-1.0,T1722,1,stop,636,0,0,0,0,0,0,0,0,0,0,0,0,0,0,0
instruct-1.0,T1723,1,stop,697,0,0,0,0,0,0,0,0,1,0,0,0,1,0,0
instruct-1.0,T1724,1,stop,673,0,0,0,0,0,0,0,0,0,0,0,0,0,0,0
instruct-1.0,T1725,1,length,640,0,0,0,0,0,0,0,0,0,0,0,0,0,0,0
instruct-1.0,T1726,1,stop,584,0,0,0,0,0,0,0,0,0,0,0,0,0,0,0
instruct-1.0,T1727,1,length,753,0,0,0,0,0,0,0,0,0,0,0,0,1,0,0
instruct-1.0,T1728,1,stop,599,0,0,0,0,0,0,0,0,0,0,0,0,0,0,0
instruct-1.0,T1729,1,stop,526,0,0,0,0,0,0,0,0,0,0,0,0,0,0,0
instruct-1.0,T1730,1,stop,709,0,0,0,0,0,0,1,0,2,0,0,0,0,0,0
instruct-1.0,T1731,1,stop,738,0,0,0,0,0,0,0,0,0,0,0,0,0,0,0
instruct-1.0,T1732,1,stop,406,0,0,0,0,0,0,0,0,0,0,0,0,0,0,0
instruct-1.0,T1733,1,stop,688,0,0,0,0,0,0,0,0,0,0,0,0,0,1,0
instruct-1.0,T1734,1,stop,558,0,0,0,0,0,0,0,0,0,0,0,0,0,0,0
instruct-1.0,T1735,1,stop,446,0,0,0,0,0,0,0,0,0,0,0,0,0,0,0
instruct-1.0,T1736,1,length,803,0,0,0,0,0,0,0,0,0,0,0,0,0,0,0
instruct-1.0,T1737,1,stop,713,0,0,0,0,0,0,0,0,1,0,0,0,0,0,0
instruct-1.0,T1738,1,length,777,0,0,0,0,0,0,0,0,0,0,0,0,0,0,0
instruct-1.0,T1739,1,length,816,0,0,0,0,0,0,0,0,0,0,0,0,0,0,0
instruct-1.0,T1740,1,length,762,0,0,0,0,0,0,0,0,0,0,0,0,0,0,0
instruct-1.0,T1741,1,stop,581,0,0,0,0,0,0,0,0,2,0,0,0,0,0,0
instruct-1.0,T1742,1,length,719,0,0,0,0,0,0,0,0,0,0,0,0,0,0,0
instruct-1.0,T1743,1,length,795,0,0,0,0,0,0,0,0,0,0,0,0,0,0,0
instruct-1.0,T1744,1,stop,376,0,0,0,0,0,0,0,0,0,0,0,0,0,0,0
instruct-1.0,T1745,1,length,784,0,0,0,0,0,0,0,0,0,0,0,0,0,0,0
instruct-1.0,T1746,1,stop,671,0,0,0,0,0,0,0,0,1,0,0,0,0,0,0
instruct-1.0,T1747,1,stop,472,0,0,0,0,0,0,0,0,0,0,0,0,0,0,0
instruct-1.0,T1748,1,length,715,0,0,0,0,0,0,0,0,0,0,0,0,0,0,0
instruct-1.0,T1749,1,stop,685,0,0,0,0,0,0,0,0,0,0,0,0,0,0,0
instruct-1.0,T1750,1,length,754,0,0,0,0,0,0,0,0,0,0,0,0,0,0,0
instruct-1.0,T1751,1,length,759,0,0,0,0,0,0,0,0,0,0,0,0,0,0,0
instruct-1.0,T1752,1,stop,670,0,0,0,0,0,0,0,0,0,0,0,0,0,0,0
instruct-1.0,T1753,1,stop,659,0,0,0,0,0,0,0,0,0,0,0,0,0,0,0
instruct-1.0,T1754,1,length,767,0,0,0,0,0,0,0,0,0,0,0,0,0,0,0
instruct-1.0,T1755,1,stop,739,0,0,0,0,0,0,0,0,0,0,0,0,0,0,0
instruct-1.0,T1756,1,stop,803,0,0,0,0,0,0,0,0,0,1,0,0,0,0,0
instruct-1.0,T1757,1,length,765,0,0,0,0,0,0,0,0,0,0,0,0,0,0,0
instruct-1.0,T1758,1,stop,737,0,0,0,0,0,0,1,0,0,0,0,0,0,0,0
instruct-1.0,T1759,1,stop,633,1,0,0,0,0,0,1,0,0,0,0,0,0,1,0
instruct-1.0,T1760,1,stop,350,0,0,0,0,0,0,0,0,0,0,0,0,0,0,0
instruct-1.0,T1761,1,length,733,0,0,0,0,0,0,0,0,0,0,0,0,0,0,0
instruct-1.0,T1762,1,stop,539,0,0,0,0,0,0,0,0,0,0,0,0,0,0,0
instruct-1.0,T1763,1,stop,726,0,0,0,0,0,0,0,0,3,0,0,0,0,0,0
instruct-1.0,T1764,1,stop,750,0,0,0,0,0,0,0,0,1,0,0,0,0,0,0
instruct-1.0,T1765,1,length,791,0,0,0,0,0,0,0,0,0,0,0,0,0,0,0
instruct-1.0,T1766,1,stop,364,0,0,0,0,0,0,0,0,0,0,0,0,0,0,0
instruct-1.0,T1767,1,stop,631,0,0,0,0,0,0,0,0,0,0,0,0,0,0,0
instruct-1.0,T1768,1,length,761,0,0,0,0,0,0,0,0,0,0,0,0,0,0,0
instruct-1.0,T1769,1,stop,791,0,0,0,0,0,0,0,0,0,0,0,0,0,0,0
instruct-1.0,T1770,1,stop,726,0,0,0,0,0,0,0,0,1,0,0,0,0,0,0
instruct-1.0,T1771,1,stop,385,0,0,0,0,0,0,0,0,1,0,0,0,0,0,0
instruct-1.0,T1772,1,stop,713,0,0,0,0,0,0,0,0,0,0,0,0,0,0,0
instruct-1.0,T1773,1,length,801,0,0,0,0,0,0,0,0,0,0,0,0,0,0,0
instruct-1.0,T1774,1,length,736,0,0,0,0,0,0,0,0,1,0,0,0,0,0,0
instruct-1.0,T1775,1,stop,721,0,0,0,0,0,0,0,0,0,0,0,0,0,0,0
instruct-1.0,T1776,1,stop,706,0,0,0,0,0,0,1,0,1,0,0,0,0,0,0
instruct-1.0,T1777,1,stop,425,0,0,0,0,0,0,0,0,0,0,0,0,0,0,0
instruct-1.0,T1778,1,stop,615,0,0,0,0,0,0,0,0,2,0,0,0,0,0,0
instruct-1.0,T1779,1,length,834,0,0,0,0,0,0,0,0,0,0,0,0,0,0,0
instruct-1.0,T1780,1,stop,746,0,0,0,0,0,0,0,0,0,0,0,0,0,0,0
instruct-1.0,T1781,1,stop,636,0,0,0,0,0,0,0,0,0,0,0,0,0,0,0
instruct-1.0,T1782,1,stop,468,0,0,0,0,0,0,0,0,0,0,0,0,0,0,0
instruct-1.0,T1783,1,stop,474,0,0,0,0,0,0,0,0,0,0,0,0,0,0,0
instruct-1.0,T1784,1,length,820,0,0,1,0,0,0,0,0,0,0,0,0,0,0,0
instruct-1.0,T1785,1,stop,784,0,0,0,0,0,0,1,0,0,0,0,0,0,0,0
instruct-1.0,T1786,1,stop,807,0,0,0,0,0,0,0,0,1,0,0,0,0,0,0
instruct-1.0,T1787,1,stop,631,0,0,0,0,0,0,0,0,2,0,0,0,0,0,0
instruct-1.0,T1788,1,length,772,0,0,0,0,0,0,0,0,1,0,0,0,0,0,0
instruct-1.0,T1789,1,stop,486,0,0,0,0,0,0,0,0,1,0,0,0,0,0,0
instruct-1.0,T1790,1,stop,749,0,0,1,0,0,0,0,0,0,0,0,0,0,0,0
instruct-1.0,T1791,1,length,685,0,0,0,0,0,0,0,0,0,0,0,0,0,0,0
instruct-1.0,T1792,1,stop,759,0,0,0,0,0,0,0,0,0,0,0,0,0,0,0
instruct-1.0,T1793,1,stop,401,0,0,0,0,0,0,0,0,0,0,0,0,0,0,0
instruct-1.0,T1794,1,stop,486,0,0,0,0,0,0,0,0,0,0,0,0,0,0,0
instruct-1.0,T1795,1,stop,695,0,0,0,0,0,0,0,0,0,0,0,0,0,0,0
instruct-1.0,T1796,1,stop,707,0,0,1,0,0,0,0,0,0,0,0,0,0,0,0
instruct-1.0,T1797,1,stop,626,0,0,0,0,0,0,1,0,0,0,0,0,0,0,0
instruct-1.0,T1798,1,stop,461,0,0,0,0,0,0,0,0,0,0,0,0,0,0,0
instruct-1.0,T1799,1,length,767,0,0,0,0,0,0,0,0,0,0,0,0,0,0,0
instruct-1.0,T1800,1,length,787,0,0,0,0,0,0,0,0,0,0,0,0,0,0,0
instruct-1.0,T1801,1,stop,665,0,0,0,0,0,0,0,0,0,0,0,0,1,0,0
instruct-1.0,T1802,1,stop,590,0,0,1,0,0,0,0,0,0,0,0,0,0,0,0
instruct-1.0,T1803,1,length,672,0,0,0,0,0,0,0,0,0,0,0,0,0,0,0
instruct-1.0,T1804,1,stop,569,0,0,0,0,0,0,0,0,0,0,0,0,0,0,0
instruct-1.0,T1805,1,stop,684,0,0,0,0,0,0,0,0,0,0,0,0,0,0,0
instruct-1.0,T1806,1,stop,754,1,0,0,0,0,0,1,0,0,0,0,0,0,0,0
instruct-1.0,T1807,1,stop,725,0,0,0,0,0,0,0,0,0,0,0,0,0,0,0
instruct-1.0,T1808,1,length,767,0,0,0,0,0,0,0,1,1,0,0,0,0,0,0
instruct-1.0,T1809,1,stop,760,0,0,0,0,0,0,0,0,1,0,0,0,0,0,0
instruct-1.0,T1810,1,stop,761,0,0,0,0,0,0,0,0,0,0,0,0,0,0,0
instruct-1.0,T1811,1,stop,347,0,0,0,0,0,0,0,0,0,0,0,0,0,0,0
instruct-1.0,T1812,1,stop,604,0,0,0,0,0,0,0,0,0,0,0,0,0,0,0
instruct-1.0,T1813,1,stop,721,0,0,0,0,0,0,1,0,0,0,0,0,0,0,0
instruct-1.0,T1814,1,length,745,0,0,0,0,0,0,0,0,1,0,0,0,0,0,0
instruct-1.0,T1815,1,stop,687,0,0,0,0,0,0,0,0,0,0,0,0,0,0,0
instruct-1.0,T1816,1,length,734,0,0,0,0,0,0,0,0,0,0,0,0,0,0,0
instruct-1.0,T1817,1,length,767,0,0,0,0,0,0,0,0,0,0,0,0,0,0,0
instruct-1.0,T1818,1,length,739,0,0,0,0,0,0,0,0,0,0,0,0,0,0,0
instruct-1.0,T1819,1,stop,718,0,0,0,0,0,0,0,0,0,1,0,0,0,0,0
instruct-1.0,T1820,1,length,755,0,0,0,0,0,0,0,0,0,0,0,0,0,0,0
instruct-1.0,T1821,1,stop,291,0,0,0,0,0,0,0,0,0,0,0,0,0,0,0
instruct-1.0,T1822,1,length,781,0,0,0,0,0,0,0,0,1,0,0,0,0,0,0
instruct-1.0,T1823,1,length,713,0,0,0,0,0,0,0,0,1,0,0,0,0,0,0
instruct-1.0,T1824,1,stop,749,0,0,0,0,0,0,0,0,1,0,0,0,0,0,0
instruct-1.0,T1825,1,stop,648,0,0,0,0,0,0,0,0,0,0,0,0,0,0,0
instruct-1.0,T1826,1,stop,416,0,0,0,0,0,0,0,0,0,0,0,0,0,0,0
instruct-1.0,T1827,1,length,782,0,0,0,0,0,0,0,0,0,0,0,0,0,0,0
instruct-1.0,T1828,1,stop,612,0,0,0,0,0,0,0,0,1,0,0,0,0,0,0
instruct-1.0,T1829,1,length,752,0,0,1,0,0,0,1,0,0,0,0,0,0,0,0
instruct-1.0,T1830,1,stop,771,0,0,0,0,0,0,0,0,0,0,0,0,0,0,0
instruct-1.0,T1831,1,stop,545,0,0,0,0,0,0,0,0,0,0,0,0,0,0,0
instruct-1.0,T1832,1,stop,645,0,0,0,0,0,0,0,0,0,0,0,0,0,0,0
instruct-1.0,T1833,1,stop,713,0,0,0,0,0,0,0,0,0,0,0,0,0,0,0
instruct-1.0,T1834,1,stop,535,0,0,0,0,0,0,0,0,1,0,0,0,0,0,0
instruct-1.0,T1835,1,stop,612,0,0,0,0,0,0,0,0,0,0,0,0,0,0,0
instruct-1.0,T1836,1,stop,672,0,0,0,0,0,0,0,0,0,0,0,0,0,0,0
instruct-1.0,T1837,1,stop,522,0,0,0,0,0,0,0,0,0,0,0,0,0,0,0
instruct-1.0,T1838,1,stop,748,0,0,0,0,0,0,0,0,0,0,0,0,0,0,0
instruct-1.0,T1839,1,stop,661,0,0,0,0,0,0,0,0,0,0,0,0,0,0,0
instruct-1.0,T1840,1,length,744,0,0,0,0,0,0,0,0,0,0,0,0,0,0,0
instruct-1.0,T1841,1,stop,734,0,0,0,0,0,0,0,0,1,0,0,0,0,0,0
instruct-1.0,T1842,1,stop,516,0,0,0,0,0,0,0,0,0,0,0,0,0,0,0
instruct-1.0,T1843,1,stop,709,0,0,0,0,0,0,0,0,0,0,0,0,0,0,0
instruct-1.0,T1844,1,length,774,0,0,1,0,0,0,0,0,0,0,0,0,0,0,0
instruct-1.0,T1845,1,stop,550,0,0,0,0,0,0,0,0,0,0,0,0,0,0,0
instruct-1.0,T1846,1,length,839,0,0,0,0,0,0,0,0,1,0,0,0,0,0,0
instruct-1.0,T1847,1,stop,465,0,0,0,0,0,0,0,0,0,0,0,0,0,0,0
instruct-1.0,T1848,1,stop,727,0,0,0,0,0,0,0,0,0,0,0,0,0,0,0
instruct-1.0,T1849,1,stop,650,0,0,0,0,0,0,0,0,1,0,0,0,0,0,0
instruct-1.0,T1850,1,stop,702,0,0,0,0,0,0,0,0,0,0,0,0,0,0,0
instruct-1.0,T1851,1,stop,376,0,0,0,0,0,0,0,0,0,0,0,0,0,0,0
instruct-1.0,T1852,1,length,801,0,0,0,0,0,0,0,0,0,0,0,0,0,0,0
instruct-1.0,T1853,1,length,818,0,0,0,0,0,0,0,0,1,0,0,0,0,0,0
instruct-1.0,T1854,1,stop,496,0,0,0,0,0,0,0,0,0,0,0,0,0,0,0
instruct-1.0,T1855,1,stop,704,0,0,0,0,0,0,0,0,1,1,0,0,0,0,0
instruct-1.0,T1856,1,length,686,0,0,0,0,0,0,0,0,0,0,0,0,0,0,0
instruct-1.0,T1857,1,length,755,0,0,0,0,0,0,0,0,0,0,0,0,0,0,0
instruct-1.0,T1858,1,stop,589,0,0,0,0,0,0,0,0,0,0,0,0,0,0,0
instruct-1.0,T1859,1,stop,394,0,0,0,0,0,0,0,0,0,0,0,0,0,0,0
instruct-1.0,T1860,1,length,790,0,0,0,0,0,0,0,0,1,0,0,0,0,0,0
instruct-1.0,T1861,1,stop,755,0,0,0,0,0,0,0,0,0,0,0,0,0,0,0
instruct-1.0,T1862,1,stop,660,0,0,0,0,0,0,0,0,2,0,0,0,0,0,0
instruct-1.0,T1863,1,stop,607,0,0,0,0,0,0,0,0,1,0,0,0,0,0,0
instruct-1.0,T1864,1,stop,661,0,0,0,0,0,0,0,0,0,0,0,0,0,0,0
instruct-1.0,T1865,1,stop,745,0,0,0,0,0,0,0,0,1,0,0,0,0,0,0
instruct-1.0,T1866,1,stop,618,0,0,0,0,0,0,0,0,0,0,0,0,0,0,0
instruct-1.0,T1867,1,stop,522,0,0,0,0,0,0,0,0,0,0,0,0,0,0,0
instruct-1.0,T1868,1,stop,98,0,0,0,0,0,0,0,0,0,0,0,0,0,0,0
instruct-1.0,T1869,1,length,764,0,0,0,0,0,0,0,0,0,0,0,0,0,0,0
instruct-1.0,T1870,1,stop,649,0,0,0,0,0,0,0,0,1,0,0,0,0,0,0
instruct-1.0,T1871,1,length,736,0,0,0,0,0,0,1,0,0,0,0,0,0,0,0
instruct-1.0,T1872,1,stop,650,0,0,0,0,0,0,0,0,0,0,0,0,0,0,0
instruct-1.0,T1873,1,stop,620,0,0,0,0,0,0,0,0,1,0,0,0,0,0,0
instruct-1.0,T1874,1,stop,800,0,0,0,0,0,0,0,0,0,0,0,0,0,0,0
instruct-1.0,T1875,1,stop,745,0,0,0,0,0,0,0,0,3,0,0,0,0,0,0
instruct-1.0,T1876,1,stop,726,0,0,0,0,0,0,0,0,0,0,0,0,0,0,0
instruct-1.0,T1877,1,stop,494,0,0,0,0,0,0,0,0,0,0,0,0,0,0,0
instruct-1.0,T1878,1,stop,654,0,0,0,0,0,0,0,0,1,0,0,0,0,0,0
instruct-1.0,T1879,1,length,790,0,0,0,0,0,0,0,0,2,0,0,0,0,0,0
instruct-1.0,T1880,1,stop,525,0,0,0,0,0,0,0,0,0,0,0,0,0,0,0
instruct-1.0,T1881,1,stop,759,0,0,0,0,0,0,0,0,0,0,0,0,0,0,0
instruct-1.0,T1882,1,stop,722,0,0,0,0,0,0,0,0,0,0,0,0,0,0,0
instruct-1.0,T1883,1,length,777,0,0,0,0,0,0,0,0,0,0,0,0,0,0,0
instruct-1.0,T1884,1,stop,675,0,0,0,0,0,0,0,0,0,0,0,0,0,0,0
instruct-1.0,T1885,1,stop,757,0,0,0,0,0,0,0,0,0,0,0,0,0,0,0
instruct-1.0,T1886,1,stop,559,0,0,0,0,0,0,0,0,0,0,0,0,0,0,0
instruct-1.0,T1887,1,length,753,0,0,0,0,0,0,0,0,0,0,0,0,0,0,0
instruct-1.0,T1888,1,length,777,0,0,0,0,0,0,0,0,0,0,0,0,0,0,0
instruct-1.0,T1889,1,stop,770,0,0,0,0,0,0,0,0,1,0,0,0,0,0,0
instruct-1.0,T1890,1,length,754,0,0,0,0,0,0,0,0,1,0,0,0,0,0,0
instruct-1.0,T1891,1,length,731,0,0,0,0,0,0,0,0,0,0,0,0,0,0,0
instruct-1.0,T1892,1,stop,506,0,0,0,0,0,0,0,0,1,0,0,0,0,0,0
instruct-1.0,T1893,1,length,821,0,0,0,0,0,0,0,0,0,0,0,0,0,0,0
instruct-1.0,T1894,1,stop,423,0,0,0,0,0,0,0,0,0,0,0,0,0,0,0
instruct-1.0,T1895,1,stop,652,0,0,0,0,0,0,0,0,0,1,0,0,0,0,0
instruct-1.0,T1896,1,stop,677,0,0,0,0,0,0,0,0,0,0,0,0,0,0,0
instruct-1.0,T1897,1,stop,792,0,0,0,0,0,0,0,0,0,0,0,0,0,0,0
instruct-1.0,T1898,1,stop,669,0,0,0,0,0,0,0,0,1,0,0,0,0,0,0
instruct-1.0,T1899,1,stop,772,0,0,0,0,0,0,0,0,0,0,0,0,0,0,0
instruct-1.0,T1900,1,stop,730,0,0,0,0,0,0,0,0,0,0,0,0,0,0,0
instruct-1.0,T1901,1,length,797,0,0,0,0,0,0,0,0,0,0,0,0,0,0,0
instruct-1.0,T1902,1,stop,664,0,0,0,0,0,0,1,0,0,0,0,0,0,0,0
instruct-1.0,T1903,1,stop,604,0,0,0,0,0,0,0,0,0,0,0,0,0,0,0
instruct-1.0,T1904,1,stop,707,0,0,0,0,0,0,0,0,0,0,0,0,0,1,0
instruct-1.0,T1905,1,stop,632,0,0,0,0,0,0,0,0,0,0,0,0,0,0,0
instruct-1.0,T1906,1,length,759,0,0,0,0,0,0,0,0,0,0,0,0,0,0,0
instruct-1.0,T1907,1,stop,503,0,0,0,0,0,0,0,0,1,0,0,0,0,0,0
instruct-1.0,T1908,1,stop,607,0,0,0,0,0,0,0,0,0,0,0,0,0,0,0
instruct-1.0,T1909,1,length,682,0,0,0,0,0,0,0,0,0,0,0,0,0,0,0
instruct-1.0,T1910,1,stop,677,0,0,0,0,0,0,0,0,0,0,0,0,0,0,0
instruct-1.0,T1911,1,stop,532,0,0,0,0,0,0,0,0,0,0,0,0,0,0,0
instruct-1.0,T1912,1,stop,775,0,0,0,0,0,0,1,0,0,0,0,0,0,0,0
instruct-1.0,T1913,1,length,814,0,0,0,0,0,0,0,0,1,0,0,0,0,0,0
instruct-1.0,T1914,1,stop,707,0,0,0,0,0,0,0,0,0,0,0,0,0,0,0
instruct-1.0,T1915,1,length,732,0,0,0,0,0,0,0,0,0,0,0,0,0,0,0
instruct-1.0,T1916,1,stop,637,0,0,0,0,0,0,1,0,1,0,0,0,0,0,0
instruct-1.0,T1917,1,length,719,0,0,0,0,0,0,0,0,0,0,0,0,0,0,0
instruct-1.0,T1918,1,stop,682,0,0,0,0,0,0,0,0,0,0,0,0,0,0,0
instruct-1.0,T1919,1,stop,504,0,0,0,0,0,0,0,0,0,0,0,0,0,0,0
instruct-1.0,T1920,1,stop,588,1,0,0,0,0,0,0,0,0,0,0,0,0,0,0
instruct-1.0,T1921,1,length,683,0,0,0,0,0,0,0,0,1,0,0,0,0,0,0
instruct-1.0,T1922,1,length,728,0,0,0,0,0,0,0,0,0,0,0,0,0,0,0
instruct-1.0,T1923,1,length,787,0,0,0,0,0,0,0,0,0,0,0,0,0,0,0
instruct-1.0,T1924,1,length,732,0,0,0,0,0,0,0,0,0,0,0,0,0,0,0
instruct-1.0,T1925,1,stop,644,0,0,0,0,0,0,0,0,0,1,0,0,0,0,0
instruct-1.0,T1926,1,length,743,0,0,0,0,0,0,2,0,1,0,0,0,0,0,0
instruct-1.0,T1927,1,length,695,0,0,0,0,0,0,0,0,0,0,0,0,0,0,0
instruct-1.0,T1928,1,length,800,0,0,0,0,0,0,0,0,1,0,0,0,0,0,0
instruct-1.0,T1929,1,length,806,0,0,0,0,0,0,0,0,1,0,0,0,0,0,0
instruct-1.0,T1930,1,stop,662,0,0,0,0,0,0,0,0,0,0,0,0,0,0,0
instruct-1.0,T1931,1,stop,687,0,0,1,0,0,0,0,0,0,0,0,0,0,0,0
instruct-1.0,T1932,1,stop,654,0,0,0,0,0,0,0,0,0,0,0,0,0,0,0
instruct-1.0,T1933,1,stop,723,0,0,0,0,0,0,0,0,0,0,0,0,0,0,0
instruct-1.0,T1934,1,length,728,0,0,0,0,0,0,0,0,0,0,0,0,0,0,0
instruct-1.0,T1935,1,length,768,0,0,0,0,0,0,0,0,1,1,0,0,0,0,0
instruct-1.0,T1936,1,stop,541,0,0,0,0,0,0,0,0,0,0,0,0,0,0,0
instruct-1.0,T1937,1,stop,679,0,0,0,0,0,0,0,0,0,0,0,0,0,0,0
instruct-1.0,T1938,1,stop,782,0,0,0,0,0,0,1,0,1,0,0,0,0,0,0
instruct-1.0,T1939,1,length,706,0,0,0,0,0,0,0,0,0,0,0,0,0,0,0
instruct-1.0,T1940,1,length,713,0,0,0,0,0,0,0,0,0,0,0,0,0,0,0
instruct-1.0,T1941,1,stop,732,0,0,0,0,0,0,1,0,0,0,0,0,0,0,0
instruct-1.0,T1942,1,length,838,0,0,0,0,0,0,0,0,0,0,0,0,0,0,0
instruct-1.0,T1943,1,length,768,0,0,0,0,0,0,0,0,0,0,0,0,0,0,0
instruct-1.0,T1944,1,length,788,0,0,0,0,0,0,0,0,0,0,0,0,0,0,0
instruct-1.0,T1945,1,stop,712,0,0,0,0,0,0,0,0,2,0,0,0,0,0,0
instruct-1.0,T1946,1,stop,548,0,0,0,0,0,0,0,0,0,0,0,0,0,0,0
instruct-1.0,T1947,1,length,750,0,0,0,0,0,0,0,0,0,0,0,0,0,0,0
instruct-1.0,T1948,1,length,751,0,0,0,0,0,0,0,0,2,0,0,0,0,0,0
instruct-1.0,T1949,1,stop,608,0,0,0,0,0,0,0,0,0,0,0,0,0,0,0
instruct-1.0,T1950,1,stop,590,0,0,0,0,0,0,0,0,0,0,0,0,0,0,0
instruct-1.0,T1951,1,length,716,0,0,0,0,0,0,0,0,0,0,0,0,0,0,0
instruct-1.0,T1952,1,length,729,0,0,0,0,0,0,0,0,2,0,0,0,0,0,0
instruct-1.0,T1953,1,stop,418,0,0,0,0,0,0,0,0,1,0,0,0,0,0,0
instruct-1.0,T1954,1,stop,745,0,0,0,0,0,0,0,0,1,0,0,0,0,0,0
instruct-1.0,T1955,1,stop,670,0,0,0,0,0,0,0,0,0,1,0,0,0,0,0
instruct-1.0,T1956,1,length,773,0,0,0,0,0,0,0,0,0,0,0,0,0,0,0
instruct-1.0,T1957,1,stop,749,0,0,0,0,0,0,0,0,0,0,0,0,0,0,0
instruct-1.0,T1958,1,length,760,0,0,0,0,0,0,0,0,0,0,0,0,0,0,0
instruct-1.0,T1959,1,length,732,0,0,0,0,0,0,0,0,0,0,0,0,0,0,0
instruct-1.0,T1960,1,stop,723,0,0,0,0,0,0,0,0,0,0,0,0,0,0,0
instruct-1.0,T1961,1,length,728,0,0,0,0,0,0,0,0,0,0,0,0,0,0,0
instruct-1.0,T1962,1,stop,629,0,0,0,0,0,0,0,0,0,0,0,0,0,0,0
instruct-1.0,T1963,1,stop,703,0,0,0,0,0,0,1,0,1,0,0,0,0,0,0
instruct-1.0,T1964,1,length,812,0,0,0,0,0,0,0,0,1,0,0,0,0,0,0
instruct-1.0,T1965,1,length,784,0,0,0,0,0,0,0,0,0,0,0,0,0,0,0
instruct-1.0,T1966,1,stop,757,0,0,0,0,0,0,0,0,0,0,0,0,0,0,0
instruct-1.0,T1967,1,stop,635,0,0,0,0,0,0,0,0,0,0,0,0,0,0,0
instruct-1.0,T1968,1,stop,415,1,0,0,0,0,0,1,0,1,0,0,0,0,0,0
instruct-1.0,T1969,1,length,794,0,0,0,0,0,0,0,0,0,0,0,0,0,0,0
instruct-1.0,T1970,1,stop,746,0,0,0,0,0,0,0,0,0,0,0,0,0,0,0
instruct-1.0,T1971,1,stop,647,0,0,0,0,0,0,0,0,1,0,0,0,0,0,0
instruct-1.0,T1972,1,length,774,0,0,0,0,0,0,0,0,0,0,0,0,0,0,0
instruct-1.0,T1973,1,length,776,0,0,0,0,0,0,0,0,0,0,0,0,0,0,0
instruct-1.0,T1974,1,length,778,0,0,0,0,0,0,1,0,0,0,0,0,0,0,0
instruct-1.0,T1975,1,stop,752,0,0,0,0,0,0,1,0,1,0,0,0,0,0,0
instruct-1.0,T1976,1,stop,693,0,0,0,0,0,0,1,0,1,0,0,0,0,0,0
instruct-1.0,T1977,1,stop,675,0,0,0,0,0,0,0,0,1,0,0,0,0,0,0
instruct-1.0,T1978,1,stop,506,0,0,0,0,0,0,0,0,0,0,0,0,0,0,0
instruct-1.0,T1979,1,length,742,0,0,0,0,0,0,0,0,1,0,0,0,0,0,0
instruct-1.0,T1980,1,length,762,0,0,0,0,0,0,0,0,0,0,0,0,0,0,0
instruct-1.0,T1981,1,stop,757,0,0,0,0,0,0,1,0,2,0,0,0,0,0,0
instruct-1.0,T1982,1,length,782,0,0,0,0,0,0,1,0,0,0,0,0,0,0,0
instruct-1.0,T1983,1,length,799,0,0,0,0,0,0,0,0,0,0,0,0,0,0,0
instruct-1.0,T1984,1,stop,749,0,0,0,0,0,0,0,0,0,1,0,0,0,0,0
instruct-1.0,T1985,1,stop,591,0,0,0,0,0,0,0,0,1,0,0,0,0,0,0
instruct-1.0,T1986,1,stop,702,0,0,0,0,0,0,0,0,0,0,0,0,0,0,0
instruct-1.0,T1987,1,stop,681,0,0,0,0,0,0,0,0,0,0,0,0,0,0,0
instruct-1.0,T1988,1,length,738,0,0,0,0,0,0,0,0,0,0,0,0,0,0,0
instruct-1.0,T1989,1,stop,543,0,1,0,0,0,0,0,0,0,0,0,0,0,1,0
instruct-1.0,T1990,1,stop,697,0,0,0,0,0,0,0,0,0,0,0,0,0,0,0
instruct-1.0,T1991,1,length,696,0,0,0,0,0,0,0,0,1,0,0,0,0,0,0
instruct-1.0,T1992,1,length,754,0,0,0,0,0,0,0,0,0,0,0,0,0,0,0
instruct-1.0,T1993,1,stop,498,0,0,0,0,0,0,0,0,0,0,0,0,0,0,0
instruct-1.0,T1994,1,stop,714,0,0,0,0,0,0,0,0,0,0,0,0,1,0,0
instruct-1.0,T1995,1,stop,758,0,0,0,0,0,0,0,0,1,0,0,0,0,0,0
instruct-1.0,T1996,1,length,795,0,0,0,0,0,0,0,0,0,0,0,0,0,0,0
instruct-1.0,T1997,1,stop,664,0,0,0,0,0,0,0,0,0,0,0,0,0,0,0
instruct-1.0,T1998,1,stop,723,0,0,0,0,0,0,0,0,0,0,0,0,0,0,0
instruct-1.0,T1999,1,stop,756,0,0,0,0,0,0,1,0,0,0,0,0,0,0,0
instruct-1.0,T2000,1,stop,748,0,0,0,0,0,0,0,0,0,0,0,0,0,0,0
instruct-1.0,T2001,1,stop,508,0,0,0,0,0,0,0,0,0,0,0,0,0,0,0
instruct-1.0,T2002,1,length,690,0,0,0,0,0,0,0,0,0,0,0,0,0,0,0
instruct-1.0,T2003,1,stop,624,0,0,0,0,0,0,0,0,0,0,0,0,0,0,0
instruct-1.0,T2004,1,stop,656,0,0,0,0,0,0,0,0,0,0,0,0,0,0,0
instruct-1.0,T2005,1,stop,428,0,0,0,0,0,0,0,0,1,0,0,0,0,0,0
instruct-1.0,T2006,1,stop,584,0,0,0,0,0,0,0,0,0,0,0,0,1,0,0
instruct-1.0,T2007,1,length,816,0,0,0,0,0,0,0,0,0,0,0,0,0,0,0
instruct-1.0,T2008,1,length,739,0,0,0,0,0,0,0,0,0,0,0,0,0,0,0
instruct-1.0,T2009,1,length,730,0,0,0,0,0,0,0,0,0,0,0,0,0,0,0
instruct-1.0,T2010,1,stop,774,0,0,0,0,0,0,0,1,1,0,0,0,0,0,0
instruct-1.0,T2011,1,length,795,0,0,0,0,0,0,1,1,0,0,0,0,0,0,0
instruct-1.0,T2012,1,stop,748,0,0,0,0,0,0,0,0,0,1,0,0,0,0,0
instruct-1.0,T2013,1,stop,738,0,0,0,0,0,0,0,0,0,0,0,0,0,0,0
instruct-1.0,T2014,1,stop,677,0,0,0,0,0,0,0,0,0,0,0,0,0,0,0
instruct-1.0,T2015,1,stop,501,0,0,0,0,0,0,0,0,0,0,0,0,0,0,0
instruct-1.0,T2016,1,length,751,0,0,0,0,0,0,1,0,0,0,0,0,0,0,0
instruct-1.0,T2017,1,stop,709,0,0,0,0,0,0,0,0,1,0,0,0,0,0,0
instruct-1.0,T2018,1,length,753,0,0,0,0,0,0,0,0,0,0,0,0,0,0,0
instruct-1.0,T2019,1,stop,703,0,0,0,0,0,0,0,0,0,0,0,0,0,0,0
instruct-1.0,T2020,1,stop,700,0,0,0,0,0,0,0,0,1,0,0,0,0,0,0
instruct-1.0,T2021,1,length,802,0,0,0,0,0,0,0,0,2,0,0,0,0,0,0
instruct-1.0,T2022,1,stop,708,0,0,0,0,0,0,0,1,0,0,0,0,0,0,0
instruct-1.0,T2023,1,stop,574,0,0,0,0,0,0,0,0,0,0,0,0,0,0,0
instruct-1.0,T2024,1,stop,602,0,0,0,0,0,0,0,0,0,0,0,0,0,0,0
instruct-1.0,T2025,1,stop,618,0,0,0,0,0,0,0,0,1,0,0,0,0,0,0
instruct-1.0,T2026,1,stop,718,0,0,0,0,0,0,0,0,0,0,0,0,0,0,0
instruct-1.0,T2027,1,stop,449,0,0,0,0,0,0,0,0,0,0,0,0,0,0,0
instruct-1.0,T2028,1,stop,604,0,0,0,0,0,0,0,0,0,0,0,0,0,0,0
instruct-1.0,T2029,1,stop,697,0,0,0,0,0,0,0,0,0,0,0,0,0,0,0
instruct-1.0,T2030,1,stop,533,0,0,0,0,0,0,0,0,1,0,0,0,0,0,0
instruct-1.0,T2031,1,stop,490,0,0,0,0,0,0,0,0,0,0,0,0,0,0,0
instruct-1.0,T2032,1,length,778,0,0,0,0,0,0,0,0,0,0,0,0,0,0,0
instruct-1.0,T2033,1,stop,697,0,0,0,0,0,0,0,0,0,0,0,0,0,0,0
instruct-1.0,T2034,1,length,734,0,0,0,0,0,0,0,0,0,0,0,0,0,0,0
instruct-1.0,T2035,1,length,794,0,0,0,0,0,0,1,0,0,0,0,0,0,0,0
instruct-1.0,T2036,1,length,803,0,1,0,0,0,0,0,0,0,0,0,0,1,0,0
instruct-1.0,T2037,1,length,758,0,0,0,0,0,0,0,0,0,0,0,0,0,0,0
instruct-1.0,T2038,1,stop,639,0,0,0,0,0,0,0,0,0,0,0,0,0,0,0
instruct-1.0,T2039,1,stop,814,0,0,0,0,0,0,0,0,0,0,0,0,0,0,0
instruct-1.0,T2040,1,stop,716,0,0,0,0,0,0,0,0,0,0,0,0,0,0,0
instruct-1.0,T2041,1,length,728,0,0,0,0,0,0,0,0,0,0,0,0,0,0,0
instruct-1.0,T2042,1,stop,763,0,0,0,0,0,0,0,0,0,0,0,0,0,0,0
instruct-1.0,T2043,1,stop,660,0,0,0,0,0,0,0,0,1,0,0,0,0,0,0
instruct-1.0,T2044,1,stop,645,0,0,0,0,0,0,0,0,0,0,0,0,0,0,0
instruct-1.0,T2045,1,stop,426,0,0,0,0,0,0,0,0,1,0,0,0,0,0,0
instruct-1.0,T2046,1,stop,741,0,0,0,0,0,0,0,0,0,0,0,0,0,0,0
instruct-1.0,T2047,1,stop,665,0,0,0,0,0,0,0,0,0,0,0,0,0,0,0
instruct-1.0,T2048,1,stop,660,0,0,0,0,0,0,0,0,0,0,0,0,0,0,0
instruct-1.0,T2049,1,length,748,0,0,0,0,0,0,0,0,1,0,0,0,0,0,0
instruct-1.0,T2050,1,length,820,0,0,0,0,0,0,0,0,0,0,0,0,0,0,0
instruct-1.0,T2051,1,stop,670,0,0,0,0,0,0,0,0,0,0,0,0,0,0,0
instruct-1.0,T2052,1,stop,786,0,0,0,0,0,0,0,0,0,0,0,0,0,0,0
instruct-1.0,T2053,1,length,780,0,0,0,0,0,0,0,0,0,0,0,0,0,0,0
instruct-1.0,T2054,1,stop,633,0,0,0,0,0,0,1,1,1,1,0,0,0,0,0
instruct-1.0,T2055,1,stop,600,0,0,0,0,0,0,0,0,1,0,0,0,0,0,0
instruct-1.0,T2056,1,stop,783,0,0,0,0,0,0,0,0,1,0,0,0,0,0,0
instruct-1.0,T2057,1,stop,661,0,0,0,0,0,0,0,0,0,0,0,0,0,0,0
instruct-1.0,T2058,1,stop,551,0,0,0,0,0,0,0,0,0,0,0,0,0,0,0
instruct-1.0,T2059,1,stop,578,0,0,0,0,0,0,0,0,0,0,0,0,0,0,0
instruct-1.0,T2060,1,stop,699,0,0,0,0,0,0,0,0,0,0,0,0,0,0,0
instruct-1.0,T2061,1,length,715,0,0,0,0,0,0,0,0,0,0,0,0,0,0,0
instruct-1.0,T2062,1,stop,600,0,0,0,0,0,0,0,0,0,0,0,0,0,0,0
instruct-1.0,T2063,1,stop,601,0,0,0,0,0,0,0,0,0,0,0,0,0,0,0
instruct-1.0,T2064,1,stop,757,0,0,0,0,0,0,0,0,0,0,0,0,0,0,0
instruct-1.0,T2065,1,length,733,0,0,0,0,0,0,0,0,1,0,0,0,0,0,0
instruct-1.0,T2066,1,length,769,0,0,0,0,0,0,0,0,0,0,0,0,0,0,0
instruct-1.0,T2067,1,stop,644,0,0,0,0,0,0,0,0,0,0,0,0,0,0,0
instruct-1.0,T2068,1,length,793,0,0,0,0,0,0,0,0,2,0,0,0,0,0,0
instruct-1.0,T2069,1,length,758,0,0,0,0,0,0,0,0,0,0,0,0,0,0,0
instruct-1.0,T2070,1,stop,702,0,0,0,0,0,0,0,0,0,0,0,0,0,0,0
instruct-1.0,T2071,1,length,739,0,0,0,0,0,0,0,0,0,0,0,0,0,0,0
instruct-1.0,T2072,1,stop,678,0,0,0,0,0,0,1,0,1,0,0,0,0,0,0
instruct-1.0,T2073,1,length,701,0,0,0,0,0,0,0,0,0,0,0,0,0,0,0
instruct-1.0,T2074,1,length,721,0,0,0,0,0,0,0,0,1,0,0,0,0,0,0
instruct-1.0,T2075,1,stop,640,0,0,1,0,0,0,0,0,1,0,0,0,0,0,0
instruct-1.0,T2076,1,stop,616,0,0,0,0,0,0,0,0,1,0,0,0,0,0,0
instruct-1.0,T2077,1,length,754,0,0,0,0,0,0,0,0,1,0,0,0,0,0,0
instruct-1.0,T2078,1,stop,769,0,0,0,0,0,0,0,0,0,0,0,0,1,0,0
instruct-1.0,T2079,1,length,740,0,0,0,0,0,0,0,0,1,0,0,0,0,0,0
instruct-1.0,T2080,1,stop,700,0,0,0,0,0,0,0,0,1,0,0,0,0,0,0
instruct-1.0,T2081,1,stop,680,0,0,1,0,0,0,0,0,2,0,0,0,0,0,0
instruct-1.0,T2082,1,stop,278,0,0,0,0,0,0,0,0,0,0,0,0,0,0,0
instruct-1.0,T2083,1,length,768,0,0,0,0,0,0,0,0,0,0,0,0,0,0,0
instruct-1.0,T2084,1,length,766,0,0,0,0,0,0,0,0,0,0,0,0,0,0,0
instruct-1.0,T2085,1,stop,529,0,0,0,0,0,0,0,0,0,0,0,0,0,0,0
instruct-1.0,T2086,1,stop,739,0,0,0,0,0,0,0,0,1,0,0,0,0,0,0
instruct-1.0,T2087,1,stop,804,0,0,0,0,0,0,0,0,0,0,0,0,0,0,0
instruct-1.0,T2088,1,stop,732,0,0,0,0,0,0,0,0,0,0,0,0,0,0,0
instruct-1.0,T2089,1,stop,691,0,0,0,0,0,0,1,0,2,0,0,0,0,0,0
instruct-1.0,T2090,1,stop,740,0,0,0,0,0,0,0,0,1,0,0,0,0,0,0
instruct-1.0,T2091,1,stop,707,0,0,1,0,0,0,0,0,1,0,0,0,0,0,0
instruct-1.0,T2092,1,length,722,0,0,0,0,0,0,0,0,1,0,0,0,0,0,0
instruct-1.0,T2093,1,stop,740,0,0,0,0,0,0,1,0,1,0,0,0,0,0,0
instruct-1.0,T2094,1,length,776,0,0,0,0,0,0,0,0,1,0,0,0,1,0,0
instruct-1.0,T2095,1,length,726,0,0,0,0,0,0,0,0,0,0,0,0,0,0,0
instruct-1.0,T2096,1,stop,804,0,0,0,0,0,0,1,0,0,0,0,0,0,0,0
instruct-1.0,T2097,1,stop,366,0,0,0,0,0,0,0,0,0,0,0,0,0,0,0
instruct-1.0,T2098,1,stop,528,0,0,0,0,0,0,0,0,0,0,0,0,0,0,0
instruct-1.0,T2099,1,stop,552,0,0,0,0,0,0,0,0,1,0,0,0,0,0,0
instruct-1.0,T2100,1,stop,493,0,0,0,0,0,0,0,0,0,0,0,0,0,0,0
instruct-1.0,T2101,1,stop,532,0,0,0,0,0,0,0,0,0,0,0,0,0,0,0
instruct-1.0,T2102,1,stop,566,0,0,0,0,0,0,0,0,0,0,0,0,0,0,0
instruct-1.0,T2103,1,stop,707,0,0,0,0,0,0,0,0,0,0,0,0,0,0,0
instruct-1.0,T2104,1,stop,541,0,0,0,0,0,0,0,0,1,0,0,0,0,0,0
instruct-1.0,T2105,1,length,751,0,0,0,0,0,0,0,0,1,0,0,0,0,0,0
instruct-1.0,T2106,1,stop,701,0,0,0,0,0,0,0,0,0,0,0,0,0,0,0
instruct-1.0,T2107,1,length,746,0,0,1,0,0,0,0,0,0,0,0,0,0,0,0
instruct-1.0,T2108,1,stop,767,0,0,0,0,0,0,0,0,2,0,0,0,0,0,0
instruct-1.0,T2109,1,stop,643,0,0,0,0,0,0,1,0,0,0,0,0,0,0,0
instruct-1.0,T2110,1,stop,827,0,0,0,0,0,0,0,0,0,0,0,0,0,0,0
instruct-1.0,T2111,1,stop,514,0,0,0,0,0,0,1,0,0,0,0,0,0,0,0
instruct-1.0,T2112,1,stop,488,0,0,0,0,0,0,0,0,0,0,0,0,0,0,0
instruct-1.0,T2113,1,length,788,0,0,1,0,0,0,0,0,0,0,0,0,0,0,0
instruct-1.0,T2114,1,length,752,0,0,0,0,0,0,0,0,0,0,0,0,0,0,0
instruct-1.0,T2115,1,stop,745,0,0,0,0,0,0,0,0,0,0,0,0,0,0,0
instruct-1.0,T2116,1,length,778,0,0,0,0,0,0,0,0,0,0,0,0,0,0,0
instruct-1.0,T2117,1,stop,593,0,0,0,0,0,0,0,0,1,0,0,0,0,0,0
instruct-1.0,T2118,1,stop,427,0,0,0,0,0,0,0,0,0,0,0,0,0,0,0
instruct-1.0,T2119,1,stop,553,0,0,0,0,0,0,0,0,0,0,0,0,0,0,0
instruct-1.0,T2120,1,stop,622,0,0,0,0,0,0,0,0,0,0,0,0,0,0,0
instruct-1.0,T2121,1,stop,631,0,0,0,0,0,0,0,0,1,0,0,0,0,0,0
instruct-1.0,T2122,1,length,805,0,0,0,0,0,0,0,0,0,0,0,0,0,0,0
instruct-1.0,T2123,1,stop,545,0,0,0,0,0,0,0,0,2,0,0,0,0,0,0
instruct-1.0,T2124,1,stop,489,0,0,0,0,0,0,0,0,0,0,0,0,0,0,0
instruct-1.0,T2125,1,stop,471,0,0,0,0,0,0,0,0,0,0,0,0,0,0,0
instruct-1.0,T2126,1,stop,608,0,0,0,0,0,0,0,0,0,0,0,0,0,0,0
instruct-1.0,T2127,1,stop,628,0,0,0,0,0,0,0,0,1,0,0,0,0,0,0
instruct-1.0,T2128,1,length,775,0,0,0,0,0,0,0,0,0,0,0,0,0,0,0
instruct-1.0,T2129,1,length,785,0,0,0,0,0,0,0,0,0,0,0,0,0,0,0
instruct-1.0,T2130,1,stop,636,0,0,0,0,0,0,0,0,1,0,0,0,0,0,0
instruct-1.0,T2131,1,stop,758,0,0,0,0,0,0,0,0,0,0,0,0,0,0,0
instruct-1.0,T2132,1,stop,554,0,0,0,0,0,0,0,0,0,0,0,0,0,0,0
instruct-1.0,T2133,1,stop,624,0,0,0,0,0,0,2,0,0,0,0,0,0,0,0
instruct-1.0,T2134,1,length,758,0,0,0,0,0,0,0,0,0,0,0,0,0,0,0
instruct-1.0,T2135,1,stop,592,0,0,0,0,0,0,0,0,0,0,0,0,0,0,0
instruct-1.0,T2136,1,stop,702,0,0,0,0,0,0,0,0,0,0,0,0,0,0,0
instruct-1.0,T2137,1,stop,422,0,0,0,0,0,0,0,0,0,0,0,0,1,0,0
instruct-1.0,T2138,1,stop,775,0,0,0,0,0,0,0,0,0,0,0,0,0,0,0
instruct-1.0,T2139,1,stop,688,0,0,0,0,0,0,0,0,0,0,0,0,0,0,0
instruct-1.0,T2140,1,length,817,0,0,0,0,0,0,0,0,0,0,0,0,0,0,0
instruct-1.0,T2141,1,stop,610,0,0,0,0,0,0,0,0,0,0,0,0,0,0,0
instruct-1.0,T2142,1,stop,606,0,0,0,0,0,0,0,0,0,0,0,0,0,0,0
instruct-1.0,T2143,1,stop,720,0,0,0,0,0,0,1,0,0,0,0,0,0,0,0
instruct-1.0,T2144,1,stop,521,0,0,0,0,0,0,0,0,0,0,0,0,0,0,0
instruct-1.0,T2145,1,stop,676,0,0,0,0,0,0,0,0,0,0,0,0,0,0,0
instruct-1.0,T2146,1,stop,800,0,0,0,0,0,0,0,0,2,0,0,0,0,0,0
instruct-1.0,T2147,1,stop,718,0,0,0,0,0,0,0,0,0,0,0,0,0,0,0
instruct-1.0,T2148,1,length,793,0,0,0,0,0,0,0,0,0,0,0,0,0,0,0
instruct-1.0,T2149,1,stop,617,0,0,0,0,0,0,0,0,0,0,0,0,0,0,0
instruct-1.0,T2150,1,length,618,0,0,0,0,0,0,0,0,1,0,0,0,0,0,0
instruct-1.0,T2151,1,length,717,0,0,0,0,0,0,0,0,0,0,0,0,0,0,0
instruct-1.0,T2152,1,length,774,0,0,0,0,0,0,0,0,0,0,0,0,0,0,0
instruct-1.0,T2153,1,length,792,0,0,0,0,0,0,0,0,0,0,0,0,0,0,0
instruct-1.0,T2154,1,stop,832,0,0,0,0,0,0,1,0,0,0,0,0,0,0,0
instruct-1.0,T2155,1,stop,696,0,0,0,0,0,0,0,0,0,0,0,0,0,0,0
instruct-1.0,T2156,1,length,781,0,0,0,0,0,0,0,0,0,0,0,0,0,0,0
instruct-1.0,T2157,1,length,834,0,0,0,0,0,0,0,0,0,0,0,0,0,0,0
instruct-1.0,T2158,1,stop,508,0,0,0,0,0,0,0,0,0,0,0,0,0,0,0
instruct-1.0,T2159,1,stop,573,0,0,0,0,0,0,0,0,1,0,0,0,0,0,0
instruct-1.0,T2160,1,stop,621,0,0,0,0,0,0,0,0,0,0,0,0,0,0,0
instruct-1.0,T2161,1,length,701,0,0,0,0,0,0,0,0,0,0,0,0,0,0,0
instruct-1.0,T2162,1,stop,758,0,0,0,0,0,0,0,0,0,0,0,0,0,0,0
instruct-1.0,T2163,1,stop,763,0,0,0,0,0,0,0,0,0,0,0,0,0,0,0
instruct-1.0,T2164,1,stop,721,0,0,0,0,0,0,0,0,1,0,0,0,0,0,0
instruct-1.0,T2165,1,stop,606,0,0,0,0,0,0,0,0,0,0,0,0,0,0,0
instruct-1.0,T2166,1,stop,718,0,0,0,0,0,0,0,0,0,0,0,0,0,0,0
instruct-1.0,T2167,1,length,758,0,0,0,0,0,0,0,0,0,0,0,0,0,0,0
instruct-1.0,T2168,1,stop,653,0,0,0,0,0,0,0,0,1,0,0,0,0,0,0
instruct-1.0,T2169,1,stop,523,0,0,0,0,0,0,1,0,2,0,0,0,0,0,0
instruct-1.0,T2170,1,stop,548,0,0,0,0,0,0,0,0,0,0,0,0,0,0,0
instruct-1.0,T2171,1,length,751,0,0,0,0,0,0,0,0,0,0,0,0,0,0,0
instruct-1.0,T2172,1,length,754,0,0,0,0,0,0,0,0,0,0,0,0,0,0,0
instruct-1.0,T2173,1,stop,514,0,0,0,0,0,0,0,0,0,0,0,0,0,0,0
instruct-1.0,T2174,1,length,769,0,0,0,0,0,0,0,0,0,0,0,0,0,0,0
instruct-1.0,T2175,1,stop,703,0,0,0,0,0,0,0,0,0,0,0,0,0,0,0
instruct-1.0,T2176,1,stop,697,0,0,0,0,0,0,1,0,0,0,0,0,0,0,0
instruct-1.0,T2177,1,stop,804,0,0,0,0,0,0,0,0,1,0,0,0,0,0,0
instruct-1.0,T2178,1,stop,618,0,0,0,0,0,0,1,0,1,0,0,0,0,0,0
instruct-1.0,T2179,1,length,756,0,0,0,0,0,0,0,0,1,0,0,0,0,1,0
instruct-1.0,T2180,1,stop,597,0,0,0,0,0,0,0,0,0,0,0,0,0,0,0
instruct-1.0,T2181,1,length,753,0,0,0,0,0,0,0,1,0,0,0,0,0,0,0
instruct-1.0,T2182,1,length,814,0,0,0,0,0,0,0,0,0,0,0,0,0,0,0
instruct-1.0,T2183,1,stop,539,0,0,0,0,0,0,0,0,1,0,0,0,0,0,0
instruct-1.0,T2184,1,stop,704,0,0,0,0,0,0,0,0,1,1,0,0,0,0,0
instruct-1.0,T2185,1,stop,700,0,0,0,0,0,0,0,0,0,0,0,0,0,0,0
instruct-1.0,T2186,1,length,811,1,0,0,0,0,0,0,0,0,0,0,0,0,0,0
instruct-1.0,T2187,1,length,770,0,0,0,0,0,0,0,0,0,0,0,0,0,0,0
instruct-1.0,T2188,1,stop,737,0,0,0,0,0,0,1,0,1,0,0,0,0,0,0
instruct-1.0,T2189,1,length,754,0,0,0,0,0,0,0,0,0,0,0,0,0,0,0
instruct-1.0,T2190,1,stop,621,0,0,0,0,0,0,0,0,0,0,0,0,0,0,0
instruct-1.0,T2191,1,length,770,0,0,0,0,0,0,0,0,0,0,0,0,0,0,0
instruct-1.0,T2192,1,length,736,0,0,0,0,0,0,0,0,0,0,0,0,0,0,0
instruct-1.0,T2193,1,stop,643,0,0,0,0,0,0,0,0,0,0,0,0,1,0,0
instruct-1.0,T2194,1,stop,705,0,0,0,0,0,0,0,0,1,0,0,0,0,0,0
instruct-1.0,T2195,1,length,762,0,0,2,0,0,0,0,0,0,0,0,0,0,0,0
instruct-1.0,T2196,1,stop,778,0,0,0,0,0,0,0,0,1,0,0,0,0,0,0
instruct-1.0,T2197,1,stop,804,0,0,0,0,0,0,0,0,0,0,0,0,0,0,0
instruct-1.0,T2198,1,length,787,0,0,0,0,0,0,0,0,1,0,0,0,0,0,0
instruct-1.0,T2199,1,stop,628,0,0,0,0,0,0,0,0,0,0,0,0,0,0,0
instruct-1.0,T2200,1,stop,518,0,0,0,0,0,0,0,0,1,0,0,0,0,0,0
instruct-1.0,T2201,1,stop,729,0,0,0,0,0,0,0,0,0,0,0,0,0,0,0
instruct-1.0,T2202,1,stop,731,0,0,0,0,0,0,0,0,1,0,0,0,0,0,0
instruct-1.0,T2203,1,stop,596,0,0,0,0,0,0,1,0,0,0,0,0,0,0,0
instruct-1.0,T2204,1,length,652,0,0,0,0,0,0,0,0,1,0,0,0,0,0,0
instruct-1.0,T2205,1,stop,744,0,0,0,0,0,0,0,0,3,0,0,0,0,0,0
instruct-1.0,T2206,1,stop,455,0,0,0,0,0,0,0,0,0,0,0,0,0,0,0
instruct-1.0,T2207,1,stop,239,0,0,0,0,0,0,0,0,0,0,0,0,0,0,0
instruct-1.0,T2208,1,stop,758,0,0,0,0,0,0,0,0,0,0,0,0,0,0,0
instruct-1.0,T2209,1,stop,710,0,0,0,0,0,0,0,0,0,0,0,0,1,0,0
instruct-1.0,T2210,1,length,774,0,0,0,0,0,0,0,0,1,0,0,0,0,0,0
instruct-1.0,T2211,1,length,799,0,0,0,0,0,0,0,0,0,0,0,0,0,0,0
instruct-1.0,T2212,1,stop,613,0,0,0,0,0,0,0,0,0,0,0,0,0,0,0
instruct-1.0,T2213,1,stop,718,0,0,0,0,0,0,0,0,1,0,0,0,0,0,0
instruct-1.0,T2214,1,length,712,0,0,0,0,0,0,0,0,0,1,0,0,0,0,0
instruct-1.0,T2215,1,stop,432,0,0,0,0,0,0,0,0,0,0,0,0,0,0,0
instruct-1.0,T2216,1,stop,730,0,1,0,0,0,0,1,0,0,0,0,0,0,0,0
instruct-1.0,T2217,1,stop,520,0,0,0,0,0,0,0,0,1,1,0,0,0,0,0
instruct-1.0,T2218,1,length,722,0,0,0,0,0,0,1,0,0,0,0,0,0,0,0
instruct-1.0,T2219,1,stop,727,0,0,0,0,0,0,0,0,0,0,0,0,0,0,0
instruct-1.0,T2220,1,length,749,0,0,1,0,0,0,0,0,0,0,0,0,0,0,0
instruct-1.0,T2221,1,stop,481,0,0,0,0,0,0,1,0,1,0,0,0,0,0,0
instruct-1.0,T2222,1,length,776,0,0,0,0,0,0,1,0,0,0,0,0,0,0,0
instruct-1.0,T2223,1,stop,705,0,0,0,0,0,0,1,0,0,0,0,0,0,0,0
instruct-1.0,T2224,1,stop,561,0,0,0,0,0,0,0,0,0,0,0,0,0,0,0
instruct-1.0,T2225,1,length,616,0,0,0,0,0,0,0,0,0,0,0,0,0,0,0
instruct-1.0,T2226,1,stop,700,0,0,0,0,0,0,0,0,0,0,0,0,0,0,0
instruct-1.0,T2227,1,length,713,0,0,0,0,0,0,0,0,0,0,0,0,0,0,0
instruct-1.0,T2228,1,stop,561,0,0,0,0,0,0,0,0,0,0,0,0,0,0,0
instruct-1.0,T2229,1,stop,675,0,0,0,0,0,0,0,0,0,0,0,0,0,0,0
instruct-1.0,T2230,1,length,775,0,0,0,0,0,0,0,0,0,0,0,0,0,0,0
instruct-1.0,T2231,1,stop,726,0,0,1,0,0,0,0,0,0,0,0,0,0,0,0
instruct-1.0,T2232,1,length,745,0,0,0,0,0,0,0,0,1,0,0,0,0,0,0
instruct-1.0,T2233,1,stop,642,0,0,0,0,0,0,0,0,0,0,0,0,0,0,0
instruct-1.0,T2234,1,stop,759,0,0,0,0,0,0,0,0,0,1,0,0,0,0,0
instruct-1.0,T2235,1,length,738,0,0,0,0,0,0,0,0,1,0,0,0,0,0,0
instruct-1.0,T2236,1,length,751,0,0,0,0,0,0,1,0,0,0,0,0,1,0,0
instruct-1.0,T2237,1,stop,776,0,0,0,0,0,0,0,0,3,0,0,0,0,0,0
instruct-1.0,T2238,1,length,798,0,0,0,0,0,0,0,0,0,0,0,0,0,0,0
instruct-1.0,T2239,1,stop,500,0,0,0,0,0,0,0,0,0,0,0,0,0,0,0
instruct-1.0,T2240,1,length,743,0,0,0,0,0,0,0,0,0,0,0,0,0,0,0
instruct-1.0,T2241,1,length,748,0,0,0,0,0,0,0,0,0,0,0,0,0,0,0
instruct-1.0,T2242,1,length,773,1,0,1,0,0,0,0,0,0,0,0,0,0,0,0
instruct-1.0,T2243,1,length,776,0,0,0,0,0,0,0,0,0,0,0,0,0,0,0
instruct-1.0,T2244,1,stop,570,0,0,0,0,0,0,0,0,0,0,0,0,1,0,0
instruct-1.0,T2245,1,length,740,0,0,0,0,0,0,0,0,1,0,0,0,0,0,0
instruct-1.0,T2246,1,stop,593,0,0,0,0,0,0,0,0,0,0,0,0,0,0,0
instruct-1.0,T2247,1,stop,562,0,0,0,0,0,0,0,0,0,0,0,0,0,0,0
instruct-1.0,T2248,1,length,751,0,0,0,0,0,0,0,0,0,0,0,0,0,0,0
instruct-1.0,T2249,1,stop,659,0,0,0,0,0,0,0,0,0,0,0,0,0,0,0
instruct-1.0,T2250,1,stop,333,0,0,0,0,0,0,0,0,0,0,0,0,0,0,0
instruct-1.0,T2251,1,stop,624,0,0,0,0,0,0,0,0,0,0,0,0,0,0,0
instruct-1.0,T2252,1,length,663,0,0,0,0,0,0,0,0,0,0,0,0,0,0,0
instruct-1.0,T2253,1,length,674,0,0,0,0,0,0,0,0,0,0,0,0,0,0,0
instruct-1.0,T2254,1,length,766,0,0,0,0,0,0,0,0,0,0,0,0,0,0,0
instruct-1.0,T2255,1,length,831,0,0,0,0,0,0,0,0,1,1,0,0,0,0,0
instruct-1.0,T2256,1,stop,504,0,0,0,0,0,0,0,0,0,0,0,0,0,0,0
instruct-1.0,T2257,1,length,636,0,0,0,0,0,0,0,0,0,0,0,0,0,0,0
instruct-1.0,T2258,1,length,729,0,0,0,0,0,0,0,0,0,0,0,0,0,0,0
instruct-1.0,T2259,1,length,756,0,0,0,0,0,0,0,0,0,0,0,0,0,0,0
instruct-1.0,T2260,1,length,779,0,0,0,0,0,0,0,0,1,0,0,0,0,0,0
instruct-1.0,T2261,1,stop,757,0,0,0,0,0,0,0,0,0,0,0,0,0,0,0
instruct-1.0,T2262,1,stop,746,0,0,0,0,0,0,0,0,1,0,0,0,0,0,0
instruct-1.0,T2263,1,stop,678,0,0,0,0,0,0,0,0,0,0,0,0,0,0,0
instruct-1.0,T2264,1,length,730,0,0,0,0,0,0,0,0,0,0,0,0,0,0,0
instruct-1.0,T2265,1,length,798,0,0,0,0,0,0,0,0,0,0,0,0,0,0,0
instruct-1.0,T2266,1,length,731,0,0,0,0,0,0,0,0,0,0,0,0,0,0,0
instruct-1.0,T2267,1,stop,495,0,0,0,0,0,0,0,0,0,0,0,0,0,0,0
instruct-1.0,T2268,1,stop,391,0,0,0,0,0,0,0,0,0,0,0,0,0,0,0
instruct-1.0,T2269,1,stop,695,0,0,0,0,0,0,0,0,1,1,0,0,0,0,0
instruct-1.0,T2270,1,stop,560,0,0,0,0,0,0,0,0,1,0,0,0,0,0,0
instruct-1.0,T2271,1,stop,678,0,0,0,0,0,0,0,0,0,0,0,0,0,0,0
instruct-1.0,T2272,1,length,719,0,0,0,0,0,0,0,0,0,0,0,0,0,0,0
instruct-1.0,T2273,1,length,777,0,0,0,0,0,0,0,0,2,0,0,0,0,0,0
instruct-1.0,T2274,1,stop,609,0,0,0,0,0,0,0,1,0,0,0,0,0,0,0
instruct-1.0,T2275,1,stop,487,0,0,0,0,0,0,0,0,0,0,0,0,0,0,0
instruct-1.0,T2276,1,stop,545,0,0,0,0,0,0,0,0,0,0,0,0,0,0,0
instruct-1.0,T2277,1,stop,669,0,0,0,0,0,0,0,0,0,0,0,0,0,0,0
instruct-1.0,T2278,1,stop,633,0,0,0,0,0,0,0,0,1,0,0,0,0,0,0
instruct-1.0,T2279,1,stop,635,0,0,0,0,0,0,0,0,0,0,0,0,0,0,0
instruct-1.0,T2280,1,length,719,0,0,0,0,0,0,0,0,0,0,0,0,0,0,0
instruct-1.0,T2281,1,stop,534,0,0,0,0,0,0,0,0,0,0,0,0,0,0,0
instruct-1.0,T2282,1,stop,567,0,0,0,0,0,0,0,0,1,0,0,0,0,0,0
instruct-1.0,T2283,1,stop,585,0,0,0,0,0,0,0,0,0,0,0,0,1,0,0
instruct-1.0,T2284,1,stop,653,0,0,0,0,0,0,0,0,1,0,0,0,0,0,0
instruct-1.0,T2285,1,stop,636,0,0,0,0,0,0,0,0,0,0,0,0,0,0,0
instruct-1.0,T2286,1,stop,621,0,0,0,0,0,0,0,0,0,0,0,0,0,0,0
instruct-1.0,T2287,1,stop,493,0,0,0,0,0,0,0,0,0,0,0,0,0,0,0
instruct-1.0,T2288,1,stop,818,0,0,0,0,0,0,0,0,0,0,0,0,0,0,0
instruct-1.0,T2289,1,stop,379,0,0,0,0,0,0,0,0,0,0,0,0,0,0,0
instruct-1.0,T2290,1,length,766,0,0,0,0,0,0,0,0,1,0,0,0,0,0,0
instruct-1.0,T2291,1,stop,777,0,0,0,0,0,0,0,0,3,0,0,0,0,0,0
instruct-1.0,T2292,1,stop,721,0,0,0,0,0,0,0,0,1,0,0,0,0,0,0
instruct-1.0,T2293,1,stop,576,0,0,0,0,0,0,0,0,0,0,0,0,0,0,0
instruct-1.0,T2294,1,length,758,0,0,0,0,0,0,0,0,0,0,0,0,0,0,0
instruct-1.0,T2295,1,stop,655,1,0,0,0,0,0,0,0,0,0,0,0,0,0,0
instruct-1.0,T2296,1,length,749,0,0,0,0,0,0,0,0,1,0,0,0,0,0,0
instruct-1.0,T2297,1,stop,531,0,0,0,0,0,0,0,0,0,0,0,0,0,0,0
instruct-1.0,T2298,1,length,786,0,0,0,0,0,0,0,0,0,0,0,0,1,0,0
instruct-1.0,T2299,1,stop,748,0,0,0,0,0,0,0,0,1,0,0,0,0,0,0
instruct-1.0,T2300,1,stop,737,0,0,0,0,0,0,0,0,0,0,0,0,0,0,0
instruct-1.0,T2301,1,stop,734,0,0,0,0,0,0,0,0,0,0,0,0,0,0,0
instruct-1.0,T2302,1,stop,675,0,0,0,0,0,0,0,0,0,0,0,0,0,0,0
instruct-1.0,T2303,1,stop,665,0,0,1,0,0,0,1,0,0,0,0,0,0,0,0
instruct-1.0,T2304,1,stop,689,0,0,0,0,0,0,0,0,0,0,0,0,0,0,0
instruct-1.0,T2305,1,stop,690,0,0,0,0,0,0,1,0,0,0,0,0,0,0,0
instruct-1.0,T2306,1,length,718,0,0,0,0,0,0,0,0,0,0,0,0,0,0,0
instruct-1.0,T2307,1,stop,731,0,0,0,0,0,0,0,0,0,0,0,0,0,0,0
instruct-1.0,T2308,1,stop,641,0,0,0,0,0,0,0,0,0,0,0,0,0,0,0
instruct-1.0,T2309,1,length,612,0,0,0,0,0,0,0,0,0,0,0,0,0,0,0
instruct-1.0,T2310,1,stop,757,0,0,0,0,0,0,0,0,0,0,0,0,0,0,0
instruct-1.0,T2311,1,stop,578,0,0,0,0,0,0,1,0,1,0,0,0,0,0,0
instruct-1.0,T2312,1,length,808,0,0,0,0,0,0,0,0,0,0,0,0,0,0,0
instruct-1.0,T2313,1,stop,755,0,0,0,0,0,0,0,0,0,0,0,0,0,0,0
instruct-1.0,T2314,1,length,760,0,0,1,0,0,0,0,0,0,0,0,0,0,0,0
instruct-1.0,T2315,1,stop,773,0,0,0,0,0,0,0,0,0,0,0,0,0,0,0
instruct-1.0,T2316,1,length,704,0,0,0,0,0,0,0,0,0,0,0,0,0,0,0
instruct-1.0,T2317,1,length,765,0,0,0,0,0,0,0,0,0,0,0,0,0,0,0
instruct-1.0,T2318,1,length,832,0,0,0,0,0,0,0,0,0,0,0,0,0,0,0
instruct-1.0,T2319,1,stop,767,0,0,0,0,0,0,0,0,0,0,0,0,0,0,0
instruct-1.0,T2320,1,stop,705,0,0,0,0,0,0,0,0,0,0,0,0,0,0,0
instruct-1.0,T2321,1,length,755,0,0,0,0,0,0,1,0,0,0,0,0,0,0,0
instruct-1.0,T2322,1,stop,656,0,0,0,0,0,0,0,0,1,0,0,0,0,0,0
instruct-1.0,T2323,1,stop,711,0,0,0,0,0,0,0,0,0,0,0,0,0,0,0
instruct-1.0,T2324,1,stop,389,0,0,0,0,0,0,0,0,0,0,0,0,0,0,0
instruct-1.0,T2325,1,stop,606,0,0,0,0,0,0,0,0,0,0,0,0,0,0,0
instruct-1.0,T2326,1,length,760,0,0,0,0,0,0,0,0,0,1,0,0,0,0,0
instruct-1.0,T2327,1,length,772,0,0,0,0,0,0,0,0,0,0,0,0,0,0,0
instruct-1.0,T2328,1,length,740,0,0,0,0,0,0,0,0,0,0,0,0,0,0,0
instruct-1.0,T2329,1,length,745,0,0,0,0,0,0,0,0,0,0,0,0,0,0,0
instruct-1.0,T2330,1,stop,742,0,0,0,0,0,0,0,0,0,0,0,0,0,0,0
instruct-1.0,T2331,1,stop,718,0,0,0,0,0,0,0,0,0,0,0,0,0,0,0
instruct-1.0,T2332,1,stop,711,0,0,0,0,0,0,0,0,0,0,0,0,0,0,0
instruct-1.0,T2333,1,stop,563,0,0,0,0,0,0,0,0,0,0,0,0,0,0,0
instruct-1.0,T2334,1,stop,730,0,0,0,0,0,0,0,0,1,0,0,0,0,0,0
instruct-1.0,T2335,1,length,796,0,0,0,0,0,0,0,0,0,0,0,0,0,0,0
instruct-1.0,T2336,1,stop,727,0,0,0,0,0,0,0,0,0,0,0,0,0,0,0
instruct-1.0,T2337,1,length,764,0,0,1,0,0,0,0,0,0,0,0,0,0,0,0
instruct-1.0,T2338,1,length,743,0,0,0,0,0,0,1,0,0,0,0,0,0,0,0
instruct-1.0,T2339,1,length,781,0,0,0,0,0,0,0,0,1,0,0,0,0,0,0
instruct-1.0,T2340,1,length,785,0,0,0,0,0,0,0,0,0,0,0,0,0,0,0
instruct-1.0,T2341,1,stop,426,0,0,0,0,0,0,0,0,1,0,0,0,1,0,0
instruct-1.0,T2342,1,length,712,0,0,0,0,0,0,0,0,0,0,0,0,0,0,0
instruct-1.0,T2343,1,stop,738,0,0,0,0,0,0,0,0,0,0,0,0,0,0,0
instruct-1.0,T2344,1,length,743,0,0,0,0,0,0,0,0,1,0,0,0,0,0,0
instruct-1.0,T2345,1,length,755,0,0,0,0,0,0,0,0,0,0,0,0,0,0,0
instruct-1.0,T2346,1,stop,383,0,0,0,0,0,0,0,0,0,0,0,0,0,0,0
instruct-1.0,T2347,1,stop,600,0,0,0,0,0,0,0,0,0,0,0,0,0,0,0
instruct-1.0,T2348,1,length,726,0,0,0,0,0,0,0,0,0,0,0,0,0,0,0
instruct-1.0,T2349,1,length,766,0,0,0,0,0,0,1,0,0,0,0,0,0,0,0
instruct-1.0,T2350,1,stop,643,0,0,0,0,0,0,0,0,0,0,0,0,0,0,0
instruct-1.0,T2351,1,length,745,0,0,0,0,0,0,0,0,1,0,0,0,0,0,0
instruct-1.0,T2352,1,stop,654,0,0,0,0,0,0,0,0,0,0,0,0,0,0,0
instruct-1.0,T2353,1,stop,718,0,0,0,0,0,0,0,0,0,0,0,0,0,0,0
instruct-1.0,T2354,1,length,773,0,0,0,0,0,0,0,0,0,0,0,0,0,0,0
instruct-1.0,T2355,1,stop,571,0,0,0,0,0,0,0,0,1,0,0,0,0,0,0
instruct-1.0,T2356,1,length,707,0,0,0,0,0,0,0,0,0,0,0,0,0,0,0
instruct-1.0,T2357,1,length,724,0,0,0,0,0,0,0,0,0,0,0,0,0,0,0
instruct-1.0,T2358,1,stop,723,0,0,0,0,0,0,0,0,0,0,0,0,1,0,0
instruct-1.0,T2359,1,stop,698,0,0,0,0,0,0,0,0,0,0,0,0,0,0,0
instruct-1.0,T2360,1,stop,555,0,0,0,0,0,0,0,0,0,0,0,0,0,0,0
instruct-1.0,T2361,1,stop,585,0,0,0,0,0,0,0,0,0,0,0,0,0,0,0
instruct-1.0,T2362,1,stop,715,0,0,0,0,0,0,0,0,2,0,0,0,0,0,0
instruct-1.0,T2363,1,stop,549,0,0,0,0,0,0,0,0,0,0,0,0,0,0,0
instruct-1.0,T2364,1,stop,752,0,0,0,0,0,0,0,0,1,0,0,0,0,0,0
instruct-1.0,T2365,1,stop,508,0,0,0,0,0,0,0,0,0,0,0,0,0,0,0
instruct-1.0,T2366,1,stop,406,0,0,0,0,0,0,0,0,0,0,0,0,0,0,0
instruct-1.0,T2367,1,stop,740,0,0,0,0,0,0,0,0,1,0,0,0,0,0,0
instruct-1.0,T2368,1,length,749,0,0,0,0,0,0,0,0,0,0,0,0,0,0,0
instruct-1.0,T2369,1,length,786,0,0,0,0,0,0,0,0,0,0,0,0,0,0,0
instruct-1.0,T2370,1,length,807,0,0,0,0,0,0,0,0,0,0,0,0,0,0,0
instruct-1.0,T2371,1,stop,769,0,0,0,0,0,0,0,0,1,0,0,0,0,0,0
instruct-1.0,T2372,1,stop,752,0,0,0,0,0,0,0,0,2,0,0,0,0,0,0
instruct-1.0,T2373,1,stop,743,0,0,0,0,0,0,0,0,2,0,0,0,0,0,0
instruct-1.0,T2374,1,stop,395,0,0,0,0,0,0,1,0,2,0,0,0,0,0,0
instruct-1.0,T2375,1,length,790,0,0,0,0,0,0,0,0,0,0,0,0,0,0,0
instruct-1.0,T2376,1,length,811,0,0,0,0,0,0,0,0,0,0,0,0,0,0,0
instruct-1.0,T2377,1,length,789,0,0,0,0,0,0,0,0,0,1,0,0,0,0,0
instruct-1.0,T2378,1,stop,470,0,0,0,0,0,0,0,0,0,0,0,0,0,0,0
instruct-1.0,T2379,1,stop,647,0,0,0,0,0,0,0,0,0,0,0,0,0,0,0
instruct-1.0,T2380,1,stop,664,0,0,0,0,0,0,0,0,0,0,0,0,0,0,0
instruct-1.0,T2381,1,stop,47,0,0,0,0,0,0,0,0,0,0,0,0,0,0,0
instruct-1.0,T2382,1,stop,503,0,0,0,0,0,0,0,0,0,0,0,0,0,0,0
instruct-1.0,T2383,1,stop,805,0,0,0,0,0,0,0,0,0,0,0,0,0,0,0
instruct-1.0,T2384,1,stop,769,0,0,0,0,0,0,0,0,0,0,0,0,0,0,0
instruct-1.0,T2385,1,stop,588,0,0,0,0,0,0,0,0,2,0,0,0,0,0,0
instruct-1.0,T2386,1,stop,529,0,0,0,0,0,0,0,0,0,0,0,0,0,0,0
instruct-1.0,T2387,1,length,846,0,0,0,0,0,0,0,0,0,0,0,0,0,0,0
instruct-1.0,T2388,1,length,794,0,0,0,0,0,0,0,0,0,0,0,0,0,0,0
instruct-1.0,T2389,1,length,655,0,0,0,0,0,0,0,0,0,0,0,0,0,0,0
instruct-1.0,T2390,1,stop,598,0,0,0,0,0,0,0,0,0,0,0,0,0,0,0
instruct-1.0,T2391,1,length,769,0,0,0,0,0,0,0,0,1,0,0,0,0,0,0
instruct-1.0,T2392,1,stop,598,0,0,0,0,0,0,0,0,0,0,0,0,0,0,0
instruct-1.0,T2393,1,stop,577,0,0,0,0,0,0,0,0,1,0,0,0,0,0,0
instruct-1.0,T2394,1,stop,683,0,0,0,0,0,0,0,0,0,0,0,0,0,0,0
instruct-1.0,T2395,1,stop,709,0,0,0,0,0,0,0,0,0,0,0,0,0,0,0
instruct-1.0,T2396,1,stop,627,1,0,0,0,0,0,0,0,0,0,0,0,1,0,0
instruct-1.0,T2397,1,stop,653,0,0,0,0,0,0,1,0,1,0,0,0,0,0,0
instruct-1.0,T2398,1,stop,725,0,0,0,0,0,0,0,0,0,0,0,0,0,0,0
instruct-1.0,T2399,1,stop,136,0,0,0,0,0,0,0,0,0,0,0,0,0,0,0
instruct-1.0,T2400,1,stop,699,0,0,0,0,0,0,0,0,0,0,0,0,0,0,0
instruct-1.0,T2401,1,length,724,0,0,0,0,0,0,0,0,0,0,0,0,0,0,0
instruct-1.0,T2402,1,stop,516,0,0,0,0,0,0,0,0,0,0,0,0,0,0,0
instruct-1.0,T2403,1,length,722,0,0,0,0,0,0,0,0,0,0,0,0,0,0,0
instruct-1.0,T2404,1,length,755,0,0,0,0,0,0,0,0,0,0,0,0,0,0,0
instruct-1.0,T2405,1,stop,478,0,0,0,0,0,0,0,0,1,0,0,0,0,0,0
instruct-1.0,T2406,1,stop,608,0,1,0,0,0,0,0,0,0,0,0,0,1,0,0
instruct-1.0,T2407,1,length,760,0,0,0,0,0,0,0,0,0,0,0,0,0,0,0
instruct-1.0,T2408,1,stop,701,0,0,0,0,0,0,0,0,2,0,0,0,0,0,0
instruct-1.0,T2409,1,stop,639,0,0,0,0,0,0,0,0,0,0,0,0,0,0,0
instruct-1.0,T2410,1,stop,607,0,0,0,0,0,0,1,0,0,0,0,0,0,0,0
instruct-1.0,T2411,1,stop,429,0,0,0,0,0,0,0,0,0,0,0,0,0,0,0
instruct-1.0,T2412,1,stop,655,0,0,0,0,0,0,0,0,0,0,0,0,0,0,0
instruct-1.0,T2413,1,length,763,0,0,0,0,0,0,0,0,1,0,0,0,0,0,0
instruct-1.0,T2414,1,stop,590,0,0,0,0,0,0,0,0,0,0,0,0,0,0,0
instruct-1.0,T2415,1,stop,477,0,0,0,0,0,0,0,0,0,0,0,0,0,0,0
instruct-1.0,T2416,1,stop,696,0,0,0,0,0,0,0,0,1,0,0,0,0,0,0
instruct-1.0,T2417,1,stop,574,0,0,0,0,0,0,0,0,0,0,0,0,0,0,0
instruct-1.0,T2418,1,stop,612,0,0,1,0,0,0,0,0,0,0,0,0,0,0,0
instruct-1.0,T2419,1,stop,652,0,0,0,0,0,0,0,0,0,0,0,0,0,0,0
instruct-1.0,T2420,1,length,764,0,0,1,0,0,0,0,0,0,0,0,0,0,0,0
instruct-1.0,T2421,1,stop,659,0,0,0,0,0,0,0,0,0,0,0,0,0,0,0
instruct-1.0,T2422,1,length,781,0,0,0,0,0,0,0,0,0,0,0,0,0,0,0
instruct-1.0,T2423,1,length,782,0,0,0,0,0,0,0,0,0,0,0,0,0,0,0
instruct-1.0,T2424,1,stop,754,0,0,0,0,0,0,0,0,0,0,0,0,0,0,0
instruct-1.0,T2425,1,stop,600,0,0,0,0,0,0,0,0,1,0,0,0,0,0,0
instruct-1.0,T2426,1,stop,592,0,0,0,0,0,0,0,0,0,0,0,0,0,0,0
instruct-1.0,T2427,1,stop,734,0,0,0,0,0,0,0,0,0,0,0,0,0,0,0
instruct-1.0,T2428,1,stop,543,0,0,0,0,0,0,0,0,1,0,0,0,0,0,0
instruct-1.0,T2429,1,stop,664,0,0,0,0,0,0,0,0,0,0,0,0,0,0,0
instruct-1.0,T2430,1,stop,653,0,0,0,0,0,0,0,0,0,0,0,0,0,0,0
instruct-1.0,T2431,1,stop,590,0,0,0,0,0,0,0,0,0,0,0,0,0,0,0
instruct-1.0,T2432,1,length,707,0,0,0,0,0,0,0,0,0,0,0,0,0,0,0
instruct-1.0,T2433,1,length,782,0,0,0,0,0,0,0,0,1,0,0,0,0,0,0
instruct-1.0,T2434,1,stop,789,0,0,0,0,0,0,0,0,0,0,0,0,0,0,0
instruct-1.0,T2435,1,stop,477,0,0,1,0,0,0,0,0,0,0,0,0,0,0,0
instruct-1.0,T2436,1,stop,586,0,0,0,0,0,0,0,0,0,0,0,0,0,0,0
instruct-1.0,T2437,1,length,780,0,0,0,0,0,0,0,0,1,0,0,0,0,0,0
instruct-1.0,T2438,1,length,768,0,0,0,0,0,0,0,0,1,0,0,0,0,0,0
instruct-1.0,T2439,1,stop,718,0,0,0,0,0,0,0,0,0,0,0,0,0,0,0
instruct-1.0,T2440,1,length,775,0,0,0,0,0,0,0,0,1,0,0,0,0,0,0
instruct-1.0,T2441,1,stop,424,0,0,0,0,0,0,0,0,0,0,0,0,0,0,0
instruct-1.0,T2442,1,length,755,0,0,0,0,0,0,0,0,0,0,0,0,0,0,0
instruct-1.0,T2443,1,stop,641,0,0,0,0,0,0,0,0,0,0,0,0,0,0,0
instruct-1.0,T2444,1,stop,613,0,0,0,0,0,0,0,0,0,0,0,0,0,0,0
instruct-1.0,T2445,1,stop,729,0,0,0,0,0,0,0,0,0,0,0,0,0,0,0
instruct-1.0,T2446,1,length,727,0,0,0,0,0,0,0,0,0,0,0,0,0,0,0
instruct-1.0,T2447,1,stop,606,0,0,0,0,0,0,0,0,0,0,0,0,0,0,0
instruct-1.0,T2448,1,length,762,0,0,0,0,0,0,0,0,0,0,0,0,0,0,0
instruct-1.0,T2449,1,length,810,0,0,0,0,0,0,0,0,0,0,0,0,0,0,0
instruct-1.0,T2450,1,stop,597,0,0,0,0,0,0,0,0,0,0,0,0,0,0,0
instruct-1.0,T2451,1,stop,439,0,0,0,0,0,0,0,0,0,0,0,0,0,0,0
instruct-1.0,T2452,1,length,790,0,0,0,0,0,0,1,0,4,0,0,0,0,0,0
instruct-1.0,T2453,1,stop,427,0,0,0,0,0,0,0,0,0,0,0,0,0,0,0
instruct-1.0,T2454,1,stop,643,0,0,0,0,0,0,0,0,2,0,0,0,1,0,0
instruct-1.0,T2455,1,length,739,0,0,0,0,0,0,1,0,0,0,0,0,0,0,0
instruct-1.0,T2456,1,stop,603,0,0,0,0,0,0,0,0,0,0,0,0,0,0,0
instruct-1.0,T2457,1,stop,543,0,0,0,0,0,0,0,0,0,0,0,0,0,0,0
instruct-1.0,T2458,1,length,722,0,0,0,0,0,0,0,0,0,0,0,0,0,0,0
instruct-1.0,T2459,1,stop,498,0,0,0,0,0,0,0,0,0,0,0,0,0,0,0
instruct-1.0,T2460,1,length,747,0,0,0,0,0,0,0,0,0,0,0,0,0,0,0
instruct-1.0,T2461,1,stop,758,0,0,0,0,0,0,0,0,0,1,0,0,0,0,0
instruct-1.0,T2462,1,stop,655,0,0,0,0,0,0,0,0,0,0,0,0,0,0,0
instruct-1.0,T2463,1,length,721,0,0,0,0,0,0,0,0,0,0,0,0,0,0,0
instruct-1.0,T2464,1,length,800,0,0,0,0,0,0,0,0,1,0,0,0,0,0,0
instruct-1.0,T2465,1,stop,452,0,0,0,0,0,0,0,0,1,0,0,0,0,0,0
instruct-1.0,T2466,1,stop,730,0,0,0,0,0,0,0,0,0,0,0,0,0,0,0
instruct-1.0,T2467,1,stop,636,0,0,0,0,0,0,0,0,0,0,0,0,0,0,0
instruct-1.0,T2468,1,stop,752,0,0,0,0,0,0,0,0,1,0,0,0,0,0,0
instruct-1.0,T2469,1,stop,722,0,0,0,0,0,0,0,0,0,0,0,0,0,0,0
instruct-1.0,T2470,1,length,802,0,0,0,0,0,0,0,0,0,0,0,0,0,0,0
instruct-1.0,T2471,1,stop,585,0,0,0,0,0,0,0,0,0,0,0,0,0,0,0
instruct-1.0,T2472,1,length,852,0,0,0,0,0,0,0,0,0,0,0,0,0,0,0
instruct-1.0,T2473,1,length,522,0,0,0,0,0,0,0,0,0,0,0,0,0,0,0
instruct-1.0,T2474,1,stop,718,0,0,0,0,0,0,0,0,3,0,0,0,0,0,0
instruct-1.0,T2475,1,length,727,0,0,0,0,0,0,0,0,0,0,0,0,0,0,0
instruct-1.0,T2476,1,stop,628,0,0,0,0,0,0,0,0,0,0,0,0,0,0,0
instruct-1.0,T2477,1,length,773,0,0,0,0,0,0,0,0,0,0,0,0,0,0,0
instruct-1.0,T2478,1,stop,761,0,0,0,0,0,0,0,0,0,0,0,0,0,0,0
instruct-1.0,T2479,1,length,760,0,0,0,0,0,0,0,0,1,0,0,0,0,0,0
instruct-1.0,T2480,1,stop,507,0,0,0,0,0,0,0,0,0,0,0,0,0,0,0
instruct-1.0,T2481,1,length,749,0,0,0,0,0,0,0,0,0,0,0,0,0,0,0
instruct-1.0,T2482,1,length,731,0,0,0,0,0,0,1,0,0,0,0,0,0,0,0
instruct-1.0,T2483,1,length,775,0,0,0,0,0,0,0,0,0,0,0,0,0,0,0
instruct-1.0,T2484,1,length,680,0,0,0,0,0,0,0,0,0,0,0,0,0,0,0
instruct-1.0,T2485,1,length,750,0,0,0,0,0,0,0,0,1,0,0,0,0,0,0
instruct-1.0,T2486,1,length,791,0,0,0,0,0,0,0,0,0,0,0,0,0,0,0
instruct-1.0,T2487,1,length,781,0,0,0,0,0,0,0,0,0,0,0,0,0,0,0
instruct-1.0,T2488,1,stop,744,0,0,0,0,0,0,0,0,0,0,0,0,0,0,0
instruct-1.0,T2489,1,length,793,0,0,0,0,0,0,0,0,0,0,0,0,1,0,0
instruct-1.0,T2490,1,stop,539,0,0,0,0,0,0,0,0,0,0,0,0,0,0,0
instruct-1.0,T2491,1,stop,543,0,0,0,0,0,0,0,0,0,0,0,0,0,0,0
instruct-1.0,T2492,1,stop,658,0,0,0,0,0,0,0,0,0,0,0,0,0,0,0
instruct-1.0,T2493,1,stop,710,0,0,1,0,0,0,0,0,0,1,0,0,0,0,0
instruct-1.0,T2494,1,length,733,0,0,0,0,0,0,0,0,0,0,0,0,0,0,0
instruct-1.0,T2495,1,length,826,0,0,0,0,0,0,0,0,0,0,0,0,0,0,0
instruct-1.0,T2496,1,stop,573,0,0,0,0,0,0,1,0,0,0,0,0,0,0,0
instruct-1.0,T2497,1,stop,455,0,0,0,0,0,0,0,0,0,0,0,0,0,0,0
instruct-1.0,T2498,1,stop,545,0,0,0,0,0,0,1,0,3,0,0,0,0,0,0
instruct-1.0,T2499,1,stop,787,0,0,0,0,0,0,0,0,0,0,0,0,0,0,0
instruct-1.0,T2500,1,stop,591,0,0,0,0,0,0,0,0,0,0,0,0,0,0,0
instruct-1.0,T2501,1,length,763,0,0,0,0,0,0,0,0,0,0,0,0,0,0,0
instruct-1.0,T2502,1,stop,629,0,0,1,0,0,0,0,0,0,0,0,0,0,0,0
instruct-1.0,T2503,1,stop,608,0,0,0,0,0,0,1,0,1,0,0,0,0,0,0
instruct-1.0,T2504,1,stop,692,0,0,0,0,0,0,0,0,0,0,0,0,0,0,0
instruct-1.0,T2505,1,length,665,0,0,0,0,0,0,0,0,1,0,0,0,0,0,0
instruct-1.0,T2506,1,stop,474,0,0,0,0,0,0,0,0,0,0,0,0,0,0,0
instruct-1.0,T2507,1,length,704,0,0,0,0,0,0,0,0,1,0,0,0,0,0,0
instruct-1.0,T2508,1,length,734,0,0,0,0,0,0,0,0,1,0,0,0,0,0,0
instruct-1.0,T2509,1,stop,451,0,0,0,0,0,0,0,0,0,0,0,0,0,0,0
instruct-1.0,T2510,1,stop,609,0,0,0,0,0,0,0,0,1,0,0,0,0,0,0
instruct-1.0,T2511,1,stop,343,0,0,0,0,0,0,0,0,0,0,0,0,0,0,0
instruct-1.0,T2512,1,stop,665,0,0,0,0,0,0,0,0,0,0,0,0,0,0,0
instruct-1.0,T2513,1,length,791,0,0,0,0,0,0,0,0,0,0,0,0,0,0,0
instruct-1.0,T2514,1,stop,706,0,0,0,0,0,0,0,0,0,0,0,0,0,0,0
instruct-1.0,T2515,1,stop,631,0,0,0,0,0,0,0,0,0,0,0,0,0,0,0
instruct-1.0,T2516,1,stop,686,0,0,0,0,0,0,0,0,1,0,0,0,0,0,0
instruct-1.0,T2517,1,stop,716,0,0,0,0,0,0,0,0,1,0,0,0,0,0,0
instruct-1.0,T2518,1,length,712,0,0,0,0,0,0,0,0,0,0,0,0,0,0,0
instruct-1.0,T2519,1,stop,753,0,0,0,0,0,0,0,0,0,0,0,0,0,0,0
instruct-1.0,T2520,1,length,806,0,0,0,0,0,0,0,0,2,0,0,0,0,0,0
instruct-1.0,T2521,1,stop,763,0,0,0,0,0,0,0,0,0,0,0,0,0,0,0
instruct-1.0,T2522,1,length,779,0,0,0,0,0,0,0,0,1,0,0,0,0,0,0
instruct-1.0,T2523,1,length,780,0,0,1,0,0,0,0,0,2,0,0,0,0,0,0
instruct-1.0,T2524,1,stop,491,0,0,0,0,0,0,0,0,0,0,0,0,0,0,0
instruct-1.0,T2525,1,stop,578,0,0,0,0,0,0,1,1,0,0,0,0,0,0,0
instruct-1.0,T2526,1,stop,659,0,0,0,0,0,0,0,0,1,0,0,0,0,0,0
instruct-1.0,T2527,1,length,765,0,0,0,0,0,0,0,0,1,0,0,0,0,0,0
instruct-1.0,T2528,1,stop,721,0,0,0,0,0,0,0,0,0,0,0,0,0,0,0
instruct-1.0,T2529,1,stop,480,0,0,1,0,0,0,1,0,0,0,0,0,0,0,0
instruct-1.0,T2530,1,stop,513,0,0,0,0,0,0,0,0,1,0,0,0,0,0,0
instruct-1.0,T2531,1,stop,627,0,0,0,0,0,0,0,0,1,0,0,0,0,0,0
instruct-1.0,T2532,1,stop,690,0,0,0,0,0,0,0,0,0,0,0,0,0,0,0
instruct-1.0,T2533,1,stop,476,0,0,0,0,0,0,0,0,1,0,0,0,0,0,0
instruct-1.0,T2534,1,stop,662,0,0,0,0,0,0,0,0,0,0,0,0,0,0,0
instruct-1.0,T2535,1,stop,369,0,0,0,0,0,0,0,0,0,0,0,0,0,0,0
instruct-1.0,T2536,1,stop,613,0,0,0,0,0,0,0,0,0,0,0,0,0,0,0
instruct-1.0,T2537,1,stop,636,0,0,0,0,0,0,0,0,1,0,0,0,0,0,0
instruct-1.0,T2538,1,stop,702,0,0,0,0,0,0,0,0,1,0,0,0,1,0,0
instruct-1.0,T2539,1,stop,748,0,0,0,0,0,0,1,0,0,0,0,0,0,0,0
instruct-1.0,T2540,1,stop,634,0,0,0,0,0,0,0,0,0,0,0,0,0,0,0
instruct-1.0,T2541,1,stop,730,0,0,0,0,0,0,0,0,1,0,0,0,0,0,0
instruct-1.0,T2542,1,length,805,0,0,0,0,0,0,0,0,0,0,0,0,0,0,0
instruct-1.0,T2543,1,stop,624,0,0,0,0,0,0,0,0,1,0,0,0,0,0,0
instruct-1.0,T2544,1,stop,615,0,0,0,0,0,0,0,0,0,0,0,0,0,0,0
instruct-1.0,T2545,1,stop,414,0,0,0,0,0,0,1,0,1,0,0,0,0,0,0
instruct-1.0,T2546,1,length,666,0,0,0,0,0,0,0,0,0,0,0,0,0,0,0
instruct-1.0,T2547,1,length,838,0,0,0,0,0,0,0,0,0,0,0,0,0,0,0
instruct-1.0,T2548,1,stop,700,0,0,0,0,0,0,0,0,1,0,0,0,0,0,0
instruct-1.0,T2549,1,length,843,0,0,0,0,0,0,0,0,0,0,0,0,0,0,0
instruct-1.0,T2550,1,stop,654,1,0,0,0,0,0,0,0,0,0,0,0,0,0,0
instruct-1.0,T2551,1,stop,680,0,0,0,0,0,0,0,0,0,0,0,0,0,0,0
instruct-1.0,T2552,1,stop,745,0,0,0,0,0,0,0,0,0,0,0,0,0,0,0
instruct-1.0,T2553,1,stop,683,0,0,0,0,0,0,0,0,0,0,0,0,0,0,0
instruct-1.0,T2554,1,stop,462,0,0,0,0,0,0,0,0,0,0,0,0,0,0,0
instruct-1.0,T2555,1,length,774,0,0,0,0,0,0,0,0,0,0,0,0,0,0,0
instruct-1.0,T2556,1,stop,721,0,0,0,0,0,0,0,0,0,0,0,0,0,0,0
instruct-1.0,T2557,1,length,770,0,0,1,0,0,0,0,0,0,0,0,0,0,0,0
instruct-1.0,T2558,1,stop,493,0,0,0,1,0,0,0,0,0,0,0,0,0,0,0
instruct-1.0,T2559,1,stop,549,0,0,0,0,0,0,0,0,0,0,0,0,0,0,0
instruct-1.0,T2560,1,length,785,0,0,0,0,0,0,0,0,0,0,0,0,0,0,0
instruct-1.0,T2561,1,stop,447,0,0,0,0,0,0,0,0,0,0,0,0,1,0,0
instruct-1.0,T2562,1,stop,585,0,0,0,0,0,0,1,0,2,0,0,0,0,0,0
instruct-1.0,T2563,1,length,776,0,0,0,0,0,0,0,0,0,0,0,0,0,0,0
instruct-1.0,T2564,1,stop,580,0,0,0,0,0,0,0,0,1,0,0,0,0,0,0
instruct-1.0,T2565,1,stop,677,0,0,0,0,0,0,0,0,0,0,0,0,0,0,0
instruct-1.0,T2566,1,length,725,0,0,0,0,0,0,0,0,1,0,0,0,0,0,0
instruct-1.0,T2567,1,stop,436,0,0,0,0,0,0,0,0,0,0,0,0,0,0,0
instruct-1.0,T2568,1,stop,652,0,0,0,0,0,0,1,0,2,0,0,0,0,0,0
instruct-1.0,T2569,1,stop,694,0,0,1,0,0,0,0,0,3,1,0,0,0,0,0
instruct-1.0,T2570,1,length,758,0,0,0,0,0,0,0,0,0,0,0,0,0,0,0
instruct-1.0,T2571,1,stop,482,0,0,0,0,0,0,0,0,2,0,0,0,0,0,0
instruct-1.0,T2572,1,stop,537,0,0,0,0,0,0,0,0,0,0,0,0,2,0,0
instruct-1.0,T2573,1,length,725,0,0,0,0,0,0,0,0,1,0,0,0,0,0,0
instruct-1.0,T2574,1,stop,427,0,0,0,0,0,0,0,0,0,0,0,0,0,0,0
instruct-1.0,T2575,1,stop,694,0,0,0,0,0,0,0,0,1,0,0,0,0,0,0
instruct-1.0,T2576,1,length,811,0,0,0,0,0,0,0,0,1,0,0,0,0,0,0
instruct-1.0,T2577,1,stop,633,0,0,0,0,0,0,0,0,0,0,0,0,0,0,0
instruct-1.0,T2578,1,stop,681,0,0,0,0,0,0,0,0,0,0,0,0,0,0,0
instruct-1.0,T2579,1,length,785,0,0,0,0,0,0,0,0,0,0,0,0,0,0,0
instruct-1.0,T2580,1,stop,698,0,0,0,0,0,0,0,0,0,0,0,0,0,0,0
instruct-1.0,T2581,1,stop,726,0,0,1,0,0,0,0,0,2,0,0,0,0,0,0
instruct-1.0,T2582,1,stop,657,0,0,0,0,0,0,0,0,0,0,0,0,0,0,0
instruct-1.0,T2583,1,stop,681,0,0,0,0,0,0,0,0,0,0,0,0,0,0,0
instruct-1.0,T2584,1,stop,523,0,0,0,0,0,0,0,0,0,0,0,0,0,0,0
instruct-1.0,T2585,1,length,798,0,0,1,0,0,0,0,0,1,0,0,0,0,0,0
instruct-1.0,T2586,1,length,788,0,0,0,0,0,0,0,0,3,0,0,0,0,0,0
instruct-1.0,T2587,1,length,802,0,0,0,0,0,0,0,0,0,0,0,0,0,0,0
instruct-1.0,T2588,1,length,802,0,0,0,0,0,0,0,0,1,0,0,0,0,0,0
instruct-1.0,T2589,1,stop,188,0,0,0,0,0,0,0,0,1,0,0,0,0,0,0
instruct-1.0,T2590,1,length,750,0,0,0,0,0,0,0,0,0,0,0,0,0,0,0
instruct-1.0,T2591,1,stop,614,0,0,0,0,0,0,0,0,0,0,0,0,0,0,0
instruct-1.0,T2592,1,stop,675,0,0,0,0,0,0,0,0,2,0,0,0,0,0,0
instruct-1.0,T2593,1,stop,564,0,0,0,0,0,0,0,0,0,0,0,0,0,0,0
instruct-1.0,T2594,1,stop,505,0,0,0,0,0,0,0,0,0,0,0,0,0,0,0
instruct-1.0,T2595,1,stop,586,0,0,0,0,0,0,0,0,0,0,0,0,0,0,0
instruct-1.0,T2596,1,stop,732,0,0,0,0,0,0,0,0,0,0,0,0,0,0,0
instruct-1.0,T2597,1,stop,535,0,0,0,0,0,0,0,0,0,0,0,0,0,0,0
instruct-1.0,T2598,1,stop,746,0,0,0,0,0,0,0,0,0,0,0,0,0,0,0
instruct-1.0,T2599,1,length,808,0,0,0,0,0,0,0,0,0,0,0,0,0,0,0
instruct-1.0,T2600,1,length,725,0,0,0,0,0,0,0,0,0,0,0,0,0,0,0
instruct-1.0,T2601,1,stop,539,0,0,0,0,0,0,0,0,0,0,0,0,0,0,0
instruct-1.0,T2602,1,stop,692,0,0,0,0,0,0,1,0,1,0,0,0,0,0,0
instruct-1.0,T2603,1,length,740,0,0,0,0,0,0,0,0,0,0,0,0,0,0,0
instruct-1.0,T2604,1,length,758,0,0,0,0,0,0,0,0,0,0,0,0,0,0,0
instruct-1.0,T2605,1,stop,476,0,0,0,0,0,0,0,0,0,0,0,0,0,0,0
instruct-1.0,T2606,1,stop,656,0,0,0,0,0,0,0,0,1,0,0,0,0,0,0
instruct-1.0,T2607,1,length,694,0,0,0,0,0,0,0,0,0,0,0,0,0,0,0
instruct-1.0,T2608,1,length,779,0,0,0,0,0,0,0,0,1,0,0,0,0,0,0
instruct-1.0,T2609,1,stop,570,0,0,0,0,0,0,0,0,0,0,0,0,1,0,0
instruct-1.0,T2610,1,stop,753,0,0,0,0,0,0,0,0,0,0,0,0,0,0,0
instruct-1.0,T2611,1,length,777,0,0,0,0,0,0,0,0,0,0,0,0,0,0,0
instruct-1.0,T2612,1,stop,626,0,0,0,0,0,0,0,0,0,0,0,0,0,0,0
instruct-1.0,T2613,1,length,701,0,0,0,0,0,0,0,0,0,0,0,0,0,0,0
instruct-1.0,T2614,1,stop,544,0,0,0,0,0,0,0,0,0,0,0,0,0,0,0
instruct-1.0,T2615,1,stop,222,0,0,0,0,0,0,0,0,0,0,0,0,0,0,0
instruct-1.0,T2616,1,stop,655,0,0,0,0,0,0,1,0,0,0,0,0,0,1,0
instruct-1.0,T2617,1,stop,791,0,0,0,0,0,0,0,0,1,0,0,0,0,0,0
instruct-1.0,T2618,1,stop,689,0,0,0,0,0,0,1,0,0,0,0,0,0,0,0
instruct-1.0,T2619,1,stop,613,0,0,0,0,0,0,0,0,0,0,0,0,0,0,0
instruct-1.0,T2620,1,stop,468,0,0,0,0,0,0,0,0,0,0,0,0,0,0,0
instruct-1.0,T2621,1,stop,715,0,0,0,0,0,0,0,0,1,0,0,0,0,0,0
instruct-1.0,T2622,1,stop,710,0,0,0,0,0,0,0,0,0,0,0,0,0,0,0
instruct-1.0,T2623,1,stop,679,0,0,0,0,0,0,0,0,1,0,0,0,0,0,0
instruct-1.0,T2624,1,stop,505,1,0,0,0,0,0,0,0,0,0,0,0,0,0,0
instruct-1.0,T2625,1,stop,674,0,0,0,0,0,0,0,0,0,0,0,0,0,0,0
instruct-1.0,T2626,1,stop,626,0,0,0,0,0,0,0,0,3,0,0,0,0,0,0
instruct-1.0,T2627,1,length,752,0,0,1,0,0,0,0,0,0,0,0,0,0,0,0
instruct-1.0,T2628,1,stop,738,0,0,0,0,0,0,0,0,1,0,0,0,0,0,0
instruct-1.0,T2629,1,stop,749,0,0,0,0,0,0,0,0,0,0,0,0,0,0,0
instruct-1.0,T2630,1,stop,715,0,0,0,0,0,0,0,0,0,0,0,0,0,0,0
instruct-1.0,T2631,1,stop,520,0,0,0,0,0,0,1,0,1,0,0,0,0,0,0
instruct-1.0,T2632,1,stop,660,0,0,0,0,0,0,0,0,1,0,0,0,0,0,0
instruct-1.0,T2633,1,stop,524,0,0,0,0,0,0,0,0,0,0,0,0,0,0,0
instruct-1.0,T2634,1,stop,578,0,0,0,0,0,0,0,0,0,0,0,0,0,0,0
instruct-1.0,T2635,1,stop,758,0,0,0,0,0,0,0,0,0,0,0,0,0,0,0
instruct-1.0,T2636,1,length,760,0,0,0,0,0,0,0,0,1,0,0,0,0,0,0
instruct-1.0,T2637,1,stop,520,0,0,0,0,0,0,0,0,1,0,0,0,0,0,0
instruct-1.0,T2638,1,length,818,0,0,0,0,0,0,0,0,1,0,0,0,0,0,0
instruct-1.0,T2639,1,length,789,0,0,0,0,0,0,0,0,0,0,0,0,0,0,0
instruct-1.0,T2640,1,stop,592,0,0,0,0,0,0,0,0,1,0,0,0,0,0,0
instruct-1.0,T2641,1,length,727,0,0,0,0,0,0,1,0,0,0,0,0,0,0,0
instruct-1.0,T2642,1,stop,666,0,0,0,0,0,0,0,0,0,0,0,0,0,0,0
instruct-1.0,T2643,1,stop,637,0,0,0,0,0,0,0,0,0,0,0,0,0,0,0
instruct-1.0,T2644,1,length,732,0,0,0,0,0,0,0,0,0,0,0,0,0,0,0
instruct-1.0,T2645,1,stop,662,0,0,0,0,0,0,0,0,0,0,0,0,0,0,0
instruct-1.0,T2646,1,stop,656,0,0,0,0,0,0,0,0,0,0,0,0,0,0,0
instruct-1.0,T2647,1,length,755,0,0,0,0,0,0,0,0,0,0,0,0,0,0,0
instruct-1.0,T2648,1,stop,665,0,0,0,0,0,0,0,0,0,0,0,0,0,0,0
instruct-1.0,T2649,1,stop,760,0,0,0,0,0,0,0,0,0,0,0,0,0,0,0
instruct-1.0,T2650,1,length,758,0,0,0,0,0,0,0,0,0,0,0,0,0,0,0
instruct-1.0,T2651,1,stop,789,0,0,0,0,0,0,1,0,0,0,0,0,0,0,0
instruct-1.0,T2652,1,stop,375,0,0,0,0,0,0,0,0,0,0,0,0,0,0,1
instruct-1.0,T2653,1,stop,678,0,0,0,0,0,0,1,0,0,0,0,0,0,0,0
instruct-1.0,T2654,1,stop,731,0,0,0,0,0,0,1,0,0,0,0,0,0,0,0
instruct-1.0,T2655,1,stop,763,0,0,0,0,0,0,0,0,1,0,0,0,0,0,0
instruct-1.0,T2656,1,length,735,0,0,0,0,0,0,0,0,1,0,0,0,0,0,0
instruct-1.0,T2657,1,length,738,0,0,0,0,0,0,0,0,0,0,0,0,0,0,0
instruct-1.0,T2658,1,stop,716,0,0,0,0,0,0,0,0,1,0,0,0,1,0,0
instruct-1.0,T2659,1,stop,687,0,0,0,0,0,0,0,0,0,0,0,0,0,0,0
instruct-1.0,T2660,1,stop,549,0,0,0,0,0,0,0,0,0,0,0,0,0,0,0
instruct-1.0,T2661,1,stop,421,0,0,0,0,0,0,0,0,1,0,0,0,0,0,0
instruct-1.0,T2662,1,length,776,0,0,0,0,0,0,0,0,0,0,0,0,0,0,0
instruct-1.0,T2663,1,stop,640,0,0,0,0,0,0,0,0,1,0,0,0,0,0,0
instruct-1.0,T2664,1,length,774,0,0,0,0,0,0,0,0,0,0,0,0,0,0,0
instruct-1.0,T2665,1,stop,726,0,0,0,0,0,0,0,0,0,0,0,0,0,0,0
instruct-1.0,T2666,1,stop,398,0,0,0,0,0,0,0,0,0,0,0,0,0,0,0
instruct-1.0,T2667,1,length,774,0,0,0,0,0,0,0,0,0,0,0,0,0,0,0
instruct-1.0,T2668,1,stop,661,0,0,0,0,0,0,0,0,0,0,0,0,0,0,0
instruct-1.0,T2669,1,stop,543,0,0,0,0,0,0,1,0,1,0,0,0,1,0,0
instruct-1.0,T2670,1,stop,765,0,0,0,0,0,0,0,0,0,0,0,0,0,0,0
instruct-1.0,T2671,1,stop,661,0,0,0,0,0,0,0,0,1,0,0,0,0,0,0
instruct-1.0,T2672,1,length,742,0,0,0,0,0,0,1,0,0,0,0,0,0,0,0
instruct-1.0,T2673,1,stop,691,0,0,0,0,0,0,0,0,0,0,0,0,0,0,0
instruct-1.0,T2674,1,stop,703,0,0,0,0,0,0,0,0,0,0,0,0,0,0,0
instruct-1.0,T2675,1,stop,616,0,0,0,0,0,0,0,0,1,0,0,0,0,0,0
instruct-1.0,T2676,1,length,765,0,0,0,0,0,0,1,0,2,0,0,0,0,0,0
instruct-1.0,T2677,1,length,777,0,0,0,0,0,0,0,0,0,0,0,0,0,0,0
instruct-1.0,T2678,1,stop,751,0,0,0,0,0,0,0,0,0,0,0,0,0,0,0
instruct-1.0,T2679,1,length,753,0,0,0,0,0,0,1,0,0,0,0,0,0,0,0
instruct-1.0,T2680,1,stop,652,0,0,0,0,0,0,0,0,3,0,0,0,0,0,0
instruct-1.0,T2681,1,length,698,0,0,1,0,0,0,0,0,1,0,0,0,0,0,0
instruct-1.0,T2682,1,stop,709,0,0,0,0,0,0,0,0,0,0,0,0,0,0,0
instruct-1.0,T2683,1,stop,642,0,0,0,0,0,0,0,0,1,1,0,0,0,0,0
instruct-1.0,T2684,1,stop,678,0,0,0,0,0,0,0,0,0,0,0,0,0,0,0
instruct-1.0,T2685,1,stop,720,0,0,0,0,0,0,0,0,0,0,0,0,0,0,0
instruct-1.0,T2686,1,length,783,0,0,0,0,0,0,0,0,0,0,0,0,0,0,0
instruct-1.0,T2687,1,stop,510,0,0,0,0,0,0,0,0,0,0,0,0,0,0,0
instruct-1.0,T2688,1,stop,495,0,0,0,0,0,0,0,0,0,0,0,0,0,0,0
instruct-1.0,T2689,1,stop,433,0,0,0,0,0,0,0,0,0,0,0,0,0,0,0
instruct-1.0,T2690,1,stop,656,0,0,0,0,0,0,0,0,0,0,0,0,0,0,0
instruct-1.0,T2691,1,stop,693,0,0,0,0,0,0,0,0,0,0,0,0,0,0,0
instruct-1.0,T2692,1,stop,624,0,0,0,0,0,0,0,0,0,0,0,0,0,0,0
instruct-1.0,T2693,1,stop,646,0,0,0,0,0,0,1,0,0,0,0,0,0,0,0
instruct-1.0,T2694,1,stop,521,0,0,0,0,0,0,0,0,0,0,0,0,0,0,0
instruct-1.0,T2695,1,stop,591,0,0,0,0,0,0,0,0,0,0,0,0,0,0,0
instruct-1.0,T2696,1,stop,755,0,0,0,0,0,0,0,0,0,0,0,0,0,0,0
instruct-1.0,T2697,1,stop,815,0,0,0,0,0,0,0,0,1,0,0,0,0,0,0
instruct-1.0,T2698,1,stop,766,0,0,0,0,0,0,0,0,0,0,0,0,0,0,0
instruct-1.0,T2699,1,stop,585,0,0,1,0,0,0,0,0,0,0,0,0,0,0,0
instruct-1.0,T2700,1,stop,791,0,0,0,0,0,0,0,0,1,0,0,0,0,0,0
instruct-1.0,T2701,1,stop,709,0,0,0,0,0,0,0,0,1,0,0,0,0,0,0
instruct-1.0,T2702,1,stop,664,0,0,0,0,0,0,0,0,0,0,0,0,0,0,0
instruct-1.0,T2703,1,length,737,0,0,0,0,0,0,0,0,0,0,0,0,0,0,0
instruct-1.0,T2704,1,stop,713,0,0,0,0,0,0,0,0,1,0,0,0,0,0,0
instruct-1.0,T2705,1,length,763,0,0,1,0,0,0,0,0,1,0,0,0,0,0,0
instruct-1.0,T2706,1,length,759,0,0,0,0,0,0,0,0,0,0,0,0,0,0,0
instruct-1.0,T2707,1,stop,794,0,0,0,0,0,0,0,0,0,0,0,0,0,0,0
instruct-1.0,T2708,1,length,786,0,0,0,0,0,0,0,0,0,0,0,0,0,0,0
instruct-1.0,T2709,1,stop,424,1,0,0,0,0,0,0,0,0,0,0,0,0,1,0
instruct-1.0,T2710,1,length,842,0,0,0,0,0,0,0,0,1,0,0,0,0,0,0
instruct-1.0,T2711,1,stop,465,0,0,0,0,0,0,0,0,0,0,0,0,0,0,0
instruct-1.0,T2712,1,stop,620,0,0,0,0,0,0,0,0,0,0,0,0,0,0,0
instruct-1.0,T2713,1,stop,745,0,0,0,0,0,0,0,0,1,0,0,0,0,0,0
instruct-1.0,T2714,1,stop,669,0,0,0,0,0,0,0,0,0,0,0,0,0,0,0
instruct-1.0,T2715,1,length,708,0,0,0,0,0,0,0,0,0,0,0,0,0,0,0
instruct-1.0,T2716,1,length,802,0,0,0,0,0,0,1,0,0,0,0,0,1,0,0
instruct-1.0,T2717,1,stop,494,0,0,0,0,0,0,0,0,1,0,0,0,0,0,0
instruct-1.0,T2718,1,length,761,0,0,0,0,0,0,1,0,0,0,0,0,0,0,0
instruct-1.0,T2719,1,length,787,0,0,0,0,0,0,1,0,3,0,0,0,1,0,0
instruct-1.0,T2720,1,stop,526,0,0,0,0,0,0,1,0,2,0,0,0,0,0,0
instruct-1.0,T2721,1,length,784,0,0,0,0,0,0,0,0,1,0,0,0,0,0,0
instruct-1.0,T2722,1,length,814,0,0,0,0,0,0,0,0,0,0,0,0,0,0,0
instruct-1.0,T2723,1,length,739,0,0,0,0,0,0,0,0,0,0,0,0,0,0,0
instruct-1.0,T2724,1,stop,510,0,0,0,0,0,0,0,0,0,0,0,0,0,0,0
instruct-1.0,T2725,1,stop,763,0,0,0,0,0,0,0,0,0,0,0,0,0,0,0
instruct-1.0,T2726,1,length,520,0,0,0,0,0,0,0,0,0,0,0,0,0,0,0
instruct-1.0,T2727,1,stop,676,0,0,0,0,0,0,0,0,0,0,0,0,0,0,0
instruct-1.0,T2728,1,length,721,0,0,0,0,0,0,0,0,1,0,0,0,0,1,0
instruct-1.0,T2729,1,stop,509,0,0,0,0,0,0,0,0,2,0,0,0,0,0,0
instruct-1.0,T2730,1,length,781,0,0,1,0,0,0,0,0,0,0,0,0,0,0,0
instruct-1.0,T2731,1,stop,730,0,0,0,0,0,0,0,0,1,0,0,0,0,0,0
instruct-1.0,T2732,1,stop,598,0,0,0,0,0,0,0,0,0,0,0,0,0,0,0
instruct-1.0,T2733,1,length,781,0,0,0,0,0,0,0,0,0,0,0,0,0,0,0
instruct-1.0,T2734,1,stop,617,0,0,0,0,0,0,0,0,0,0,0,0,0,0,0
instruct-1.0,T2735,1,length,746,0,0,0,0,0,0,0,0,0,0,0,0,0,0,0
instruct-1.0,T2736,1,stop,668,0,0,0,0,0,0,0,0,0,0,0,0,0,0,0
instruct-1.0,T2737,1,stop,448,0,0,0,0,0,0,0,0,1,0,0,0,0,0,0
instruct-1.0,T2738,1,length,809,0,0,0,0,0,0,0,0,0,0,0,0,0,0,0
instruct-1.0,T2739,1,stop,661,0,0,0,0,0,0,0,0,0,0,0,0,0,0,0
instruct-1.0,T2740,1,length,818,0,0,0,0,0,0,0,0,0,0,0,0,0,0,0
instruct-1.0,T2741,1,length,795,0,0,0,0,0,0,0,0,1,0,0,0,0,0,0
instruct-1.0,T2742,1,length,801,0,0,0,0,0,0,0,0,2,0,0,0,0,0,0
instruct-1.0,T2743,1,stop,715,0,0,0,0,0,0,0,0,1,0,0,0,0,0,0
instruct-1.0,T2744,1,length,767,0,0,0,0,0,0,0,0,0,0,0,0,0,0,0
instruct-1.0,T2745,1,stop,732,0,0,0,0,0,0,0,0,0,0,0,0,0,0,0
instruct-1.0,T2746,1,stop,628,0,0,0,0,0,0,0,0,2,0,0,0,0,0,0
instruct-1.0,T2747,1,stop,574,0,0,0,0,0,0,0,0,0,0,0,0,0,0,0
instruct-1.0,T2748,1,stop,640,0,0,0,0,0,0,0,0,0,0,0,0,0,0,0
instruct-1.0,T2749,1,stop,593,0,0,0,0,0,0,0,0,0,0,0,0,0,0,0
instruct-1.0,T2750,1,stop,674,0,0,0,0,0,0,0,0,0,0,0,0,0,0,0
instruct-1.0,T2751,1,length,677,0,0,0,0,0,0,0,0,0,0,0,0,0,0,0
instruct-1.0,T2752,1,length,803,0,0,0,0,0,0,0,0,0,0,0,0,0,0,0
instruct-1.0,T2753,1,stop,673,0,0,0,0,0,0,0,0,1,0,0,0,0,0,0
instruct-1.0,T2754,1,stop,633,0,0,0,0,0,0,0,0,1,0,0,0,0,0,0
instruct-1.0,T2755,1,stop,834,0,0,0,0,0,0,0,0,0,0,0,0,0,0,0
instruct-1.0,T2756,1,stop,712,0,0,0,0,0,0,0,0,1,0,0,0,0,0,0
instruct-1.0,T2757,1,length,809,0,0,0,0,0,0,0,0,1,0,0,0,0,0,0
instruct-1.0,T2758,1,length,756,0,0,0,0,0,0,0,0,1,0,0,0,0,0,0
instruct-1.0,T2759,1,length,746,0,0,0,0,0,0,0,0,1,0,0,0,0,0,0
instruct-1.0,T2760,1,stop,573,0,0,0,0,0,0,0,0,0,0,0,0,0,0,0
instruct-1.0,T2761,1,length,735,0,0,0,0,0,0,0,0,0,0,0,0,0,0,0
instruct-1.0,T2762,1,stop,745,0,0,0,0,0,0,0,0,0,0,0,0,0,0,0
instruct-1.0,T2763,1,length,773,0,0,0,0,0,0,0,0,0,0,0,0,0,0,0
instruct-1.0,T2764,1,stop,503,0,0,0,0,0,0,0,0,0,0,0,0,0,0,0
instruct-1.0,T2765,1,stop,578,0,0,1,0,0,0,0,0,0,0,0,0,0,0,0
instruct-1.0,T2766,1,stop,664,0,0,0,0,0,0,0,0,0,0,0,0,0,0,0
instruct-1.0,T2767,1,stop,578,0,0,0,0,0,0,0,0,0,0,0,0,0,0,0
instruct-1.0,T2768,1,stop,640,0,0,0,0,0,0,0,0,0,0,0,0,0,0,0
instruct-1.0,T2769,1,length,409,0,0,0,0,0,0,0,0,0,0,0,0,0,0,0
instruct-1.0,T2770,1,stop,773,0,0,0,0,0,0,0,0,0,0,0,0,0,0,0
instruct-1.0,T2771,1,length,754,0,0,0,0,0,0,0,0,0,0,0,0,0,0,0
instruct-1.0,T2772,1,stop,597,0,0,0,0,0,0,0,0,0,0,0,0,0,0,0
instruct-1.0,T2773,1,stop,731,0,0,0,0,0,0,1,0,0,0,0,0,0,1,0
instruct-1.0,T2774,1,stop,671,0,0,0,0,0,0,0,0,0,0,0,0,0,0,0
instruct-1.0,T2775,1,stop,589,0,0,0,0,0,0,0,0,0,0,0,0,0,0,0
instruct-1.0,T2776,1,length,785,0,0,0,0,0,0,0,0,0,0,0,0,0,0,0
instruct-1.0,T2777,1,stop,548,0,0,0,0,0,0,0,0,0,0,0,0,0,0,0
instruct-1.0,T2778,1,length,770,0,0,0,0,0,0,0,0,1,0,0,0,0,0,0
instruct-1.0,T2779,1,stop,707,0,0,0,0,0,0,0,0,1,0,0,0,0,0,0
instruct-1.0,T2780,1,length,769,0,0,0,0,0,0,0,0,0,0,0,0,0,0,0
instruct-1.0,T2781,1,stop,747,0,0,0,0,0,1,0,0,0,0,0,0,0,0,0
instruct-1.0,T2782,1,length,719,0,0,0,0,0,0,0,0,0,0,0,0,0,0,0
instruct-1.0,T2783,1,stop,649,0,0,0,0,0,0,0,0,0,0,0,0,0,0,0
instruct-1.0,T2784,1,length,737,0,0,1,0,0,0,0,0,1,0,0,0,0,0,0
instruct-1.0,T2785,1,length,776,0,0,0,0,0,0,0,0,0,0,0,0,0,0,0
instruct-1.0,T2786,1,stop,579,0,0,0,0,0,0,0,0,0,0,0,0,0,0,0
instruct-1.0,T2787,1,length,735,0,0,0,0,0,0,1,0,0,0,0,0,0,0,0
instruct-1.0,T2788,1,length,801,0,0,0,0,0,0,0,1,0,0,0,0,0,0,0
instruct-1.0,T2789,1,stop,582,0,0,0,0,0,0,0,0,2,1,0,0,0,0,0
instruct-1.0,T2790,1,length,686,0,0,0,0,0,0,0,0,0,0,0,0,0,0,0
instruct-1.0,T2791,1,length,747,0,0,0,0,0,0,0,0,0,0,0,0,0,0,0
instruct-1.0,T2792,1,length,766,0,0,0,0,0,0,0,0,0,0,0,0,0,0,0
instruct-1.0,T2793,1,stop,633,0,0,0,0,0,0,0,0,0,0,0,0,0,0,0
instruct-1.0,T2794,1,stop,192,0,0,0,0,0,0,0,0,0,0,0,0,0,0,0
instruct-1.0,T2795,1,stop,490,0,0,0,0,0,0,0,0,0,0,0,0,0,0,0
instruct-1.0,T2796,1,stop,668,0,0,0,0,0,0,0,0,0,0,0,0,0,0,0
instruct-1.0,T2797,1,length,748,0,0,0,0,0,0,0,0,1,0,0,0,0,0,0
instruct-1.0,T2798,1,stop,635,0,0,0,0,0,0,0,0,0,0,0,0,0,0,0
instruct-1.0,T2799,1,stop,612,0,0,0,0,0,0,0,0,0,0,0,0,0,0,0
instruct-1.0,T2800,1,stop,590,0,0,0,0,0,0,0,0,0,0,0,0,0,0,0
instruct-1.0,T2801,1,stop,705,0,0,0,0,0,0,0,0,1,0,0,0,0,0,0
instruct-1.0,T2802,1,stop,777,0,0,0,0,0,0,0,0,0,0,0,0,0,0,0
instruct-1.0,T2803,1,length,757,0,0,0,0,0,0,0,0,0,0,0,0,0,0,0
instruct-1.0,T2804,1,length,695,0,0,0,0,0,0,0,0,0,0,0,0,0,0,0
instruct-1.0,T2805,1,stop,796,0,0,0,0,0,0,0,0,0,0,0,0,0,0,0
instruct-1.0,T2806,1,stop,708,0,0,0,0,0,0,0,0,0,0,0,0,0,0,0
instruct-1.0,T2807,1,length,768,0,0,0,0,0,0,0,0,0,0,0,0,0,0,0
instruct-1.0,T2808,1,length,675,0,0,0,0,0,0,0,0,0,0,0,0,0,0,0
instruct-1.0,T2809,1,stop,600,0,0,0,0,0,0,0,0,0,0,0,0,0,0,0
instruct-1.0,T2810,1,stop,627,0,0,0,0,0,0,0,0,0,0,0,0,0,0,0
instruct-1.0,T2811,1,length,825,0,0,0,0,0,0,0,0,1,0,0,0,0,0,0
instruct-1.0,T2812,1,stop,675,0,0,0,0,0,0,0,0,1,0,0,0,0,0,0
instruct-1.0,T2813,1,stop,725,0,0,0,0,0,0,0,0,0,0,0,0,0,0,0
instruct-1.0,T2814,1,stop,542,0,0,0,0,0,0,0,0,0,0,0,0,0,0,0
instruct-1.0,T2815,1,length,718,0,0,0,0,0,0,0,0,0,0,0,0,0,0,0
instruct-1.0,T2816,1,stop,779,0,0,0,0,0,0,0,0,2,0,0,0,0,0,0
instruct-1.0,T2817,1,stop,719,0,0,0,0,0,0,0,0,0,0,0,0,0,0,0
instruct-1.0,T2818,1,stop,384,0,0,0,0,0,0,0,0,0,0,0,0,0,0,0
instruct-1.0,T2819,1,stop,730,0,0,0,0,0,0,0,0,0,0,0,0,0,0,0
instruct-1.0,T2820,1,length,759,0,0,0,0,0,0,0,0,0,0,0,0,0,0,0
instruct-1.0,T2821,1,stop,587,0,0,0,0,0,0,0,0,0,0,0,0,0,0,0
instruct-1.0,T2822,1,length,692,0,0,0,0,0,0,0,0,0,0,0,0,0,0,0
instruct-1.0,T2823,1,stop,729,0,0,0,0,0,0,0,0,0,0,0,0,0,0,0
instruct-1.0,T2824,1,stop,603,0,0,0,0,0,0,0,0,0,0,0,0,0,0,0
instruct-1.0,T2825,1,stop,579,0,0,0,0,0,0,0,0,0,0,0,0,0,1,0
instruct-1.0,T2826,1,stop,375,0,0,0,0,0,0,0,0,0,1,0,0,0,0,0
instruct-1.0,T2827,1,length,699,0,0,0,0,0,0,0,0,0,0,0,0,0,0,0
instruct-1.0,T2828,1,length,746,0,0,1,0,0,0,0,0,0,0,0,0,0,0,0
instruct-1.0,T2829,1,stop,641,0,0,0,0,0,0,0,0,1,0,0,0,0,0,0
instruct-1.0,T2830,1,stop,771,0,0,0,0,0,0,0,0,0,0,0,0,0,0,0
instruct-1.0,T2831,1,stop,632,0,0,0,0,0,0,0,0,1,0,0,0,0,0,0
instruct-1.0,T2832,1,length,799,0,0,0,0,0,0,0,0,0,0,0,0,2,0,0
instruct-1.0,T2833,1,length,759,0,0,0,0,0,0,0,0,1,0,0,0,0,0,0
instruct-1.0,T2834,1,stop,461,0,0,0,0,0,0,0,0,0,0,0,0,0,0,0
instruct-1.0,T2835,1,stop,392,0,0,0,0,0,0,0,0,0,0,0,0,0,0,0
instruct-1.0,T2836,1,stop,272,0,0,0,0,0,0,0,0,0,0,0,0,0,0,0
instruct-1.0,T2837,1,length,741,0,0,0,0,0,0,0,0,0,0,0,0,0,0,0
instruct-1.0,T2838,1,stop,754,0,0,0,0,0,0,0,0,1,0,0,0,0,0,0
instruct-1.0,T2839,1,stop,661,0,0,0,0,0,0,0,0,1,0,0,0,0,0,0
instruct-1.0,T2840,1,stop,764,0,0,0,0,0,0,0,0,0,0,0,0,0,0,0
instruct-1.0,T2841,1,stop,746,0,0,0,0,0,0,0,0,0,0,0,0,0,0,0
instruct-1.0,T2842,1,stop,630,0,0,0,0,0,0,0,0,0,0,0,0,0,0,0
instruct-1.0,T2843,1,length,768,0,0,0,0,0,0,0,0,0,0,0,0,0,1,0
instruct-1.0,T2844,1,stop,770,0,0,0,0,0,0,0,0,2,0,0,0,0,0,0
instruct-1.0,T2845,1,stop,675,0,0,0,0,0,0,0,0,1,0,0,0,0,0,0
instruct-1.0,T2846,1,stop,665,0,0,0,0,0,0,0,0,1,0,0,0,1,0,0
instruct-1.0,T2847,1,stop,647,0,0,1,0,0,0,0,0,1,0,0,0,0,0,0
instruct-1.0,T2848,1,stop,471,0,0,0,0,0,0,0,0,1,0,0,0,0,0,0
instruct-1.0,T2849,1,stop,665,0,0,0,0,0,0,0,0,1,0,0,0,0,0,0
instruct-1.0,T2850,1,length,801,0,0,0,0,0,0,0,0,2,0,0,0,0,0,0
instruct-1.0,T2851,1,stop,718,0,0,0,0,0,0,0,0,0,0,0,0,0,0,0
instruct-1.0,T2852,1,stop,637,0,0,0,0,0,0,0,0,0,0,0,0,0,0,0
instruct-1.0,T2853,1,stop,645,0,0,0,0,0,0,0,0,4,0,0,0,0,0,0
instruct-1.0,T2854,1,stop,600,0,0,0,0,0,0,0,0,0,0,0,0,0,0,0
instruct-1.0,T2855,1,stop,459,0,0,0,0,0,0,0,0,0,0,0,0,0,0,0
instruct-1.0,T2856,1,length,770,0,0,0,0,0,0,0,0,0,0,0,0,0,0,0
instruct-1.0,T2857,1,stop,400,0,0,0,0,0,0,0,0,0,0,0,0,0,0,0
instruct-1.0,T2858,1,stop,638,0,0,0,0,0,0,0,0,2,0,0,0,0,0,0
instruct-1.0,T2859,1,stop,536,0,0,0,0,0,0,0,0,0,0,0,0,0,0,0
instruct-1.0,T2860,1,stop,621,0,0,0,0,0,0,0,0,0,0,0,0,0,0,0
instruct-1.0,T2861,1,stop,732,0,0,0,0,0,0,0,0,0,0,0,0,0,0,0
instruct-1.0,T2862,1,stop,510,0,0,0,0,0,0,0,0,0,0,0,0,0,0,0
instruct-1.0,T2863,1,stop,640,0,0,0,0,0,0,0,0,0,0,0,0,0,0,0
instruct-1.0,T2864,1,length,653,0,0,0,0,0,0,0,0,0,0,0,0,0,0,0
instruct-1.0,T2865,1,length,790,0,0,0,0,0,0,0,0,0,0,0,0,0,0,0
instruct-1.0,T2866,1,stop,753,0,0,0,0,0,0,0,0,0,0,0,0,0,0,0
instruct-1.0,T2867,1,stop,550,0,0,0,0,0,0,0,0,0,0,0,0,0,0,0
instruct-1.0,T2868,1,stop,615,0,0,0,0,0,0,0,0,1,0,0,0,0,0,0
instruct-1.0,T2869,1,stop,721,0,0,0,0,0,0,0,0,0,0,0,0,0,0,0
instruct-1.0,T2870,1,stop,661,0,0,0,0,0,0,0,0,2,0,0,0,0,0,0
instruct-1.0,T2871,1,stop,773,0,0,0,0,0,0,0,0,2,0,0,0,0,0,0
instruct-1.0,T2872,1,stop,606,1,0,0,0,0,0,0,0,1,0,0,0,0,0,0
instruct-1.0,T2873,1,stop,586,0,0,0,0,0,0,0,0,0,0,0,0,0,0,0
instruct-1.0,T2874,1,length,728,0,0,0,0,0,0,0,0,1,0,0,0,0,0,0
instruct-1.0,T2875,1,stop,632,0,0,0,0,0,0,0,0,0,0,0,0,0,0,0
instruct-1.0,T2876,1,length,739,0,0,0,0,0,0,0,0,2,0,0,0,0,0,0
instruct-1.0,T2877,1,stop,620,0,0,0,0,0,0,0,0,0,0,0,0,0,0,0
instruct-1.0,T2878,1,stop,750,0,0,1,0,0,0,0,0,0,0,0,0,0,0,0
instruct-1.0,T2879,1,stop,602,0,0,0,0,0,0,0,0,0,0,0,0,0,0,0
instruct-1.0,T2880,1,length,706,0,0,0,0,0,0,0,0,0,0,0,0,0,0,0
instruct-1.0,T2881,1,stop,498,0,0,0,0,0,0,0,0,0,0,0,0,0,0,0
instruct-1.0,T2882,1,stop,714,0,0,0,0,0,0,0,0,1,0,0,0,0,0,0
instruct-1.0,T2883,1,stop,634,1,0,0,0,0,0,0,0,0,0,0,0,0,0,0
instruct-1.0,T2884,1,stop,628,0,0,0,0,0,0,0,0,1,0,0,0,0,0,0
instruct-1.0,T2885,1,stop,596,0,0,0,0,0,0,0,0,0,0,0,0,0,0,0
instruct-1.0,T2886,1,stop,585,0,0,0,0,0,0,0,0,0,0,0,0,0,0,0
instruct-1.0,T2887,1,stop,797,0,0,0,0,0,0,0,0,0,0,0,0,0,0,0
instruct-1.0,T2888,1,stop,702,0,0,0,0,0,0,0,0,0,0,0,0,0,0,0
instruct-1.0,T2889,1,stop,427,0,0,0,0,0,0,0,0,0,0,0,0,0,0,0
instruct-1.0,T2890,1,stop,557,0,0,0,0,0,0,0,0,0,0,0,0,0,0,0
instruct-1.0,T2891,1,stop,562,0,0,0,0,0,0,0,0,0,0,0,0,0,0,0
instruct-1.0,T2892,1,stop,546,0,0,0,0,0,0,0,0,0,0,0,0,0,0,0
instruct-1.0,T2893,1,length,752,0,0,0,0,0,0,0,0,0,1,0,0,0,0,0
instruct-1.0,T2894,1,stop,578,0,0,0,0,0,0,0,0,0,0,0,0,0,0,0
instruct-1.0,T2895,1,length,767,0,0,0,0,0,0,0,0,0,0,0,0,0,0,0
instruct-1.0,T2896,1,stop,714,0,0,1,0,0,0,0,0,0,0,0,0,0,0,0
instruct-1.0,T2897,1,stop,724,0,0,0,0,0,0,0,0,0,0,0,0,0,0,0
instruct-1.0,T2898,1,stop,511,0,0,0,0,0,0,0,0,1,0,0,0,0,0,0
instruct-1.0,T2899,1,stop,804,0,0,0,0,0,0,0,0,0,0,0,0,0,0,0
instruct-1.0,T2900,1,stop,752,0,0,0,0,0,0,0,0,1,0,0,0,0,0,0
instruct-1.0,T2901,1,stop,418,0,0,0,0,0,0,0,0,0,0,0,0,0,0,0
instruct-1.0,T2902,1,stop,774,0,0,0,0,0,0,0,0,3,0,0,0,0,0,0
instruct-1.0,T2903,1,stop,751,0,0,0,0,0,0,0,0,0,0,0,0,0,0,0
instruct-1.0,T2904,1,stop,784,0,0,0,0,0,0,0,0,0,0,0,0,0,0,0
instruct-1.0,T2905,1,stop,524,0,0,0,0,0,0,0,0,0,0,0,0,0,0,0
instruct-1.0,T2906,1,stop,733,0,0,0,0,0,0,0,0,1,0,0,0,0,0,0
instruct-1.0,T2907,1,stop,586,0,0,0,0,0,0,0,0,0,0,0,0,0,0,0
instruct-1.0,T2908,1,stop,761,0,0,0,0,0,0,0,0,1,0,0,0,0,0,0
instruct-1.0,T2909,1,stop,690,0,0,0,0,0,0,0,0,0,0,0,0,0,0,0
instruct-1.0,T2910,1,stop,769,0,0,0,0,0,0,0,0,0,0,0,0,0,0,0
instruct-1.0,T2911,1,length,755,0,0,0,0,0,0,0,0,1,0,0,0,0,0,0
instruct-1.0,T2912,1,length,746,0,0,0,0,0,0,0,0,0,0,0,0,0,0,0
instruct-1.0,T2913,1,stop,472,0,0,1,0,0,0,0,0,0,0,0,0,0,0,0
instruct-1.0,T2914,1,stop,761,0,0,0,0,0,0,0,0,0,0,0,0,0,0,0
instruct-1.0,T2915,1,stop,687,1,0,0,0,0,0,0,0,0,0,0,0,0,0,0
instruct-1.0,T2916,1,stop,481,0,0,0,0,0,0,0,0,0,0,0,0,0,0,0
instruct-1.0,T2917,1,stop,498,0,0,0,0,0,0,1,0,0,0,0,0,0,0,0
instruct-1.0,T2918,1,stop,792,0,0,0,0,0,0,0,0,0,0,0,0,0,0,0
instruct-1.0,T2919,1,stop,462,0,0,0,0,0,0,0,0,0,0,0,0,0,0,0
instruct-1.0,T2920,1,stop,622,0,0,0,0,0,0,0,0,0,0,0,0,0,0,0
instruct-1.0,T2921,1,stop,652,0,0,0,0,0,0,0,0,0,0,0,0,0,0,0
instruct-1.0,T2922,1,stop,498,0,0,0,0,0,0,0,0,0,0,0,0,0,0,0
instruct-1.0,T2923,1,stop,591,0,0,0,0,0,0,0,0,0,0,0,0,0,0,0
instruct-1.0,T2924,1,stop,778,0,0,0,0,0,0,0,0,0,0,0,0,0,0,0
instruct-1.0,T2925,1,length,811,0,0,0,0,0,0,0,0,0,0,0,0,0,0,0
instruct-1.0,T2926,1,stop,727,0,0,0,0,0,0,0,0,0,0,0,0,0,0,0
instruct-1.0,T2927,1,length,773,0,0,1,0,0,0,0,0,0,0,0,0,0,0,0
instruct-1.0,T2928,1,stop,714,0,0,0,0,0,0,0,0,0,0,0,0,0,0,0
instruct-1.0,T2929,1,stop,681,0,0,0,0,0,0,0,0,0,1,0,0,0,0,0
instruct-1.0,T2930,1,stop,708,0,0,1,0,0,0,0,0,0,0,0,0,0,0,0
instruct-1.0,T2931,1,stop,761,0,0,0,0,0,0,0,0,0,0,0,0,0,0,0
instruct-1.0,T2932,1,length,765,0,0,0,0,0,0,0,1,0,0,0,0,0,0,0
instruct-1.0,T2933,1,stop,586,0,0,0,0,0,0,0,0,0,0,0,0,1,0,0
instruct-1.0,T2934,1,stop,596,1,0,1,0,0,0,0,0,0,0,0,0,0,2,0
instruct-1.0,T2935,1,length,779,0,0,0,0,0,0,0,0,0,0,0,0,0,0,0
instruct-1.0,T2936,1,stop,790,0,0,0,0,0,0,0,0,2,0,0,0,0,0,1
instruct-1.0,T2937,1,stop,506,0,0,0,0,0,0,0,0,1,0,0,0,0,0,0
instruct-1.0,T2938,1,stop,593,0,0,0,0,0,0,0,0,0,0,0,0,0,0,0
instruct-1.0,T2939,1,length,799,0,0,1,0,0,0,0,0,1,0,0,0,0,0,0
instruct-1.0,T2940,1,stop,696,0,0,0,0,0,0,0,0,0,0,0,0,0,0,0
instruct-1.0,T2941,1,stop,721,0,0,0,0,0,0,0,0,0,0,0,0,0,0,0
instruct-1.0,T2942,1,stop,526,0,0,0,0,0,0,0,0,0,0,0,0,0,0,0
instruct-1.0,T2943,1,stop,745,0,0,0,0,0,0,0,0,0,0,0,0,0,0,0
instruct-1.0,T2944,1,stop,731,0,0,1,0,0,0,0,0,0,0,0,0,0,0,0
instruct-1.0,T2945,1,length,791,0,0,0,0,0,0,0,0,0,1,0,0,0,0,0
instruct-1.0,T2946,1,length,742,0,0,0,0,0,0,0,0,0,0,0,0,0,0,0
instruct-1.0,T2947,1,stop,391,0,0,0,0,0,0,1,0,1,0,0,0,0,0,0
instruct-1.0,T2948,1,stop,635,0,0,0,0,0,0,1,0,1,0,0,0,0,0,0
instruct-1.0,T2949,1,length,769,0,0,0,0,0,0,0,0,0,0,0,0,0,0,0
instruct-1.0,T2950,1,length,773,0,0,0,0,0,0,0,0,0,0,0,0,0,0,0
instruct-1.0,T2951,1,stop,701,0,0,0,0,0,0,0,0,0,0,0,0,0,0,0
instruct-1.0,T2952,1,stop,605,0,0,0,0,0,0,0,0,0,0,0,0,0,0,0
instruct-1.0,T2953,1,stop,723,0,0,0,0,0,0,0,0,0,0,0,0,0,0,0
instruct-1.0,T2954,1,stop,625,0,0,0,0,0,0,0,0,0,0,0,0,0,0,0
instruct-1.0,T2955,1,stop,654,0,0,0,0,0,0,0,0,1,0,0,0,0,0,0
instruct-1.0,T2956,1,stop,729,0,0,0,0,0,0,0,0,1,0,0,0,0,0,0
instruct-1.0,T2957,1,stop,409,0,0,0,0,0,0,1,0,1,0,0,0,0,0,0
instruct-1.0,T2958,1,stop,726,0,0,0,0,0,0,0,0,0,0,0,0,0,0,0
instruct-1.0,T2959,1,stop,670,0,0,0,0,0,0,1,0,0,0,0,0,0,0,0
instruct-1.0,T2960,1,length,658,0,0,0,0,0,0,0,0,0,0,0,0,0,0,0
instruct-1.0,T2961,1,stop,680,0,0,0,0,0,0,0,0,0,0,0,0,0,0,0
instruct-1.0,T2962,1,length,754,0,0,0,0,0,0,0,0,0,0,0,0,0,0,0
instruct-1.0,T2963,1,stop,566,0,0,0,0,0,0,0,0,0,0,0,0,0,0,0
instruct-1.0,T2964,1,stop,661,0,0,0,0,0,0,0,0,1,0,0,0,0,0,0
instruct-1.0,T2965,1,length,742,0,0,1,0,0,0,0,0,1,1,0,0,0,0,0
instruct-1.0,T2966,1,stop,757,0,0,0,0,0,0,0,0,1,0,0,0,0,0,0
instruct-1.0,T2967,1,stop,411,0,0,0,0,0,0,0,0,0,0,0,0,0,0,0
instruct-1.0,T2968,1,stop,726,0,0,0,0,0,0,0,0,0,0,0,0,0,0,0
instruct-1.0,T2969,1,length,738,0,0,1,0,0,0,0,0,0,1,0,0,0,0,0
instruct-1.0,T2970,1,stop,723,0,0,0,0,0,0,0,0,0,0,0,0,0,0,0
instruct-1.0,T2971,1,stop,627,0,0,0,0,0,0,0,0,0,0,0,0,0,0,0
instruct-1.0,T2972,1,stop,689,0,0,0,0,0,0,0,0,1,0,0,0,0,0,0
instruct-1.0,T2973,1,length,721,0,0,0,0,0,0,0,0,0,0,0,0,0,0,0
instruct-1.0,T2974,1,length,712,0,0,0,0,0,0,0,0,0,0,0,0,0,0,0
instruct-1.0,T2975,1,stop,656,0,0,0,0,0,0,0,0,1,0,0,0,0,0,0
instruct-1.0,T2976,1,length,768,0,0,0,0,0,0,1,0,0,0,0,0,0,0,0
instruct-1.0,T2977,1,stop,658,0,0,0,0,0,0,0,0,0,0,0,0,0,0,0
instruct-1.0,T2978,1,length,755,0,0,0,0,0,0,0,0,0,0,0,0,0,0,0
instruct-1.0,T2979,1,length,762,0,0,0,0,0,0,0,0,0,0,0,0,0,0,0
instruct-1.0,T2980,1,stop,441,0,0,0,0,0,0,0,0,0,0,0,0,0,0,0
instruct-1.0,T2981,1,length,749,0,0,0,0,0,0,0,0,0,0,0,0,0,0,0
instruct-1.0,T2982,1,stop,687,0,0,0,0,0,0,0,0,0,0,0,0,0,0,0
instruct-1.0,T2983,1,stop,704,0,0,0,0,0,0,0,0,1,0,0,0,0,0,0
instruct-1.0,T2984,1,stop,83,0,0,0,0,0,0,0,0,0,0,0,0,0,0,0
instruct-1.0,T2985,1,length,696,0,0,0,0,0,0,0,0,1,0,0,0,0,0,0
instruct-1.0,T2986,1,length,709,0,0,0,0,0,0,0,0,0,0,0,0,0,0,0
instruct-1.0,T2987,1,length,742,0,0,0,0,0,0,0,0,0,1,0,0,0,0,0
instruct-1.0,T2988,1,stop,743,0,0,0,0,0,0,0,0,1,0,0,0,0,0,0
instruct-1.0,T2989,1,stop,671,0,0,0,0,0,0,0,0,0,0,0,0,0,0,1
instruct-1.0,T2990,1,length,762,0,0,0,0,0,0,0,0,0,0,0,0,0,0,0
instruct-1.0,T2991,1,stop,768,0,0,0,0,0,0,0,0,1,0,0,0,0,0,0
instruct-1.0,T2992,1,length,759,0,0,0,0,0,0,0,0,0,0,0,0,0,0,0
instruct-1.0,T2993,1,stop,576,0,0,0,0,0,0,0,0,0,0,0,0,0,0,0
instruct-1.0,T2994,1,stop,765,0,0,0,0,0,0,0,0,0,0,0,0,0,0,0
instruct-1.0,T2995,1,stop,655,0,0,0,0,0,0,0,0,0,0,0,0,0,0,0
instruct-1.0,T2996,1,length,760,0,0,0,0,0,0,0,0,0,0,0,0,0,0,0
instruct-1.0,T2997,1,stop,686,0,0,0,0,0,0,0,0,0,0,0,0,0,0,0
instruct-1.0,T2998,1,stop,598,0,0,0,0,0,0,0,0,0,0,0,0,0,0,0
instruct-1.0,T2999,1,stop,757,0,0,0,0,0,0,1,0,2,0,0,0,0,0,0
instruct-1.0,T3000,1,stop,700,0,0,0,0,0,0,0,0,0,0,0,0,0,0,0
instruct-1.0,T3001,1,stop,737,0,0,0,0,0,0,0,0,0,0,0,0,0,0,0
instruct-1.0,T3002,1,stop,689,0,0,0,0,0,0,0,0,2,0,0,0,0,0,0
instruct-1.0,T3003,1,length,714,0,0,0,0,0,0,0,0,0,0,0,0,0,0,0
instruct-1.0,T3004,1,stop,598,0,0,0,0,0,0,0,0,0,0,0,0,0,0,0
instruct-1.0,T3005,1,length,722,0,0,0,0,0,0,0,0,0,0,0,0,0,0,0
instruct-1.0,T3006,1,length,771,0,0,0,0,0,0,0,0,0,0,0,0,0,0,0
instruct-1.0,T3007,1,stop,646,0,0,0,0,0,0,0,0,0,0,0,0,0,0,0
instruct-1.0,T3008,1,stop,765,0,0,0,0,0,0,0,0,0,0,0,0,0,0,0
instruct-1.0,T3009,1,stop,512,0,0,0,0,0,0,0,0,1,0,0,0,0,0,0
instruct-1.0,T3010,1,stop,759,0,0,0,0,0,0,0,0,0,0,0,0,0,0,0
instruct-1.0,T3011,1,stop,707,0,0,0,0,0,0,0,0,0,0,0,0,0,0,0
instruct-1.0,T3012,1,stop,539,0,0,0,0,0,0,0,0,0,0,0,0,0,0,0
instruct-1.0,T3013,1,length,127,0,0,0,0,0,0,0,0,0,0,0,0,0,0,0
instruct-1.0,T3014,1,stop,588,0,0,0,0,0,0,0,0,0,0,0,0,0,0,0
instruct-1.0,T3015,1,stop,400,0,0,0,0,0,0,0,0,0,0,0,0,0,0,0
instruct-1.0,T3016,1,length,742,0,0,0,0,0,0,0,0,0,0,0,0,0,0,0
instruct-1.0,T3017,1,length,761,0,0,0,0,0,0,0,0,0,0,0,0,0,0,0
instruct-1.0,T3018,1,stop,695,0,0,0,0,0,0,0,0,4,0,0,0,0,0,0
instruct-1.0,T3019,1,stop,676,0,0,0,0,0,0,1,0,0,0,0,0,0,0,0
instruct-1.0,T3020,1,stop,389,0,0,0,0,0,0,0,0,1,0,0,0,0,0,0
instruct-1.0,T3021,1,stop,720,0,0,0,0,0,0,0,0,1,0,0,0,0,0,0
instruct-1.0,T3022,1,length,722,0,0,0,0,0,0,0,0,0,0,0,0,0,0,0
instruct-1.0,T3023,1,stop,678,0,0,0,0,0,0,1,0,0,0,0,0,0,0,0
instruct-1.0,T3024,1,length,807,0,0,0,0,0,0,0,0,1,0,0,0,0,0,0
instruct-1.0,T3025,1,stop,603,0,0,0,0,0,0,0,0,1,0,0,0,0,0,0
instruct-1.0,T3026,1,stop,740,0,0,0,0,0,0,0,0,0,0,0,0,0,0,0
instruct-1.0,T3027,1,stop,378,0,0,0,0,0,0,0,0,0,0,0,0,0,0,0
instruct-1.0,T3028,1,length,762,0,0,0,0,0,0,0,0,0,0,0,0,0,1,0
instruct-1.0,T3029,1,stop,594,0,0,0,0,0,0,2,0,0,0,0,0,0,0,0
instruct-1.0,T3030,1,stop,551,0,0,0,0,0,0,0,0,0,0,0,0,0,0,0
instruct-1.0,T3031,1,length,631,0,0,0,0,0,0,0,0,0,0,0,0,0,0,0
instruct-1.0,T3032,1,length,672,0,0,0,0,0,0,0,0,0,0,0,0,0,0,0
instruct-1.0,T3033,1,length,734,0,0,0,0,0,0,1,0,0,0,0,0,0,0,0
instruct-1.0,T3034,1,stop,584,0,0,0,0,0,0,0,0,0,0,0,0,0,0,0
instruct-1.0,T3035,1,stop,727,0,0,0,0,0,0,0,0,0,0,0,0,0,0,0
instruct-1.0,T3036,1,stop,547,0,0,0,0,0,0,0,0,0,0,0,0,0,0,0
instruct-1.0,T3037,1,length,694,0,0,0,0,0,0,0,0,1,0,0,0,0,0,0
instruct-1.0,T3038,1,stop,460,0,0,0,0,0,0,0,0,0,0,0,0,0,0,0
instruct-1.0,T3039,1,stop,724,0,0,0,0,0,0,0,0,0,0,0,0,0,0,0
instruct-1.0,T3040,1,stop,491,0,0,0,0,0,0,0,0,0,0,0,0,0,0,0
instruct-1.0,T3041,1,stop,744,0,0,0,0,0,0,1,0,0,0,0,0,0,0,0
instruct-1.0,T3042,1,length,704,0,0,0,0,0,0,0,0,0,0,0,0,0,0,0
instruct-1.0,T3043,1,stop,645,0,0,0,0,0,0,0,0,0,0,0,0,0,0,0
instruct-1.0,T3044,1,stop,542,0,0,0,0,0,0,0,0,0,0,0,0,0,0,0
instruct-1.0,T3045,1,stop,569,0,0,0,0,0,0,0,0,0,0,0,0,0,0,0
instruct-1.0,T3046,1,stop,717,0,0,0,0,0,0,0,0,0,0,0,0,0,0,0
instruct-1.0,T3047,1,length,727,0,0,0,0,0,0,0,0,0,0,0,0,0,0,0
instruct-1.0,T3048,1,stop,707,0,0,0,0,0,0,0,0,0,0,0,0,0,0,0
instruct-1.0,T3049,1,stop,727,0,0,0,0,0,0,1,0,0,0,0,0,0,0,0
instruct-1.0,T3050,1,stop,640,0,0,0,0,0,0,0,0,0,0,0,0,0,0,0
instruct-1.0,T3051,1,length,798,0,0,0,0,0,0,0,0,0,0,0,0,0,0,0
instruct-1.0,T3052,1,length,739,0,0,0,0,0,0,0,0,0,0,0,0,0,0,0
instruct-1.0,T3053,1,stop,757,0,0,0,0,0,0,0,0,0,0,0,0,0,0,0
instruct-1.0,T3054,1,length,713,0,0,0,0,0,0,0,0,1,0,0,0,0,0,0
instruct-1.0,T3055,1,stop,749,0,0,1,0,0,0,0,0,0,0,0,0,0,0,0
instruct-1.0,T3056,1,length,741,0,0,0,0,0,0,0,0,0,0,0,0,0,0,0
instruct-1.0,T3057,1,length,663,0,0,0,0,0,0,0,0,0,0,0,0,0,0,0
instruct-1.0,T3058,1,stop,727,0,0,0,0,0,0,0,0,0,0,0,0,0,0,0
instruct-1.0,T3059,1,stop,628,0,0,0,0,0,0,0,0,1,0,0,0,0,0,0
instruct-1.0,T3060,1,stop,501,0,0,0,0,0,0,0,0,0,0,0,0,0,0,0
instruct-1.0,T3061,1,stop,560,0,0,0,0,0,0,0,0,0,0,0,0,0,0,0
instruct-1.0,T3062,1,stop,526,0,0,0,0,0,0,0,0,0,0,0,0,0,0,0
instruct-1.0,T3063,1,stop,768,0,0,0,0,0,0,0,0,1,0,0,0,0,0,0
instruct-1.0,T3064,1,stop,523,0,0,0,0,0,0,0,0,0,0,0,0,0,0,0
instruct-1.0,T3065,1,stop,697,0,0,0,0,0,0,0,0,0,0,0,0,0,0,0
instruct-1.0,T3066,1,length,689,0,0,0,0,0,0,0,0,0,0,0,0,0,0,0
instruct-1.0,T3067,1,stop,686,0,0,0,0,0,0,0,0,0,0,0,0,0,0,0
instruct-1.0,T3068,1,length,753,0,0,0,0,0,0,0,0,0,0,0,0,0,0,0
instruct-1.0,T3069,1,stop,632,0,0,0,0,0,0,0,0,0,0,0,0,0,0,0
instruct-1.0,T3070,1,length,772,0,0,1,0,0,0,0,0,1,0,0,0,0,0,0
instruct-1.0,T3071,1,stop,658,0,0,0,0,0,0,0,0,2,0,0,0,0,0,0
instruct-1.0,T3072,1,stop,714,0,0,0,0,0,0,0,0,0,0,0,0,0,0,0
instruct-1.0,T3073,1,stop,549,0,0,0,0,0,0,0,0,0,0,0,0,0,0,0
instruct-1.0,T3074,1,stop,551,0,0,0,0,0,0,0,0,0,0,0,0,0,0,0
instruct-1.0,T3075,1,stop,586,0,0,0,0,0,0,0,1,0,0,0,0,0,0,0
instruct-1.0,T3076,1,stop,409,0,0,0,0,0,0,0,0,0,0,0,0,0,0,0
instruct-1.0,T3077,1,stop,567,0,0,0,0,0,0,0,0,0,0,0,0,0,0,0
instruct-1.0,T3078,1,stop,592,0,0,0,0,0,0,0,0,0,0,0,0,1,0,0
instruct-1.0,T3079,1,length,678,0,0,0,0,0,0,0,0,0,0,0,0,0,0,0
instruct-1.0,T3080,1,stop,673,0,0,0,0,0,0,0,0,1,0,0,0,0,0,0
instruct-1.0,T3081,1,stop,644,0,0,0,0,0,0,0,0,0,0,0,0,0,0,0
instruct-1.0,T3082,1,stop,514,0,0,0,0,0,0,1,0,1,0,0,0,0,0,0
instruct-1.0,T3083,1,length,736,0,0,0,0,0,0,1,0,0,0,0,0,0,0,0
instruct-1.0,T3084,1,stop,690,0,0,0,0,0,0,0,0,0,0,0,0,0,0,0
instruct-1.0,T3085,1,length,675,0,0,0,0,0,0,0,0,0,0,0,0,0,0,0
instruct-1.0,T3086,1,stop,560,0,0,0,0,0,0,0,0,1,0,0,0,0,0,0
instruct-1.0,T3087,1,length,710,0,0,0,0,0,0,0,0,1,0,0,0,0,0,0
instruct-1.0,T3088,1,stop,570,0,0,0,0,0,0,0,0,0,0,0,0,0,0,0
instruct-1.0,T3089,1,stop,496,0,0,0,0,0,0,0,0,0,0,0,0,0,0,0
instruct-1.0,T3090,1,stop,654,0,0,0,0,0,0,0,0,1,0,0,0,0,0,0
instruct-1.0,T3091,1,stop,675,0,0,0,0,0,0,0,0,1,0,0,0,0,0,0
instruct-1.0,T3092,1,stop,680,0,0,0,0,0,0,0,0,0,0,0,0,1,0,0
instruct-1.0,T3093,1,stop,405,0,0,0,0,0,0,0,0,0,0,0,0,0,0,0
instruct-1.0,T3094,1,stop,512,0,0,0,0,0,0,0,0,0,0,0,0,0,0,0
instruct-1.0,T3095,1,stop,688,0,0,0,0,0,0,0,0,0,0,0,0,0,0,0
instruct-1.0,T3096,1,stop,416,0,0,0,0,0,0,0,0,0,0,0,0,0,0,0
instruct-1.0,T3097,1,stop,649,0,0,0,0,0,0,0,0,0,0,0,0,0,0,0
instruct-1.0,T3098,1,stop,679,0,0,0,0,0,0,0,0,0,0,0,0,0,0,0
instruct-1.0,T3099,1,stop,710,0,0,0,0,0,0,0,0,0,0,0,0,0,0,0
instruct-1.0,T3100,1,stop,717,0,0,0,0,0,0,0,0,0,0,0,0,0,0,0
instruct-1.0,T3101,1,stop,724,0,0,0,0,0,0,0,0,0,0,0,0,0,0,0
instruct-1.0,T3102,1,length,753,0,0,0,0,0,0,0,0,1,0,0,0,0,0,0
instruct-1.0,T3103,1,length,759,0,0,1,0,0,0,0,0,1,0,0,0,1,0,0
instruct-1.0,T3104,1,stop,638,0,0,0,0,0,0,1,0,1,0,0,0,0,0,0
instruct-1.0,T3105,1,length,752,0,0,2,0,0,0,0,0,0,0,0,0,0,0,0
instruct-1.0,T3106,1,stop,741,0,0,0,0,0,0,0,0,1,0,0,0,0,0,0
instruct-1.0,T3107,1,stop,569,0,0,0,0,0,0,0,0,0,0,0,0,0,0,0
instruct-1.0,T3108,1,stop,690,0,0,0,0,0,0,0,0,0,0,0,0,0,0,0
instruct-1.0,T3109,1,stop,639,0,0,0,0,0,0,0,0,0,0,0,0,0,0,0
instruct-1.0,T3110,1,stop,686,0,0,0,0,0,0,0,0,0,0,0,0,0,0,0
instruct-1.0,T3111,1,stop,620,0,0,0,0,0,0,0,0,0,0,0,0,0,0,0
instruct-1.0,T3112,1,length,717,0,0,0,0,0,0,0,0,0,0,0,0,0,0,0
instruct-1.0,T3113,1,stop,684,0,0,0,0,0,0,1,0,0,0,0,0,0,0,0
instruct-1.0,T3114,1,length,748,0,0,0,0,0,0,1,0,0,0,0,0,0,0,0
instruct-1.0,T3115,1,length,734,0,0,0,0,0,0,0,0,1,0,0,0,0,0,0
instruct-1.0,T3116,1,stop,553,0,0,0,0,0,0,0,0,0,0,0,0,0,0,0
instruct-1.0,T3117,1,length,776,0,0,0,0,0,0,0,0,0,0,0,0,0,0,0
instruct-1.0,T3118,1,stop,356,0,0,0,0,0,0,0,0,0,0,0,0,0,0,0
instruct-1.0,T3119,1,stop,711,0,0,0,0,0,0,0,0,1,0,0,0,0,0,0
instruct-1.0,T3120,1,stop,550,0,0,0,0,0,0,0,0,0,0,0,0,0,0,0
instruct-1.0,T3121,1,stop,351,0,0,0,0,0,0,0,0,0,0,0,0,0,0,0
instruct-1.0,T3122,1,length,760,0,0,0,0,0,0,0,0,0,0,0,0,0,0,0
instruct-1.0,T3123,1,stop,419,0,0,0,0,0,0,0,0,0,0,0,0,0,0,0
instruct-1.0,T3124,1,stop,565,0,0,0,0,0,0,0,0,0,0,0,0,0,0,0
instruct-1.0,T3125,1,stop,436,0,0,0,0,0,0,0,0,0,0,0,0,0,0,0
instruct-1.0,T3126,1,length,626,0,0,0,0,0,0,0,0,0,0,0,0,0,0,0
instruct-1.0,T3127,1,stop,546,0,0,0,0,0,0,0,0,1,0,0,0,0,0,0
instruct-1.0,T3128,1,length,763,0,0,0,0,0,0,0,0,1,0,0,0,0,0,0
instruct-1.0,T3129,1,stop,618,0,0,0,0,0,0,0,0,0,0,0,0,0,0,0
instruct-1.0,T3130,1,stop,648,0,0,0,0,0,0,0,0,1,0,0,0,0,0,0
instruct-1.0,T3131,1,stop,662,0,0,0,0,0,0,0,0,0,0,0,0,0,0,0
instruct-1.0,T3132,1,stop,704,0,0,0,0,0,0,0,0,0,0,0,0,0,0,0
instruct-1.0,T3133,1,length,795,0,0,0,0,0,0,0,0,1,0,0,0,0,0,0
instruct-1.0,T3134,1,length,724,0,0,0,0,0,0,0,0,0,0,0,0,0,0,0
instruct-1.0,T3135,1,stop,732,0,0,0,0,0,0,0,0,1,0,0,0,0,0,0
instruct-1.0,T3136,1,length,720,0,0,0,0,0,0,0,0,1,0,0,0,0,0,0
instruct-1.0,T3137,1,stop,535,0,0,0,0,0,0,0,0,0,0,0,0,0,0,0
instruct-1.0,T3138,1,length,738,0,0,0,0,0,0,0,0,1,0,0,0,0,0,0
instruct-1.0,T3139,1,stop,553,0,0,0,0,0,0,0,0,2,0,0,0,0,0,0
instruct-1.0,T3140,1,length,777,0,0,0,0,0,0,0,0,0,0,0,0,0,0,0
instruct-1.0,T3141,1,stop,600,0,0,0,0,0,0,1,0,0,0,0,0,0,0,0
instruct-1.0,T3142,1,stop,688,0,0,0,0,0,0,0,0,0,0,0,0,0,0,0
instruct-1.0,T3143,1,stop,510,0,0,0,0,0,0,0,0,1,0,0,0,0,0,0
instruct-1.0,T3144,1,stop,730,0,0,0,0,0,0,0,0,0,0,0,0,0,0,0
instruct-1.0,T3145,1,stop,552,0,0,0,0,0,0,0,0,0,0,0,0,0,0,0
instruct-1.0,T3146,1,length,740,0,0,0,0,0,0,0,0,0,0,0,0,0,0,0
instruct-1.0,T3147,1,stop,596,0,0,0,0,0,0,0,0,1,0,0,0,0,0,0
instruct-1.0,T3148,1,stop,632,1,0,0,0,0,0,0,0,0,0,0,0,0,0,0
instruct-1.0,T3149,1,stop,722,0,0,0,0,0,0,0,0,1,0,0,0,0,0,0
instruct-1.0,T3150,1,stop,578,0,0,0,0,0,0,0,0,0,0,0,0,0,0,0
instruct-1.0,T3151,1,length,737,0,0,0,0,0,0,1,0,0,0,0,0,0,0,0
instruct-1.0,T3152,1,stop,411,0,0,0,0,0,0,0,0,0,0,0,0,0,0,0
instruct-1.0,T3153,1,stop,690,0,0,0,0,0,0,0,0,0,0,0,0,0,0,0
instruct-1.0,T3154,1,stop,748,0,0,0,0,0,0,0,0,0,0,0,0,0,0,0
instruct-1.0,T3155,1,stop,686,0,0,0,0,0,0,0,0,0,0,0,0,0,0,0
instruct-1.0,T3156,1,stop,630,0,0,0,0,0,0,0,0,0,0,0,0,0,0,0
instruct-1.0,T3157,1,stop,722,0,0,0,0,0,0,0,0,0,0,0,0,0,0,0
instruct-1.0,T3158,1,stop,671,0,0,0,0,0,0,0,0,0,0,0,0,1,0,0
instruct-1.0,T3159,1,length,723,0,0,0,0,0,0,0,0,0,0,0,0,0,0,0
instruct-1.0,T3160,1,stop,742,0,0,0,0,0,0,0,0,1,0,0,0,0,0,0
instruct-1.0,T3161,1,length,756,0,0,0,0,0,0,0,0,0,0,0,0,0,0,0
instruct-1.0,T3162,1,stop,466,0,0,0,0,0,0,0,0,0,0,0,0,0,0,0
instruct-1.0,T3163,1,stop,699,0,0,0,0,0,0,0,0,1,0,0,0,0,0,0
instruct-1.0,T3164,1,length,750,0,0,0,0,0,0,0,0,0,0,0,0,0,0,0
instruct-1.0,T3165,1,stop,456,0,0,0,0,0,0,0,0,0,0,0,0,0,0,0
instruct-1.0,T3166,1,length,739,0,0,0,0,0,0,0,0,0,0,0,0,0,0,0
instruct-1.0,T3167,1,length,742,0,0,0,0,0,0,0,0,0,0,0,0,0,0,0
instruct-1.0,T3168,1,length,736,0,0,0,0,0,0,0,0,0,0,0,0,0,0,0
instruct-1.0,T3169,1,stop,605,0,0,0,0,0,0,1,0,1,0,0,0,0,0,0
instruct-1.0,T3170,1,stop,759,0,0,0,0,0,0,0,0,0,0,0,0,0,0,0
instruct-1.0,T3171,1,stop,643,0,0,1,0,0,0,0,0,1,0,0,0,0,0,0
instruct-1.0,T3172,1,stop,455,0,0,0,0,0,0,0,0,1,0,0,0,0,0,0
instruct-1.0,T3173,1,stop,606,0,0,0,0,0,0,0,0,0,0,0,0,0,0,0
instruct-1.0,T3174,1,stop,613,0,0,0,0,0,0,1,0,1,0,0,0,0,0,0
instruct-1.0,T3175,1,stop,730,0,0,0,0,0,0,0,0,0,1,0,0,0,0,0
instruct-1.0,T3176,1,stop,567,0,0,0,0,0,0,0,0,0,0,0,0,0,0,0
instruct-1.0,T3177,1,length,764,0,0,0,0,0,0,0,0,0,0,0,0,0,0,0
instruct-1.0,T3178,1,stop,505,0,0,0,0,0,0,0,0,0,0,0,0,0,0,0
instruct-1.0,T3179,1,length,790,0,0,0,0,0,0,0,0,0,0,0,0,0,0,0
instruct-1.0,T3180,1,stop,702,0,0,0,0,0,0,0,0,1,0,0,0,0,0,0
instruct-1.0,T3181,1,stop,748,0,0,0,0,0,0,0,0,1,0,0,0,0,0,0
instruct-1.0,T3182,1,length,767,0,0,0,0,0,0,0,0,0,0,0,0,0,0,0
instruct-1.0,T3183,1,length,788,0,0,0,0,0,0,0,0,0,0,0,0,0,0,0
instruct-1.0,T3184,1,length,780,0,0,1,0,0,0,0,0,0,0,0,0,0,0,0
instruct-1.0,T3185,1,stop,471,0,0,0,0,0,0,0,0,1,0,0,0,0,0,0
instruct-1.0,T3186,1,length,795,0,0,0,0,0,0,0,0,0,0,0,0,0,0,0
instruct-1.0,T3187,1,stop,711,0,0,0,0,0,0,0,0,1,0,0,0,0,0,0
instruct-1.0,T3188,1,stop,633,0,0,0,0,0,0,0,0,1,0,0,0,0,0,0
instruct-1.0,T3189,1,stop,548,0,0,0,0,0,0,0,0,0,0,0,0,0,0,0
instruct-1.0,T3190,1,stop,486,0,0,0,0,0,0,0,0,0,0,0,0,0,0,0
instruct-1.0,T3191,1,stop,747,1,0,0,0,0,0,0,0,0,1,0,0,0,0,0
instruct-1.0,T3192,1,stop,731,0,0,0,0,0,0,0,0,1,0,0,0,0,0,0
instruct-1.0,T3193,1,length,760,0,0,0,0,0,0,0,0,0,0,0,0,0,0,0
instruct-1.0,T3194,1,stop,454,0,0,0,0,0,0,0,0,0,1,0,0,0,0,0
instruct-1.0,T3195,1,length,783,0,0,0,0,0,0,0,0,1,0,0,0,0,0,0
instruct-1.0,T3196,1,length,734,0,0,0,0,0,0,0,0,0,0,0,0,0,0,0
instruct-1.0,T3197,1,stop,524,0,0,0,0,0,0,0,0,1,0,0,0,0,0,0
instruct-1.0,T3198,1,stop,455,0,0,0,0,0,0,0,0,0,0,0,0,0,0,0
instruct-1.0,T3199,1,stop,670,0,0,0,0,0,0,0,0,0,0,0,0,0,0,0
instruct-1.0,T3200,1,length,760,0,0,0,0,0,0,0,0,0,0,0,0,0,0,0
instruct-1.0,T3201,1,stop,702,0,0,0,0,0,0,0,0,2,0,0,0,0,0,0
instruct-1.0,T3202,1,stop,791,0,0,0,0,0,0,0,0,1,0,0,0,0,0,0
instruct-1.0,T3203,1,stop,707,0,0,0,0,0,0,0,0,0,0,0,0,0,0,0
instruct-1.0,T3204,1,stop,707,0,0,0,0,0,0,0,0,0,0,0,0,0,0,0
instruct-1.0,T3205,1,stop,716,0,0,0,0,0,0,0,0,0,0,0,0,0,0,0
instruct-1.0,T3206,1,stop,719,0,0,0,0,0,0,0,0,1,0,0,0,0,0,0
instruct-1.0,T3207,1,stop,733,0,0,0,0,0,0,0,0,0,0,0,0,0,0,0
instruct-1.0,T3208,1,stop,695,0,0,0,0,0,0,0,0,2,0,0,0,0,0,0
instruct-1.0,T3209,1,stop,579,0,0,0,0,0,0,0,0,1,0,0,0,0,0,0
instruct-1.0,T3210,1,stop,706,0,0,0,0,0,0,0,0,0,0,0,0,0,0,0
instruct-1.0,T3211,1,stop,754,0,0,0,0,0,0,0,0,0,0,0,0,0,0,0
instruct-1.0,T3212,1,length,811,0,0,1,0,0,0,0,0,0,0,0,0,1,0,0
instruct-1.0,T3213,1,length,758,0,0,0,0,0,0,0,0,0,0,0,0,0,0,0
instruct-1.0,T3214,1,stop,595,0,0,0,0,0,0,0,0,1,0,0,0,0,0,0
instruct-1.0,T3215,1,stop,594,0,0,0,0,0,0,0,0,0,0,0,0,0,0,0
instruct-1.0,T3216,1,length,801,0,0,0,0,0,0,0,0,1,0,0,0,0,0,0
instruct-1.0,T3217,1,stop,790,0,0,0,0,0,0,0,0,0,0,0,0,0,0,0
instruct-1.0,T3218,1,stop,767,0,0,0,0,0,0,0,0,0,0,0,0,1,0,0
instruct-1.0,T3219,1,stop,660,0,0,0,0,0,0,0,0,1,0,0,0,0,0,0
instruct-1.0,T3220,1,length,778,0,0,0,0,0,0,0,0,1,0,0,0,0,0,0
instruct-1.0,T3221,1,length,728,0,0,0,0,0,0,0,0,0,0,0,0,0,0,0
instruct-1.0,T3222,1,length,760,0,0,0,0,0,0,0,0,0,0,0,0,0,0,0
instruct-1.0,T3223,1,stop,705,0,0,0,0,0,0,0,0,1,0,0,0,0,0,0
instruct-1.0,T3224,1,stop,694,0,0,0,0,0,0,0,0,1,1,0,0,0,1,0
instruct-1.0,T3225,1,length,683,0,0,0,0,0,0,0,0,1,0,0,0,0,0,0
instruct-1.0,T3226,1,stop,516,0,0,0,0,0,0,0,0,0,0,0,0,0,0,0
instruct-1.0,T3227,1,stop,728,0,0,0,0,0,0,1,0,0,0,0,0,0,0,0
instruct-1.0,T3228,1,stop,620,0,0,0,0,0,0,0,0,0,0,0,0,0,0,0
instruct-1.0,T3229,1,stop,518,0,0,0,0,0,0,0,0,0,0,0,0,0,0,0
instruct-1.0,T3230,1,stop,784,0,0,0,0,0,0,0,0,0,0,0,0,0,0,0
instruct-1.0,T3231,1,length,755,0,0,0,0,0,0,0,0,0,0,0,0,0,0,0
instruct-1.0,T3232,1,stop,690,0,0,0,0,0,0,1,0,1,0,0,0,0,0,0
instruct-1.0,T3233,1,stop,633,0,0,0,0,0,0,0,0,0,0,0,0,0,0,0
instruct-1.0,T3234,1,length,802,0,0,0,0,0,0,0,0,0,0,0,0,0,0,0
instruct-1.0,T3235,1,stop,399,0,0,0,0,0,0,0,0,1,0,0,0,0,0,0
instruct-1.0,T3236,1,stop,627,0,0,0,0,0,0,0,0,2,0,0,0,0,0,0
instruct-1.0,T3237,1,stop,724,0,0,0,0,0,0,0,0,1,0,0,0,0,0,0
instruct-1.0,T3238,1,stop,721,0,0,0,0,0,0,0,0,2,0,0,0,0,0,0
instruct-1.0,T3239,1,stop,515,0,0,0,0,0,0,0,0,0,0,0,0,0,0,0
instruct-1.0,T3240,1,length,755,0,0,0,0,0,0,0,0,0,0,0,0,0,0,0
instruct-1.0,T3241,1,stop,781,0,0,0,0,0,0,0,0,0,0,0,0,0,0,0
instruct-1.0,T3242,1,stop,612,0,0,0,0,0,0,0,0,1,0,0,0,0,0,0
instruct-1.0,T3243,1,stop,557,0,0,0,0,0,0,0,0,0,0,0,0,0,0,0
instruct-1.0,T3244,1,stop,704,0,0,0,0,0,0,0,0,0,0,0,0,0,0,0
instruct-1.0,T3245,1,length,696,0,0,0,0,0,0,0,0,0,0,0,0,0,0,0
instruct-1.0,T3246,1,stop,549,0,0,0,0,0,0,0,0,1,0,0,0,0,0,0
instruct-1.0,T3247,1,stop,606,0,0,0,0,0,0,0,0,0,0,0,0,0,0,0
instruct-1.0,T3248,1,length,800,0,0,0,0,0,0,0,0,0,0,0,0,0,0,0
instruct-1.0,T3249,1,length,661,0,0,0,0,0,0,0,0,0,0,0,0,0,0,0
instruct-1.0,T3250,1,stop,718,0,0,0,0,0,0,0,0,2,0,0,0,0,0,0
instruct-1.0,T3251,1,stop,733,0,0,0,0,0,0,0,0,1,0,0,0,0,0,0
instruct-1.0,T3252,1,stop,702,0,0,0,0,0,0,0,0,0,1,0,0,0,0,0
instruct-1.0,T3253,1,length,807,1,0,0,0,0,0,0,0,0,0,0,0,0,0,0
instruct-1.0,T3254,1,stop,714,0,0,0,0,0,0,0,0,0,0,0,0,0,0,0
instruct-1.0,T3255,1,length,719,0,0,0,0,0,0,0,0,1,0,0,0,0,0,0
instruct-1.0,T3256,1,stop,458,0,0,0,0,0,0,0,0,1,0,0,0,0,0,0
instruct-1.0,T3257,1,stop,623,0,0,0,0,0,0,0,0,0,0,0,0,0,0,0
instruct-1.0,T3258,1,stop,513,0,0,0,0,0,0,0,0,1,0,0,0,0,0,0
instruct-1.0,T3259,1,stop,583,0,0,0,0,0,0,0,0,1,0,0,0,0,0,0
instruct-1.0,T3260,1,length,675,0,0,0,0,0,0,0,0,0,0,0,0,0,0,0
instruct-1.0,T3261,1,stop,626,1,0,0,0,0,0,0,0,0,0,0,0,0,0,0
instruct-1.0,T3262,1,stop,426,0,0,0,0,0,0,0,0,0,0,0,0,0,0,0
instruct-1.0,T3263,1,stop,562,0,0,0,0,0,0,0,0,1,0,0,0,0,0,0
instruct-1.0,T3264,1,length,804,0,0,0,0,0,0,0,0,0,0,0,0,0,0,0
instruct-1.0,T3265,1,stop,584,0,0,0,0,0,0,0,0,0,0,0,0,0,0,0
instruct-1.0,T3266,1,stop,670,0,0,0,0,0,0,0,0,1,0,0,0,0,0,0
instruct-1.0,T3267,1,stop,824,0,0,0,0,0,0,0,0,0,0,0,0,0,0,0
instruct-1.0,T3268,1,stop,691,0,0,0,0,0,0,0,0,0,0,0,0,0,0,0
instruct-1.0,T3269,1,stop,412,0,0,0,0,0,0,0,0,0,0,0,0,0,0,0
instruct-1.0,T3270,1,stop,549,0,0,0,0,0,0,0,0,0,0,0,0,0,0,0
instruct-1.0,T3271,1,stop,734,0,0,0,0,0,0,1,0,0,0,0,0,0,0,0
instruct-1.0,T3272,1,stop,549,0,0,0,0,0,0,0,0,0,0,0,0,0,0,0
instruct-1.0,T3273,1,length,789,1,0,0,0,0,0,1,0,0,0,0,0,0,0,0
instruct-1.0,T3274,1,stop,636,0,0,0,0,0,0,0,0,1,0,0,0,0,0,0
instruct-1.0,T3275,1,length,794,0,0,0,0,0,0,0,0,0,0,0,0,0,0,0
instruct-1.0,T3276,1,stop,688,0,0,0,0,0,0,0,0,1,0,0,0,0,0,0
instruct-1.0,T3277,1,stop,679,0,0,0,0,0,0,0,0,0,0,0,0,0,0,0
instruct-1.0,T3278,1,stop,632,0,0,0,0,0,0,0,0,0,0,0,0,0,0,0
instruct-1.0,T3279,1,stop,553,0,0,0,0,0,0,0,0,0,0,0,0,0,0,0
instruct-1.0,T3280,1,stop,641,0,0,0,0,0,0,0,0,1,0,0,0,0,0,0
instruct-1.0,T3281,1,stop,712,0,0,0,0,0,0,0,0,0,0,0,0,0,0,0
instruct-1.0,T3282,1,stop,583,0,0,0,0,0,0,0,1,0,0,0,0,0,0,0
instruct-1.0,T3283,1,stop,517,0,0,0,0,0,0,0,0,0,0,0,0,0,0,0
instruct-1.0,T3284,1,stop,452,0,0,0,0,0,0,0,0,0,0,0,0,0,0,0
instruct-1.0,T3285,1,length,753,0,0,0,0,0,0,0,0,0,0,0,0,0,0,0
instruct-1.0,T3286,1,length,797,0,0,0,0,0,0,0,0,1,0,0,0,0,0,0
instruct-1.0,T3287,1,stop,725,0,0,0,0,0,0,0,0,1,0,0,0,0,0,0
instruct-1.0,T3288,1,length,697,0,0,0,0,0,0,1,0,0,0,0,0,0,0,0
instruct-1.0,T3289,1,length,767,0,0,0,0,0,0,0,0,0,0,0,0,0,0,0
instruct-1.0,T3290,1,length,773,0,0,0,0,0,0,0,0,2,0,0,0,0,0,0
instruct-1.0,T3291,1,stop,675,0,0,0,0,0,0,0,0,0,0,0,0,0,0,0
instruct-1.0,T3292,1,length,752,0,0,0,0,0,0,0,0,0,0,0,0,0,0,0
instruct-1.0,T3293,1,length,764,0,0,0,0,0,0,0,0,0,0,0,0,0,0,0
instruct-1.0,T3294,1,stop,632,0,0,0,0,0,0,0,0,0,0,0,0,0,0,0
instruct-1.0,T3295,1,stop,664,0,0,0,0,0,0,0,0,0,0,0,0,1,0,0
instruct-1.0,T3296,1,stop,622,0,0,0,0,0,0,0,1,1,0,0,0,0,0,0
instruct-1.0,T3297,1,length,727,0,0,0,0,0,0,0,0,0,0,0,0,0,0,0
instruct-1.0,T3298,1,stop,786,0,0,0,0,0,0,0,0,0,0,0,0,0,0,0
instruct-1.0,T3299,1,stop,724,0,0,0,0,0,0,0,0,1,0,0,0,0,0,0
instruct-1.0,T3300,1,length,816,0,0,0,0,0,0,0,0,0,0,0,0,0,0,0
instruct-1.0,T3301,1,stop,588,0,0,0,0,0,0,0,0,0,0,0,0,0,0,0
instruct-1.0,T3302,1,stop,704,0,0,0,0,0,0,0,0,0,0,0,0,0,0,0
instruct-1.0,T3303,1,length,738,0,0,0,0,0,0,0,0,1,0,0,0,0,0,0
instruct-1.0,T3304,1,stop,768,0,0,0,0,0,0,0,0,0,0,0,0,0,0,0
instruct-1.0,T3305,1,stop,677,0,0,0,0,0,0,0,0,1,0,0,0,0,0,0
instruct-1.0,T3306,1,stop,547,0,0,0,0,0,0,0,0,0,0,0,0,0,0,0
instruct-1.0,T3307,1,stop,794,0,0,0,0,0,0,0,0,0,0,0,0,0,0,0
instruct-1.0,T3308,1,stop,668,0,0,0,0,0,0,0,0,0,0,0,0,0,0,1
instruct-1.0,T3309,1,length,790,0,0,0,0,0,0,0,0,1,0,0,0,0,0,0
instruct-1.0,T3310,1,length,788,0,0,0,0,0,0,0,0,0,0,0,0,0,0,0
instruct-1.0,T3311,1,length,730,0,0,0,0,0,0,0,0,2,0,0,0,0,0,0
instruct-1.0,T3312,1,length,806,0,0,0,0,0,0,0,0,0,0,0,0,0,0,0
instruct-1.0,T3313,1,stop,648,0,0,0,0,0,0,0,0,0,0,0,0,1,0,0
instruct-1.0,T3314,1,length,790,0,0,0,0,0,0,0,0,0,0,0,0,0,0,0
instruct-1.0,T3315,1,stop,783,0,0,0,0,0,0,0,0,1,0,0,0,0,0,0
instruct-1.0,T3316,1,length,748,0,0,0,0,0,0,0,0,0,0,0,0,0,0,0
instruct-1.0,T3317,1,length,707,0,0,0,0,0,0,0,0,0,0,0,0,0,0,0
instruct-1.0,T3318,1,stop,709,0,0,0,0,0,0,0,0,0,0,0,0,0,0,0
instruct-1.0,T3319,1,stop,513,0,0,0,0,0,0,0,0,0,0,0,0,0,0,0
instruct-1.0,T3320,1,stop,663,0,0,0,0,0,0,0,0,1,0,0,0,0,0,0
instruct-1.0,T3321,1,stop,524,0,0,0,0,0,0,0,0,0,0,0,0,0,0,0
instruct-1.0,T3322,1,stop,687,0,0,0,0,0,0,0,0,1,0,0,0,0,0,0
instruct-1.0,T3323,1,stop,774,0,0,0,0,0,0,0,0,0,0,0,0,0,0,0
instruct-1.0,T3324,1,length,717,0,0,0,0,0,0,2,0,0,0,0,0,0,0,0
instruct-1.0,T3325,1,length,798,0,0,0,0,0,0,0,0,0,0,0,0,0,0,0
instruct-1.0,T3326,1,stop,591,0,0,0,0,0,0,0,0,0,0,0,0,0,0,0
instruct-1.0,T3327,1,stop,656,0,0,0,0,0,0,0,0,0,0,0,0,0,0,0
instruct-1.0,T3328,1,stop,758,0,0,0,0,0,0,0,0,0,0,0,0,0,0,0
instruct-1.0,T3329,1,length,760,0,0,0,0,0,0,0,0,0,0,0,0,0,0,0
instruct-1.0,T3330,1,length,764,0,0,0,0,0,0,0,0,1,1,0,0,0,0,0
instruct-1.0,T3331,1,stop,473,0,0,0,0,0,0,0,0,0,0,0,0,0,0,0
instruct-1.0,T3332,1,stop,564,0,0,0,0,0,0,0,0,1,0,0,0,0,0,0
instruct-1.0,T3333,1,stop,439,0,0,0,0,0,0,0,0,0,0,0,0,0,0,0
instruct-1.0,T3334,1,stop,654,0,0,1,0,0,0,0,0,0,0,0,0,0,0,0
instruct-1.0,T3335,1,stop,702,0,0,0,0,0,0,0,0,0,0,0,0,0,0,0
instruct-1.0,T3336,1,length,824,0,0,0,0,0,0,0,0,0,0,0,0,0,0,0
instruct-1.0,T3337,1,length,820,0,0,1,0,0,0,0,0,3,0,0,0,0,0,0
instruct-1.0,T3338,1,stop,622,0,0,0,0,0,0,0,0,1,0,0,0,0,0,0
instruct-1.0,T3339,1,stop,743,0,0,0,0,0,0,1,0,1,0,0,0,0,0,0
instruct-1.0,T3340,1,length,793,0,0,0,0,0,0,0,0,0,0,0,0,0,0,0
instruct-1.0,T3341,1,stop,496,0,0,0,0,0,0,0,0,0,0,0,0,0,0,0
instruct-1.0,T3342,1,stop,732,0,0,0,0,0,0,0,0,0,1,0,0,0,0,0
instruct-1.0,T3343,1,stop,759,0,0,0,0,0,0,0,0,3,0,0,0,0,0,0
instruct-1.0,T3344,1,stop,521,0,0,0,0,0,0,1,0,1,0,0,0,0,0,0
instruct-1.0,T3345,1,stop,550,0,0,1,0,0,0,0,0,0,0,0,0,0,0,0
instruct-1.0,T3346,1,stop,606,0,0,0,0,0,0,0,0,0,0,0,0,0,0,0
instruct-1.0,T3347,1,stop,630,0,0,0,0,0,0,0,0,0,0,0,0,0,0,0
instruct-1.0,T3348,1,stop,716,0,0,0,0,0,0,0,0,2,0,0,0,0,0,0
instruct-1.0,T3349,1,stop,701,0,0,0,0,0,0,0,0,0,0,0,0,0,0,0
instruct-1.0,T3350,1,length,750,0,0,0,0,0,0,0,0,1,0,0,0,0,0,0
instruct-1.0,T3351,1,stop,613,0,0,0,0,0,0,0,0,0,0,0,0,0,0,0
instruct-1.0,T3352,1,stop,588,0,0,0,0,0,0,1,0,2,0,0,0,0,0,0
instruct-1.0,T3353,1,stop,737,0,0,0,0,0,0,0,0,0,0,0,0,0,0,0
instruct-1.0,T3354,1,stop,814,0,0,0,0,0,0,0,0,0,0,0,0,0,1,0
instruct-1.0,T3355,1,length,680,0,0,0,0,0,0,0,0,1,0,0,0,0,0,0
instruct-1.0,T3356,1,stop,665,0,0,0,0,0,0,1,0,0,0,0,0,0,0,0
instruct-1.0,T3357,1,length,780,0,0,0,0,0,0,0,0,0,0,0,0,0,0,0
instruct-1.0,T3358,1,stop,600,0,0,0,0,0,0,0,0,3,0,0,0,0,0,0
instruct-1.0,T3359,1,stop,384,0,0,0,0,0,0,0,0,0,0,0,0,0,0,0
instruct-1.0,T3360,1,stop,441,1,0,0,0,0,0,0,0,0,0,0,0,0,0,0
instruct-1.0,T3361,1,length,728,0,0,0,0,0,0,0,0,0,0,0,0,0,0,0
instruct-1.0,T3362,1,length,735,0,0,0,0,0,0,0,0,0,0,0,0,0,0,0
instruct-1.0,T3363,1,stop,566,0,0,0,0,0,0,0,0,0,0,0,0,0,0,0
instruct-1.0,T3364,1,stop,704,0,0,1,0,0,0,0,0,0,0,0,0,0,0,0
instruct-1.0,T3365,1,stop,374,0,0,0,0,0,0,0,0,0,0,0,0,0,0,0
instruct-1.0,T3366,1,stop,614,0,0,0,0,0,0,0,0,0,0,0,0,0,0,0
instruct-1.0,T3367,1,length,789,0,0,0,0,0,0,0,0,0,1,0,0,0,0,0
instruct-1.0,T3368,1,length,723,0,0,0,0,0,0,0,0,0,0,0,0,0,0,0
instruct-1.0,T3369,1,length,769,0,0,0,0,0,0,0,0,0,1,0,0,0,0,0
instruct-1.0,T3370,1,length,798,0,0,0,0,0,0,0,0,0,0,0,0,0,0,0
instruct-1.0,T3371,1,stop,545,0,0,0,0,0,0,0,0,0,0,0,0,0,0,0
instruct-1.0,T3372,1,length,747,0,0,0,0,0,0,0,0,0,0,0,0,0,0,0
instruct-1.0,T3373,1,stop,773,0,0,0,0,0,0,0,0,0,0,0,0,0,0,0
instruct-1.0,T3374,1,length,745,0,0,0,0,0,0,0,0,0,0,0,0,0,0,0
instruct-1.0,T3375,1,length,784,0,0,0,0,0,0,0,0,0,0,0,0,0,0,0
instruct-1.0,T3376,1,stop,637,0,0,0,0,0,0,0,0,1,1,0,0,0,0,0
instruct-1.0,T3377,1,stop,680,0,0,0,0,0,0,0,0,1,0,0,0,0,0,0
instruct-1.0,T3378,1,length,776,0,0,0,0,0,0,0,0,0,0,0,0,0,0,0
instruct-1.0,T3379,1,length,760,0,0,0,0,0,0,0,0,0,0,0,0,0,0,0
instruct-1.0,T3380,1,stop,644,0,0,0,0,0,0,0,0,0,0,0,0,0,1,0
instruct-1.0,T3381,1,stop,759,0,0,0,0,0,0,0,0,1,0,0,0,0,0,0
instruct-1.0,T3382,1,stop,696,0,0,0,0,0,0,1,0,0,0,0,0,0,0,0
instruct-1.0,T3383,1,length,727,0,0,0,0,0,0,0,0,0,0,0,0,0,0,0
instruct-1.0,T3384,1,length,722,0,0,0,0,0,0,0,0,0,0,0,0,0,0,0
instruct-1.0,T3385,1,stop,584,0,0,0,0,0,0,0,0,0,0,0,0,0,0,0
instruct-1.0,T3386,1,stop,757,0,0,0,0,0,0,0,0,0,0,0,0,0,0,0
instruct-1.0,T3387,1,stop,707,0,0,0,0,0,0,0,0,0,0,0,0,0,0,0
instruct-1.0,T3388,1,stop,441,0,0,0,0,0,0,0,0,0,0,0,0,0,0,0
instruct-1.0,T3389,1,stop,488,0,0,0,0,0,0,0,0,0,0,0,0,0,0,0
instruct-1.0,T3390,1,length,787,0,0,0,0,0,0,0,0,0,0,0,0,0,0,0
instruct-1.0,T3391,1,length,742,0,0,0,0,0,0,0,0,0,0,0,0,0,0,0
instruct-1.0,T3392,1,stop,409,0,0,0,0,0,0,0,0,0,0,0,0,0,0,0
instruct-1.0,T3393,1,length,746,0,0,1,0,0,0,0,0,1,0,0,0,0,0,0
instruct-1.0,T3394,1,stop,351,0,0,0,0,0,0,0,0,1,0,0,0,0,0,0
instruct-1.0,T3395,1,length,733,0,0,0,0,0,0,0,0,0,0,0,0,0,0,1
instruct-1.0,T3396,1,length,777,0,0,0,0,0,0,0,0,2,0,0,0,0,0,0
instruct-1.0,T3397,1,length,759,0,0,0,0,0,0,0,0,1,0,0,0,0,0,0
instruct-1.0,T3398,1,stop,654,0,0,0,0,0,0,0,0,0,0,0,0,1,0,0
instruct-1.0,T3399,1,length,751,0,0,0,0,0,0,0,0,0,0,0,0,0,0,0
instruct-1.0,T3400,1,stop,480,0,0,0,0,0,0,0,0,1,0,0,0,0,0,0
instruct-1.0,T3401,1,stop,505,0,0,0,0,0,0,0,0,0,0,0,0,0,0,0
instruct-1.0,T3402,1,length,772,0,0,0,0,0,0,0,0,0,0,0,0,0,0,0
instruct-1.0,T3403,1,length,750,0,0,0,0,0,0,0,0,0,0,0,0,0,0,0
instruct-1.0,T3404,1,stop,737,0,0,0,0,0,0,0,0,0,0,0,0,1,0,0
instruct-1.0,T3405,1,stop,530,0,0,0,0,0,0,0,0,1,0,0,0,0,0,0
instruct-1.0,T3406,1,stop,701,0,0,0,0,0,0,0,0,0,0,0,0,0,0,0
instruct-1.0,T3407,1,length,685,0,0,0,0,0,0,0,0,0,0,0,0,0,0,0
instruct-1.0,T3408,1,stop,533,0,0,0,0,0,0,0,0,0,0,0,0,0,0,0
instruct-1.0,T3409,1,stop,737,0,0,0,0,0,0,0,0,0,0,0,0,0,0,0
instruct-1.0,T3410,1,stop,429,0,0,0,0,0,0,0,0,1,0,0,0,0,0,0
instruct-1.0,T3411,1,stop,673,0,0,0,0,0,0,0,0,0,0,0,0,0,0,0
instruct-1.0,T3412,1,stop,645,0,0,0,0,0,0,0,0,0,0,0,0,2,0,0
instruct-1.0,T3413,1,stop,747,0,0,0,0,0,0,0,0,0,0,0,0,0,0,0
instruct-1.0,T3414,1,length,768,0,0,0,0,0,0,0,0,0,0,0,0,0,0,0
instruct-1.0,T3415,1,stop,625,0,0,0,0,0,0,0,0,1,0,0,0,0,0,0
instruct-1.0,T3416,1,stop,763,0,0,0,0,0,0,0,0,1,0,0,0,0,0,0
instruct-1.0,T3417,1,length,667,0,0,0,0,0,0,0,0,0,0,0,0,0,0,0
instruct-1.0,T3418,1,length,792,0,0,0,0,0,0,0,0,0,0,0,0,0,0,0
instruct-1.0,T3419,1,length,764,1,0,0,0,0,0,0,0,0,0,0,0,0,0,0
instruct-1.0,T3420,1,stop,740,0,0,0,0,0,0,0,0,0,1,0,0,1,0,0
instruct-1.0,T3421,1,stop,739,0,0,0,0,0,0,0,0,0,0,0,0,0,0,0
instruct-1.0,T3422,1,stop,637,0,0,0,0,0,0,0,0,0,0,0,0,0,0,0
instruct-1.0,T3423,1,stop,736,0,0,0,0,0,0,0,0,0,0,0,0,0,0,0
instruct-1.0,T3424,1,stop,597,0,0,0,0,0,0,0,0,0,0,0,0,0,0,0
instruct-1.0,T3425,1,stop,760,0,0,0,0,0,0,0,0,1,0,0,0,0,0,0
instruct-1.0,T3426,1,stop,674,0,0,0,0,0,0,0,0,0,0,0,0,0,0,0
instruct-1.0,T3427,1,stop,660,0,0,0,0,0,0,0,0,0,0,0,0,0,0,0
instruct-1.0,T3428,1,stop,547,0,0,0,0,0,0,0,0,3,0,0,0,0,0,0
instruct-1.0,T3429,1,stop,484,0,0,0,0,0,0,0,0,1,0,0,0,0,0,0
instruct-1.0,T3430,1,stop,616,0,0,0,0,0,0,0,0,0,0,0,0,0,0,0
instruct-1.0,T3431,1,length,567,0,0,0,0,0,0,0,0,0,0,0,0,0,0,0
instruct-1.0,T3432,1,stop,369,0,0,0,0,0,0,0,0,0,0,0,0,0,0,0
instruct-1.0,T3433,1,stop,628,0,0,0,0,0,0,0,0,0,0,0,0,0,0,0
instruct-1.0,T3434,1,stop,721,0,0,0,0,0,0,0,0,0,0,0,0,0,0,0
instruct-1.0,T3435,1,stop,452,0,0,0,0,0,0,0,0,0,0,0,0,0,0,0
instruct-1.0,T3436,1,stop,636,0,0,0,0,0,0,0,0,0,0,0,0,0,0,0
instruct-1.0,T3437,1,length,811,0,0,0,0,0,0,1,0,0,0,0,0,0,0,0
instruct-1.0,T3438,1,stop,577,0,0,0,0,0,0,0,0,0,0,0,0,0,0,0
instruct-1.0,T3439,1,length,629,0,0,0,0,0,0,0,0,0,0,0,0,0,0,0
instruct-1.0,T3440,1,stop,691,0,0,1,0,0,0,0,0,0,0,0,0,0,0,0
instruct-1.0,T3441,1,stop,456,0,0,0,0,0,0,0,0,0,0,0,0,0,0,0
instruct-1.0,T3442,1,stop,714,0,0,0,0,0,0,0,0,0,0,0,0,0,0,1
instruct-1.0,T3443,1,length,769,0,0,0,0,0,0,0,1,0,0,0,0,0,0,0
instruct-1.0,T3444,1,stop,462,0,0,0,0,0,0,0,0,0,0,0,0,0,0,0
instruct-1.0,T3445,1,stop,724,1,0,0,0,0,0,0,0,0,0,0,0,1,0,0
instruct-1.0,T3446,1,length,784,0,0,0,0,0,0,0,0,0,0,0,0,0,0,0
instruct-1.0,T3447,1,length,778,0,0,0,0,0,0,0,0,1,0,0,0,0,0,0
instruct-1.0,T3448,1,stop,534,0,0,0,0,0,0,0,0,0,0,0,0,0,0,0
instruct-1.0,T3449,1,length,774,0,0,0,0,0,0,0,0,0,0,0,0,0,0,0
instruct-1.0,T3450,1,stop,715,0,0,0,0,0,0,0,0,0,0,0,0,0,0,0
instruct-1.0,T3451,1,length,789,0,0,0,0,0,0,1,0,0,0,0,0,0,0,0
instruct-1.0,T3452,1,stop,725,0,0,0,0,0,0,0,0,0,0,0,0,0,0,0
instruct-1.0,T3453,1,stop,745,0,0,0,0,0,0,0,0,2,0,0,0,0,0,0
instruct-1.0,T3454,1,stop,510,0,0,0,0,0,0,0,0,0,0,0,0,0,0,0
instruct-1.0,T3455,1,length,764,0,0,0,0,0,0,0,0,0,0,0,0,1,0,0
instruct-1.0,T3456,1,stop,573,0,0,0,0,0,0,0,0,0,0,0,0,0,0,0
instruct-1.0,T3457,1,length,766,0,0,0,0,0,0,0,0,0,0,0,0,0,0,0
instruct-1.0,T3458,1,length,694,0,0,0,0,0,0,0,0,0,0,0,0,0,0,0
instruct-1.0,T3459,1,stop,613,0,0,0,0,0,0,0,0,0,0,0,0,0,0,0
instruct-1.0,T3460,1,stop,520,0,0,0,0,0,0,0,0,0,0,0,0,0,0,0
instruct-1.0,T3461,1,stop,440,0,0,0,0,0,0,0,0,0,0,0,0,0,0,0
instruct-1.0,T3462,1,length,702,0,0,0,0,0,0,0,0,0,0,0,0,0,0,0
instruct-1.0,T3463,1,stop,685,0,0,0,0,0,0,0,0,1,0,0,0,0,0,0
instruct-1.0,T3464,1,stop,662,0,0,0,0,0,0,0,0,0,0,0,0,0,0,0
instruct-1.0,T3465,1,stop,462,0,0,0,0,0,0,1,0,2,0,0,0,0,0,0
instruct-1.0,T3466,1,length,745,0,0,0,0,0,0,0,0,0,0,0,0,0,0,0
instruct-1.0,T3467,1,length,746,0,0,0,0,0,0,0,0,0,0,0,0,0,0,0
instruct-1.0,T3468,1,length,708,0,0,0,0,0,0,0,0,0,0,0,0,0,0,0
instruct-1.0,T3469,1,stop,718,0,0,0,0,0,0,0,0,0,0,0,0,0,0,0
instruct-1.0,T3470,1,stop,705,0,0,0,0,0,0,0,0,0,0,0,0,0,0,0
instruct-1.0,T3471,1,stop,570,0,0,0,0,0,0,0,0,1,0,0,0,0,0,0
instruct-1.0,T3472,1,stop,620,0,0,1,0,0,0,0,0,0,0,0,0,0,0,0
instruct-1.0,T3473,1,length,815,0,0,0,0,0,0,0,0,0,0,0,0,0,0,0
instruct-1.0,T3474,1,stop,715,0,0,0,0,0,0,0,0,0,0,0,0,0,0,0
instruct-1.0,T3475,1,stop,610,0,0,0,0,0,0,0,0,1,0,0,0,0,0,0
instruct-1.0,T3476,1,length,724,0,0,0,0,0,0,0,0,0,0,0,0,0,0,0
instruct-1.0,T3477,1,stop,512,0,0,0,0,0,0,0,0,0,0,0,0,0,0,0
instruct-1.0,T3478,1,length,780,0,0,0,0,0,0,0,0,0,0,0,0,0,0,0
instruct-1.0,T3479,1,length,738,0,0,0,0,0,0,0,0,1,0,0,0,0,0,0
instruct-1.0,T3480,1,stop,656,0,0,0,0,0,0,0,0,0,0,0,0,0,0,0
instruct-1.0,T3481,1,stop,602,0,0,0,0,0,0,0,0,0,0,0,0,0,0,0
instruct-1.0,T3482,1,length,801,0,0,0,0,0,0,0,0,0,0,0,0,0,0,0
instruct-1.0,T3483,1,stop,573,0,0,0,0,0,0,1,0,0,0,0,0,0,0,0
instruct-1.0,T3484,1,length,742,0,0,0,0,0,0,0,0,0,0,0,0,0,0,0
instruct-1.0,T3485,1,stop,701,0,0,0,0,0,0,0,0,0,0,0,0,0,0,0
instruct-1.0,T3486,1,stop,484,0,0,0,0,0,0,0,0,0,0,0,0,0,0,0
instruct-1.0,T3487,1,stop,605,0,0,0,0,0,0,0,0,0,1,0,0,0,0,0
instruct-1.0,T3488,1,stop,698,0,0,0,0,0,0,0,0,0,0,0,0,0,0,0
instruct-1.0,T3489,1,length,740,0,0,0,0,0,0,0,0,0,0,0,0,0,0,0
instruct-1.0,T3490,1,stop,655,0,0,0,0,0,0,0,0,0,0,0,0,0,0,0
instruct-1.0,T3491,1,stop,644,0,0,0,0,0,0,0,0,0,0,0,0,0,0,0
instruct-1.0,T3492,1,stop,658,0,0,0,0,0,0,0,0,0,0,0,0,0,0,0
instruct-1.0,T3493,1,length,734,0,0,0,0,0,0,0,0,0,0,0,0,0,0,0
instruct-1.0,T3494,1,stop,660,0,0,0,0,0,0,0,0,0,0,0,0,0,0,0
instruct-1.0,T3495,1,stop,744,0,0,0,0,0,0,0,0,0,0,0,0,0,0,0
instruct-1.0,T3496,1,length,762,0,0,0,0,0,0,1,0,0,0,0,0,0,0,0
instruct-1.0,T3497,1,stop,570,1,0,0,0,0,0,0,0,1,0,0,0,0,0,0
instruct-1.0,T3498,1,stop,537,0,0,0,0,0,0,0,0,1,0,0,0,0,0,0
instruct-1.0,T3499,1,stop,686,0,0,0,0,0,0,1,0,2,0,0,0,0,0,0
instruct-1.0,T3500,1,stop,669,0,0,0,0,0,0,0,0,0,2,0,0,0,0,0
instruct-1.0,T3501,1,stop,526,0,0,0,0,0,0,0,0,0,0,0,0,0,0,0
instruct-1.0,T3502,1,stop,497,0,0,0,0,0,0,0,0,1,0,0,0,0,0,0
instruct-1.0,T3503,1,stop,595,0,0,0,0,0,0,0,0,1,0,0,0,0,0,0
instruct-1.0,T3504,1,stop,780,0,0,0,0,0,0,0,0,0,0,0,0,0,0,0
instruct-1.0,T3505,1,stop,683,0,0,0,0,0,0,0,0,0,0,0,0,0,0,0
instruct-1.0,T3506,1,length,744,0,0,0,0,0,0,0,0,1,0,0,0,0,0,0
instruct-1.0,T3507,1,stop,518,0,0,0,0,0,0,0,0,1,0,0,0,7,0,0
instruct-1.0,T3508,1,length,763,0,0,0,0,0,0,0,0,0,0,0,0,0,0,0
instruct-1.0,T3509,1,stop,571,0,0,0,0,0,0,0,0,0,0,0,0,0,0,0
instruct-1.0,T3510,1,stop,584,0,0,0,0,0,0,0,0,0,0,0,0,0,0,0
instruct-1.0,T3511,1,length,768,0,0,0,0,0,0,0,0,1,0,0,0,0,0,0
instruct-1.0,T3512,1,length,730,0,0,0,0,0,0,0,0,0,0,0,0,0,0,0
instruct-1.0,T3513,1,stop,629,0,0,0,0,0,0,0,0,0,0,0,0,0,0,0
instruct-1.0,T3514,1,stop,685,0,0,0,0,0,0,0,0,0,0,0,0,0,0,0
instruct-1.0,T3515,1,length,786,0,0,0,0,0,0,0,0,1,0,0,0,0,0,0
instruct-1.0,T3516,1,length,767,0,0,1,0,0,0,0,0,0,0,0,0,0,0,0
instruct-1.0,T3517,1,length,747,0,0,0,0,0,0,0,0,2,0,0,0,0,0,0
instruct-1.0,T3518,1,stop,723,0,0,0,0,0,0,0,0,0,0,0,0,0,0,0
instruct-1.0,T3519,1,stop,565,0,0,0,0,0,0,0,0,0,0,0,0,0,0,0
instruct-1.0,T3520,1,stop,761,0,0,0,0,0,0,0,0,0,0,0,0,0,0,0
instruct-1.0,T3521,1,stop,699,0,0,0,0,0,0,0,0,0,0,0,0,0,0,0
instruct-1.0,T3522,1,stop,542,0,0,0,0,0,0,0,0,0,0,0,0,0,0,0
instruct-1.0,T3523,1,stop,514,0,0,0,0,0,0,2,0,0,0,0,0,0,0,0
instruct-1.0,T3524,1,length,748,0,0,0,0,0,0,0,0,0,0,0,0,0,0,0
instruct-1.0,T3525,1,stop,532,0,0,0,0,0,0,0,0,0,0,0,0,0,0,0
instruct-1.0,T3526,1,stop,747,0,0,0,0,0,0,0,0,0,0,0,0,0,0,0
instruct-1.0,T3527,1,stop,297,0,0,0,0,0,0,0,0,1,0,0,0,0,0,0
instruct-1.0,T3528,1,stop,650,0,0,0,0,0,0,0,0,0,0,0,0,0,0,0
instruct-1.0,T3529,1,stop,432,0,0,0,0,0,0,0,0,0,0,0,0,1,0,0
instruct-1.0,T3530,1,stop,657,0,0,0,0,0,0,0,0,0,0,0,0,0,0,0
instruct-1.0,T3531,1,stop,703,0,0,0,0,0,0,0,0,0,0,0,0,0,0,0
instruct-1.0,T3532,1,stop,451,0,0,0,0,0,0,0,0,1,0,0,0,0,0,0
instruct-1.0,T3533,1,stop,659,0,0,0,0,0,0,0,0,0,0,0,0,0,0,0
instruct-1.0,T3534,1,stop,558,0,0,0,0,0,0,0,0,0,1,0,0,0,0,0
instruct-1.0,T3535,1,stop,498,0,0,0,0,0,0,0,0,0,0,0,0,0,0,0
instruct-1.0,T3536,1,stop,754,0,0,0,0,0,0,0,0,0,0,0,0,0,0,0
instruct-1.0,T3537,1,stop,543,0,0,0,0,0,0,0,0,0,0,0,0,0,0,0
instruct-1.0,T3538,1,stop,704,0,0,0,0,0,0,0,0,1,0,0,0,0,0,0
instruct-1.0,T3539,1,stop,515,0,0,0,0,0,0,0,0,0,0,0,0,0,0,0
instruct-1.0,T3540,1,length,684,0,0,0,0,0,0,0,0,0,0,0,0,0,0,0
instruct-1.0,T3541,1,stop,589,0,0,0,0,0,0,0,0,0,0,0,0,0,0,0
instruct-1.0,T3542,1,stop,723,0,0,0,0,0,0,1,0,0,0,0,0,0,0,0
instruct-1.0,T3543,1,stop,673,0,0,0,0,0,0,0,0,0,0,0,0,0,0,0
instruct-1.0,T3544,1,stop,472,0,0,0,0,0,0,0,0,0,0,0,0,0,0,0
instruct-1.0,T3545,1,stop,764,0,0,0,0,0,0,0,0,0,0,0,0,0,0,0
instruct-1.0,T3546,1,stop,608,0,0,0,0,0,0,0,0,0,0,0,0,0,0,0
instruct-1.0,T3547,1,length,798,0,0,0,0,0,0,0,0,0,0,0,0,0,0,0
instruct-1.0,T3548,1,stop,776,0,0,0,0,0,0,0,0,1,0,0,0,0,0,0
instruct-1.0,T3549,1,stop,721,0,0,0,0,0,0,0,0,0,0,0,0,0,0,0
instruct-1.0,T3550,1,stop,747,0,0,0,0,0,0,1,0,4,0,0,0,0,0,0
instruct-1.0,T3551,1,length,805,0,0,0,0,0,0,0,0,1,0,0,0,0,0,0
instruct-1.0,T3552,1,stop,676,0,0,0,0,0,0,0,0,0,0,0,0,0,0,0
instruct-1.0,T3553,1,stop,573,0,0,0,0,0,0,0,0,1,0,0,0,0,0,0
instruct-1.0,T3554,1,stop,753,0,0,0,0,0,0,0,0,0,0,0,0,0,0,0
instruct-1.0,T3555,1,stop,668,0,0,0,0,0,0,0,0,2,0,0,0,0,0,0
instruct-1.0,T3556,1,stop,809,0,0,1,0,0,0,0,0,0,0,0,0,0,0,0
instruct-1.0,T3557,1,stop,575,0,0,0,0,0,0,0,0,0,0,0,0,1,0,0
instruct-1.0,T3558,1,length,701,0,0,0,0,0,0,0,0,0,0,0,0,0,0,0
instruct-1.0,T3559,1,length,802,0,0,0,0,0,0,0,0,0,0,0,0,0,0,0
instruct-1.0,T3560,1,stop,660,0,0,0,0,0,0,0,0,3,0,0,0,0,0,0
instruct-1.0,T3561,1,length,757,0,0,0,0,0,0,0,0,0,0,0,0,0,0,0
instruct-1.0,T3562,1,stop,592,0,0,0,0,0,0,0,0,0,0,0,0,0,0,0
instruct-1.0,T3563,1,length,765,0,0,0,0,0,0,0,0,2,0,0,0,0,0,0
instruct-1.0,T3564,1,stop,773,0,0,0,0,0,0,0,1,1,0,0,0,0,0,0
instruct-1.0,T3565,1,stop,716,0,0,0,0,0,0,0,0,0,0,0,0,0,0,0
instruct-1.0,T3566,1,stop,793,0,0,0,0,0,0,0,0,0,0,0,0,0,0,0
instruct-1.0,T3567,1,length,771,0,0,0,0,0,0,0,0,0,0,0,0,0,0,0
instruct-1.0,T3568,1,stop,771,0,0,0,0,0,0,0,0,0,0,0,0,0,0,0
instruct-1.0,T3569,1,stop,734,0,0,0,0,0,0,0,0,0,0,0,0,0,0,0
instruct-1.0,T3570,1,stop,712,0,0,0,0,0,0,0,0,0,0,0,0,0,0,0
instruct-1.0,T3571,1,length,721,0,0,0,0,0,0,0,0,0,0,0,0,0,0,0
instruct-1.0,T3572,1,stop,521,0,0,0,0,0,0,0,0,0,0,0,0,0,0,0
instruct-1.0,T3573,1,stop,677,0,0,0,0,0,0,0,0,0,0,0,0,0,0,0
instruct-1.0,T3574,1,length,827,0,0,0,0,0,0,0,0,0,0,0,0,0,0,0
instruct-1.0,T3575,1,stop,516,0,0,0,0,0,0,0,0,0,0,0,0,0,0,0
instruct-1.0,T3576,1,stop,744,0,0,0,0,0,0,0,0,0,0,0,0,0,0,0
instruct-1.0,T3577,1,stop,664,0,0,0,0,0,0,0,0,0,0,0,0,0,1,0
instruct-1.0,T3578,1,length,739,0,0,0,0,0,0,0,0,1,0,0,0,0,0,0
instruct-1.0,T3579,1,stop,709,0,0,0,0,0,0,0,0,0,0,0,0,0,0,0
instruct-1.0,T3580,1,stop,731,0,0,0,0,0,0,1,0,0,0,0,0,0,0,0
instruct-1.0,T3581,1,stop,701,0,0,0,0,0,0,0,0,3,0,0,0,0,0,0
instruct-1.0,T3582,1,stop,779,0,0,0,0,0,0,0,0,0,0,0,0,0,0,0
instruct-1.0,T3583,1,stop,541,0,0,0,0,0,0,0,0,0,0,0,0,0,0,0
instruct-1.0,T3584,1,length,708,0,0,1,0,0,0,0,0,0,0,0,0,0,0,0
instruct-1.0,T3585,1,stop,497,0,0,0,0,0,0,0,0,0,0,0,0,0,0,0
instruct-1.0,T3586,1,length,742,0,0,1,0,0,0,0,0,0,0,0,0,0,0,0
instruct-1.0,T3587,1,length,700,0,0,0,0,0,0,0,0,0,1,0,0,0,0,0
instruct-1.0,T3588,1,stop,581,0,0,0,0,0,0,0,0,0,0,0,0,0,0,0
instruct-1.0,T3589,1,stop,671,0,0,1,0,0,0,0,0,0,0,0,0,0,0,0
instruct-1.0,T3590,1,stop,637,0,0,0,0,0,0,0,0,0,0,0,0,0,0,0
instruct-1.0,T3591,1,stop,282,0,0,0,0,0,0,0,0,0,0,0,0,0,0,0
instruct-1.0,T3592,1,length,741,0,0,0,0,0,0,0,0,0,0,0,0,0,0,0
instruct-1.0,T3593,1,length,666,0,0,0,0,0,0,0,0,0,0,0,0,0,0,0
instruct-1.0,T3594,1,stop,698,0,0,0,0,0,0,0,0,0,0,0,0,0,0,0
instruct-1.0,T3595,1,stop,542,0,0,1,0,0,0,0,0,0,1,0,0,0,0,0
instruct-1.0,T3596,1,stop,503,0,0,0,0,0,0,0,0,0,0,0,0,0,0,0
instruct-1.0,T3597,1,stop,641,0,0,0,0,0,0,1,0,0,0,0,0,0,0,0
instruct-1.0,T3598,1,length,725,0,0,0,0,0,0,1,0,0,0,0,0,0,0,0
instruct-1.0,T3599,1,stop,682,0,0,0,0,0,0,0,0,0,0,0,0,0,0,0
instruct-1.0,T3600,1,stop,785,0,0,0,0,0,0,1,0,2,0,0,0,1,0,0
instruct-1.0,T3601,1,stop,650,0,0,0,0,0,0,0,0,2,0,0,0,0,0,0
instruct-1.0,T3602,1,length,831,0,0,0,0,0,0,0,0,0,1,0,0,1,0,0
instruct-1.0,T3603,1,length,734,0,0,0,0,0,0,0,0,0,0,0,0,0,0,0
instruct-1.0,T3604,1,length,733,0,0,0,0,0,0,0,0,0,0,0,0,0,0,0
instruct-1.0,T3605,1,length,694,0,0,0,0,0,0,0,0,0,0,0,0,0,0,0
instruct-1.0,T3606,1,length,726,0,0,0,0,0,0,0,1,0,0,0,0,0,0,0
instruct-1.0,T3607,1,stop,790,0,0,0,0,0,0,0,0,3,0,0,0,0,0,0
instruct-1.0,T3608,1,stop,474,0,0,0,0,0,0,0,0,0,0,0,0,0,0,0
instruct-1.0,T3609,1,stop,646,0,0,0,0,0,0,0,0,0,0,0,0,0,0,0
instruct-1.0,T3610,1,stop,736,0,0,0,0,0,0,0,0,3,0,0,0,0,0,0
instruct-1.0,T3611,1,stop,587,0,0,0,0,0,0,0,0,1,0,0,0,0,0,0
instruct-1.0,T3612,1,stop,489,0,0,0,0,0,0,0,0,1,0,0,0,0,0,0
instruct-1.0,T3613,1,stop,830,1,0,1,0,0,0,0,0,1,0,0,0,0,0,0
instruct-1.0,T3614,1,stop,786,0,0,0,0,0,0,0,0,0,0,0,0,0,0,0
instruct-1.0,T3615,1,stop,673,0,0,0,0,0,0,0,0,2,0,0,0,0,0,0
instruct-1.0,T3616,1,stop,707,0,0,0,0,0,0,0,0,1,0,0,0,0,0,0
instruct-1.0,T3617,1,stop,589,0,0,0,0,0,0,1,0,1,0,0,0,0,0,0
instruct-1.0,T3618,1,stop,466,0,0,0,0,0,0,0,0,0,0,0,0,0,0,0
instruct-1.0,T3619,1,stop,641,0,0,0,0,0,0,0,0,0,0,0,0,0,0,0
instruct-1.0,T3620,1,stop,512,0,0,0,0,0,0,0,0,1,0,0,0,0,0,0
instruct-1.0,T3621,1,stop,685,0,0,0,0,0,0,0,0,0,0,0,0,0,0,0
instruct-1.0,T3622,1,stop,515,0,0,0,0,0,0,0,0,2,0,0,0,0,0,0
instruct-1.0,T3623,1,stop,533,0,0,0,0,0,0,0,0,1,0,0,0,0,0,0
instruct-1.0,T3624,1,stop,470,0,0,0,0,0,0,0,0,1,0,0,0,0,0,0
instruct-1.0,T3625,1,stop,722,0,0,0,0,0,0,0,0,0,1,0,0,0,0,0
instruct-1.0,T3626,1,length,718,0,0,0,0,0,0,0,0,0,0,0,0,0,0,0
instruct-1.0,T3627,1,length,739,0,0,0,0,0,0,0,0,0,0,0,0,0,0,0
instruct-1.0,T3628,1,stop,400,0,0,0,0,0,0,1,0,0,0,0,0,0,0,0
instruct-1.0,T3629,1,length,785,0,0,0,0,0,0,0,0,0,0,0,0,0,0,0
instruct-1.0,T3630,1,stop,772,0,0,0,0,0,0,0,0,0,0,0,0,0,0,0
instruct-1.0,T3631,1,stop,714,0,0,0,0,0,0,0,0,0,0,0,0,0,0,0
instruct-1.0,T3632,1,length,727,0,0,0,0,0,0,0,0,0,0,0,0,0,0,0
instruct-1.0,T3633,1,stop,814,0,0,0,0,0,0,0,0,0,0,0,0,0,0,0
instruct-1.0,T3634,1,stop,526,0,0,0,0,0,0,0,0,0,0,0,0,0,0,0
instruct-1.0,T3635,1,length,757,0,0,0,0,0,0,0,0,0,1,0,0,0,0,0
instruct-1.0,T3636,1,length,753,0,0,0,0,0,0,0,0,1,0,0,0,0,0,0
instruct-1.0,T3637,1,stop,663,0,0,0,0,0,0,0,0,0,0,0,0,0,0,0
instruct-1.0,T3638,1,stop,669,0,0,0,0,0,0,0,0,1,0,0,0,0,0,0
instruct-1.0,T3639,1,length,693,0,0,1,0,0,0,0,0,0,0,0,0,0,0,0
instruct-1.0,T3640,1,length,729,0,0,0,0,0,0,0,0,2,0,0,0,0,0,0
instruct-1.0,T3641,1,stop,654,0,0,0,0,0,0,0,0,0,0,0,0,0,0,0
instruct-1.0,T3642,1,stop,717,0,0,0,0,0,0,1,0,0,0,0,0,0,0,0
instruct-1.0,T3643,1,stop,599,0,0,0,0,0,0,0,0,0,0,0,0,0,0,0
instruct-1.0,T3644,1,stop,447,0,0,0,0,0,0,0,0,0,0,0,0,0,0,0
instruct-1.0,T3645,1,stop,669,0,0,0,0,0,0,0,0,2,0,0,0,0,0,0
instruct-1.0,T3646,1,stop,794,0,0,0,0,0,0,0,0,0,0,0,0,0,0,0
instruct-1.0,T3647,1,stop,568,0,0,0,0,0,0,0,0,2,0,0,0,0,0,0
instruct-1.0,T3648,1,stop,593,0,0,0,0,0,0,0,0,0,0,0,0,0,0,0
instruct-1.0,T3649,1,stop,737,0,0,0,0,0,0,0,0,0,0,0,0,0,0,0
instruct-1.0,T3650,1,stop,359,0,0,0,0,0,0,0,0,0,0,0,0,0,0,0
instruct-1.0,T3651,1,stop,554,0,0,0,0,0,0,0,0,0,0,0,0,0,0,0
instruct-1.0,T3652,1,stop,616,0,0,0,0,0,0,0,0,0,0,0,0,0,0,0
instruct-1.0,T3653,1,stop,703,0,0,0,0,0,0,0,0,0,0,0,0,0,0,0
instruct-1.0,T3654,1,stop,474,0,0,0,0,0,0,0,0,0,0,0,0,0,0,0
instruct-1.0,T3655,1,stop,393,0,0,0,0,0,0,0,0,1,0,0,0,0,0,0
instruct-1.0,T3656,1,length,758,0,0,0,0,0,0,0,0,1,0,0,0,0,0,0
instruct-1.0,T3657,1,stop,656,0,0,0,0,0,0,0,0,0,0,0,0,0,0,0
instruct-1.0,T3658,1,stop,668,0,0,0,0,0,0,0,0,1,0,0,0,0,0,0
instruct-1.0,T3659,1,stop,568,0,0,0,0,0,0,0,0,0,0,0,0,0,0,0
instruct-1.0,T3660,1,length,799,0,0,0,0,0,0,0,0,0,0,0,0,0,0,0
instruct-1.0,T3661,1,length,732,0,0,0,0,0,0,0,0,0,0,0,0,0,0,0
instruct-1.0,T3662,1,stop,614,0,0,0,0,0,0,0,0,0,0,0,0,0,0,0
instruct-1.0,T3663,1,stop,698,0,0,0,0,0,0,0,0,0,0,0,0,0,0,0
instruct-1.0,T3664,1,stop,779,0,0,0,0,0,0,0,0,0,0,0,0,0,0,0
instruct-1.0,T3665,1,stop,593,0,0,0,0,0,0,0,0,1,0,0,0,0,0,0
instruct-1.0,T3666,1,length,755,0,0,0,0,0,0,0,0,0,0,0,0,0,0,0
instruct-1.0,T3667,1,length,710,0,0,0,0,0,0,0,0,0,0,0,0,0,0,0
instruct-1.0,T3668,1,stop,501,0,0,0,0,0,0,1,0,0,0,0,0,0,0,0
instruct-1.0,T3669,1,stop,680,0,0,0,0,0,0,0,0,1,0,0,0,0,0,0
instruct-1.0,T3670,1,length,728,0,0,0,0,0,0,0,0,0,0,0,0,0,0,0
instruct-1.0,T3671,1,stop,737,1,0,0,0,0,0,1,0,1,1,0,0,0,0,0
instruct-1.0,T3672,1,length,769,0,0,0,0,0,0,0,0,0,0,0,0,0,0,0
instruct-1.0,T3673,1,stop,498,1,0,0,0,0,0,0,0,1,0,0,0,0,0,0
instruct-1.0,T3674,1,length,814,0,0,0,0,0,0,0,0,0,0,0,0,0,0,0
instruct-1.0,T3675,1,length,762,0,0,0,0,0,0,0,0,0,0,0,0,0,0,0
instruct-1.0,T3676,1,stop,720,0,0,0,0,0,0,0,0,0,0,0,0,0,0,0
instruct-1.0,T3677,1,length,731,0,0,0,0,0,0,0,0,1,0,0,0,0,0,0
instruct-1.0,T3678,1,stop,717,0,0,0,0,0,0,1,0,0,0,0,0,0,0,0
instruct-1.0,T3679,1,length,759,0,0,0,0,0,0,0,0,0,0,0,0,0,0,0
instruct-1.0,T3680,1,stop,799,0,0,0,0,0,0,0,0,0,0,0,0,0,0,0
instruct-1.0,T3681,1,stop,518,0,0,0,0,0,0,0,0,1,0,0,0,0,0,0
instruct-1.0,T3682,1,stop,746,0,0,0,0,0,0,0,0,0,0,0,0,0,0,0
instruct-1.0,T3683,1,length,802,0,0,0,0,0,0,0,0,0,0,0,0,0,0,0
instruct-1.0,T3684,1,length,714,0,0,0,0,0,0,0,0,1,0,0,0,0,0,0
instruct-1.0,T3685,1,stop,656,0,0,0,0,0,0,0,0,1,0,0,0,0,0,0
instruct-1.0,T3686,1,stop,783,0,0,0,0,0,0,0,0,0,0,0,0,0,0,0
instruct-1.0,T3687,1,length,665,0,0,0,0,0,0,0,0,0,0,0,0,0,0,0
instruct-1.0,T3688,1,stop,787,0,0,0,0,0,0,0,0,1,0,0,0,0,0,0
instruct-1.0,T3689,1,length,754,0,0,0,0,0,0,0,0,0,0,0,0,0,0,0
instruct-1.0,T3690,1,stop,705,0,0,0,0,0,0,1,0,1,0,0,0,0,0,0
instruct-1.0,T3691,1,stop,650,0,0,0,0,0,0,0,0,0,0,0,0,0,0,0
instruct-1.0,T3692,1,length,722,0,0,0,0,0,0,0,0,0,0,0,0,0,0,0
instruct-1.0,T3693,1,length,712,0,0,0,0,0,0,0,0,0,0,0,0,0,0,0
instruct-1.0,T3694,1,stop,751,0,0,0,0,0,0,0,0,3,0,0,0,0,0,0
instruct-1.0,T3695,1,stop,696,0,0,0,0,0,0,1,0,0,0,0,0,0,0,0
instruct-1.0,T3696,1,stop,730,0,0,0,0,0,0,0,0,0,0,0,0,0,0,0
instruct-1.0,T3697,1,length,710,0,0,0,0,0,0,0,0,0,0,0,0,0,0,0
instruct-1.0,T3698,1,stop,426,0,0,0,0,0,0,0,0,0,0,0,0,0,0,0
instruct-1.0,T3699,1,length,753,0,0,0,0,0,0,0,0,0,0,0,0,0,0,0
instruct-1.0,T3700,1,stop,752,0,0,0,0,0,0,0,0,1,0,0,0,0,0,0
instruct-1.0,T3701,1,length,850,0,0,0,0,0,0,0,0,0,0,0,0,0,0,0
instruct-1.0,T3702,1,stop,657,0,0,0,0,0,0,0,0,1,0,0,0,0,0,0
instruct-1.0,T3703,1,stop,754,0,0,0,0,0,0,0,0,0,0,0,0,0,0,0
instruct-1.0,T3704,1,length,798,0,0,0,0,0,0,0,0,0,0,0,0,0,0,0
instruct-1.0,T3705,1,stop,670,0,0,0,0,0,0,0,0,0,0,0,0,0,0,0
instruct-1.0,T3706,1,length,791,0,0,0,0,0,0,0,0,1,0,0,0,0,0,0
instruct-1.0,T3707,1,length,669,0,0,0,0,0,0,0,0,1,0,0,0,0,0,0
instruct-1.0,T3708,1,length,708,0,0,0,0,0,0,0,0,0,0,0,0,0,0,0
instruct-1.0,T3709,1,length,690,0,0,0,0,0,0,0,0,0,0,0,0,0,0,0
instruct-1.0,T3710,1,stop,656,0,0,0,0,0,0,0,0,0,0,0,0,0,0,0
instruct-1.0,T3711,1,stop,764,0,0,1,0,0,0,0,0,2,0,0,0,0,0,0
instruct-1.0,T3712,1,length,772,0,0,0,0,0,0,0,0,0,0,0,0,0,0,0
instruct-1.0,T3713,1,stop,692,0,0,0,0,0,0,0,0,0,0,0,0,0,0,0
instruct-1.0,T3714,1,stop,724,0,0,0,0,0,0,0,0,0,0,0,0,0,0,0
instruct-1.0,T3715,1,stop,643,0,0,0,0,0,0,0,0,0,0,0,0,0,0,0
instruct-1.0,T3716,1,stop,433,0,0,0,0,0,0,0,0,1,0,0,0,0,0,0
instruct-1.0,T3717,1,stop,542,0,0,0,0,0,0,0,0,1,0,0,0,0,0,0
instruct-1.0,T3718,1,stop,575,0,0,0,0,0,0,0,0,1,0,0,0,0,0,0
instruct-1.0,T3719,1,length,744,0,0,0,0,0,0,0,0,1,0,0,0,0,0,0
instruct-1.0,T3720,1,length,755,0,0,1,0,0,0,0,0,0,0,0,0,0,0,0
instruct-1.0,T3721,1,stop,632,0,0,0,0,0,0,0,0,0,0,0,0,0,0,0
instruct-1.0,T3722,1,stop,583,0,0,0,0,0,0,0,0,0,0,0,0,0,0,0
instruct-1.0,T3723,1,stop,750,0,0,0,0,0,0,0,0,0,0,0,0,0,0,0
instruct-1.0,T3724,1,length,777,0,0,0,0,0,0,0,0,0,0,0,0,0,0,0
instruct-1.0,T3725,1,stop,677,0,0,0,0,0,0,0,0,0,0,0,0,0,0,0
instruct-1.0,T3726,1,stop,704,0,0,0,0,0,0,0,0,3,0,0,0,0,0,0
instruct-1.0,T3727,1,length,697,0,0,0,0,0,0,0,0,0,0,0,0,0,0,0
instruct-1.0,T3728,1,stop,577,0,0,0,0,0,0,0,0,0,0,0,0,0,0,0
instruct-1.0,T3729,1,stop,616,0,0,0,0,0,0,0,0,0,0,0,0,0,0,0
instruct-1.0,T3730,1,stop,677,0,0,0,0,0,0,0,0,0,0,0,0,0,0,0
instruct-1.0,T3731,1,stop,712,0,0,0,0,0,0,0,0,0,0,0,0,0,0,0
instruct-1.0,T3732,1,length,708,0,0,0,0,0,0,0,0,0,0,0,0,0,0,0
instruct-1.0,T3733,1,stop,697,0,0,0,0,0,0,0,0,0,0,0,0,1,0,0
instruct-1.0,T3734,1,stop,779,0,0,0,0,0,0,0,0,0,0,0,0,0,0,0
instruct-1.0,T3735,1,length,683,0,0,0,0,0,0,0,0,0,0,0,0,0,0,0
instruct-1.0,T3736,1,length,781,0,0,0,0,0,0,0,0,0,0,0,0,0,0,0
instruct-1.0,T3737,1,stop,732,0,0,0,0,0,0,0,0,0,0,0,0,0,0,0
instruct-1.0,T3738,1,stop,705,0,0,0,0,0,0,0,0,0,0,0,0,0,0,0
instruct-1.0,T3739,1,stop,721,0,0,0,0,0,0,0,0,0,0,0,0,0,0,0
instruct-1.0,T3740,1,length,708,0,0,0,0,0,0,0,0,0,0,0,0,0,0,0
instruct-1.0,T3741,1,stop,648,0,0,0,0,0,0,0,0,0,0,0,0,0,0,0
instruct-1.0,T3742,1,stop,684,0,0,0,0,0,0,0,0,0,0,0,0,0,0,0
instruct-1.0,T3743,1,stop,464,0,0,0,0,0,0,0,0,0,0,0,0,0,0,0
instruct-1.0,T3744,1,stop,481,0,0,0,0,0,0,0,0,0,0,0,0,0,0,0
instruct-1.0,T3745,1,stop,676,0,0,0,0,0,0,0,0,2,0,0,0,0,0,0
instruct-1.0,T3746,1,stop,527,0,0,0,0,0,0,0,0,0,0,0,0,0,0,0
instruct-1.0,T3747,1,stop,679,0,0,0,0,0,0,0,0,1,0,0,0,0,0,0
instruct-1.0,T3748,1,stop,713,0,0,0,0,0,0,0,0,1,0,0,0,1,0,0
instruct-1.0,T3749,1,stop,716,0,0,0,0,0,0,0,0,1,0,0,0,0,0,0
instruct-1.0,T3750,1,stop,736,0,0,0,0,0,0,1,0,0,0,0,0,0,0,0
instruct-1.0,T3751,1,stop,735,0,0,0,0,0,0,0,0,0,0,0,0,0,0,0
instruct-1.0,T3752,1,stop,480,0,0,1,0,0,0,0,0,0,0,0,0,0,0,0
instruct-1.0,T3753,1,stop,601,0,0,0,0,0,0,0,0,0,0,0,0,0,0,0
instruct-1.0,T3754,1,stop,701,0,0,0,0,0,0,0,0,0,0,0,0,1,0,0
instruct-1.0,T3755,1,length,771,1,0,0,0,0,0,0,0,0,0,0,0,1,0,0
instruct-1.0,T3756,1,length,627,0,0,0,0,0,0,0,0,0,0,0,0,0,0,0
instruct-1.0,T3757,1,stop,682,0,0,0,0,0,0,0,0,1,0,0,0,0,0,0
instruct-1.0,T3758,1,stop,468,0,0,0,0,0,0,0,0,0,0,0,0,0,0,0
instruct-1.0,T3759,1,length,794,0,0,0,0,0,0,0,0,0,0,0,0,0,0,0
instruct-1.0,T3760,1,length,781,0,0,0,0,0,0,0,0,0,0,0,0,0,0,0
instruct-1.0,T3761,1,length,700,0,0,0,0,0,0,0,0,1,0,0,0,0,0,0
instruct-1.0,T3762,1,stop,707,0,0,0,0,0,0,0,0,0,0,0,0,1,0,0
instruct-1.0,T3763,1,stop,517,0,0,0,0,0,0,0,0,1,0,0,0,0,0,0
instruct-1.0,T3764,1,stop,609,0,0,0,0,0,0,0,0,0,0,0,0,1,0,0
instruct-1.0,T3765,1,stop,595,0,0,0,0,0,0,0,0,0,0,0,0,0,0,0
instruct-1.0,T3766,1,stop,528,0,0,0,0,0,0,0,0,0,0,0,0,0,0,0
instruct-1.0,T3767,1,stop,494,0,0,0,0,0,0,0,0,0,0,0,0,0,0,0
instruct-1.0,T3768,1,stop,520,0,0,0,0,0,0,0,0,0,0,0,0,0,0,0
instruct-1.0,T3769,1,length,808,0,0,0,0,0,0,0,0,0,0,0,0,0,1,0
instruct-1.0,T3770,1,stop,469,0,0,0,0,0,0,0,0,0,0,0,0,0,0,0
instruct-1.0,T3771,1,stop,651,0,0,0,0,0,0,0,0,2,0,0,0,0,0,0
instruct-1.0,T3772,1,stop,570,0,0,0,0,0,0,0,0,0,1,0,0,0,0,0
instruct-1.0,T3773,1,stop,537,0,0,0,0,0,0,0,0,0,0,0,0,0,0,0
instruct-1.0,T3774,1,stop,740,0,0,0,0,0,0,0,0,0,0,0,0,0,0,0
instruct-1.0,T3775,1,stop,652,0,0,0,0,0,0,0,0,0,0,0,0,0,0,0
instruct-1.0,T3776,1,stop,625,0,0,0,0,0,0,0,0,1,0,0,0,0,0,0
instruct-1.0,T3777,1,stop,176,0,0,0,0,0,0,0,0,0,0,0,0,0,0,0
instruct-1.0,T3778,1,stop,658,0,0,0,0,0,0,0,0,0,0,0,0,0,0,0
instruct-1.0,T3779,1,stop,780,0,0,0,0,0,0,0,0,1,0,0,0,0,0,0
instruct-1.0,T3780,1,length,750,0,0,1,0,0,0,0,0,0,0,0,0,0,0,0
instruct-1.0,T3781,1,length,760,0,0,0,0,0,0,0,0,0,0,0,0,0,0,0
instruct-1.0,T3782,1,length,708,0,0,0,0,0,0,0,0,0,0,0,0,0,0,0
instruct-1.0,T3783,1,length,842,0,0,0,0,0,0,0,0,0,0,0,0,2,0,0
instruct-1.0,T3784,1,stop,545,0,0,0,0,0,0,0,0,1,0,0,0,0,0,0
instruct-1.0,T3785,1,stop,683,0,0,0,0,0,0,0,0,0,0,0,0,0,0,0
instruct-1.0,T3786,1,length,752,0,0,0,0,0,0,0,0,0,0,0,0,0,0,0
instruct-1.0,T3787,1,stop,692,0,0,0,0,0,0,0,0,0,0,0,0,0,1,0
instruct-1.0,T3788,1,stop,649,0,0,0,0,0,0,0,0,0,0,0,0,0,0,0
instruct-1.0,T3789,1,stop,568,0,0,0,0,0,0,1,0,0,0,0,0,0,0,0
instruct-1.0,T3790,1,length,795,0,0,0,0,0,0,0,0,0,0,0,0,0,0,0
instruct-1.0,T3791,1,stop,431,0,0,0,0,0,0,0,0,1,0,0,0,0,0,0
instruct-1.0,T3792,1,stop,530,0,0,0,0,0,0,0,0,0,0,0,0,0,0,0
instruct-1.0,T3793,1,length,659,0,0,0,0,0,0,0,0,0,0,0,0,0,0,0
instruct-1.0,T3794,1,stop,628,0,0,0,0,0,0,0,0,0,0,0,0,0,0,0
instruct-1.0,T3795,1,stop,551,0,0,0,0,0,0,0,0,0,0,0,0,0,0,0
instruct-1.0,T3796,1,stop,667,0,0,0,0,0,0,0,0,0,0,0,0,0,0,0
instruct-1.0,T3797,1,stop,540,0,0,0,0,0,0,0,0,1,0,0,0,0,0,0
instruct-1.0,T3798,1,length,781,0,0,0,0,0,0,0,0,0,0,0,0,0,0,0
instruct-1.0,T3799,1,stop,727,0,0,0,0,0,0,0,0,1,0,0,0,0,0,0
instruct-1.0,T3800,1,stop,619,0,0,0,0,0,0,0,0,0,0,0,0,0,0,0
instruct-1.0,T3801,1,stop,614,0,0,0,0,0,0,0,0,0,0,0,0,1,0,0
instruct-1.0,T3802,1,stop,685,0,0,0,0,0,0,0,0,2,0,0,0,0,0,0
instruct-1.0,T3803,1,stop,699,0,0,0,0,0,0,0,0,1,0,0,0,0,0,0
instruct-1.0,T3804,1,stop,511,0,0,0,0,0,0,0,0,0,0,0,0,0,0,0
instruct-1.0,T3805,1,stop,822,0,0,0,0,0,0,0,0,0,0,0,0,0,0,0
instruct-1.0,T3806,1,length,815,0,0,0,0,0,0,0,0,0,0,0,0,0,0,0
instruct-1.0,T3807,1,stop,747,0,0,0,0,0,0,0,0,2,0,0,0,0,0,0
instruct-1.0,T3808,1,length,810,0,0,0,0,0,0,0,0,0,0,0,0,0,1,0
instruct-1.0,T3809,1,stop,503,0,0,0,0,0,0,0,0,0,0,0,0,0,0,0
instruct-1.0,T3810,1,length,743,0,0,0,0,0,0,0,0,0,0,0,0,0,0,0
instruct-1.0,T3811,1,stop,588,0,0,0,0,0,0,0,0,1,0,0,0,0,0,0
instruct-1.0,T3812,1,stop,722,0,0,0,0,0,0,0,0,0,0,0,0,0,0,0
instruct-1.0,T3813,1,length,794,0,0,0,0,0,0,0,0,0,0,0,0,0,0,0
instruct-1.0,T3814,1,stop,557,0,0,0,0,0,0,0,0,0,1,0,0,0,0,0
instruct-1.0,T3815,1,stop,660,0,0,0,0,0,0,0,0,0,0,0,0,0,0,0
instruct-1.0,T3816,1,stop,524,0,0,0,0,0,0,1,0,1,0,0,0,0,0,0
instruct-1.0,T3817,1,length,812,0,0,1,0,0,0,0,0,0,0,0,0,0,0,0
instruct-1.0,T3818,1,stop,769,0,0,0,0,0,0,0,0,1,0,0,0,0,0,0
instruct-1.0,T3819,1,length,714,0,0,0,0,0,0,0,0,0,0,0,0,0,0,0
instruct-1.0,T3820,1,stop,751,0,0,0,0,0,0,0,0,0,0,0,0,0,0,0
instruct-1.0,T3821,1,length,753,0,0,0,0,0,0,0,0,2,0,0,0,0,0,0
instruct-1.0,T3822,1,stop,677,0,0,0,0,0,0,0,0,1,0,0,0,0,0,0
instruct-1.0,T3823,1,stop,547,0,0,0,0,0,0,0,0,0,0,0,0,0,0,0
instruct-1.0,T3824,1,length,765,0,0,0,0,0,0,0,0,0,0,0,0,0,0,0
instruct-1.0,T3825,1,stop,715,0,0,0,0,0,0,0,0,2,0,0,0,0,0,0
instruct-1.0,T3826,1,length,804,0,0,0,0,0,0,0,0,0,0,0,0,0,0,0
instruct-1.0,T3827,1,length,744,0,0,1,0,0,0,0,0,0,0,0,0,0,0,0
instruct-1.0,T3828,1,stop,685,0,0,0,0,0,0,1,0,0,0,0,0,0,0,0
instruct-1.0,T3829,1,stop,724,0,0,0,0,0,0,1,0,0,0,0,0,1,0,0
instruct-1.0,T3830,1,stop,578,0,0,0,0,0,0,0,0,0,0,0,0,0,0,0
instruct-1.0,T3831,1,stop,602,0,0,0,0,0,0,0,0,0,0,0,0,0,0,0
instruct-1.0,T3832,1,length,809,0,0,0,0,0,0,0,0,1,0,0,0,0,0,0
instruct-1.0,T3833,1,stop,656,0,0,0,0,0,0,0,0,1,0,0,0,0,0,0
instruct-1.0,T3834,1,stop,585,0,0,0,0,0,0,0,0,0,0,0,0,0,0,0
instruct-1.0,T3835,1,length,811,0,0,0,0,0,0,0,0,0,1,0,0,0,0,0
instruct-1.0,T3836,1,stop,531,0,0,0,0,0,0,0,0,0,0,0,0,0,0,0
instruct-1.0,T3837,1,length,760,0,0,0,0,0,0,0,0,0,0,0,0,0,0,0
instruct-1.0,T3838,1,stop,761,0,0,0,0,0,0,0,0,1,0,0,0,0,0,0
instruct-1.0,T3839,1,stop,539,0,0,0,0,0,0,0,0,0,0,0,0,0,0,0
instruct-1.0,T3840,1,stop,657,0,0,0,0,0,0,0,0,0,0,0,0,1,0,0
instruct-1.0,T3841,1,stop,693,0,0,0,0,0,0,0,0,1,0,0,0,0,0,0
instruct-1.0,T3842,1,stop,668,0,0,0,0,0,0,0,0,0,0,0,0,0,0,0
instruct-1.0,T3843,1,stop,735,0,0,0,0,0,0,0,0,0,0,0,0,0,0,0
instruct-1.0,T3844,1,stop,574,0,0,0,0,0,0,0,0,0,0,0,0,0,0,0
instruct-1.0,T3845,1,stop,634,0,0,0,0,0,0,0,0,0,0,0,0,0,0,0
instruct-1.0,T3846,1,stop,632,1,0,0,0,0,0,0,0,0,0,0,0,1,0,0
instruct-1.0,T3847,1,length,705,0,0,0,0,0,0,0,0,0,0,0,0,0,0,0
instruct-1.0,T3848,1,stop,751,0,0,0,0,0,0,0,0,1,0,0,0,0,0,0
instruct-1.0,T3849,1,stop,618,0,0,0,0,0,0,0,0,1,0,0,0,0,0,0
instruct-1.0,T3850,1,stop,616,0,0,0,0,0,0,0,0,0,0,0,0,0,0,0
instruct-1.0,T3851,1,stop,674,0,0,0,0,0,0,0,0,1,0,0,0,0,0,0
instruct-1.0,T3852,1,stop,682,0,0,0,0,0,0,0,0,0,0,0,0,0,0,0
instruct-1.0,T3853,1,stop,682,0,0,0,0,0,0,0,0,2,0,0,0,0,0,0
instruct-1.0,T3854,1,stop,486,0,0,0,0,0,0,0,0,0,0,0,0,0,0,0
instruct-1.0,T3855,1,stop,727,0,0,0,0,0,0,0,0,0,0,0,0,0,0,0
instruct-1.0,T3856,1,stop,640,0,0,0,0,0,0,0,0,0,0,0,0,0,0,0
instruct-1.0,T3857,1,stop,678,0,0,0,0,0,0,0,0,0,0,0,0,0,0,0
instruct-1.0,T3858,1,stop,731,0,0,0,0,0,0,0,0,0,0,0,0,0,0,0
instruct-1.0,T3859,1,stop,602,0,0,0,0,0,0,0,0,2,0,0,0,0,0,0
instruct-1.0,T3860,1,stop,471,0,0,0,0,0,0,0,0,0,0,0,0,0,0,0
instruct-1.0,T3861,1,length,743,0,0,0,0,0,0,0,0,0,0,0,0,0,0,0
instruct-1.0,T3862,1,length,779,0,0,0,0,0,0,0,0,0,0,0,0,0,0,0
instruct-1.0,T3863,1,stop,736,0,0,0,0,0,0,0,0,1,0,0,0,0,0,0
instruct-1.0,T3864,1,length,792,0,0,0,0,0,0,0,0,0,1,0,0,0,0,0
instruct-1.0,T3865,1,length,708,0,0,0,0,0,0,0,0,0,0,0,0,0,0,0
instruct-1.0,T3866,1,stop,665,0,0,0,0,0,0,1,0,0,0,0,0,0,0,0
instruct-1.0,T3867,1,length,795,0,0,0,0,0,0,0,0,0,0,0,0,0,0,0
instruct-1.0,T3868,1,length,811,0,0,0,0,0,0,0,0,0,0,0,0,0,0,0
instruct-1.0,T3869,1,stop,663,0,0,0,0,0,0,0,0,0,0,0,0,0,0,0
instruct-1.0,T3870,1,stop,641,0,0,0,0,0,0,0,0,0,0,0,0,0,0,0
instruct-1.0,T3871,1,stop,557,0,0,0,0,0,0,0,0,0,0,0,0,0,0,0
instruct-1.0,T3872,1,stop,683,0,0,0,0,0,0,0,0,2,0,0,0,0,0,0
instruct-1.0,T3873,1,length,778,0,0,0,0,0,0,0,0,0,0,0,0,0,0,1
instruct-1.0,T3874,1,stop,363,0,0,0,0,0,0,0,0,0,0,0,0,0,0,0
instruct-1.0,T3875,1,stop,305,0,0,0,0,0,0,0,0,0,0,0,0,0,0,0
instruct-1.0,T3876,1,stop,687,0,0,0,0,0,0,0,0,1,0,0,0,0,0,0
instruct-1.0,T3877,1,stop,676,0,0,1,0,0,0,0,0,0,0,0,0,0,0,0
instruct-1.0,T3878,1,stop,485,0,0,0,0,0,0,0,0,0,0,0,0,0,0,0
instruct-1.0,T3879,1,stop,714,0,0,0,0,0,0,1,0,0,0,0,0,0,0,0
instruct-1.0,T3880,1,stop,789,0,0,0,0,0,0,1,0,2,0,0,0,0,0,0
instruct-1.0,T3881,1,stop,698,0,0,0,0,0,0,0,0,1,0,0,0,0,0,0
instruct-1.0,T3882,1,length,733,0,0,0,0,0,0,0,0,0,0,0,0,0,0,0
instruct-1.0,T3883,1,length,778,0,0,0,0,0,0,0,0,1,0,0,0,0,0,0
instruct-1.0,T3884,1,stop,458,0,0,0,0,0,0,0,0,0,0,0,0,0,0,0
instruct-1.0,T3885,1,stop,502,0,0,0,0,0,0,0,0,1,0,0,0,0,0,0
instruct-1.0,T3886,1,stop,695,0,0,0,0,0,0,0,0,0,0,0,0,0,0,0
instruct-1.0,T3887,1,stop,824,0,0,0,0,0,0,0,0,1,0,0,0,0,0,0
instruct-1.0,T3888,1,stop,761,0,0,0,0,0,0,0,0,2,0,0,0,0,0,0
instruct-1.0,T3889,1,length,778,0,0,0,0,0,0,0,0,0,0,0,0,0,0,0
instruct-1.0,T3890,1,length,688,0,0,0,0,0,0,0,0,0,0,0,0,0,0,0
instruct-1.0,T3891,1,stop,728,0,0,0,0,0,0,0,0,0,0,0,0,0,0,0
instruct-1.0,T3892,1,stop,500,0,0,0,0,0,0,0,0,0,0,0,0,0,0,0
instruct-1.0,T3893,1,length,790,0,0,1,0,0,0,0,0,0,0,0,0,0,0,0
instruct-1.0,T3894,1,stop,709,1,0,0,0,0,0,0,0,0,0,0,0,0,0,0
instruct-1.0,T3895,1,length,674,0,0,0,0,0,0,0,0,0,0,0,0,0,0,0
instruct-1.0,T3896,1,stop,709,0,0,0,0,0,0,0,0,1,0,0,0,0,0,0
instruct-1.0,T3897,1,stop,510,0,0,0,0,0,0,0,0,1,0,0,0,0,0,0
instruct-1.0,T3898,1,stop,676,0,0,0,0,0,0,0,0,0,0,0,0,0,0,0
instruct-1.0,T3899,1,stop,463,0,0,0,0,0,0,0,0,0,0,0,0,0,0,0
instruct-1.0,T3900,1,stop,742,0,0,0,0,0,0,0,0,0,0,0,0,0,0,0
instruct-1.0,T3901,1,stop,622,0,0,0,0,0,0,0,0,0,0,0,0,1,0,0
instruct-1.0,T3902,1,stop,601,0,0,0,0,0,0,0,0,1,0,0,0,0,0,0
instruct-1.0,T3903,1,length,814,0,0,0,0,0,0,0,0,1,0,0,0,0,0,0
instruct-1.0,T3904,1,stop,613,0,0,0,0,0,0,0,0,0,0,0,0,0,0,0
instruct-1.0,T3905,1,stop,740,0,0,0,0,0,0,0,0,1,0,0,0,0,0,0
instruct-1.0,T3906,1,stop,741,0,0,0,0,0,0,0,0,0,0,0,0,0,0,0
instruct-1.0,T3907,1,length,761,0,0,0,0,0,0,0,0,0,0,0,0,0,0,0
instruct-1.0,T3908,1,stop,748,0,0,0,0,0,0,0,0,2,0,0,0,0,0,0
instruct-1.0,T3909,1,stop,735,0,0,0,0,0,0,0,0,0,0,0,0,0,0,0
instruct-1.0,T3910,1,stop,601,0,0,0,0,0,0,0,0,0,0,0,0,0,0,0
instruct-1.0,T3911,1,stop,546,0,0,0,0,0,0,0,0,0,0,0,0,0,0,0
instruct-1.0,T3912,1,stop,307,0,0,0,0,0,0,0,0,0,0,0,0,0,0,0
instruct-1.0,T3913,1,stop,640,0,0,0,0,0,0,0,0,1,0,0,0,1,0,0
instruct-1.0,T3914,1,stop,709,0,0,0,0,0,0,0,0,0,0,0,0,0,0,0
instruct-1.0,T3915,1,stop,540,1,0,0,0,0,0,0,0,0,0,0,0,0,0,0
instruct-1.0,T3916,1,stop,815,0,0,0,0,0,0,1,0,0,0,0,0,0,0,0
instruct-1.0,T3917,1,stop,678,0,0,0,0,0,0,0,0,0,0,0,0,1,0,0
instruct-1.0,T3918,1,stop,599,0,0,0,0,0,0,0,0,0,0,0,0,0,0,0
instruct-1.0,T3919,1,stop,471,0,0,0,0,0,0,0,0,0,0,0,0,0,0,0
instruct-1.0,T3920,1,stop,648,0,0,0,0,0,0,1,0,0,0,0,0,0,0,0
instruct-1.0,T3921,1,stop,465,0,0,0,0,0,0,0,0,1,0,0,0,0,0,0
instruct-1.0,T3922,1,length,708,0,0,0,0,0,0,1,0,0,0,0,0,0,0,0
instruct-1.0,T3923,1,stop,457,0,0,0,0,0,0,0,0,1,0,0,0,0,0,0
instruct-1.0,T3924,1,stop,609,0,0,0,0,0,0,0,0,0,2,0,0,0,0,0
instruct-1.0,T3925,1,stop,469,0,0,0,0,0,0,0,0,0,0,0,0,0,0,0
instruct-1.0,T3926,1,stop,718,0,0,0,0,0,0,0,0,0,0,0,0,0,0,0
instruct-1.0,T3927,1,stop,602,0,0,0,0,0,0,0,0,0,0,0,0,0,0,0
instruct-1.0,T3928,1,stop,747,0,0,0,0,0,0,0,0,0,0,0,0,0,0,0
instruct-1.0,T3929,1,stop,715,0,0,0,0,0,0,0,0,0,0,0,0,1,0,0
instruct-1.0,T3930,1,stop,727,0,0,0,0,0,0,0,1,0,0,0,0,0,0,0
instruct-1.0,T3931,1,stop,721,0,0,0,0,0,0,0,0,0,0,0,0,0,0,0
instruct-1.0,T3932,1,length,720,0,0,0,0,0,0,0,0,1,0,0,0,0,0,0
instruct-1.0,T3933,1,length,778,0,0,0,0,0,0,0,0,0,0,0,0,0,0,0
instruct-1.0,T3934,1,stop,583,0,0,0,0,0,0,0,0,1,0,0,0,0,0,0
instruct-1.0,T3935,1,stop,658,0,0,0,0,0,0,0,0,0,0,0,0,0,0,0
instruct-1.0,T3936,1,stop,565,0,0,0,0,0,0,0,0,0,0,0,0,0,0,0
instruct-1.0,T3937,1,stop,611,0,0,0,0,0,0,0,0,0,0,0,0,0,0,0
instruct-1.0,T3938,1,stop,543,0,0,0,0,0,0,0,0,1,0,0,0,0,0,0
instruct-1.0,T3939,1,stop,673,0,0,0,0,0,0,0,0,1,0,0,0,0,0,0
instruct-1.0,T3940,1,stop,586,0,0,0,0,0,0,0,0,0,0,0,0,0,0,0
instruct-1.0,T3941,1,length,809,0,0,0,0,0,0,0,0,0,0,0,0,0,0,0
instruct-1.0,T3942,1,length,830,0,0,0,0,0,0,0,0,0,0,0,0,0,0,0
instruct-1.0,T3943,1,length,780,0,0,0,0,0,0,0,0,1,0,0,0,0,0,0
instruct-1.0,T3944,1,length,770,0,0,0,0,0,0,0,0,1,0,0,0,0,0,0
instruct-1.0,T3945,1,length,798,0,0,0,0,0,0,0,0,0,0,0,0,0,0,0
instruct-1.0,T3946,1,stop,510,0,0,0,0,0,0,0,0,0,0,0,0,0,0,0
instruct-1.0,T3947,1,stop,751,0,0,0,0,0,0,0,0,0,0,0,0,0,0,0
instruct-1.0,T3948,1,stop,564,0,0,0,0,0,0,0,0,0,0,0,0,0,0,0
instruct-1.0,T3949,1,length,645,0,0,0,0,0,0,0,0,0,0,0,0,0,0,0
instruct-1.0,T3950,1,stop,574,0,0,0,0,0,0,0,0,0,0,0,0,0,0,0
instruct-1.0,T3951,1,stop,476,0,0,0,0,0,0,0,0,1,0,0,0,0,0,0
instruct-1.0,T3952,1,length,766,0,0,0,0,0,0,0,0,0,0,0,0,0,0,0
instruct-1.0,T3953,1,stop,537,0,0,0,0,0,0,0,0,0,0,0,0,0,0,0
instruct-1.0,T3954,1,stop,684,0,0,0,0,0,0,0,0,1,0,0,0,0,0,0
instruct-1.0,T3955,1,length,758,0,0,0,0,0,0,1,0,0,0,0,0,0,0,0
instruct-1.0,T3956,1,length,766,0,0,0,0,0,0,0,0,0,0,0,0,1,0,0
instruct-1.0,T3957,1,length,763,0,0,0,0,0,0,0,0,0,0,0,0,0,0,0
instruct-1.0,T3958,1,length,698,0,0,0,0,0,0,0,0,0,0,0,0,0,0,0
instruct-1.0,T3959,1,length,793,0,0,0,0,0,0,0,0,0,0,0,0,0,0,0
instruct-1.0,T3960,1,length,773,0,0,0,0,0,0,0,0,0,0,0,0,0,0,0
instruct-1.0,T3961,1,stop,650,0,0,0,0,0,0,0,0,0,0,0,0,0,0,0
instruct-1.0,T3962,1,stop,609,0,0,0,0,0,0,0,0,1,0,0,0,0,0,0
instruct-1.0,T3963,1,stop,671,0,0,0,0,0,0,0,1,0,0,0,0,0,0,0
instruct-1.0,T3964,1,stop,541,0,0,0,0,0,0,0,0,0,0,0,0,0,0,0
instruct-1.0,T3965,1,stop,682,0,0,0,0,0,0,0,0,1,0,0,0,0,0,0
instruct-1.0,T3966,1,stop,649,0,0,0,0,0,0,0,0,1,0,0,0,0,0,0
instruct-1.0,T3967,1,stop,729,0,0,0,0,0,0,0,0,2,0,0,0,0,0,0
instruct-1.0,T3968,1,stop,548,0,0,0,0,0,0,0,0,0,0,0,0,0,0,0
instruct-1.0,T3969,1,length,690,0,0,0,0,0,0,0,0,0,0,0,0,0,0,0
instruct-1.0,T3970,1,stop,581,0,0,0,0,0,0,0,0,0,0,0,0,0,0,0
instruct-1.0,T3971,1,stop,447,0,0,0,0,0,0,0,0,0,0,0,0,1,0,0
instruct-1.0,T3972,1,length,728,0,0,0,0,0,0,0,0,0,0,0,0,0,0,0
instruct-1.0,T3973,1,stop,554,0,0,0,0,0,0,0,0,0,0,0,0,0,0,0
instruct-1.0,T3974,1,length,685,0,0,0,0,0,0,0,0,1,0,0,0,0,0,0
instruct-1.0,T3975,1,stop,626,0,0,0,0,0,0,0,0,0,0,0,0,0,0,0
instruct-1.0,T3976,1,length,748,0,0,0,0,0,0,0,0,0,0,0,0,0,0,0
instruct-1.0,T3977,1,stop,741,0,0,0,0,0,0,0,0,0,0,0,0,0,0,0
instruct-1.0,T3978,1,length,756,0,0,1,0,0,0,0,0,0,0,0,0,0,0,0
instruct-1.0,T3979,1,stop,521,0,0,0,0,0,0,0,1,0,0,0,0,0,0,0
instruct-1.0,T3980,1,length,743,0,0,0,0,0,0,0,0,0,0,0,0,0,0,0
instruct-1.0,T3981,1,stop,636,0,0,0,0,0,0,0,0,0,0,0,0,0,0,0
instruct-1.0,T3982,1,stop,514,0,0,1,0,0,0,0,0,1,0,0,0,0,0,0
instruct-1.0,T3983,1,stop,748,0,0,0,0,0,0,0,0,0,0,0,0,0,0,0
instruct-1.0,T3984,1,length,801,0,0,0,0,0,0,0,1,0,0,0,0,0,0,0
instruct-1.0,T3985,1,stop,759,0,0,0,0,0,0,0,0,1,0,0,0,0,0,0
instruct-1.0,T3986,1,stop,707,0,0,0,0,0,0,0,0,0,0,0,0,0,0,0
instruct-1.0,T3987,1,stop,560,0,0,1,0,0,0,0,0,0,0,0,0,0,0,0
instruct-1.0,T3988,1,stop,772,0,0,0,0,0,0,0,0,0,0,0,0,0,0,0
instruct-1.0,T3989,1,stop,761,0,0,0,0,0,0,0,0,1,0,0,0,0,0,0
instruct-1.0,T3990,1,stop,548,0,0,0,0,0,0,0,0,0,0,0,0,0,0,0
instruct-1.0,T3991,1,length,789,0,0,0,0,0,0,0,0,0,0,0,0,0,0,0
instruct-1.0,T3992,1,stop,765,0,0,0,0,0,0,0,0,0,0,0,0,0,0,0
instruct-1.0,T3993,1,length,810,0,0,0,0,0,0,0,0,1,0,0,0,0,0,0
instruct-1.0,T3994,1,stop,491,0,0,0,0,0,0,0,0,0,0,0,0,0,0,0
instruct-1.0,T3995,1,stop,730,0,0,0,0,0,0,0,0,1,0,0,0,0,0,0
instruct-1.0,T3996,1,stop,736,0,0,0,0,0,0,0,0,1,0,0,0,0,0,0
instruct-1.0,T3997,1,stop,587,0,0,0,0,0,0,0,0,2,0,0,0,0,0,0
instruct-1.0,T3998,1,stop,801,0,0,0,0,0,0,0,0,0,0,0,0,0,0,0
instruct-1.0,T3999,1,stop,497,0,0,0,0,0,0,1,0,0,0,0,0,0,0,0
instruct-1.0,T4000,1,stop,382,0,0,0,0,0,0,0,0,0,0,0,0,0,0,0
