topic_id,variety_source,site,topic
T0001,ZA,portelizabethdailyphoto.blogspot.com,Port Elizabeth Daily Photo: Steve Biko's cell at Walmer police station
T0002,GB,hodgson.blogs.lincoln.ac.uk,Tutorials and practicals for biological psychology teaching
T0003,GB,golfonline.co.uk,Adam Scott Long putters should not be banned
T0004,US,preachermusings.wordpress.com,"I bet when they were old women, they wore purple: Tabitha, Priscilla"
T0005,US,evolvingu.com,Are you one of them?
T0006,AU,blog.rossclennett.com,Ross Clennett: Our ageing population and workforce: The role of
T0007,IE,ballyhasslakes.ie,Please leave a review on Tripadvisor
T0008,IE,blog.rareirishstuff.com,PUB OF THE WEEK
T0009,GB,brianbinley.com,Brian Binley: Labour want to be One Nation but they're actually No
T0010,AU,ben-vanishingpoint.blogspot.com,Vanishing Point: One Of Them Days
T0011,GB,unmakingthings.rca.ac.uk,Unmaking Things 2012-13 » BEYOND TEXT
T0012,IE,farmersforum.ie,Advantages of Bull Over AI on Dairy Herd? Pt2
T0013,IE,cigars.ie,"Christmas Corona Gordas, Day 10: Rafael Gonzalez Corona Extra"
T0014,IE,clontarfrugby.com,Clontarf 35 UL Bohs 10 | Clontarf Rugby
T0015,US,hallnimusbyer.wordpress.com,The Reason Why Kim Junsu Had To Be The One To Rewrite The
T0016,ZA,travelground.com,"How to take a perfect ""couples"" picture"
T0017,ZA,umuzi.bookslive.co.za,"""Alan Paton Would Have Been Pleased"" Says Steven Anderson of"
T0018,IE,coddle.ie,A cry from the Desert
T0019,GB,oxfordstudent.com,"""I have a lot of sympathy for politicians"""
T0020,GB,comptonhouseoffashion.co.uk,SAVE ON MONEY. NOT ON QUALITY.
T0021,US,drexeldragons.com,Varsity Eights to Race in Head of the Charles
T0022,GB,manchester.girlgeekdinners.com,Upcoming Event: Girl Geek Tea Party: Geeky crafty decorations
T0023,US,gfmd2010.wordpress.com,This conference will be televised
T0024,GB,blog.tweetdig.com,The Next Web | TweetdigTweetdig
T0025,ZA,witness.co.za,Louvre: Sketches on the back of painting believed to
T0026,US,ent.about.com,Is Your Child's School Prepared For the Next Major Flu Pandemic?
T0027,US,fallfordesign.com,"Hey, I just met you, and this is Crazy"
T0028,US,lisnews.org,A Dime at a Time
T0029,IE,glda.ie,Absolutely bloomin' lovely | GLDA
T0030,ZA,alexhairston.com,The use of social networks Loyal to attract customers
T0031,IE,blog.purearomatea.com,How to cure Insomnia
T0032,AU,campaignbrief.blogspot.com,Campaign Brief Blog: BBDO ON TOP OF THE WORLD
T0033,ZA,prevent-anxiety-attacks.net,How To Deal With Anxietyprevent-anxiety-attacks.net
T0034,US,potablecurmudgeon.blogspot.com,The Potable Curmudgeon: These are the people who own Goose
T0035,ZA,gphotokc.myfotojournal.com,Chrsitin &amp; Corbin 11/10/12 | gphotokc
T0036,US,infocult.typepad.com,"Dracula Blogged: That is a wonderful machine, but it is cruelly true."
T0037,US,aspanational.wordpress.com,The Impact of Technology on the Federal Government: What's in it
T0038,IE,macros42.net,We have a winner
T0039,GB,you-stylish-barcelona-apartments.com,Top 4 FREE Things to do in Barcelona
T0040,IE,irishrainphotography.com,"One of ""Those"" Days...."
T0041,IE,blog.dkphoto.ie,Sinead &amp; David » Wedding And Portrait
T0042,AU,clutterrescue.com.au,Fitting the Belongings of Two People into One Space
T0043,US,kalynskitchen.com,Kalyn's Kitchen®: 90 Healthy No-Heat Lunches for Taking to Work
T0044,AU,chrischeng.com,Hello Dobroyd Point Public School
T0045,US,jobloggscom.blogspot.com,Jo Bloggs: November 3rd of the two challenges.
T0046,GB,fashionchampagne.com,FashionChampagne: In The Morning
T0047,GB,greenallianceblog.org.uk,What's the difference between a circular and a linear economy? 1 mm
T0048,ZA,breadandbutterdesign.co.za,A debtor will still have to make his monthly payments regularly
T0049,ZA,oneoftheboys.co.za,Its the middle of April already?
T0050,ZA,fredhatman.co.za,"This is a blogpost about Bella, the Forrest Gump of the animal world"
T0051,GB,f-analysis.com,Keeping Fit And Enjoying The High Life With Canoeing
T0052,AU,siliconsymmetries.com.au,How healthy is your outsourcing alliance?
T0053,IE,lk145895.shopifree.com,The Timeless Silver Chain
T0054,US,theresawiza.wordpress.com,SICK of all the Gay Bashing « Theresa Wiza's Blog
T0055,ZA,orthopaediciq.org,Is there a solution to my foot problem?
T0056,GB,mchanan.com,Secret City » Michael Chanan
T0057,AU,fitnfast.com.au,Fresh and Simple | Fit n Fast
T0058,IE,irishgamingwiki.com,Irish Roleplaying and Gaming Wiki
T0059,AU,sl.farmonline.com.au,High dollar drilling a $15b-a-year hole
T0060,IE,galwaycycling.org,Cycling Campaign welcomes oral hearing into deeply flawed
T0061,US,ocsguy.com,Deploying an Edge Server with Lync
T0062,GB,calamitydames.com,Something in the air?
T0063,IE,johnbreslin.com,xFolk Cloud v0.5 beta released
T0064,IE,fearghus.net,E-motional Bodies and Cities
T0065,GB,thevirtualword.org,Where there is no vision the people will perish... really
T0066,US,williebemacin.com,The Holy Spirit: The Presence of Jesus in the Believer
T0067,AU,igo2group.com,Do you have a Dream?
T0068,US,americanindiansinchildrensliterature.blogspot.com,American Indians in Children's Literature (AICL): Dear Scott Brown
T0069,ZA,english.solidariteitbeweging.co.za,The strange notion that proximity equals entitlement
T0070,ZA,section27.org.za.dedi47.cpt1.host-h.net,Eastern Cape High Court orders the appointment of teachers in the
T0071,AU,ausrc.com,Buggy for an 11yr old
T0072,AU,blog.tzarcorp.com,The Importance of Trade samples
T0073,IE,egans.ie,Fancy a dip? | Egans
T0074,AU,mtloftyvolleyball.wordpress.com,On top of your game
T0075,ZA,tablebay.suninternational.com,condé nast readers' choice awards top 15 hotels in africa
T0076,IE,itsligo.ie,Launch of Partnership with the Abbey Theatre
T0077,ZA,bambooblossom.co.za,Bamboo Blossom: Local online gift guide 2012
T0078,ZA,rediscoveringsetx.com,Blood of the Innocent
T0079,IE,stopsuicide.ie,Facts and StatisticsStop Suicide
T0080,IE,businessexpo.ie,Grant Thornton | Business Expo
T0081,US,reset2live.wordpress.com,Trust: it's kind of a choice.
T0082,AU,shiftspeakertraining.com,10 Ways to Get More Clients &amp; Make More Money (QUICKLY!)
T0083,IE,surfrepublic.ie,Ireland Surf Report Saturday 24/11/'12
T0084,ZA,pluspoints.co.za,Acer South Africa appoints Regenersis as outsourced repair centre
T0085,ZA,icollectgingers.com,A ginger utopia in the Netherlands
T0086,ZA,lauramccullagh.com,The Bone Collectors 'Black Love' album launch at the German Club
T0087,US,subwaysquawkers.blogspot.com,A Yankees-Mets Rivalry Blog: Subway
T0088,GB,amerigunner.ladyarse.com,No Cause for Concern Here
T0089,AU,retro-rollers.com,Back to the seventies
T0090,IE,lifeatfiftysomething.wordpress.com,Harsh reality of some people's lives « lifeatfiftysomething
T0091,IE,dublinculture.ie,Free Shakespeare in the Iveagh
T0092,GB,justcelebrity.me,the first ever film to talk about Reactive
T0093,AU,chrisrhyss.com.au,"Of the many reasons why I love her, this is one... « ChrisRhyss.com.au"
T0094,AU,savingana.com,Bikini Waxing &amp; Taxi Smashing « savingana
T0095,ZA,physiopro.co.za,PhysioPRO-Physiotherapy - Rest and Recovery
T0096,IE,davidmcclelland-photography.com,A day in Dublin with my iphone
T0097,GB,perfect-tennis.co.uk,ATP World Tour Finals Draw 2012
T0098,US,foxinthepine.com,Fox in the Pine
T0099,ZA,doepelganger.com,high all the time «
T0100,GB,nichelondonquartet.com,Weddings out in the Countryside
T0101,US,fasttrakauto.com,Monitoring the Quality of Relationships
T0102,AU,stereo.net.au,OSX 24/192 player that can be controlled by iPhone or iPad app
T0103,US,wearejuxt.com,"Pain As Beauty, Erotic As A Way of Life"
T0104,IE,bitsmithgames.com,"How to get a free GDC ticket, and maple syrup too"
T0105,ZA,iheartyouroutfit.com,we both indulge in a little wall art
T0106,ZA,humanaction.co.za,There Was a Fed Chairman Who Swallowed a Fly
T0107,IE,giftnetworkproject.eu,EU Commission tackles the climate impacts of biofuel production
T0108,US,spiritualnetworks.com,Thanksgiving and living with thankfulness
T0109,US,yankeehottie.blogspot.com,Yankee Hottie: History is made as well as the obvious.
T0110,IE,padraigfahy.com,[The JukeBox] S4 E7
T0111,US,auctionandappraiseblog.com,Auto Auctions: How to Make it a Fun and Rewarding Experience
T0112,AU,davidgroenenboom.com,Not much to look at... « Dave's Journal
T0113,IE,dublintheatrefestival.com,Dublin Theatre Festival: Director's Update!
T0114,US,scopeblog.stanford.edu,"Scientists announce the completion of the ENCODE project, a"
T0115,ZA,searchengineoptimisation.co.za,Get to the Top of Google fast!
T0116,ZA,sweetlifemag.co.za,My Type 2 diabetes story
T0117,GB,letolab.com,Southampton Startup Weekend or Dare You to Develop a Startup in
T0118,US,lenziran.com,Ahmadinejad to West :We dont care if you do not invest in oil
T0119,ZA,cathymarston.co.za,The Big Faure-oh | Cathy Marston
T0120,AU,murraybridgespeedway.com,Lines Battles To Wigzell Win
T0121,US,bmorebirdsnest.com,This fake Orioles movie needs to be a real thing : B'More Birds' Nest
T0122,AU,comingout.com.au,Jeff Kennett on Gay AFL footballers
T0123,US,mteotalk.wordpress.com,SWIGSTATE 2012: The best damn election drinking game ever to
T0124,ZA,superbikesa.co.za,"2013 Honda Ruckus, When Fun Meets Function"
T0125,IE,ulsuelect.com,ULSU General Manager actively seeks to control discussion on C&amp;S
T0126,ZA,dowsetts.blogspot.com,kairos : kisses: Relevance : Resonance
T0127,US,healthfitnessyoga24.blogspot.com,Are You Aware Of How To Have The Body You've Always Desired?
T0128,ZA,getpregnant.co.za,Get Pregnant » Blog Archive » Myths about Infertility
T0129,AU,plantowin.net.au,Carpe Sexism! Seizing the Campaign Moment
T0130,IE,aranisland.info,"Aran Islands Archaeology: The Mystery of Dun Aengus, Part Two"
T0131,GB,inmindhypnotherapy.co.uk,I encouraged him to grow wings and now he's flown « In Mind
T0132,IE,theplayer.ie,Trials Evolution Coming as Part of Xbox Live Arcade Next -The Player
T0133,GB,inverness.uhi.ac.uk,Apply to become a host family and earn up to £110 a week
T0134,IE,wreninnovations.com,A Step By Step Way To Transfer Nextgen Galleries Between Sites
T0135,US,retrieverbasketballrallymonkey.com,Thomas Keeps It In the UMBC Family -- UMBC Basketball's Rally
T0136,ZA,mpoverello.com,Uganda prepares to introduce AEO
T0137,US,deluxesmallbizblog.com,The State Of Smart
T0138,AU,darcymoore.net,"A day, make that week, to remember..."
T0139,ZA,blog.bazbus.com,Baz Bus Ticket Options!
T0140,AU,filipin-oz.com,A Heart's Journey with Jose Marie Chan
T0141,ZA,un-earthed.com,Must-read: Fracking fears run deep in the Karoo
T0142,GB,online-payday-loans.me.uk,Need Extra Cash? Cash Advances May Be The Solution
T0143,IE,holistichealthguide.ie,The real cause of anxiety
T0144,ZA,familycareministries-sa.org,Just one life @ Family Care Ministries
T0145,GB,whatkindofbankerareyou.co.uk,Press Release- What kind of Banker Are You?
T0146,GB,scotchodysseyblog.com,Glenfiddich Age of Discovery
T0147,AU,cosmosmagazine.com,Earth's extraordinary journey: Q&amp;A with Kate Humble
T0148,IE,mindfulness.ie,Presented by YTI: Day of Mindfulness for Yogis with Helen
T0149,GB,helennewlove.co.uk,Back to work | Helen Newlove
T0150,ZA,famemonstersa.com,FameMonsterSA: Tech mogul pays bright minds not to go to college
T0151,AU,cattleandcane.com,Feed Me Friday « Cattle &amp; Cane
T0152,US,mrscomethunter.blogspot.com,Apple Pie and The Universe: Refuse to Go Back
T0153,ZA,struiklifestyle.bookslive.co.za,Ardmore: We Are Because of Others by Fee Halsted Launched at
T0154,GB,sites.kingschester.co.uk,The edge of the fiscal cliff
T0155,ZA,lizatlancaster.co.za,Great art on show on the Jan Smuts 'Art Strip'
T0156,IE,justsplit.com,Beautiful Barcelona « Justsplit.com
T0157,AU,harmonyzeolitedetox.com,"""I Thought I Was Going To Lose Her"" :Harmony : Zeolite Detox"
T0158,AU,cassmob.wordpress.com,Family History Alphabet: Tantalising T
T0159,AU,imlearninggerman.com,Introducing Jurnal Berlinez - I'mLearningGerman.com
T0160,AU,pattyj.wordpress.com,Things I discovered as a result of reading DRA's blog
T0161,GB,englishhomestead.com,An English Homestead: Making Sea Salt
T0162,IE,galwayplayer.wordpress.com,Galway Indo Nov « galwayplayer
T0163,AU,xssatstreetfashion.com,Spy Style - Summer's in the air fashion photo shoot
T0164,ZA,msincomemakers.msincomemaker.com,Try These Ideas To Succeed With Affiliate Marketing!
T0165,US,gizchina.com,Chinese Phone Maker of the GooPhone i5 might have blocked
T0166,ZA,pcsa.michaelwsherman.com,Pictures of my Travels Around Africa
T0167,IE,educationmatters.ie,STEM or Science II
T0168,ZA,lloydnorrisjones.com,We have to cut down on mistakes: Drummond « SA Men's Hockey #10
T0169,GB,rossendale.gov.uk,Ash Dieback Disease - Rossendale Borough Council
T0170,US,postralphaelite.blogspot.com,Journal of Post-Ralphaelite Thought: The Edge of Space
T0171,US,miamiflimmigrationattorney.com,Federal appeals court tells parties to look at deportation cases for
T0172,US,armsandthelaw.com,"Of Arms and the Law: It must suck to be on the other side, part 3,560"
T0173,ZA,bootspalace.com,My Personal Favorite Ugg Snow Boots
T0174,ZA,firsttimehomebuyercanada.com,tax credit first time home buyer First Time Home Buyer Tax Credit
T0175,GB,ksnvienna.com,"Polls Show Little Balance, Lots of Opinion"
T0176,IE,onlycentral.com,Windows 7 64bit Shutdown Button Reboots Computer
T0177,US,allfairfield.com,People See What They Want To See Even When They Didn't See It
T0178,GB,footballgossip.org.uk,AC Milan News: Galliani Admits To Ibrahimovic Fall-Out
T0179,US,sydneysmartt.wordpress.com,When God's Trying to Tell You Something.
T0180,ZA,rodgerhoffman.co.za,The use of anchor text
T0181,US,tutorialgoogleplus.net,How to do the proper homework
T0182,AU,embracingitall.com,A Weekend of Gardening
T0183,IE,wishingwell.ie,'The Wishing Well Duo' - Nuala O'Connor
T0184,US,alternativemindz.com,Monster Galaxy Exile Rockets To The Top Of
T0185,GB,pro-choicesmokingdoctor.blogspot.com,Pro-Choice Smoking Doctor: You can't drink in front of the children in
T0186,ZA,edulibpretoria.wordpress.com,Shocking results from the Annual National Assessments written in
T0187,US,moneyistheway.blogspot.com,Jamil Baz is out of his mind ~ Money is the way
T0188,US,austinbhebe.wordpress.com,"You have been a Shelter, Lord To every Generation « austinbhebe"
T0189,GB,nfluk.com,Our man in Missouri
T0190,GB,blog.englishelections.org.uk,English Elections: A Sort-Of Defection in Stafford
T0191,IE,racheldungan.com,How do pharmacists influence how medicines are
T0192,ZA,clockworkmedia.co.za,Numbers Versus Engagement: How Big is Your Community
T0193,IE,scalea.info,Vote to get the Airport Bus Back
T0194,GB,imamedicalstudentgetmeoutofhere.blogspot.com,"I'm a Medical Student, Get Me Out of Here: so much to do, so little time"
T0195,IE,unitedirelander.blogspot.com,United Irelander: Sunday Surprise-What Do You Think?
T0196,GB,theladyandthetramp.co.uk,The Lady and the Tramp Grooming Salon and Spa
T0197,AU,goonlinelawyer.com,Create the Right Kind of Interest in Your Law Firm on the Internet
T0198,ZA,kaspersky.com,Microsoft Corporate Network is Hacked. What About Your Network?
T0199,US,politicaloutcast.com,What does ObamaCare Have to Do With Circumcision?
T0200,ZA,jameykedrajewelryblog.thisnetwork.co.za,When a lot of people perceive real estate
T0201,AU,workfromhomeaustralia.com,Work From Home Australia Business Opportunities
T0202,US,ueunion.org,The Long Struggle for Voting Rights
T0203,US,efrogpress.com,What's a writer to do? The journey from traditionally published to indie
T0204,ZA,bestexerciseforbuildingmuscle.com,Halloween Doesn't Have to be Scary for Your Diet
T0205,IE,mylifelists.com,The end of the summer
T0206,US,silverinvestingnews.com,The Opposite Side Of The Trade: Banks Bet Against Silver
T0207,US,aquanyin.wordpress.com,"Entering the Age of Light Dec 21, 2012 « Amorah Quan Yin's BLOG"
T0208,GB,foe.co.uk,"The Capitalist of Chaos, Bond villains and why"
T0209,ZA,aseedofthought.com,A Seed of Thought: All of the Lights
T0210,ZA,khayadlanga.com,"""Always use a condom"" said my dying uncle to me « Khaya Dlanga's"
T0211,IE,naturalforeststandard.com,The role of organized crime in deforestation
T0212,ZA,avovision.co.za,When you're on top of your Game!
T0213,ZA,charitysa.co.za,16 Days of Activism for No Violence Against Women and Children
T0214,US,clarissarezende.com,A Walk in the Country
T0215,IE,croftontraining.com,Word of the day: BACK « Crofton Training
T0216,ZA,indiasaridresses.shopping-blogs.com,# Barbie Collector Diwali Barbie Doll Festivals Of The World
T0217,US,blog.furniturelandsouth.com,Inspired Designs by Furnitureland South
T0218,IE,michaelcreedfg.wordpress.com,CREED URGES STUDENTS TO APPLY AS SOON AS POSSIBLE
T0219,ZA,africanhistory.about.com,ANC Admits to the use of Torture
T0220,AU,debtfreecashedupandlaughing.com.au,"To market, to market to get a great deal"
T0221,AU,globaljaunt.com,Guided Tours Are Not The Enemy « GLOBAL JAUNT
T0222,US,clemson.edu,Probing a mystery at the edge of space
T0223,AU,snippets.webaware.com.au,How to hack a WordPress plugin that doesn't have the filters you want
T0224,IE,marco.ie,Marco and Waterloo Tea at TEDGlobal
T0225,US,forums.opendns.com,OpenDNS Community &gt; Forums &gt; How Do I know that it is Working
T0226,ZA,south-africa-accommodation.org.za,Garden Route one of the Western Cape's tourism gems
T0227,ZA,brandgeneration.co.za,Top of Google Search Engine Rankings!
T0228,IE,tog.ie,A Night of Inspiring Talks - Science Week
T0229,GB,disdroid.co.uk,"Hamilton wins in Texas, Red Bull claim Constructors Cup"
T0230,US,announcementsgalore.com,Sickly Family Discovers New Home Had Been a Meth Lab
T0231,GB,studentwhat.com,5 questions to ask when you're looking for a student house
T0232,US,officestace.com,A Little Bit Nasty
T0233,US,macezra.com,Godspeed You Black Emperor! A (kind of) Review.
T0234,IE,alliancesupport.org,Archbishop: It is not the state's job to raise children
T0235,GB,bruichladdich.com,What Is The Difference Between The Classic And The
T0236,IE,broadsheet.ie,Heard The One About The Kerry Cycle Path?
T0237,GB,orthodoxengland.org.uk,On Fulfilling The Law Of Christ: The Spiritual Meaning Of The 20th
T0238,IE,thinkforyourself.ie,We need to take responsibility for our own professional development
T0239,IE,donegaldaily.com,'FAIRYTALE ECONOMICS': DONEGAL TD IN ROWDY CLASHES
T0240,IE,caraapacentre.ie,An Untapped Leisure Market
T0241,US,unalayee-summer-camp.com,Do you know how to pack for a hike? « Camp Unalayee
T0242,US,motrizmarketing.com,The Cost Of SEO Services With A Straight Answer
T0243,IE,hollisterlondon.org,Lots Of Things You'll Want To Take Into Account Picking Out Ideal
T0244,ZA,csjwealth.co.za,Long term insurance | CSJ Wealth Management
T0245,US,lindathompson.wordpress.com,I Was One of Them « Together Spreading Kindness
T0246,US,realintent.org,In Prison and Ye Came
T0247,GB,powerofyoga.co.uk,Five Reasons Why You Should Not be a Yoga Teacher
T0248,AU,iregretmyabortion.org.au,Sandra | Voices of Regret
T0249,AU,freemytorch.com,Blackberry Torch Unlocking Instructions
T0250,ZA,diamondringsforher.net,Choosing the right metal for your rings and earrings
T0251,AU,tigsmacallan.com.au,High tea in the Australian bush : tigsmacallan
T0252,GB,buzz50.com,"What, if anything, would you make with chocolate pasta?"
T0253,IE,bressiemusic.com,Bressie's Blog- Murder She Wrote?
T0254,US,hillbuzz.org,A good reason to never vote Democrat again: this is the party that
T0255,AU,turbosmart.com.au,The Evolution of the Evo
T0256,AU,sskb.com.au,Common Misconceptions of Strata Living
T0257,ZA,frustratingconditions.com,5 Tips You Must Follow In Order To Enjoy A Healthy Life
T0258,ZA,peasandcarets.com,The Easy Way Of Converting Mp4 To DVD Mac
T0259,US,blog.firstgiving.com,Add a bit of color to your next 5k
T0260,AU,colinwarren.net,more farewells and glad to have been able to help...
T0261,IE,ifoundafix.com,How to Make Internet Explorer the Default Web Browser
T0262,GB,baldwinberges.com,On the edge of our world
T0263,US,deadrobotssociety.com,"""City of the Fallen Sky"" by Tim Pratt- The Dead"
T0264,ZA,orangeslicesandbricks.blat.co.za,There's light at the end of the tunnel
T0265,US,brightideandbushytailed.com,Cliff Dwellers &amp; Cliff Jumpers « Bright Ide and Bushy Tailed
T0266,IE,greenwebarticles.com,How To Go Back To Sleep When You Wake Up
T0267,IE,kavanagh-ensemble.com,Beautiful wedding in Wexford
T0268,AU,insure4less.com.au,How Early Should You Book Your Honeymoon? : : Travel Insurance
T0269,US,cameroneffect.com,I want you to know how powerful and positive this is
T0270,IE,kanchi.org,Kanchi Calls on Irish Businesses to Open Their Doors to People
T0271,US,kopimismoz.wordpress.com,Australian Attorney General says public scrutiny of spying bill would
T0272,US,thesinglefilez.com,Single men dating tips-how to go back to the swing of things secret
T0273,IE,musicianstogether.com,In Defence of Cover Songs
T0274,AU,thebigsieve.com,Top of the Ads « The Big Sieve
T0275,AU,louisaclaire.com,3 ways to take care of your teeth during pregnancy.
T0276,AU,vintagegrrl.net,It Was a Blue Hawaii Christmas Party
T0277,AU,theversatilegent.com,Bond &amp; Knight + The Versatile Gent Wallet
T0278,US,scottweberwriter.wordpress.com,Up on the Roof « scottweberwriter
T0279,GB,crunchedproductions.com,Exploring the work of famous artists in iMovie
T0280,AU,iphone5review.com.au,iPhone 5 - It is almost here - released today
T0281,AU,uhphg.com,CFP: From the Ground Up
T0282,GB,governmentdebtconsolidationloan.net,"Chapter 7 Bankruptcy: What You Need to Know, What to Ask Your"
T0283,ZA,rockseed.co.za,Scripture of the Week
T0284,GB,sbaconsulting.org.uk,How to get the most out of your Recruitment Consultant (and hire the
T0285,GB,best4watches.co.uk,Using Watches As Fashion Accessories
T0286,ZA,outrightrugby.com,November Internationals week 1 recap
T0287,IE,fast-fix.ie,Test Blog | Fast Fix Jewellers
T0288,ZA,my-easy-cooking.com,Thanks for lamb shanks!
T0289,ZA,parisandpomegranates.com,if i could fly: Caught in the middle of a national water fight
T0290,IE,globaltravelhelp.com,What is it that makes prejudiced people think that they are better
T0291,AU,limetreekids.com,A kiss in the morning
T0292,US,enthusiasmofthemonth.blogspot.com,Enthusiasm of the month: The 'age of reason' and the 'age of faith'
T0293,IE,webawards.ie,Are we there yet? Countdown to November 1st
T0294,AU,journalofafrenchfoodie.com,Tarte meringuée au citron (Lemon meringue tart)
T0295,US,usconservatives.about.com,2009: What Could Have Been
T0296,GB,blog.flint-consulting.com,"""Making Change Stick"" - A matter of life or death?"
T0297,US,fallibleblogma.com,What does it mean to take the Lord's name in vain?
T0298,GB,medwinds.co.uk,At the bottom of the Mediterranean Sea
T0299,IE,mikaelfernstrom.com,Amhran na Beacha (Song of the Bees) « Mikael Fernstrom
T0300,US,emilysarthritisfight.blogspot.com,May I point you elsewhere for a moment?
T0301,IE,kwlnerd.wordpress.com,Back to the past
T0302,IE,holistic-interior-designs.com,How buying green may not be eco friendly
T0303,ZA,sabusinesshub.co.za,Many of the bodies were repatriated
T0304,AU,helenapastor.com,The possibilities of life « Helena Pastor
T0305,GB,cocp.co.uk,5 Things You Need to Make It as a Freelance Writer
T0306,GB,normandyinsite.com,Motivation or Action. What comes first?
T0307,US,thebells.umhb.edu,Daughter of chapel speaker inspires students to do good deeds for
T0308,GB,bryanislip.com,Bryan writes fiction worth
T0309,US,billboard.com,Easton Corbin Aims to Top Debut With 'All Over the Road'
T0310,GB,forums.thepoultrykeeper.co.uk,The Poultry Keeper Forums * View topic
T0311,IE,bagheadinc.net,Heads Up! New Feature Added! « bagheadinc.net
T0312,AU,eatsleepbusiness.com,How To Make It In America
T0313,ZA,nikela.org,"Why I love Africa, Wildlife and Especially the Rhino"
T0314,US,theadblog.net,three trends in the future - Acoustic Dimensions Blog
T0315,IE,traveledits.com,The Bed Edit: The Independente Hostel and Suites Lisbon
T0316,ZA,snowmenu.com,Feet comfort when skiing « Snow Menu
T0317,IE,hughoconnell.com,Wikileaks diplomatic files not as shocking as we're being told
T0318,ZA,gondwanagr.co.za,A Day in the Life of a Gondwana Horse
T0319,AU,webdesigners.net.au,How do I get a website?
T0320,IE,actusvisa.wordpress.com,Working Holiday Programme Republic of China (Taiwan) Nationals
T0321,US,femlegaltheory.blogspot.com,Feminist Legal Theory: The right to pee
T0322,US,linnettaylor.wordpress.com,"The internet archiving puzzle: who can capture the web, and what"
T0323,US,bpmrecordz.com,Health Benefits of Music
T0324,US,mendingthesoul.org,The Mending the Soul Workbook for Men and Women has arrived
T0325,AU,thenutritioncoach.com.au,proof is in the pudding
T0326,AU,realfijinews.wordpress.com,President of the YPCN... PLEASE READ THIS.
T0327,US,rowhouseliving.blogspot.com,Rowhouse Livin': Clothes used to be more sturdy
T0328,US,silverlightshow.net,WinRT Behavior to Turn FlipView into a Kind of Windows 8 Panorama
T0329,AU,michaelhartmp.com.au,Guardianship and Administration and other Legislation Bill 2012
T0330,ZA,sugsa.org.za,Event Report: Leading Self-Organising Teams
T0331,ZA,africaonline.org.za,Cape Town not a host city for AFCON 2013
T0332,ZA,portstfrancis.net,World unites at Port St Francis
T0333,IE,houseandhome.ie,You shall not pass... up a chance to stay at The Hobbit Motel
T0334,GB,jacqueline-hill.com,"Light shed by Spotlight: The Man Who Came to Dinner, The"
T0335,AU,theyouthcollective.com,You Don't Really Want to be Successful... THEYOUTHCOLLECTIVE.
T0336,AU,jesslovesfred.com,Jess Loves Fred: Tentatively
T0337,ZA,fittestincapetown.com,Seeding for teams and individuals: Post your scores until December 4
T0338,US,doubleclickpublishers.blogspot.com,DoubleClick Publisher Blog: Sell more on more screens with DFP
T0339,ZA,allchorn.com,Are lowballers destroying the website design industry?
T0340,AU,reconciliation.org.au,Reconciliation is what you make it
T0341,ZA,consummatestreet.bloglines.co.za,A Couple of Interesting Chair Rail Ideas and processes
T0342,US,wiveswithknives.net,Golden Fruitcake ~ Now is the Time to Make It
T0343,ZA,fireflyafrica.blogspot.com,The Firefly Photo Files: First time on the Gautrain
T0344,GB,hacvs.org,Vote for your favourite 'Dressed for Success' display
T0345,ZA,set-your-boundaries-your-way.com,How Boundaries Make a Relationship Work.
T0346,IE,cubeonlinemarketing.ie,Brand Killed by SEO Link Building
T0347,GB,ottosentieri.com,Google+: The Dark Side of the Circle
T0348,ZA,bakelovenotwar.co.za,"Changing the world, one cupcake at a time."
T0349,GB,chrisglennie.com,"Leadership, communication and motivation in the workplace"
T0350,US,globalleadprogram.org,I Want To Be ... Out of the Ordinary!
T0351,ZA,jawcrushersx.com,5 Of The Most Renowned Video Games For The PS3
T0352,GB,mindspace.org.uk,Creating Mind Space with a group of 16 year
T0353,GB,thelondonfoodie.co.uk,Kitchen Influentials Lunch at Hix Oyster &amp; Chop House
T0354,IE,rhodakirwan.com,"Wild Mushroom Foraging (""Big Bill's Wild Mushroom Hunts"")"
T0355,IE,leitrimcommunity.com,COLIN AND LAURA RECEIVE GUARDIAN AWARD
T0356,IE,wexfordgreenparty.com,Hands Off Cultural Institutions Says NCFA
T0357,AU,billabonggirls.com.au,ART &amp; THE OCEAN
T0358,GB,birdcagelive.com,A little bit of Botox!
T0359,AU,toxinfreefuture.com,Can Exercise Make You Fat?
T0360,US,journeybacktoclassroom.wordpress.com,A Journey Back into the Classroom
T0361,AU,girlwithasatchel.blogspot.com,Girl With a Satchel: The Middle Brow
T0362,IE,republican-news.org,Departing Ombudsman warns of collusion dangers
T0363,ZA,enitiate.me,Future of South African smartphone market holds promise for mobile
T0364,US,fox43tv.com,Teen killed at Chesapeake house party
T0365,IE,sowandgrow.ie,Time to start thinking about Daffodils...
T0366,ZA,handsomethings.com,Tropic of Soda « handsome things
T0367,US,jabartlett.wordpress.com,"This, That, and the Other « The Hits Just Keep On Comin'"
T0368,US,quiltersclubofamerica.com,Spudgrandma's Thoughts on Quilting &amp; Life!
T0369,US,newmediarockstars.com,YouTube's Democratic Convention Live Stream Error: What Happened
T0370,US,pghpsychotherapy.com,The Nature of Change
T0371,GB,blog.theorytestpro.co.uk,6 Ways to Get a Great Deal on your Car Insurance « Theory Test Pro
T0372,US,uigeo.org,"geo will stage""we want to work"" rally, thursday at"
T0373,US,somanybooksblog.com,The Age of Miracles « So Many Books
T0374,IE,sciencecalling.com,Can I be happier? « Science Calling!
T0375,GB,allaboutloans.co.uk,By the time you read this...
T0376,IE,fixyourstreet.ie,Illegal dump - Fix Your Street
T0377,ZA,bryanallott.net,Piracy is NOT A Crime*
T0378,AU,malaysia-sa.org,Talent Corp Malaysia visits Adelaide
T0379,US,easydiysolar.com,Electric Utility Rates Are About To Get Out Of Control!
T0380,IE,simonstowngfc.com,The wait is over!
T0381,GB,adrem.uk.com,"Architectural Design Maestro Job, China #Adrem Architect Jobs"
T0382,AU,self-managedsuperfund.com.au,Self managed super funds
T0383,IE,leadupdategot99.shopifree.com,www.greenleafloangroup.com | leadupdategot99
T0384,AU,ausmotive.com,M5 watch: Is that the best you can do?
T0385,GB,desertsun.co.uk,White Sun of the Desert
T0386,US,mequoda.com,Roundtable Questions We've Heard in the Past
T0387,GB,celebscoop.co.uk,Paris Hilton's Store Opening In Mecca Angers Conservatives
T0388,US,kingdomofhamelot.com,Life in the time of Hamelot: Health and medicine
T0389,GB,thebespokegent.com,The Bespoke Gentleman: Tailoring courtesy of Mr. Start...
T0390,IE,gladysganiel.com,Andrew Pierce on Learning from Vatican II
T0391,ZA,infrastructurene.ws,Infrastructure is a long term investment
T0392,AU,cdu.edu.au,Winners of the 2012 Green Gown Awards Australasia!
T0393,ZA,info.gov.za,D Hanekom: National Innovation Survey
T0394,IE,rooflights.info,Shanghai to ban use of glass curtain walls in select applications
T0395,ZA,fashionbybrettrobson.blogspot.com,OOTD: Don't kill the dream
T0396,ZA,marshallmusicdirect.com,Rodriguez: The rock icon who didn't know it
T0397,GB,greatmathsteachingideas.com,Are mini-whiteboards the ultimate teaching and learning resource
T0398,GB,travelblog.holidayphotosite.co.uk,Crete One of the Most Spectacular Places to Go Walking in Greece
T0399,US,terce.me,The things that belong to God: 29th Sunday in Ordinary Time (Year
T0400,AU,yevae.uwcblog.com,Download State and Society in the Early Middle Ages: The Middle
T0401,US,virtualstore.allure.com,"Confessional: I wear makeup all the time--really, all the time « Shop"
T0402,IE,bsclinical.com,Obesity and related problems can make your memory worse
T0403,US,leavingfundamentalism.wordpress.com,I Could Have Been a Suicide Bomber « Leaving Fundamentalism
T0404,GB,newfilmsout.co.uk,Deep End (Dvd + Blu-ray)
T0405,GB,blackandwhiteandreadallover.blogspot.com,Black &amp; White &amp; Read All Over: Last chance saloon
T0406,ZA,xcellentmedia.co.za,10 Ways the Visual Web is Taking Over
T0407,GB,uxstream.net,Musings on the Relationship Between Grids and Guides
T0408,IE,leavingcertenglish.net,Hamlet - answer the Q
T0409,GB,vege.tasteonline.info,"How to have the Best Burns Night Ever, eh no?"
T0410,ZA,africar.co.za,Cole-Parmer Releases Biofuel Series of Catalogs
T0411,US,turbulentblacktea.com,We've Got Great Unfinished Business In This Country
T0412,GB,sueunerman.mediaweek.co.uk,As long as you're being talked about you're doing well
T0413,IE,handbag73.shopifree.com,[NEWS]The Loewe Amazona has completely grexclusive individual
T0414,AU,thegirlthatruns.com,The girl that swims a little bit better « The girl that runs
T0415,US,tvfilmnews.com,"A Legal Minute: The Case of ""The Family Corleone"""
T0416,IE,irishphoto.ie,PSA Pictorial Print of the Year
T0417,AU,compassionate-flow.com,Assisting Refugees in the Illawarra
T0418,IE,cpdboard.ie,Corporate Insolvency | CPD BOARD
T0419,ZA,jackpotcity-onlinecasino.com,What Are Some Things You Can Do With Your Casino Jackpot?
T0420,ZA,baytreedecor.co.za,"Quick, Easy and Budget-Friendly Christmas Decorating Tips"
T0421,AU,geekosity.org,Facebook Announce the Most Social Landmarks Around the World
T0422,ZA,thehubsa.co.za,Talk to me about tandems and wives....
T0423,ZA,debtconsolidationloanunsecured.org,A Debt Consolidation Loan might be the Answer
T0424,ZA,heatherjacklin.com,We Were Just A Couple of Kids
T0425,ZA,k4kentertainment.com,T.O.S.O.M tracklist break down - K4K Entertainment
T0426,GB,internationalchocolateawards.com,Winners « International Chocolate Awards
T0427,AU,centreforleadership.com,"Truth and ""The Thick of It"""
T0428,IE,blog.odonnell.nu,All Flash based Technology is a bad idea
T0429,US,bottger.typepad.com,my presidential debate prediction: annoyance 50% of the time
T0430,GB,brightonhovelabour.com,"""Make sure the Council knows what"
T0431,GB,acnecaretreatment.com,This is How to get rid of spots on your face
T0432,US,mykoreannotebook.wordpress.com,I Feel The Same Way ~~~ « Korean Notebook
T0433,IE,apeople.biz,"Meet the A Team - Barry Paterson, Managing Partner"
T0434,IE,rozz.ie,"Five Dials:free mag-stories from Kevin Barry, Nuala Ni Chonchuir"
T0435,AU,newchurchlife.com,Churches of the People!
T0436,ZA,africaheritagerivonia.com,The kind of Africa I would like to see
T0437,AU,blog.villasseminyakbali.com,How to Keep the Competitiveness of a Villa
T0438,IE,silhouetteofficial.com,Part 2 - Tour Diary... « Silhouette
T0439,IE,electronic-recycling.ie,Recycling Week and Recycling in the workplace
T0440,AU,dryadmusings.com,We're Going To See Green Day!
T0441,US,oregonfishingforum.com,All the time paid OFF!
T0442,GB,citrixiforumbenelux2009.com,Home Business and Online Business
T0443,US,thebutterbottomblog.com,The ButterBottom Blog: Full Circle at the Symphony
T0444,IE,susanhatedliterature.net,Journey to the Center of the Earth 3D
T0445,GB,smokefreeyh.org.uk,The Way To Be Wiser While You Shop For Cars
T0446,ZA,articlesite.co.za,Coping with lung cancer with the use of a pulse oximeter
T0447,AU,hodc.net,No-Hassle Secrets For Mesothelioma Treatment Info Explained
T0448,GB,uneconomical.wordpress.com,UK Debt &amp; Deficits: Nominal GDP is the Elephant in the Room
T0449,US,lotpro.com,Back and Forth over Grand Cherokee Moose Test
T0450,US,ox-ex.blogspot.com,"The Oxford Experience Blog: ""The Age of Stonehenge"" Oxford"
T0451,ZA,abe.co.za,a.b.e. Construction Chemicals (Pty) Ltd
T0452,ZA,granville.co.za,"Keeping Up ... with the Joneses: PhD, relocation, and other"
T0453,ZA,eyehearttravelblog.com,Meeting Jerry Springer at 'The Price is Right' Live Show in Atlantic
T0454,IE,fingalrepairs.com,Avoiding a Costly Washing Machine Repair-3 Tips to Getting the
T0455,ZA,jtmarketing.org,Don't Know How To Approach Internet Marketing? Try These Ideas
T0456,IE,styleisle.ie,An Italian Adventure. | styleisle.ie
T0457,IE,cwc.ie,CWC Alignment Report | Community Workers' Co-operative
T0458,US,cascadianow.org,Running a Cascadia Information Table
T0459,ZA,frog.za.net,When am I ever going to have a day stick to my plans
T0460,AU,awm.gov.au,The Role of Aircraft
T0461,ZA,8p.co.za,How to Find the Best Tax Company to Work With
T0462,ZA,carnegie3.org.za,Inequality and Poverty: Two sides of the same dilemma
T0463,GB,digitalhighstreet.blogspot.com,Before You Get Rid of Your Phone ~ Digital High Street
T0464,IE,sburke.eu,How to make a CAT5e Network Cable
T0465,AU,thisisyourcaptainspeaking.info,Talking About Absolute Wealth Articles
T0466,AU,brisbanelivingheritage.com,"Come to Brisbane, Australia and Enjoy the Semi-tropical Weather"
T0467,US,dangerous-business.com,Merry Cemetery: A Different Way to Look at Death
T0468,AU,brownowls-members.blogspot.com,Brown Owls Members Blog: Brisbane Meet Up in the City
T0469,US,craigcrawford.com,Tomorrow is a Long Time
T0470,ZA,ileadgowns.com,"Bridal Gown Collections - Eurobride - Gauteng, South Africa"
T0471,US,savingslifestyle.com,Sonic the Hedgehog Erector Set Giveaway
T0472,GB,privatemidwife.co,How to deal with birth.
T0473,ZA,photos.mg.co.za,Light at the end of the tunnel?
T0474,IE,markcapilitan.com,WEDDING 14th JULY CARRAROE-CASTLE DARGAN
T0475,IE,kinsale.ie,36th Kinsale Gourmet Festival
T0476,US,blogs.ups.edu,"""When I grow up, I want to be...."""
T0477,ZA,blog.a20.co.za,On the Market for Lemons and buying things you don't really
T0478,IE,worldcycleracing.com,National Geographic Weekend « World Cycle Racing
T0479,ZA,rhapsodyofrealities.org,Blog Archive &amp;raquo; Prt A: Nov 15 - Don't Look At
T0480,US,quickcreditreport.net,Why Reaffirming Mortgages Is a Very Bad Idea
T0481,GB,girlstattoos.net,Tattoo Design for a Group of girls any ideas?
T0482,IE,eyecamblog.arabblogs.com,What To Try to find Inside the Finest Outdoor Security Camera
T0483,IE,cumanngaelachdcu.com,Changes Are Easy In Your Lifestyle With The
T0484,US,motorcycleinsurance.com,The History of Harley: Over 100 Years of Motorcycle Greatness
T0485,US,languagehat.com,languagehat.com: NAMES AROUND THE WORLD.
T0486,GB,autismexpo.com,Jason Nikouyeh Has Taken Duramedix to the Next Level
T0487,ZA,lwmag.co.za,LW Mag Chromium Update!
T0488,GB,inournature.org.uk,I N - O U R - N A T U R E
T0489,US,butchfemmeplanet.com,Advice from the other side of the experience...
T0490,ZA,parttimejobsinpretoria.co.za,Part Time Jobs In Pretoria
T0491,IE,dwickremasinghe.ie,UN to look at Ireland's human rights record « Dil Wickremasinghe
T0492,IE,celticdch.com,Results from Dublin Champs Day 1 Santry « Celtic \ DCH Athletic Club
T0493,GB,beauty.forlifenews.com,"The Barns at Wolf Trap Welcomes a Pair of Folk Music Must-Sees, a"
T0494,US,nancebeth.blogspot.com,Froat Punch Friday: 10 Things We Want You To Know
T0495,GB,chrismukasa.blogspot.com,Kenyan Poets Lounge: POST ELECTION PARTY VIDEO! By A List of
T0496,US,hilarymason.com,Following a group of Twitterers without exhausting SMS hilarymason
T0497,GB,stellaswardrobe.com,Stella's Wardrobe: Bubblegum bangs
T0498,ZA,ecovitality.co.za,7.5 Sevenpointfive Diet Basics | ecovitality
T0499,US,leslieworks.blogspot.com,© leslieworks: So excited to be a part of this new book!
T0500,IE,internationalmanagementbooks.com,Belt Tensioner Companies : Be sure that Be familiar with Belt
T0501,GB,ufoinsight.com,Help Find ET with Seti@Home and Your Own Computer
T0502,IE,irishbookawards.ie,Death of Ireland's Most-Beloved Author
T0503,US,myswordisunbelievablydull.wordpress.com,My Little Pony Friendship is Magic S3 Ep3: Too Many Pinkie Pies
T0504,AU,itsinthestarsonline.com,10 bad wedding gift categories to avoid giving
T0505,AU,twenty4.com.au,Google Analytics comes to Mobile Apps
T0506,US,unfrozencavemandicechucker.blogspot.com,Crayfish and Abbots: More Fodder in the case of the Sample
T0507,GB,seniorchatters.co.uk,DO OUR BEST TRUST GOD FOR THE REST
T0508,AU,walksmelbourne.com,Horizontal rain and loving it! « Melbourne Walks
T0509,ZA,homeloansite.co.za,Simple Steps for the First Time Home Loan Buyer
T0510,AU,dchealthperformance.com.au,The Importance of Posture
T0511,IE,bt-dubs.com,BT-Dubs » Blog Archive » Top 10 Mixtapes of 2009
T0512,US,galacticconnection.com,Who's Going to Get Fired Over Petraeus Investigation? « GALACTIC
T0513,AU,artsbreakfast.wordpress.com,"Greg Clarke, Director of the Adelaide Fringe « ARTS BREAKFAST"
T0514,IE,darrenboyle.me,Alan Shatter's privacy crusade is a nail in the coffin of the Irish
T0515,GB,cagedfightwear.net,Gracie: I knew [the UFC] was going to get big
T0516,AU,curiousweaver.id.au,c u r i o u s w e a v e r
T0517,IE,2uibestow.blogspot.com,2 U I Bestow: : Album Review: Robb Murphy
T0518,IE,roseannepereira.com,Knead to Deal with Your Feelings? « Roseanne Pereira
T0519,US,auntiepixelante.com,auntie pixelante › metagirlactic boners battle at the edge of time
T0520,AU,propertywizards.com.au,Make the most of your mining job wage so you can step off the FIFO
T0521,ZA,elainerumboll.com,The Agile Leader's Toolkit
T0522,AU,mieffects.com,NEW SUPER BLUES PRO!
T0523,GB,motorbikeaccidentlaw.com,Helping Motorists To See The Human Behind The Motorbike Rider's
T0524,IE,blog.profitero.com,Profitero Blog: Retail Intelligence: UK Shoppers Spend £34.9 Billion
T0525,ZA,blog.thebraveprogrammer.integralwebsolutions.co.za,The Brave Programmer: Proteas beat Australia in the first ODI
T0526,GB,joesaward.wordpress.com,A couple of things... «
T0527,US,iaplay.com,measuring the quality of IA at ia play
T0528,IE,bringingprinttolife.com,Making Her Valentine's Day Special One Step at a Time
T0529,ZA,thinkfood.co.za,the global fresh produce trend
T0530,ZA,christembassy.org,Thought For Today: Being Conscious that you're
T0531,US,privatelosangelestours.com,The Berlin Wall Becomes a Part of a Helicopter Tour
T0532,AU,where-is-my-mind.com,Where is my mind?: What's in my ......
T0533,IE,counsellingconnections.ie,Counselling in difficult financial times.
T0534,GB,fgw5pounds.co.uk,Franchise Buisnesses would appear to be doing much better other
T0535,GB,victoriagroulef.co.uk,In the name of localism?
T0536,ZA,catalounge.com,You Want to Get Ahead in Life And Your Career .
T0537,AU,abccarbon.com,"""Bumbling Masters"" Let Oil Spill Get Out of Control in"
T0538,AU,therealbyronbay.com.au,Byron Bay at Night
T0539,US,jessicadelfino.com,I'm Sick Of Hearing And Reading That There Are No Jobs
T0540,IE,heltering.com,"heltering: How to make the Close, Minimize and Zoom buttons in"
T0541,ZA,rosesandrustblogger.blogspot.com,Roses and Rust: Monday Musings
T0542,IE,irelandwanderer.com,The best film locations for Braveheart
T0543,IE,surveyguru.com,Act on but also acknowledge feedback
T0544,GB,bluvd.com,How To Get And Keep A Man
T0545,US,abajournal.com,Scalia Discusses Views on Textualism and the Process of Co
T0546,GB,wordscover.me,"Anniversary &amp; Mexican food, a cause for celebration!"
T0547,ZA,crediblepartners.com,"Change is happening behind our backs, right in front of our eyes"
T0548,GB,newsinsurances.co.uk,UN : access to contraception could save $5.7 billon
T0549,ZA,southafrica.info,SA leads as HIV/Aids tide turns: UNAids
T0550,GB,blog.datasalon.com,The 7 deadly sins of data quality « From the Armchair
T0551,IE,ramp.ie,Christmas Gift Guide: Gifts For... Irish Mammies
T0552,GB,thesuperbite.co.uk,The Superbite: Who is Tom anyway?!
T0553,ZA,unicentrix.net,Your Online Billing Solution
T0554,AU,teamearthling.com,Team Earthling: Episode 51 - Vegan History
T0555,ZA,princessechoes.co.za,Twilight - Breaking Dawn (Part 1)
T0556,GB,samkinsley.com,Nonsense in the dark
T0557,US,awesomelyshitty.wordpress.com,The Sky is Falling (James Bond 23) « Awesomely Shitty
T0558,US,onemedplace.com,"Bulls, Bears: The State of Cancer Immunotherapy in the Public"
T0559,AU,morethanreadingblog.com,This is the woolly bear that eats... « More than Reading Blog
T0560,ZA,propertyposer.co.za,Backers willing to invest R1bn in Cape Town Grand Prix
T0561,IE,kilmallockgaa.com,Munster Club Championship | Kilmallock GAA
T0562,AU,katrinaedgarphotography.com,My mum was like Google...............(a personal blog post)
T0563,GB,tanyamarlow.com,A New Name: When it's bad to be the 'good girl'
T0564,GB,articlemaster.co.uk,Cheap Hotels in One of the Beautiful City
T0565,IE,handbag701.shopifree.com,chanel bags cheaper in paris for sale
T0566,AU,sascurtin.com,Register to be a Member of SAS!
T0567,GB,quickie-divorce.com,Divorce Advice: The Role of the Decree Nisi
T0568,GB,wickensonline.co.uk,Indigo 2 100MB Network Card Installation
T0569,AU,teapotsandtractors.com,Teapots and Tractors: Operation Chookpen
T0570,ZA,bestbrandingideas.com,BRAND - Creating Your Personal Brand
T0571,GB,contentmarketingdaily.co.uk,Content marketing in 2013. How to make it
T0572,AU,perthfoodjournal.com,"Funky Decor @ The Lounge Room, Guildford, W.A."
T0573,GB,ellamag.com,Tired of the same old sauv blanc? Try white
T0574,US,brittneyg.typepad.com,The Story of My Sexual Assault on Muni in San Francisco
T0575,IE,surfacepower.com,"WOW, mid-summer solar temperatures at 8:18 am in the morning"
T0576,US,emobiochemist.blogspot.com,Emo biochemist: Can't say I want to do that now
T0577,AU,needanidea.com,Disconnect To Reconnect. The Benefits of Boredom
T0578,AU,pheelx3.me,Phil Lu &amp; Melissa Huynh
T0579,ZA,restitution.org.za,a Window of Opportunity (Jeremy Burnham
T0580,GB,addictionfocus.com,What Kind of Drink Problem Do I Have?
T0581,ZA,nrcycles.co.za,Getting Sponsored | A New Revolution!
T0582,AU,thesmsfreview.com.au,Cash rate left at 3.25%
T0583,ZA,relax-with-dax.co.za,Eat Out Top Ten 2013
T0584,IE,sonashousing.ie,Why Sonas supports the Children's Rights Referendum
T0585,US,miamiflonthecheap.com,Get 50% Discount to See 'The Athlete'
T0586,IE,cafenoir.ie,The Sunday Business Post Interview
T0587,ZA,metalcastingconference.co.za,Solutions for waste in the foundry sector
T0588,GB,uncoverskincare.com,How To Protect Your Skin From Old Man Winter
T0589,US,talkorigins.org,Kitzmiller v. Dover: Decision of the Court
T0590,US,newmusicbox.org,Five Rehearsal Secrets of the Spektral Quartet
T0591,GB,dietandweightlosssecrets.com,In This Article We Are Going To Be
T0592,US,tingilinde.typepad.com,the costs of stop and go as well as spinning
T0593,ZA,michaelolivier.co.za,Bruce Palling - International Eat Out Awards Judge 2012
T0594,IE,handling-network.com,CONTACT ploughs ahead for wintertime
T0595,AU,ozcashnow.com,Australia Personal Loans With Bad Credit Exist: One Rejection Is
T0596,AU,traveloscopy.blogspot.com,Business Class Customers To Get A Better Night's Sleep
T0597,IE,gamegameblog.wordpress.com,The Role of Women in Video Games « GameGameBlog
T0598,GB,factsaboutpoland.info,Polish Presidential election likely to be held on June 20
T0599,US,perfectunion.com,"Has Obama been able to pass a record amount of laws, or nothing"
T0600,AU,brisbanelandscapingandtimber.com.au,Looking for a Way to Revamp Your Home on a Budget? Why Not
T0601,ZA,ronnieborr.com,Gypsy Biker » 1000 days ago today...
T0602,US,androidgeektips.com,4 Great Apps for Members of the US Coast Guard
T0603,ZA,hikecapetown.co.za,Getting competitive on Cape Town's Three Peaks
T0604,AU,celebritybitchfest.com,Director still tours with Michael - The Province
T0605,ZA,luminousbanking.com,BankFiling creates new cross selling opportunities for banks at
T0606,IE,keentogeton.com,Responsive Web Design for Mobile Devices -- Keen to Get On?
T0607,IE,emeraldcircus.com,EmeraldCircus.com * View topic
T0608,AU,darlingjustdoit.com,"Darling, Just Do It!"
T0609,US,davidramadan.com,News Release: Stay Away from Downed Power Lines: http://1.usa
T0610,AU,homebusinesssuccessideas.com,Home Business Ideas For Creative Men And Women Home
T0611,GB,juliewearswellingtons.wordpress.com,A Man wearing his Wellingtons 12 - My Dad
T0612,US,fayjf.wordpress.com,"On the pernicious effects of thinking that ""you can do anything if you"
T0613,AU,kateislate.com,Data retention - a stalkers paradise.
T0614,AU,ashertreleaven.com,Perfect Playlist | Asher Treleaven
T0615,US,booksandpals.blogspot.com,BigAl's Books and Pals: Feels Like the First Time / Shawn Inmon
T0616,GB,daily-newz.com,Options That You Have When Choosing the Best Women's Shoes
T0617,AU,deborahfairfull.com,Feel your way to love
T0618,AU,jordyburgess.com,Miami Homestead Race Wrap Up
T0619,ZA,canm.org,Ideal Tent To Hire For A Wedding
T0620,IE,dianasfood4thought.info,Sometimes you just have to wait...
T0621,ZA,leaderzoneonline.com,What's your story? | LeaderZone
T0622,US,loewrestling.com,The Other Side: Ten Things TNA Should Consider Doing
T0623,ZA,mygaming.co.za,What you going to do on new years?
T0624,IE,drccdj.net,"Pyrex Storage 14-Piece Round Set, Clear with Blue..."
T0625,US,1morechapter.com,This Year It Will Be Different « 1morechapter.com
T0626,US,electronicrumors.com,Monsieur Adi's 'Some Kind Of Love' « electronic rumors
T0627,IE,aaronmccormack.com,"Under Boehner Plan, most of the spending cuts will be eaten up by"
T0628,US,digitaltrends.com,Apple officially owns the page turn thanks to newly granted patent
T0629,AU,lexissunshinecoast.com,ESL visits Lexis English!
T0630,ZA,freelanceexpress.co.za,Six Steps to Secure a Wordpress installation
T0631,GB,timschwanen.com,On the Rational and the Emotional in Transport Analysis
T0632,US,theoldmotor.com,"Hey, even Corvairs need to vent at times"
T0633,AU,asktrevi.com,How do I run a business and go on holidays all the time
T0634,US,contrast2.wordpress.com,The two kingdoms doctrine: what's all the fuss? « Contrast
T0635,AU,ocsober.com.au,Top Ten Myths about Health &amp; Fitness dispelled
T0636,US,bart.freediscountbags.com,think back and forth Louis Vuitton handbag Example
T0637,ZA,leadershipsolutions.co.za,Part 6 - The Competitive Environment
T0638,GB,sandwellleader.org,from Councillor Cooper - Leader of the Council in
T0639,GB,all-noise.co.uk,Damon Albarn: Blur and Gorillaz may not be over after all...
T0640,GB,elendil23.blog.co.uk,Shaken ... And Stirred - Elendil's Blog
T0641,GB,psychiatry.cam.ac.uk,"A live chat with Professor Simon Baron-Cohen on talents, genes and"
T0642,IE,sugardunkington.com,5 Weight Loss Tips from Experience
T0643,AU,starjewels.com.au,How to Take Care of Your Wedding Bands
T0644,GB,paperaeroplanes.com,Paper Aeroplanes and Wing-Tip Fins
T0645,US,flick-everydaychick.blogspot.com,Everyday Chick: Back into the swing of things...
T0646,IE,kelrock.blogspot.com,"Fitter, Happier, More Productive: There Is A Light That Never Goes Out"
T0647,IE,leviathan.ie,MindField at Electric Picnic 2012
T0648,ZA,wholeheartedmen.com,Howzaviz? Bart Was Not a Blind Man
T0649,AU,letyourjoyrise.com,let your joy rise
T0650,AU,ryan-paine.com,Socratic Ignorance is Bliss
T0651,GB,musictime.netne.net,Can you imagine we were able to split that Higgs boson?
T0652,IE,factorfocus.ie,New INA part numbers
T0653,US,blog.firstbook.org,Access to new books for children in need
T0654,US,switchblade-studios.com,"LinkedIn's New ""Endorse Me"" &amp; Meetup's New ""Good To See You"
T0655,US,safariphotographer.wordpress.com,Essential gear when out in the field vol. 4/ Wichtige Ausrüstung für
T0656,ZA,northdurbanlions.org.za,Lion Keith Wilson Called to Higher Service
T0657,AU,homesandpropertyforsale.com.au,Benefit From Feng Shui For A
T0658,US,sudanwatch.blogspot.com,SUDAN WATCH: Glimmers of democracy breaking out in the Sudan?
T0659,AU,84thand3rd.com,I'll have one of those
T0660,ZA,platinumseed.com,SA Brandy comes out trumps in International awards
T0661,AU,blog.partysaurus.com.au,The Humble Icecream Cone « Easy Awesome Parties
T0662,US,dailyreckoning.com,Ignoring the Effects of 40 Years of Money Printing
T0663,GB,glasgow-chauffeur.com,Amazing Wedding Advice For The Event You Always Dreamed Of
T0664,IE,adventuresingirlguiding.com,A new Guiding year beckons.
T0665,GB,obamalondon.blogspot.com,Obama London: President Obama Would Want You To...
T0666,US,blog.babygizmo.com,Nine Great Ways to Keep the Kids Happy on Vacation (VIDEO
T0667,AU,loveluli.com,I said Jerome in tha house « loveluli
T0668,ZA,estelllallamonclerblog.victoriaparkhigh.co.za,Regardless in the same manner prospering that wedd
T0669,US,antiwar.com,"""Anything They Want To Know"" « Antiwar.com Blog"
T0670,US,dameeleanorhull.wordpress.com,Choosing places « Dame Eleanor Hull
T0671,US,cottenkandi.com,"Overcoming Domestic Violence: ""I Never Thought It Would Be Me"
T0672,GB,ingentaconnect.com,ingentaconnect Table Of Contents: Learned Publishing
T0673,AU,stopsmartmeters.com.au,The government has its head in the sand....
T0674,AU,thevoxelagents.com,The Weekly Roundup - The Voxel Agents
T0675,US,builtforbrewing.wordpress.com,A brewery in the garden « Built for Brewing
T0676,US,carscoop.blogspot.com,This Used to be a 1983 Pontiac Firebird Trans Am Before it Entered
T0677,AU,addiction.firstrus.com,Depression and exercise: a group to get you Up and Running
T0678,US,skcea.org,Which foods will cost more because of the drought?
T0679,GB,stephenmayson.com,Change and challenges for the legal services market
T0680,IE,kxbband.com,What do you think ?
T0681,GB,ethicalweddings.com,Where in the world should we wed?
T0682,ZA,knotofstone.com,"East meets West, where?"
T0683,ZA,retroyspective.co.za,Be The First - Climb
T0684,US,intransit.blogs.nytimes.com,"All You Can Eat, All Over Mumbai"
T0685,AU,azurehealthcare.com.au,Notice of Annual General Meeting (22nd November 2012)
T0686,ZA,mediaclubsouthafrica.com,South Africa's population grows by 7m
T0687,US,originalfani.com,"Iron Maiden x Vans ""The Number of the Beast"" 2012 Holiday"
T0688,AU,spf.com.au,Sydney transport to get a boost
T0689,ZA,abgross.co.za,Child Abduction and the Hague Convention
T0690,IE,skirmishblog.net,Discovering The Joys Of Shambala ~ SKIRMISH
T0691,AU,drewginn.blogspot.com,RUDDERFISH by Drew Ginn: Making the most of the day...aHead
T0692,GB,voicesforthelibrary.org.uk,'Part of a region's heritage
T0693,AU,jackgan6mc2.ajuntapress.com,????Less than a yeaas well as the LV monogram
T0694,AU,theoryofinterest.com.au,Police Scanner By Your Side
T0695,US,isnerd.wordpress.com,A latent monadology: An extended revisitation of the mind-body
T0696,GB,blog.thistle.com,Thistle makes people happy - Wedding preparation
T0697,AU,mashcollective.net,This is not a game.....
T0698,US,gradydoctor.com,Reflections of a Grady Doctor: It had to be you.
T0699,IE,originate.ie,Private Label Brands » Originate Creative Blog
T0700,AU,theopensessions.com,Busiest night yet we thinks! « Open Mic Brisbane
T0701,IE,dallasfan.net,Linda Gray: 'I was the first to know who shot J.R.'
T0702,AU,iloveinsurance.com.au,The not so traditional love bird escape
T0703,AU,thenappyspot.com,8 Easy to use MCN's for a cloth nappy newbie -- The Nappy Spot
T0704,GB,hi8camcorder.org,Let us start bit easier to become a low
T0705,GB,forums.v3.co.uk,What is trying to use dialup connection.?
T0706,US,anxietysocialnet.com,Anxiety Attacks at Night
T0707,ZA,libertyinchrist.co.za,Apostolic Christianity « Liberty Christian Church George Western
T0708,IE,joycestherapies.com,Alternative Therapies Open Day 2012
T0709,AU,herestheveg.blogspot.com,where's the beef? Vegetarians in Melbourne: Middle Fish
T0710,AU,katjohnston.com,Mmhmm. This is a post. « Kat Johnston
T0711,GB,elementinternet.com,What's the difference between a web designer and a web developer
T0712,IE,cgcf.ie,Don't fear powerful people
T0713,AU,constructioninfocus.com.au,Construction In Focus Magazine
T0714,GB,westbridgfordwire.com,Do You Have a Business Idea for West Bridgford Hall?
T0715,US,escapeworldwide.wordpress.com,Top 10 over the past 10 years....
T0716,US,metroairvirtual.com,Expanding MetroAir: How we come up with new routes « MetroAir
T0717,IE,blog.aaireland.ie,AA study shows 16% of fuel pumps are inaccurate
T0718,AU,eoilsonline.com,How to have a Healthier Lifestyle ... join us for ... An evening in
T0719,ZA,incredibleblog.co.za,Tricks To Taking More Interesting Portraits
T0720,US,thehypeweekly.com,Yay Sportsball! - Fantasy Football NFL 2012
T0721,ZA,naeem.co.za,Photo's from the top of Mount Moosa
T0722,AU,websitetips4u.com,Hyperlinked Bookmarks - Website Tips 4U
T0723,GB,creativechallenge.info,Alex Bones gains valuable experience at Guy Hollaway Architects
T0724,ZA,ckb.co.za,Find Deals with Specialfind.co.za and Figure the Benefits
T0725,GB,sinriesgoslaborales.com,Co-Parenting After Divorce: Parenting Facilitation
T0726,ZA,guydelta.com,is my country wasted or is my hope displaced?
T0727,GB,maypole.org.uk,Coercive control recognised as part of domestic abuse
T0728,GB,bride52.multiply.com,~Had to do it cause everyone else was...lol
T0729,AU,detoxmatters.com,Follow This Advice To Make Sure That You Are Getting The Proper
T0730,IE,losefatkeepmuscle.com,Losing Body Fat - Simple &amp; Important Steps
T0731,US,sanfrancisco.urbdezine.com,Why Amtrak Keeps Breaking Ridership Records and Will Continue
T0732,IE,blog.easons.com,Any Tweet Will Do - Maria Duffy on Twitter and The Terrace
T0733,IE,evinok.net,Simple Holiday Feast from Start to Finish
T0734,GB,sw19membersclub.com,Fabrice Santoro: A Style of One's Own
T0735,GB,further.co.uk,5 Ways To Link Build With Google Alerts
T0736,AU,neil2decade.wordpress.com,I haven't been watching any of the Royal Wedding lead-up coverage
T0737,US,newdawn.com,CourTools: New Dawn Technologies was the first!
T0738,GB,ob10.com,e-Invoicing helps Obama achieve his goals
T0739,ZA,rollaballmovie.com,"Huffington Post: ""Rollaball: New Documentary Features Inspiring"
T0740,IE,limerickcraftanddesign.com,Painting the Shop | limerickcraftanddesign
T0741,AU,pumpsolutions.com.au,Pump Solutions Australasia Introduces the Grundfos ALPHA2
T0742,ZA,growyounginside.com,Guest posting today for Bruce's Brews: Advent
T0743,IE,premierpropertiesireland.com,"Ballindooley Castle, Galway. Price on Application"
T0744,GB,biooer.jiscinvolve.org,OER11 and the question of Isolation
T0745,ZA,theworldslotteries.com,Changes coming to Euro Millions and there is a €100 Million
T0746,GB,zentertainmentweekly.com,Police pull plug on O2 Kisstory event after finding unconscious body
T0747,ZA,personalfinancialdevelopment.com,2 Ways To Make Extra Money From Home With Your Own Blog
T0748,AU,capitantypo.com,Don't go outside without your Hattie...
T0749,GB,iu.qs.com,The Cost of Higher Education
T0750,GB,privacylawblog.ffw.com,Getting the 'one stop shop' principle to work « Privacy and
T0751,AU,windingcirclelifeschool.blogspot.com,Winding Circle: The middle of what has been a bad week.
T0752,GB,whatsonincambridge.com,Lincolnshire: Two or Three Night Stay For Two With Breakfast and
T0753,ZA,worldfilmcollective.com,The cost of the World Cup
T0754,ZA,zululand.co.za,The St Lucia Estuary Process of Rehabilitation
T0755,AU,agelessrejuvenation.com.au,The Truth About GH
T0756,GB,ninianblog.com,Relapse: my first taste of 'fire and passion' « Ninian.
T0757,GB,blogs.triplealearning.com,Turkey diaries 15: the size of knowledge « Triple A Learning IB Blogs
T0758,IE,psychicsoftware.com,Darkwind Developer Interview 2012 - Psychicsoftware.com
T0759,AU,truthnews.com.au,Introducing Aussie Beach TV
T0760,GB,getmentoring.org,Train as a mentor in November and £5 will be donated to Young
T0761,AU,aol.org.au,Make Way For The New! « The
T0762,US,1plus1plus1equals1.net,Christmas Around the World eBook
T0763,ZA,creativestorm.co.za,A Variety Of Halloween Contacts Put on Commonly Today
T0764,GB,theappallingstrangeness.blogspot.com,The Appalling Strangeness: A Message to the People of London
T0765,AU,internationalcentreforwellness.com,CFS treatment and power postures
T0766,AU,snailseyeview.blogspot.com,A Snail's Eye View: This is the way the week begins
T0767,AU,foxesandkangaroos.com,At least he had his blanky
T0768,AU,hellokateberry.com,coffee supreme | melbourne | hellokateberry
T0769,ZA,capetowncity.co.za,Table Mountain | An African Villa
T0770,IE,wheeliebets.com,Vuelta Stage 2 Best to back Breschel
T0771,IE,ireland-living.blogspot.com,Living In Ireland: Full Text of Barack Obama's Speech in Dublin
T0772,US,portlandoregonemploymentlawyer.com,Should You Have a Lawyer
T0773,IE,lukey15.com,"The Early Bird Catches the Worm, or something... Cheltenham 2013"
T0774,IE,komplettie.wordpress.com,Europeans to pay twice as much for Windows 7 « Komplett Ireland
T0775,ZA,railwaysafrica.com,Country Specific Transport Solutions
T0776,AU,bertcharrk.uwcblog.com,What Is the Size of a Crib Quilt?
T0777,IE,positivenutrition.ie,How safe are calcium supplements?
T0778,AU,makeupmattify.blogspot.com,To make the most of your fragrance get
T0779,ZA,veiledgems.com,Perfect your Salaah! ~ Moulana Naeem Motala Saheb DB
T0780,GB,ovenu.co.uk,Why Oven Cleaning Goes Beyond What You Can See?
T0781,US,fitwithlizzie.com,Flirting with the idea of being a Zumba instructor
T0782,IE,blog.kevinmurphyphotography.com,Wedding &amp; Portrait Photography Blog
T0783,AU,yeeshin.wordpress.com,Brisbane Brunch and Breakfasts: Ashton and Old « Bury Me In Food
T0784,ZA,capetownmagazine.com,Alexander Bar &amp; Café
T0785,IE,mikecosgrave.com,'Sorry seems to be the hardest word..' « Mike Cosgrave
T0786,ZA,srizzil.com,As Long As You Love Me
T0787,IE,irishmusicforever.com,Paul Byrom | Irish Music Forever
T0788,US,ascendingstarseed.wordpress.com,Galactic Core Waves Galactic Storms: PROCESS THE BASIS OF
T0789,IE,stfinbarrsac.com,Rob Heffernan named Irish Athlete of the Year for 2012 -- St
T0790,AU,keswickunderwateradventures.com.au,Keswick Underwater Adventures Dive Weekend
T0791,IE,seojoey.com,B2B Online Marketing Tips
T0792,IE,thesilverchicken.com,A new (neon) gem on Camden Street « thesilverchicken
T0793,AU,cloakerjosh.com,Cloaker Josh: Paving the way to a cashless society
T0794,IE,irelandyoutube.blogspot.com,IrelandYouTube: British Political Internment Madness to Induce
T0795,ZA,thebizsense.com,Current account deficit widens in first quarter
T0796,GB,aroundtheworldin80girls.com,Around the world in 80 girls: conquering the language barrier
T0797,GB,thegenealogyworkshop.com,Inspired by Who Do You Think You Are? Start
T0798,GB,songlines.co.uk,The new Songlines Digital online version of the magazine is launched
T0799,GB,stanscafe.co.uk,Heartwarming News from the USA « Stan's Cafe Theatre Company
T0800,US,books4yourkids.com,books4yourkids.com: Heart of a Samurai: Based on the True Story of
T0801,ZA,tiahbeautement.bookslive.co.za,More than a kick in the pants
T0802,US,baltimore-wedding-photographers.net,How To Have The Wedding You Want
T0803,GB,worldofdifference.vodafone.co.uk,What a fantastic year - thanks Vodafone!
T0804,IE,stevencooperdj.com,Pioneer DJM 2000 gets a makeover < Steven Cooper
T0805,ZA,depictionaddiction.aveshangovender.com,Been a long time. « depiction/addiction
T0806,US,chrislombardi.me,"""the illusion that they have rights"" « Incredible Panic Rules"
T0807,GB,blog.envirofone.com,CHRISTMAS GUIDE: 5 Flashy and expensive gift ideas for show offs
T0808,ZA,radcollins.blogspot.com,"EditLife, Success, Pain, Love, and everything in between"
T0809,IE,tyronegaa.ie,Tyrone Handballers to the Fore - Tyrone GAA
T0810,GB,mannynorte.wordpress.com,HMV To Close 60 Stores Over The Next Year!! « The Norté Blog
T0811,IE,bective.wordpress.com,2012 Excavations: The first sod on Cathaoirleach's last day
T0812,ZA,ashtonsafloat.com,A prayer - the best place in the world
T0813,AU,bggs.qld.edu.au,The Past is a Different Country
T0814,US,phogropathy.com,I Want to Go Back!
T0815,GB,bonafide-supernova.com,Summer Shades You Can Rock All The Way Through Winter
T0816,ZA,blogs.african-writing.com,A Day in the Life (2 of 365
T0817,US,blog.templatemagician.com,How to Find A Good Web Developer
T0818,ZA,lodown.net,Consciousness is Not Sensory Experience
T0819,AU,trouble.net.au,A Sense of Proportion « Thorne Blogs.
T0820,IE,cgfrance-canton.com,Gruber's SAT Word Master
T0821,ZA,junipas.co.za,The Diner visited Junipa's on Saturday to talk about the award
T0822,US,isixsigma.com,Reducing Waste on Chicken Nugget Line
T0823,ZA,sondela-academy.co.za,Sondela Chefs take the honours in Fundraising Project!
T0824,US,thisisbuckwild.com,Lady Gaga Was Supposed To Be Featured On Kendrick Lamar's
T0825,AU,melbourneaccommodation.tv,For People Searching Melbourne Accommodation Richmond Can Be
T0826,AU,ozziesport.com,Preparing for London Paralympics as a member of the press
T0827,AU,blog.thefetch.com,Top places for business meetings in Melbourne CBD - Part 1
T0828,ZA,seasonrickertpandorablog.thisnetwork.co.za,The review information the fact that 87% for fath
T0829,US,podiumcafe.com,Volodymyr Bileka speaks - In English - Podium Cafe
T0830,GB,urbanescrima.com,Six tips to think about when walking home at night
T0831,AU,shamarie.me,The Soul of November 2012 « Shamarie's Blog
T0832,US,focusfanatics.com,Trying to Get Jet Performance Chips to make a Tune for the our NA
T0833,US,miamidolphinscheerleaders.net,First 5K of the Year
T0834,AU,wholelarderlove.com,a day in the life
T0835,AU,datelicious.com.au,How to Get a Date at the
T0836,GB,brampton-norfolk.norfolkparishes.gov.uk,Night visitors to the garden
T0837,ZA,wosa.co.za,Vinous gems « Wosa Blog
T0838,AU,justfordaisy.blogspot.com,justfordaisy: Can we go to ballet again please?
T0839,ZA,mumsmail.com,A Girl's Best Friend «
T0840,GB,northwalesweeklynews.co.uk,Physiotherapy is best way for me to tackle my MS
T0841,US,browsingtheatlas.com,"Behind the Scenes of ""The State"""
T0842,GB,degreeschoolguides.com,Compulsory maths lessons until 18 would be a miscalculation
T0843,US,siannaphey.wordpress.com,Pleiades November 2012 and Supercharged Expanded Awareness
T0844,GB,chefsandwich.blogspot.com,CHEF SANDWICH: Cambodia: 'King's Face Appears On The Moon'
T0845,GB,itreviews.com,Welcome to the beta version of the all-new ITReviews.com
T0846,ZA,pimpthescooter.com,Motorcycle Apparel and Accessories
T0847,IE,gavreilly.com,"Bloody Sunday, in numbers « Gav Reilly"
T0848,GB,rosemcgrory.co.uk,Is it time to be more honest on social media?
T0849,GB,newswire.freecycle.org,Campaign Series: Residents will have to pay for waste services
T0850,US,eminentdomain.blogspot.com,A Little More Complicated...
T0851,AU,blog.artchu.com,Behind The Works With Leni Kae
T0852,GB,thefootballasylum.com,Aston Villa vs. Manchester United: Match Preview- 10/11/12
T0853,GB,turbulencetrainingreview.com-reviewstore.com,Quickest Way To Lose Belly Fat
T0854,IE,maybefriends.com,MaybeFriends.com: Love is in the Air for a new Golden Couple
T0855,AU,sexandthe30s.com,Back in the Game...
T0856,US,askjinger.com,The Easiest Way to Joint Venture and Make Money
T0857,AU,bigfootynews.com,Brisbane to Complete South Australian Sweep
T0858,GB,sfandfantasymasterworks.co.uk,"SF and Fantasy Masterworks: Michael Moorcock, The History of the"
T0859,IE,markpollock.wordpress.com,Walking In Robotic Legs! « Mark Pollock's Blog
T0860,US,travelplaninfo.com,significant benefits if you do not sacrifice flights Compare Travel
T0861,US,onuralpsoner.wordpress.com,Need for Better Need for Speeds!
T0862,AU,melbas.com.au,UFC 154 - Sunday 18th November
T0863,GB,photo-school.co.uk,Matt and Pete's Photo School
T0864,ZA,oudtshoornonline.wordpress.com,Protecting the brand at the expense of customers « o!online
T0865,GB,wegettheanswers.co.uk,24 things you can do with an extra hour
T0866,GB,sacherpartners.eu,Find your way through the terms of the cloud
T0867,GB,psc-manchester.org.uk,Message from Gaza youth saying get down to the Batsheva protests
T0868,IE,intelligentrunning.com,7 Tips For Training When You're Tired
T0869,US,femaleptsd.wordpress.com,It's Been A Long Time « Rape and PTSD
T0870,ZA,fpa.org.za,New Distributing Agency members to assist with funds distribution at
T0871,IE,irishenglish.com,Is there a way to be on the English and Irish q&amp;a's permanently
T0872,IE,jobo.me,Jobo's Blog How To Make Search Engine Optimization Work For You
T0873,IE,thevillagevenue.com,"Gerry McAvoy's, Band of Friends"
T0874,US,inabluemood.blogspot.com,In a Blue Mood: Joe Louis Walker In The Morning
T0875,ZA,musicfests.co.za,Mieliepop - The hidden gem of music festivals
T0876,US,hangingtogether.org,and we're in for the next round
T0877,GB,incentiveandmotivation.com,More and more SMEs invest in customer loyalty
T0878,ZA,barbara-adair.co.za,IN TIME - Barbara Adair - Researcher and Writer
T0879,US,write-inchrisbevans.blogspot.com,Write-in Chris Bevans: The Kind of Judge I Want to Be
T0880,AU,downloads.pcauthority.com.au,Hotspot Shield 2.78 free download
T0881,IE,dan-tien.ie,Stroke Rehabilitation and Acupuncture
T0882,US,neuropenews.org,Forum: EFNS-ENS guidelines for the use of PCR technology for the
T0883,US,6stones.org,Trinity-Bell football rivalry to help put food on the table
T0884,GB,thetidalwaveofindifference.com,People Have to be Told « The Tidal Wave of Indifference
T0885,GB,fashioneyewear.co.uk,Discover The Chanel 3225 C501 Gloss Black Glasses.
T0886,AU,jfs.e-contentmanagement.com,Australian fathers' work and family time in comparative and temporal
T0887,IE,gradireland.wordpress.com,Why you should apply for fewer jobs « gradireland
T0888,US,mycanuckbuck.com,and it was nice
T0889,AU,online.straighteneraus.com,Adopting global top Sigma Layouts 8655 chip amigo P8126 with
T0890,AU,freediabeticdiet-lowcarbrecipes.com,The Role of Nutrition in the Management of Diabetes
T0891,IE,upupday.net,a new Graffiti thought is really a excellent success
T0892,GB,perfume-click.co.uk,Five of my Favourite......Hand Creams
T0893,IE,alexbukinis.blogsome.com,Diet deficiency? Pros say pills may not be the best way to go
T0894,US,shawnbrann.blogspot.com,"It wasn't pretty, but it was a win"
T0895,US,www1.realclearsports.com,Is That It for College Football Expansion?
T0896,IE,akina.ie,Laser Vein Removal | Akina Beauty
T0897,AU,growthwise.com.au,Why pioneering in your business is so important
T0898,GB,global-emigration.com,New citizenship rights for members of the Commonwealth serving in
T0899,GB,studentdiscountslondon.com,Lake District Dining: Two or Three Night Stay For Two With Three
T0900,IE,johncradden.ie,To fix or not to fix
T0901,ZA,everything.co.za,S A Post Office recognises the 11 Field
T0902,GB,johngrimshawsgardendiary.blogspot.com,John Grimshaw's Garden Diary: On the road this week
T0903,US,bethjoyridings.blogspot.com,until only love remains: God is Love
T0904,US,migrationinformation.org,Green Card Holders and Legal Immigration to the United States
T0905,US,twirlit.com,Who Will Be the Next Eliza Doolittle? Johansson VS Knightley
T0906,ZA,lifeisazoobiscuit.com,a deconstructed bloody mary = showstopper at your summer soiree
T0907,US,tribecacitizen.com,88 Reade Will Be a Restaurant
T0908,AU,junkyardcandy.com,Living/Dining/Kitchen Finished! « JunkyardCandy
T0909,ZA,fabienneracing.com,Fabienne joins in 3hr endurance race
T0910,GB,glutenfreetraveller.com,Could Height Be Related To Celiac Disease?
T0911,US,cousinscandy.com,How to Deal With The Death of a Family Member
T0912,AU,inekeread.com.au,Career Champions - Richard Fulcher
T0913,IE,slaintehealthcare.com,Sláinte Healthcare Software Solutions
T0914,IE,buysitenow.com,Obama aide: US automakers would have disappeared under
T0915,AU,trove.nla.gov.au,Returning to search results
T0916,AU,christineanu.com.au,Chrissy's Island Family puts a smile on the faces of children in the
T0917,IE,kellyinnc.blogsome.com,Kelly in NC :: Side Effects :: November :: 2008
T0918,US,rethinkingdiversity.wordpress.com,Celebrating choice... including the freedom not to have to choose
T0919,GB,friendsofmrb.co.uk,Friends of Moseley Road Baths
T0920,US,childabusesurvivor.net,Why Be A Part of the Blog Carnival?
T0921,GB,double-barrelledtravel.com,The man who showed me the world
T0922,AU,cashonlinemadesimple.com,How to Get out of Debt the Easy Way
T0923,AU,sallycancraft.com,sally can craft: Some kind of wonderful
T0924,GB,redkite-animation.com,THE SHOE FITS NEW ANIMATION COMPETITION
T0925,ZA,identity-theft-scenarios.com,Fraud Scams on the Internet
T0926,AU,iredalepedersenhook.com,We're in MOVEMBER! Support the
T0927,US,hubreview.blogspot.com,The Hub Review: That iPhone whiner sketch on SNL was one of
T0928,IE,iniscommunications.com,unique chance to Get on Board
T0929,ZA,councilagainstmedicalschemes.wordpress.com,Council Against Medical Schemes
T0930,ZA,reputationmatters.co.za,Reputation Matters - Milnerton Beach cleaned up
T0931,IE,marccreighton.ie,A Complex Concept Explained In A Simple Manner
T0932,IE,blog.thoughtboxlearning.com,Thought Box: Tech startup of the week: ThoughtBox
T0933,ZA,europe.culturebase.net,Europe Now | Europe Next
T0934,US,iieblogs.org,What Questions Do You Need to Ask to Find Out Why a Process Is
T0935,IE,sunnyspells.wordpress.com,Probably the best paid public servants in the world..
T0936,US,yoganonymous.com,How to Approach Members of the Opposite Sex
T0937,US,e4trips.com,Simple Strategies That The Pros Use In The Forex Market
T0938,US,thecrimson.com,MIT Professor Honored As Scientist of the Year
T0939,IE,ardaragaa.ie,McGrath &amp; Diver » Blog Archive »
T0940,US,findsassafras.net,Find Lost Beagle Sassafras!: People Who Give Me Hope
T0941,US,perfect-blog.info,Perfect Blog › James and Bryant presented Beats By Dre his or her
T0942,US,blog.jennshuey.com,The Ramblings of Jenn Shuey
T0943,AU,oneclicklabs.com,The Way in Which the Net and Marketing
T0944,US,healthcare-informatics.com,2012 Election Reaction: Healthcare IT Will Regain Momentum
T0945,IE,renmoregymnastics.org,Elaine tells us about the October 27th National Tumbling Finals
T0946,IE,ajphotography.ie,The Rock of Cashel
T0947,AU,cleaning101.com.au,Clean the Furniture in Preparation for X-mas
T0948,ZA,booksforselfhelp.co.za,Books for Self Help
T0949,AU,swayve.com.au,True influencers in Australian social media hard to find
T0950,AU,litagrumetsblog.uwcblog.com,"70% of Taobao sellers accounted for more than 1,000 per month"
T0951,GB,soccer-spain.com,"We need to avoid the favourites, but then... « Borja's Blog"
T0952,AU,fashionfile.com.au,How to Make a Statement with your Necklace
T0953,US,greatnewsnetwork.org,"Top ten cities announced as part of ""Be a Better Planet"" campaign"
T0954,ZA,arsenalfootball101.com,Arsenal: Can the Gunners Beat United?
T0955,IE,pensinsider.com,All the questions but none of the answers
T0956,US,abookishlibraria.blogspot.com,"""The White Forest"" by Adam McOmber~Gorgeous Storytelling"
T0957,ZA,yonularz.superblogs.co.za,Should have Samsung Add-ons In order to Go with Yo at yonularz
T0958,GB,indiablo3.cheaprs2gold.com,Diablo 3 had been super easy for the life-on-hit
T0959,ZA,jac-today.com,Why Do You Think Your Relationship is Not Working
T0960,IE,gacurley.com,A little at a time
T0961,ZA,masjidulquds.com,"Ramadan, The Qur'an and the Believer"
T0962,US,bosguy.com,Time to do the laundry
T0963,ZA,kathfourie.com,If there is no reason not to believe...
T0964,ZA,thedesigntabloid.com,8 Awesome South African Bookends « The Design Tabloid
T0965,AU,crackernight.com,Author Justin Sheedy Guest on The John Laws Show 10am Friday 9
T0966,ZA,africanphotographyblog.com,Capture One gains Panasonic G-series support
T0967,AU,newsdesk.techenomics.net,Techenomics How To Take A Sample
T0968,ZA,onedogchicken.com,Are Woolies really in the wrong?
T0969,GB,wwwbrokenbarnet.blogspot.com,Broken Barnet: The death of One Barnet: An awfully big Joint Venture
T0970,AU,peopleandplanet.org.au,50 Days of Photos: People &amp; Planet Counts Down to 2013
T0971,AU,insidemtc.com,Inside MTC: The History of Screwball
T0972,US,blog-greerplastics.com,Can you do the kind of surgery that doesn't leave a scar?
T0973,ZA,muslimahlifestyle.com,Out of Sight - Review
T0974,IE,atlanticseakayaking.com,Back in the Blog world.
T0975,GB,evvvn.com,American Football betting the facts of who voted for which candidate
T0976,GB,bellagioinitiative.org,Philanthropists and development agencies called upon to help
T0977,US,houseofhepworths.com,"How to make a cheap, awesome, professional Curtain Rod"
T0978,ZA,acacia-africa.com,A touch of luxury!
T0979,GB,blog.lobstertechnology.com,Horde 3.0.8 appears to be broken « Weblog of Michael Cutler
T0980,GB,jack-russell-terrier.co.uk,Hope I'm not going to get judged
T0981,IE,davetheallthing.com,Day 10 | Dave The Allthing
T0982,US,deliciouslyorganized.blogspot.com,deliciously organized: + HAPPY FRIDAY &amp; THANK YOU
T0983,GB,primalbritain.co.uk,Paleo Chicken Fajitas - Primal Britain
T0984,IE,coderdojoennis.com,November Mentor Meetup | Coder Dojo Ennis
T0985,US,godlikeproductions.com,A Near Death Experience in which the person was asked by the
T0986,ZA,trainingsouthafrica.co.za,"We need to talk about Kevin, again!"
T0987,US,wonkette.com,"The NYC Citibank Arrests, According To the OWS Videographer"
T0988,US,improvingpolice.wordpress.com,Policing in the 21st Century « improving police
T0989,IE,darraghmcmanus.com,"A Novel Experience « Darragh McManus, author and journalist"
T0990,US,solidarityeconomy.net,Mondragon Coops Make Waves All the Way to California
T0991,IE,jessicakelly.ie,My Granddad Tony... | Random Ramblings
T0992,ZA,stressrelief.co.za,How to Deal With Stress? Reduce the Number of Stressors in Your
T0993,GB,sellhousefast.co.uk,Have You Been Able to Find a Home buyer?
T0994,US,mulchmaid.blogspot.com,MulchMaid: Foliage Follow-up in the Northwest Territory
T0995,ZA,goandstay.co.za,Back to 1986 with Metrorail
T0996,ZA,drivinginsurancecompany.co.za,Insurance for a Lexus
T0997,AU,homecookedtheory.com,Conditions on the ground (post-Post Transit) : home cooked theory
T0998,GB,bestfootballblog.co.uk,AFL Launches Schools Programs as part of Australian Football 150
T0999,ZA,willstrustsandestates.co,Based On A Variety Of Non-Physical Losses
T1000,IE,pinkvaper.com,Ecigarette News Roundup 2nd September 2012
T1001,US,doingindy.com,Dinner &amp; A Show: Tastings and The House That Jack Built
T1002,AU,socialist-timor.org,Address by H. E. President Taur Matan Ruak on
T1003,ZA,rugbywits.com,Wallabies in the World Cup
T1004,IE,thewarningsecondcoming.com,Notice: Latest update on Coma Book orders for Book of Truth
T1005,GB,cwsstudio.com,New sign directs the way to online success!
T1006,IE,design-architecture-3d.net,"design, architecture, 3D services by Helena and Adam Michel"
T1007,ZA,thecommodityetf.com,The world's top cocoa discuss new challenges in Abidjan
T1008,GB,david.bozward.com,University Educators have to be Entrepreneurs!
T1009,ZA,hbbodyboards.com,French Brittany | hbbodyboards.com
T1010,IE,misspennydreadful.blogspot.com,Miss Penny Dreadful: Size matters according to the high street
T1011,US,aul.org,"Court: U.S. can fund embryo research, as long as researchers kill"
T1012,AU,toktokplace.blogspot.com,Tok Tok place: Weather has forecasters in a spin ....
T1013,AU,willowdove.com,The view from down here
T1014,AU,kripy.com,We're Putting The Band Back Together
T1015,AU,shelld79.blogspot.com,Michelle's Little Beauty Space: Models Prefer Liquid Foundation
T1016,GB,arthurburt.com,THE PROCESS OF BECOMING
T1017,US,rjd.miami.edu,The Effects of Climate Change on Top Predator Distribution
T1018,GB,theelastico.com,André Ayew On His Way To The Top
T1019,AU,blog.verify1st.com,Identity Theft - 7 Steps You Can Take to Improve Protection
T1020,ZA,southafricanexperience.com,Cape Town Waterfront Hot Spot for Cheating
T1021,ZA,victoriasecretcoupons.go-247.com,Best Black Friday Deals « Victoria Secret Coupons
T1022,US,suetheiron.blogspot.com,Sue The Iron: Had a Bit of a Play
T1023,US,fishstripes.com,2012 Miami Marlins What Went Wrong: Heath Bell and the Rest of
T1024,IE,gordonmcguire.ie,Week 2: The Beginning of Something Blargh!
T1025,IE,traynorseye.com,Traynor's Eye: Living in 'financial' times...
T1026,AU,seeseeeye.csu.edu.au,Labor on the rise: according to the polls
T1027,GB,denpatrick.com,DenPatrick.Com: The Next Big Thing
T1028,GB,europe-property.org,Guide to Relocation: Moving a Small Business to a Large Office
T1029,IE,rushafc.webnode.com,Would like to be a World Record Holder -Keep the ball up for 10
T1030,GB,mikeoutram.com,"Play in time, all the time"
T1031,US,darcynorman.net,Open needs to be bidirectional
T1032,US,realhousewiveslives.wordpress.com,Teresa Giudice sends a virtual bitchslap to each of the housewives
T1033,GB,thedonkeysanctuary.org.uk,Keith Todd's blog - The Donkey Sanctuary
T1034,AU,speechrecognition.net.au,Dragon Naturally Speaking professional
T1035,AU,castlemaineindependent.org,Desperation in the people trade
T1036,ZA,planetlederer.com,Polly Wants A Cracker
T1037,ZA,lia-liasemarangcandi.blogspot.com,LBPP LIA SemarangCandi website: Rubber Time Should not be a
T1038,US,theimaginationtree.com,The Imagination Tree: How to Make a Rainbow Cake
T1039,AU,bare-essentials.com.au,The New Map of Science
T1040,AU,cheappandoracharms4sale.com,Diamond jewelry connected with celebrities- Because of the initial
T1041,AU,edogstraining.com,The MOST Important Dog Training Tip
T1042,AU,savingpets.com.au,The illusion of transparency
T1043,US,darleenclick.com,Darleen's Place: Over the past few days ...
T1044,IE,journeyingbeyondbreastcancer.com,A husband's story « Journeying Beyond Breast Cancer
T1045,GB,blog.parcel2go.com,4 convincing reasons why you need to be on LinkedIn
T1046,ZA,business.webarticles.co.za,Choices to Make in Terms of Travel Insurance Policies
T1047,GB,blogs.northampton.ac.uk,"Why, historically, capital punishment is not the answer"
T1048,ZA,healthalert.net,AIDS is the primary killer of African-Americans ages
T1049,AU,blog.polarisglobal.com,Entrepreneur Spotlight: Jo » Polaris Global
T1050,GB,europebus.co.uk,"Megabus has a new offer „We Love Wednesdays"", pay no more than"
T1051,IE,pollybeans.com,Polly Beans: Song of the Week: Soundgarden
T1052,ZA,cca.bookslive.co.za,Slideshow and Tweets from the Opening Night of Poetry Africa 2012
T1053,AU,thehistoryofmatt.blogspot.com,The History Of Matt: William Staniland
T1054,ZA,zeensfashion.com,Hijab: A matter of choice
T1055,US,theromeotimes.com,Michigan-Iowa: A tribute to Denard Robinson
T1056,ZA,fitnesshub.co.za,Understanding Wellness in Terms of Your Life
T1057,AU,goodsameducation.org.au,SMARTGIRLS at Lourdes Hill College
T1058,GB,loveallblogs.com,How do you know if you're depressed?
T1059,US,castoutofeden.wordpress.com,"Be merciful with us, the rest of the World. « Living out of Eden"
T1060,ZA,drivinginheels.co.za,New On The Market : The stylish new Chevrolet Cruze hatch and
T1061,AU,luke.maurits.id.au,On the role of evolutionary explanations in psychology
T1062,ZA,sowetanlive.co.za,Generations actress loses daughter to Aids
T1063,IE,blog.ourladyofmercyns.ie,"Our Lady of Mercy NS, Stradbally: Halloween and Fire Safety and"
T1064,ZA,lightconsulting.co.za,"Listen, but not all the time"
T1065,IE,blog.stephenryan.ie,Homemade Floating Drum Riser
T1066,IE,johnbruton.com,"John Bruton: Crisis, An opportunity to make changesJohn Bruton"
T1067,IE,theirishinamerica.com,Skerries is a Great Old Town
T1068,IE,dublin.ratemyarea.com,Somers Psychotherapy | Clondalkin | Dublin | Rate My Area
T1069,AU,seocentral.com.au,You're At The Top of Google..Now What?
T1070,AU,baldwin56526.ajuntapress.com,dropped into the embrace of the people
T1071,ZA,mayihlome.wordpress.com,THE QUESTION IS: DID NELSON MANDELA SOLD OUT OR NOT
T1072,ZA,viewfromthetenthlevel.blogspot.com,View From the Tenth Level
T1073,AU,sarahhenderson.com.au,"Interview with Denis Scanlan, 94.7 FM The Pulse"
T1074,GB,walking4weightloss.com,Is Walking And Exercise The Same Thing?
T1075,AU,pbda.com.au,Memories of a Baby Boomer- Washing and More
T1076,GB,galleonnews.com,The world's greenest cities
T1077,ZA,mybabybox.co.za,That has to come out where!?
T1078,US,byebyepie.typepad.com,In which the word pee-hole is used.
T1079,ZA,besthomebizfinder.com,The Top Of Home Business Opportunities Through Internet
T1080,IE,ghostcatcherie.wordpress.com,"The Voice in the Baby Monitor, West Cork, Ireland « Ghost Catcher"
T1081,ZA,nokiapureview808.com,Comparison: Nokia 808 PureView vs Nokia Lumia 920
T1082,ZA,merlvin.com,The power of branding: one non-smoker's view of the tobacco plain
T1083,GB,bestjuicertobuy.org.uk,Which is Better Juicing or Blending #506
T1084,IE,wexfordwomenssoccer.blogspot.com,Wexford Womens Soccer: Fixtures and Results 02-12-2012
T1085,ZA,lgict.org.za,Local Government ICT Network
T1086,AU,quitmonkey.com,Why is it hard to quit smoking?
T1087,ZA,finditservices.co.za,Money Money Money! - Find IT Services
T1088,ZA,rhinoclub.wordpress.com,The reconnection of the uMfolozi River with the Lake St Lucia estuary
T1089,AU,nickcowie.com,People who visit this web site (some statistics)
T1090,ZA,myfreeembroiderydesigns.org,Cheaper version of the Husqvarna Viking embroidery machine
T1091,ZA,inlandsailing.co.za,What's the use of planning?
T1092,IE,eoghanmurphy.ie,"The wheels come off the campaign... well, one of them"
T1093,AU,theblacksteamtrain.blogspot.com,The Black Steam Train: That article on The Drum
T1094,ZA,cape-town-active.com,Cape Town Blogger | Interview | Melanie Chisnall
T1095,ZA,samuseums.co.za,The Origins Centre in Johannesburg
T1096,GB,fada.kingston.ac.uk,an online exhibition by Kingston PhD student
T1097,GB,blog.whitestores.co.uk,How To Get Rid Of Scratches In Glass Table Tops
T1098,US,lej.cuchicago.edu,"Multiplying Ministries...WEE, WE, WHEE All the Way Home"
T1099,US,andreasgoodreads.blogspot.com,Cozy Up With A Good Read: Review: Ten by Gretchen McNeil
T1100,AU,aussiecriminals.com.au,Remains likely to be Australian girl Zahra Baker
T1101,US,workwithfreddy.com,How to Be More Productive By Tweaking Your Morning Ritual
T1102,IE,forza27.com,The History of AS Roma - Part 1
T1103,IE,irelandstechnologyblog.com,AloneAlarm For WindowsPhone - #AloneAlarm #WindowsPhone
T1104,IE,icarusmag.com,Top 5 Bestselling Cars of All Time
T1105,AU,vexnews.com,A KIND OF TREASON: Garrie Hutchinson was
T1106,US,ccpsblog.blogspot.com,CCPSBlog: Is the Age of the Electorate the Key to Understanding the
T1107,GB,redbirdjewellery.blogspot.com,becky pearce designs jewellery: Is that the time?
T1108,IE,gardacyclingclub.com,An evening with the 'Roches'. « Garda Cycling Club
T1109,ZA,treasurehunters.co.za,Treasure Hunting and Metal Detecting
T1110,GB,walking4charity.co.uk,A Blog: A couple of Dartmoor circulars
T1111,IE,gtnetwork.ie,Gifted and Talented Network Ireland
T1112,GB,saltairedailyphoto.blogspot.com,Saltaire Daily Photo: If you go down to the woods...
T1113,GB,gurnnurn.com,A Gurn from Nurn: A lot more disruption over the next few months
T1114,GB,monstersupplements.com,The Relationship Between Carbohydrate GI &amp; Insulin
T1115,US,newgeography.com,The White City | Newgeography.com
T1116,GB,blog.matchpointnetwork.com,3 Easy Ways to Become a Better Communicator for your Business
T1117,IE,skiing.ie,A review of the Northface Ballard Boots
T1118,ZA,mandypietersen.co.za,The Rest of the Wedding
T1119,AU,chris.neugebauer.id.au,LCA2009 Day 1 -- Monday | chrisjrn's site
T1120,AU,islamicmuseum.org.au,Islamic Museum of Australia
T1121,AU,blog.datalicious.com,Towards a single customer view: Understanding the problem before
T1122,US,webdesign.about.com,Blogging is a Great Way to Get a Website Up Quickly
T1123,GB,stevebaker.info,Washington Post: Britain's continental drift away from the European
T1124,US,iheartheels.com,Win a Pair of Daniel Green Slippers! ~ I Heart Heels
T1125,GB,shipping2009.com,How To Make The Search
T1126,AU,davedwyervideo.com.au,Four C-17A Globemasters fly 300m above Brisbane City.
T1127,IE,digitaldarragh.com,The dodgy domain of Digital Darragh
T1128,IE,thepale.ie,Tiny Dancer by A Song for Lily-Mae : the pale website
T1129,ZA,joblistsouthafrica.com,Coca Cola Careers: 12 Vacancies
T1130,AU,coomans.com,The other delivery skipper
T1131,IE,thejackanory.com,Up In The Air « The Jackanory
T1132,ZA,freetips.co.za,DMA Rules are going to increase SPAM ...
T1133,ZA,sureswipe.co.za,"Survival tactics of the fittest small businesses, as half a million close"
T1134,US,phdcompletion.com,Commit to Do Something Every Day Towards
T1135,ZA,bhalababy.com,Step away from the baby.
T1136,IE,paddydoyle.com,ABUSE SURVIVORS DIVIDED ON MEMORIAL
T1137,GB,claverton-energy.com,Germany's Energiewende | Claverton Group
T1138,IE,desfoley.com,The Road To Race Camp
T1139,GB,dental-focus.com,The Wizard's Guide to Dental Practice Websites « Dentist Marketing
T1140,GB,turnonepoundintoonemillion.com,Turn One Pound Into One Million: Getting More Access to Business
T1141,US,aquariuschannelings.com,SanJAsKa: Feeling is the Basis of Consciousness « Aquarius
T1142,IE,brittanynoethen.com,On The Subject Of Payday Loans
T1143,AU,theroar.com.au,Let Ricky Stuart do both for sake of State
T1144,IE,liffordac.com,Gold and Bronze for Lifford Athletes at All Irelands
T1145,IE,garryowenrugby.com,"Message From Billy Glynn President, IRFU « Garryowen Rugby"
T1146,US,afilmcanon.com,A Film Canon - Film - Affleck: Argo (2012)
T1147,AU,rapidtree.com,Health Systems in Australia
T1148,ZA,asksteve.co.za,asksteve - FIFA 13 FULL REVIEW
T1149,GB,techstudent.co.uk,What keeps you busy?
T1150,AU,realestateperthguide.com.au,Why timing is important when selling your property
T1151,IE,thecomedyscoop.com,"New week, new to-do list..."
T1152,US,cspaonline.org,How to Find A Vacation Rental
T1153,US,perfectpuppycare.com,How to Get Your Puppy Prepared for a Long Trip
T1154,US,feelgoodstyle.com,Event: Sustainable Practices in the Age of Fast
T1155,GB,steveyneo.com,The most precious gift
T1156,IE,cholmcillecbs.scoilnet.ie,The Tudors in the City Library
T1157,AU,frillsinthehills.com,Make it for dessert tonight
T1158,GB,s1magazine.co.uk,There is no shame in being a fresher
T1159,ZA,winelawonreserve.com,Napa Valley Receives Geographical Indication Status in Brazil
T1160,US,religiousstudies.artsci.wustl.edu,"""To Piety More Prone:"" Gender and Conversion in the Early Modern"
T1161,ZA,toshiba.it-online.co.za,Toshiba appoints Maxes as distributor in Namibia
T1162,GB,rdo.org,"RDO study reveals strong industry sales in Europe, despite the"
T1163,AU,citola.com,Australia Carbon Price Mechanism linkage to the European Union
T1164,ZA,blogs.women24.com,My stretchmarks embarrass me!
T1165,ZA,hbycclub.blogspot.com,"Hout Bay Yacht Club: Summer Series 1, a great day on the water..."
T1166,ZA,rewriteit.co.za,A Look At The Controversy Brewing In Dispensaries In Phoenix
T1167,ZA,redmarketing.co.za,A fashion site for our times
T1168,GB,iptvtimes.net,IP TV Times: How Long is a Piece of String ?
T1169,US,regulargeek.com,"It is Not About the State of the Blogosphere, It Is About Traffic"
T1170,ZA,netads.co.za,"Just a step away from the water, take it and this could be yours"
T1171,ZA,sabmiller.com,"Second year of the ""Become a Blood Donor!"" campaign"
T1172,ZA,trendlives.info,TREND.Read: One Click - Jeff Bezos and the rise of
T1173,GB,egshpa.com,On the Way to 1 Million Solar Roofs: Los Angelenos Can't Get
T1174,AU,matt-burgess.com,It's been a long time coming... « Matthew Burgess
T1175,US,stressmanagementforbusywomen.com,Are you adding to your stress by the way you perceive a situation
T1176,GB,tentipiblog.com,The Bear Hunt -- Tentipi Blog
T1177,IE,whisty.wordpress.com,London's Liberty arrives @ Arnotts Dublin « Whisty
T1178,ZA,loveaffaircapetown.com,The not to be missed Short &amp; Sweet film festival
T1179,US,blog.leadertoleader.org,Be all that you can be
T1180,AU,grinsandsighs.com,Grins &amp; Sighs: how to clean water marks and scratches off wooden
T1181,IE,irishpoetry.blogspot.com,Irish Poetry: Merrie England
T1182,GB,nagroad.com,"""I am so very sorry; but it was really a happy release after « NAGroad"
T1183,AU,1300hairloss.com.au,Male Hair Loss: The Truth Uncovered
T1184,AU,cloud81.com,Techs and Non-Techs: Society's Left Brain and Right Brain
T1185,AU,victorianmuslimah.wordpress.com,Easy Dhikr to do in these last few days of Ramadan! Stock up NOW
T1186,AU,jarickson.com.au,6 ways to end the year well in your small business
T1187,US,consumertraveler.com,Skyline Faceoff -- Empire State Building vs. Top of the Rock
T1188,ZA,cbn.co.za,Golden Arrow Shoots Past Target
T1189,ZA,socialmediajunkie.co.za,5 Magic Twitter Strategies to Increase Traffic
T1190,US,smnewsnet.com,Don't Miss All of the Seasonal Events Planned for December
T1191,IE,overtheedgeliteraryevents.blogspot.com,Over The Edge: Pussy Riot and Artistic Freedom: Essay by Roger
T1192,GB,cheshiremum.co.uk,The awkward incident of the two year &amp; the drawer side
T1193,ZA,abigailk.co.za,"The Darling Flowers of Darling, West Coast"
T1194,AU,passionfruitgarden.com,The Ultimate Oatmeal Cookie
T1195,IE,gbv.ie,Joint Consortium on Gender Based Violence
T1196,AU,bobcarrblog.wordpress.com,What to do with The States « Thoughtlines with Bob Carr
T1197,GB,sandmanhotelgroup.wordpress.com,Sandman Knows Good Sleep!
T1198,US,loltheists.com,This is supposed to be an argument against calls for evidence.
T1199,AU,thaisilkandscarf.com,Do You Have A Plan To Take Scarves As A Gift?
T1200,US,exposingliberallies.blogspot.com,Issues Romney Should Address in the Last Debate
T1201,AU,buckyball.com.au,"My Buckyballs motor. (SAVE BUCKYBALLS, ACT NOW"
T1202,GB,dresstyleicon.com,Facing Challenges in Terms of Women's Fashion
T1203,ZA,thelovebucket.co.za,DIY Halloween Costumes: Little Red Riding Hood and the Wolf
T1204,AU,business1800numbers.com,1800 Numbers Small Business Australia
T1205,IE,glenofthedowns.com,Glen of the Downs Golf Club
T1206,ZA,zonkems.com,From the CEO's desk
T1207,ZA,stillpoint.iblog.co.za,Swopping lollipops for chocolate :: iBlog
T1208,GB,notevena.blogspot.com,That Would Have Made Your NICU Journey Easier
T1209,US,escuelawip.blogspot.com,The School Mindset Doctorate In Knowledge Is One Of The Many
T1210,ZA,mclarens.co.za,Trading Options in terms of the new Companies Act
T1211,AU,coolthings.com.au,100 times the size of a real Gummy Bear and
T1212,AU,thepoliticalsword.com,The post mortem we have to have
T1213,US,freakofnature.wordpress.com,Particle physicists unwilling to call election
T1214,IE,dublinunitarianchurch.org,October 2012 | Dublin Unitarian Church
T1215,AU,northbrisbanepsychologists.com.au,How to GET A GRIP!
T1216,ZA,mymortgagessa.co.za,Types of Standard Home Loan Options
T1217,US,clarashowalter.wordpress.com,Irish Fight! « Clara Showalter
T1218,GB,liquidationmadeeasy.co.uk,Closing time for one third of the nation's pubs?
T1219,GB,manchesterjazz.co.uk,"We Mourn the Loss of Peter Staples, our Founder Drummer"
T1220,ZA,spark-project.com,Shock culture and sensationalism in the media
T1221,US,backofthecerealbox.com,Back of the Cereal Box: It's a Secret to Everybody
T1222,AU,vitalingus.com,Muse of a Goddess Vitalingus
T1223,GB,clairebolderson.com,Lessons from the Savile saga
T1224,IE,dohertywhite.com,What kind of content should you create for B2B marketing
T1225,ZA,swingtrader.co,Research for trading on 13 September 2012
T1226,US,smartgridsherpa.com,The development of wind power and Smart Grids in the Chinese
T1227,ZA,elephantplains.co.za,The Stress Buster Massage
T1228,AU,centralcoastwebschool.com.au,Why use a business page instead of a personal profile on Facebook
T1229,AU,honkun.com,History of the New York Stock Exchange
T1230,GB,lutonlibdems.org.uk,Lord Hussain makes his maiden speech in the House of Lords
T1231,ZA,babylite.co.za,10 very useful tips when traveling with your baby
T1232,GB,totally-you-consulting.co.uk,Back to work with confidence &amp; style!
T1233,ZA,weddingphotography.org.za,Printing Away From The Desk.Wedding Photography
T1234,AU,thehappyeater.com.au,Week One of the I Quit Sugar Program
T1235,US,mortgageporter.com,APR is not the best tool for shopping mortgage rates
T1236,IE,taraflynn.ie,All of the some of the people time
T1237,ZA,marked.co.za,MARKED: A Number Of Factors Why home electronics Is Improved
T1238,AU,bybethanyjae.com,But Integrity Doesn't Do That
T1239,AU,home.housetrainpuppies.com,How your going to get a las vegas
T1240,IE,theperformancecorporation.com,The Performance Corporation | The Space Programme 2008
T1241,IE,associationofcatholicpriests.ie,28 Nov. Monday of the First Week of Advent. Association of Catholic
T1242,ZA,dayouth.org.za,DA Youth announce winners of National Entrepreneurship
T1243,GB,blogs.mod.uk,Defence News: Image of the Day: 9 November 2012
T1244,IE,weldons.ie,Weldon's of Dublin Blog
T1245,GB,spandy.org,Caza Oil &amp; Gas - A Strong Recovery - here's why
T1246,GB,makeusawebsite.com,Importance of logo design in the process of web design
T1247,ZA,winnbadisa.com,4 Things You Need To Know About Network Marketing
T1248,ZA,haimachristou.co.za,God is desperate to empower us!
T1249,ZA,michalsons.co.za,How to deal with unfair agreements
T1250,IE,firstpartners.net,The wisdom of crowds says your project will be a success
T1251,US,analogousmagazine.com,Auto Insurance in Houston and Sacramento
T1252,US,turkishdigest.blogspot.com,Turkish Digest: Turkey between the two fires of 'Iranian operations
T1253,AU,everydaynirvana.net,Diving for pearls of wisdom...
T1254,US,bookboxdaily.scholastic.com,Book Box Daily » Blog Archive » Hurricane Sandy
T1255,AU,lsc.vic.gov.au,Lawyer reprimanded for falsifying resume
T1256,ZA,pessimistincarnate.blogspot.com,Pessimist Incarnate: Still one of the most amazing wildlife Vids taken
T1257,IE,giveitsocks.com,Balotelli takes centre stage in front of media
T1258,AU,bossanovafusion.com.au,The devil is in the detail ...
T1259,US,praise1027detroit.com,Movie 'Innocence Of Muslims' The Center Of Deadly Attacks
T1260,ZA,securemortgages.co.za,Other Ways To Get A Home Loan
T1261,US,auntgoose.com,Sounded Good at the Time...
T1262,AU,secretsofafearlessfemale.com,Secrets of a Fearless Female
T1263,IE,firinnemedia.com,"Demise of the Euro: Part of a Long-term Plan for a Global ""Super"
T1264,AU,lisahillschoolstuff.wordpress.com,"The Great Race, by David Hill « LisaHillSchoolStuff's Weblog"
T1265,US,npccomic.com,NPC Comic - The Other Side
T1266,GB,drunkenslutmum.co.uk,Not in front of the children
T1267,IE,africadirect.ie,Africa Direct has now been registered as a signatory member of the
T1268,IE,themarketsquare.ie,Peace Roadshow comes to Kingscourt : TheMarketSquare.ie
T1269,GB,marklynas.org,World's first nuclear waste-burning PRISM reactor moves
T1270,US,cowboybyte.com,Team Obama breaks precedent to spoil Romney's convention in
T1271,ZA,wesleygates.com,Vantage Elite XT3000...Hmmm... What Do You Think?
T1272,ZA,taichisifu.co.za,Do I have to be fit to start Tai Chi and Chi Kung?
T1273,GB,weddingvenuereview.com,Dating Services Such As The Avatar To Make Spouses Satisfy
T1274,GB,daysoutindevon.com,Cornwall: Two or Three Night Stay For Two With Breakfast from £99
T1275,ZA,freethought.co.za,First time I realised something « free thinking
T1276,IE,unwindyourmind.wordpress.com,How do you want to be remembered? « Unwind Your Mind
T1277,AU,rjmprogramming.com.au,clear vision 1 - RJM Programming
T1278,IE,humanrightsinireland.posterous.com,Do Fred Phelps and other members of the Westboro Baptist Church
T1279,AU,applied-physiology.com,Applied Physiology announces results of Navigator trials in hospitals
T1280,GB,sataid.net,"'We asked firms if they were looking at Windows 8, most laughed'"
T1281,AU,topdecknews.com,Running with (or away from) the bulls!
T1282,US,karenjasper.blogspot.com,.OPTIONS for a Better World: A Day in the Country
T1283,GB,24hourcashloans.co.uk,Student Money Saving Tips Payday Loans Available 24 Hours
T1284,ZA,thebrownandwhite.org,Meet the Seniors Behind the Sports: Cross Country
T1285,ZA,theweatherguru.com,Interesting Views Of Umpqua Marine Stratus
T1286,AU,spoonfulzine.com,Going to the Sun in love....
T1287,ZA,7am.co.za,ANC to go to court over Zuma painting
T1288,IE,fitnessforrugbyblog.com,Are you willing to pay the price?
T1289,US,e3sparkplugs.com,"What Might Have Been - Ford's Experimental ""Wrist-Twist"""
T1290,US,pastorswifelife.com,"Friends, To Have and to Hold.....! « pastorswifelife"
T1291,IE,europeangreencapital.ie,6 Steps to a Smarter City
T1292,IE,irlandezu.eu,I love Ireland... | Irlandezu'zu
T1293,ZA,immeasurablelove.co.za,High expectations? | Immeasurable Love
T1294,US,forums.pragprog.com,Complex project ideas for each of the languages
T1295,IE,carrickfergusknights.com,Carrickfergus Knights Awards Night
T1296,ZA,judyklipin.com,"If You Were Better, It Wouldn't be Better"
T1297,IE,blog.gardensnow.ie,Bloom | GardensNow.ie | Professional Landscape Gardeners
T1298,ZA,joblog.co.za,Jo'blog » No. One. Cares.
T1299,GB,katesmagicbubble.com,UpDate! The Bubble is Three Years Old This Month
T1300,GB,decorandstyle.co.uk,UNIQUE POINT OF VIEW
T1301,AU,sangamproject.net,Put a name to it: Standards for Labelling
T1302,AU,tunswblog.blogspot.com,The BROWN COUCH: Who are the people in your neighbourhood?
T1303,ZA,greenman.co.za,Lucid Dreaming Chi Kung · Neverness
T1304,IE,culturenight.ie,Dublin Buddhist Centre « Culture Night 2012
T1305,AU,prosimian.com.au,Digital territories | Geoplaced Knowledge
T1306,ZA,girdedwithtruth.org,Civil servants told Tony Blair a Catholic could not be ambassador to
T1307,IE,sdcsp.ie,Social Media Seminar for Sports Clubs
T1308,GB,qmjobsblog.wordpress.com,Keeping Your Ear to the Ground « QM Jobs Blog
T1309,ZA,trash-collector.co.za,How to Make Storage Containers Using Recycled Materials
T1310,ZA,bookbandb.com,6 Travel Destinations to Have a Good Time
T1311,GB,hlyspirit.org.uk,Things To Do To Change Your Life Style
T1312,US,blog.anniefox.com,Broken kids are breaking all of us
T1313,GB,poultrykeeperforum.com,The Poultry Forum * View topic
T1314,GB,marketing.newagemedialtd.com,How To Get To The Top Of Google
T1315,ZA,aaron-ugg.com,aged food dishes and furthermore imitate ties together can be
T1316,ZA,barefootwhiteafrican.blogspot.com,"Barefoot White African: Have Camper Van, must Travel"
T1317,AU,veggieful.com,Veggieful: Asparagus and Lemon Pasta Recipe
T1318,GB,tocollide.com,100912 the start of a new challenge
T1319,ZA,minisitecrusher.com,A Unique Fashion Casual Gown for Your Dream Wedding
T1320,GB,italiancyprus.com,Did you know that Pasta alla Norma is the only pasta dish that has
T1321,IE,magicmum.com,surely it has to be putting mine and babys....
T1322,ZA,allnaturalstore.co.za,A Look at The Gluten Free Option
T1323,IE,islandnine.com,The Importance Of Identity
T1324,GB,appenginedevelopment.com,Horse Speeding Tips: Make The Most Due To Them
T1325,AU,agimo.govspace.gov.au,Help shape the future of Human Services mobile apps
T1326,IE,ercrugby.com,ERC : News : We need to be more accurate
T1327,IE,inhp.com,Visit the Wonders of Wexford
T1328,ZA,china-forklifts.com,2 Ton Electric Forklift(CPD20C)
T1329,IE,northfacejohn.com,Day 6 - Dublin City Marathon
T1330,AU,miningaustralia.com.au,Abbot Point: A terminal test case
T1331,IE,suesintonsmith.com,Three Days in Bruges
T1332,AU,physicalculture.com.au,The Bjelke-Petersen School of Physical Culture
T1333,AU,dale.fraser.id.au,Dale Fraser's Blog: The ugly truth about frameworks
T1334,AU,everybody-knows.com,Banks lack a sense of humor
T1335,AU,theadventuretraveller.com,The wilds of Africa : The Adventure Traveller
T1336,AU,imanewteacher.com,How are the National Standards different to the State based
T1337,ZA,powergeneratorsforsale.co.za,Things to Consider Before Buying a Power Generator
T1338,GB,hebridespeople.com,"Betty Powell - Waipu Museum, New Zealand- A Tribute"
T1339,ZA,sacricketblog.com,Mission to Perth | SA Cricket Blog
T1340,GB,ernestanderson.wordpress.com,Prayer Dynamics furnished by Rev. E. Anderson « Barnabas
T1341,ZA,digitalstreetsa.com,Interview with Durbans' New Kid On The Block
T1342,GB,onlineventuresgroup.co.uk,Should I worry if my keyword rankings go up and down?
T1343,GB,benfrain.com,RANT: Sometimes I just want to watch the earth burn...
T1344,ZA,inthecube.co.za,A simple intro to electronic cigarettes
T1345,GB,comrie.org.uk,PKC Flood advice for the next few days - Good News so far !
T1346,US,dawgsaloon.com,"Romney ""shellshocked"" -- he really thought he was going to win"
T1347,AU,greenethanolfireplaces.com,Do ethanol fireplaces need to be vented?
T1348,US,girlmeetslife.com,"home for the holidays, for now."
T1349,AU,citygatekeepers.com.au,Full report on consequences of diverting Riverside Drive
T1350,ZA,hno.co.za,Hlanganani Ngothando Organisation October Newsletter
T1351,ZA,patricksekhotoblog.com,How to make a long distance relationship work- 7 long distance
T1352,ZA,blog.wsioms.co.za,Success is not a spectator sport- Charles Marcus
T1353,US,sportsagentblog.com,UFL Needs To Rid Itself Of Legal Troubles To Have A Shot Of
T1354,IE,cliodhnaswave.com,a sense of perspective
T1355,US,kissfm969.com,"Channing Tatum Is A Very Pretty Dude, Named People Magazine's"
T1356,GB,blog.ellel.org,The Father's Joy | Peter Horrobin's Blog
T1357,GB,xendistar.co.uk,it has been a long time
T1358,GB,owenrees.co.uk,"In the name of [INSERT PERSONAL, RELIGIOUS BELIEF HERE"
T1359,IE,limecanvas.com,Australia's Click Frenzy is a big #ClickFail
T1360,GB,spaceanswers.com,Why do stars appear to twinkle in the night sky?
T1361,US,buffalohair.wordpress.com,Obama Up Early Cooking Breakfast In One Of Michelle's Extra Long
T1362,GB,ingridkoehler.com,A Piece of Internet History : Ingrid Koehler
T1363,GB,rosalvasteep1236.atlantisenergysolutions.com,Tech News - Latest Tech News &amp; Updates
T1364,IE,fany.savina.net,Portfolio of my Knowledge...
T1365,AU,cubbykraft.com,Benefits of a Plastic Cubby House
T1366,GB,osv.ltd.uk,Met Office predicts snow for parts of the UK next week.
T1367,AU,janinewhitling.com.au,How to make a Resin Bracelet Tutorial
T1368,US,thedomesticlifestylist.com,Steps to Create a Stress-Free Holiday Season: Clean &amp; Organize
T1369,IE,evolveonline.ie,"Combining UBCD, SpinRite and Windows"
T1370,ZA,eatplayluv.co.za,I Make A Mediterranean Salad (and chicken schnitzel)
T1371,AU,creativechangemakers.com.au,Festival Week of the Diamond Dogs: The New Group of World Servers
T1372,IE,newtotown.ie,South African Spouse Move to Ireland with British Spouse Questions
T1373,US,cakedecorating.about.com,Sometimes It is Not Meant to Be
T1374,AU,astringofpearls.org,A Discussion re live beef exports from Australia to Indonesia
T1375,IE,jenskitchen.ie,"The Brook Lodge Hotel, Co Wicklow- My Review."
T1376,ZA,blog.londolozi.com,Is the Kruger Male Lion Dead?
T1377,US,permanentlypeevish.blogspot.com,What was Wiggo wearing when he was knocked off his bike?
T1378,GB,naich.net,what to do with a Raspberry Pi « Naich's crappy blog
T1379,ZA,nolstuijt.wordpress.com,Help pours in for baby born in stable « Space van Adriana
T1380,ZA,conversations.org.za,Universality in this is a sure sign of sincerity
T1381,IE,fromthetaptothetable.com,Our Store of the Month: Delilah Fine Foods National Deli of the Year
T1382,IE,hissyfitpersonaltraining.com,Exercise and the Benefits « Hissy Fit Personal Training
T1383,US,saintpetercatholic.com,Prophetic Message of the Glorious Second Coming
T1384,ZA,veritas.co.za,Six Wine and Brandy Giants honoured
T1385,US,fakery.info,Intercourse As Well As The City Estimates Portrays The Lifestyle Of
T1386,IE,stackallen.info,Turkey's getting hot | STACKALLEN
T1387,AU,designhunter.net,The Freshwater house: designed as a weathered timber crate
T1388,AU,external-brain.redwolf.com.au,"Mars may not be lifeless, say scientists"
T1389,US,blog.forest2market.com,"British Member of Parliament, Other Industry Leaders to Speak at the"
T1390,AU,dearpageantgirl.wordpress.com,AUSTRALIA INVITED TO DESIGN THE NATIONAL COSTUME
T1391,IE,ennisrfc.ie,After superb comback Ennis narrowly beaten by Muskerry
T1392,ZA,gregmarinovich.com,Murder at Marikana | Greg Marinovich
T1393,AU,juliegoodwin.com.au,MasterChef Contestant Call - DIY Mystery Box
T1394,ZA,blog.alexvanniekerk.com,Look! There is a real baby in there!
T1395,AU,arthurproductions.com.au,Planning our December development in Byron
T1396,IE,82.195.143.123,MS Ireland: 'One Foot in Front of The Other' « 98FM: Dublin's Best
T1397,GB,acordlondon.org,What will be in the next standard release RLC v2008-1?
T1398,AU,crafternoon.com,Three of the Things I Love Right Now
T1399,US,redletterliving.net,Eternal Presence.... | Red Letter Living
T1400,AU,questap.com.au,Is the Aussie dollar finally ready to fall?
T1401,US,travelocafe.com,"Hotel Pod Lwem, Elblag. An Incredible Surprise in One of the Most"
T1402,GB,your-health-info.net,Increase The Possibility Of Conceiving A Child By Means Of
T1403,ZA,ncdeem.org,The number of U.S. adults treated for diabetes more than doubled
T1404,AU,lenrutledge.com,Italy's wonderful Cinque Terre
T1405,AU,wordsmiff.blogspot.com,and his lesson for all of us
T1406,GB,travelsteez.com,Palma weekend getaway | Travel Steez
T1407,AU,onyamagazine.com,Margaret Fulton: Queen of the Dessert
T1408,US,thetravellinghats.wordpress.com,This was one of those moments...
T1409,GB,theneweconomy.com,Amazon to match Apple's musical cloud
T1410,US,jenmichalski.com,jen michalski: Ten Interview Questions for The Next Big Thing
T1411,GB,7newz.com,"Android 4.1.2 OTA update rolling out to the Nexus 7, brings"
T1412,GB,raphshirley.com,The best day of my life ever
T1413,US,davidpaulkrug.com,This Could Have Been The Longest Weekend But It Wasn't
T1414,US,healthhub.brighamandwomens.org,Six tips to make the most of your primary care visit
T1415,US,sophisticateddorkiness.com,"The Sunday Salon: It's Nice to See You Again, Blog!"
T1416,ZA,derekgripper.com,The Power of Madosini
T1417,US,andrewpaul.benchmark.us,Six Ways to Go Back to School on a Budget
T1418,US,gumbo-lily.blogspot.com,Gumbo Lily: Things I learned from the back of a Schwan's Apple
T1419,AU,kateconstable.blogspot.com,Kate Constable's Blog: Struggletown
T1420,ZA,tiviti.co.za,So what seems to be the problem? / Tiviti
T1421,GB,yearsix.kincraigblogs.net,100 wc what is that?
T1422,US,mix1065fm.cbslocal.com,Three Reasons You Shouldn't Stay at the Same Job Too Long
T1423,ZA,pdfdirectory.org,Two New Archos Android Tablets Approved by FCC
T1424,GB,liveforfood.co.uk,What's the difference between puff
T1425,US,guru42.org,Facebook sticking it to the one billion served
T1426,AU,inforumgroup.com,"Kym Little, Managing Director, Savannah Strategic Consultancy"
T1427,IE,lookingforbluesky.com,Looking for Blue Sky: My property tax protest
T1428,AU,naomibulger.com,Greening the city | Naomi Bulger
T1429,IE,ronanpalliser.ie,To London and back
T1430,ZA,davidsowden.com,Mad Ramblings of a Fat Man
T1431,AU,jacquelinelunn.com,I should have been a dentist
T1432,ZA,rosettaroastery.com,A Dark Mocha Java...and other coffee nonsense
T1433,GB,techwatch.co.uk,Ofcom wants reverse VoIP tracing for emergency services
T1434,GB,lethargical.com,Eat Healthy Meals With These Nutrition Tips
T1435,AU,mgsphysio.com.au,Why Physios love Mondays via Body and Soul
T1436,AU,bangkok-addicts.com,Where to get a English-Thai conversation book in
T1437,ZA,robrufus.blogspot.com,Grace and Glory!!: Fully Free From Guilt In Order
T1438,AU,fourthpillar.biz,Music in the air
T1439,GB,cosmicheart.uk.com,Flowing with the Tide
T1440,AU,charliegunningham.com,Thoughts from a Conference « CharlieGunningham.com
T1441,IE,irishvolunteers.org,"Edward Bennett was a member of F Coy, 4th Battalion Dublin"
T1442,US,scripturenews.com,How old was Jesus when He died?
T1443,IE,theclink.ie,New York City and The Quiet Man
T1444,ZA,bryanbaitgsblog.bloglines.co.za,But away from the revenues the seasons
T1445,ZA,car-life.co.za,How to Pick Up Girls Using Your Car
T1446,ZA,bicyclecapetown.org,Critical Mass turns 20th years Old!
T1447,US,janalinesworldjourney.wordpress.com,My South-African friends visit Moscow!! Day 1
T1448,AU,astrocave.com,A matter of scale « Astrocave
T1449,AU,roundthemiddle.com,"Cairo, Egypt: 24 hours in an Old City"
T1450,US,uselessdoug.blogspot.com,~ Dougressions: College football redraws the map
T1451,GB,paulburgin.blogspot.com,Mars Hill: What Needs To Be Done With The Cabinet
T1452,ZA,sybrand.co.za,Fastest blind man in the world
T1453,ZA,blogs.bmj.com,BMJ Group blogs: BJSM blog
T1454,ZA,mrsrogero.com,Mrs Rogéro: A Little Surprise
T1455,US,endtheassaults.com,We Can Write Assignments Using Any Of The Common Writing
T1456,US,serbianmess.wordpress.com,"We, the Serbs and others, in order to... « Dictionary of the Serbian"
T1457,ZA,theangelheadedhipster.com,The Angelheaded Hipster: Fab Friday
T1458,ZA,reviewme.co.za,Maloof Magic is back in South Africa
T1459,IE,blog.conorclinch.com,"Conor Clinch Blog: Most influential people in the industry, so far...."
T1460,ZA,wmmckenneyringsblog.bloglines.co.za,Old Gringo footwear at the same time appearance gr
T1461,GB,liabilityworld.co.uk,Why is it that you have to Liability insurance on each car you own
T1462,ZA,plasticmermaidperson.blogspot.com,plastic mermaid: a long time ago.
T1463,GB,bbn.firetrench.com,BREAK ON THROUGH TO THE OTHER SIDE
T1464,AU,everlookphotography.wordpress.com,Confessions of a Copycat...... « Everlook Photography
T1465,ZA,adamastorbacchus.blogspot.com,Main Ingredient: 24th October Main Ingredient's MENU
T1466,AU,illumin8life.com.au,Why do we leave it to the last minute?
T1467,GB,britishboxers.co.uk,'Danny Garcia's Gonna Have To Pay For It'
T1468,GB,colinmulhern.com,Colin Mulhern: A Blog About Matthew
T1469,US,soimovedtolondon.com,So...I Moved to London.: I was on the BBC
T1470,US,blog.amtec-resources.com,Screening Candidates for a Long Commute
T1471,GB,edb-news.com,'Alfred Hitchcock Masterpiece Collection' Is A Must-Own
T1472,AU,socialistallianceperth.blogspot.com,Socialist Alliance Western Australia: Defend the Right to Protest
T1473,AU,joanneschoenwald.com,Take a Chance on Me signed with Curtis Brown « Joanne Schoenwald
T1474,ZA,jewishinteractive.net,How not to use technology in the classroom
T1475,ZA,somestuffaboutliterature.com,A Lunch Time Trauma
T1476,GB,streetfightersmag.blogspot.com,"Tomorrow morning, letterboxes all over the country..."
T1477,ZA,dorfschreiber.org,VSA applied for the MENT Programme at VSA blog
T1478,AU,driving-school.com.au,Drink Driving in Victoria
T1479,GB,sueyounghistories.com,Jacob Bright (1821-1899) | Sue Young Histories
T1480,IE,spiritualityireland.org,Coming Out of the Spiritual Closet: Inspiring LGBT Religious Leaders
T1481,ZA,mtnblog.co.za,Holiday hot spots in South Africa
T1482,AU,buildalittlebiz.com,what are some free and cheap ways
T1483,US,madisonproject.com,The Effects of Anti-Free-Market Healthcare
T1484,AU,adavb.blogspot.com,ADAVB Inc. Blog: Give AHPRA powers to deal with unregistered
T1485,US,dizzy.pestermom.com,2012/10/16: Some kind of pun about how I saw the doctor today
T1486,IE,thecoachdiary.com,The Coach Diary Football Blog
T1487,AU,andrewmcmillen.com,"The Weekend Australian story: 'Tales Of The City', August 2010"
T1488,ZA,trixxiezn.com,Trixxie » History of Henna
T1489,GB,blog.cta-elegantsolutions.com,A matter of ambition: re-visiting class in 21st Century Britain
T1490,IE,climbingframes.ie,A few tips for getting children away from the screen and into the
T1491,ZA,business-finance.co.za,How to Avail of a Top Rated Auto Insurance
T1492,ZA,karim.co.za,The Dark Side of the Mind
T1493,US,designmind.frogdesign.com,Know Thy User: The Role of Research in Great Interactive Design
T1494,US,vercfamily.blogspot.com,The Luckiest: Who Says it has to be Itsy Bitsy?
T1495,US,thinkmaverick.com,Making A Lot More Money Means...
T1496,GB,esi-intl.co.uk,What do you want to be when you grow up? A PMO?
T1497,AU,littleartly.com,Essay Writing « Little Artly
T1498,IE,changeagents.ie,Chris Brogan on Skype
T1499,AU,firesoft.com.au,Getting out of the 'Job-Hunt-Slump'
T1500,IE,nessachilders.ie,Childers Welcomes Lisbon YES vote
T1501,IE,auctions.timitips.com,Auctions Crystal Palace | Auction Tips
T1502,AU,healthreform.biz,A Young Mother's Guide To Find The Causes Of Hair Loss In
T1503,AU,huonview.blogspot.com,Huon View: A little more than a heavy frost
T1504,ZA,spiritofthephoenix.co.za,Spirit of the Phoenix Recovery Centre
T1505,GB,36hertz.com,Back To The Bass Part 2 LP Info
T1506,US,themedifastplan.com,Salty Six shows how pervasive sodium is in the U.S. food supply
T1507,ZA,yarnsforabetterworld.com,Make a difference « Yarns for a better world
T1508,GB,save-bethesda-field.co.uk,Update October 22nd 2012 | Save Bethesda Field
T1509,GB,drpetra.co.uk,Another testosterone drug trial for female sexual dysfunction
T1510,ZA,babyfurnituregauteng.co.za,Christmas Ideas For Gifts: What Will I Give Pop?
T1511,GB,nonstophits.co.uk,Heaven's Gate Criterion Collection is HERE!!!!!!
T1512,GB,blog.heehaw.co.uk,A look at Font replacement
T1513,IE,jamesjoyce.ie,75 Years Since First Authorised American Ulysses!
T1514,IE,bigsissaoirse.blogspot.com,Big Sis Saoirse: Cruelty Free Shopping
T1515,GB,wolvesforum.co.uk,"Big Brother, X Factor , Celebrity Get Me Out Of Here, and other $#@!e."
T1516,ZA,ppg.co.za,Flying Unlimited and the Waterkloof AAD Airshow
T1517,IE,irishfilmboard.ie,Irish Film Board/Bord Scannán na hÉireann
T1518,ZA,davidbatzofin.com,Travel and Things...: The long and winding road...
T1519,ZA,alogic.co.za,Microsoft Volume Licensing vs. OEM
T1520,ZA,resoluteextremely.bloglines.co.za,Which kind of Hanging Meets Your Lighting Requires?
T1521,ZA,marvcbarr.blogspot.com,It Would Be Best For Our Kids That We Leave South Africa
T1522,GB,afordawards.co.uk,Ryder Cup Back In The Hands Of Europe.
T1523,AU,digitalbusiness.gov.au,To pin or not to pin? Insights into Pinterest for business
T1524,IE,irishblogs.blogs.ie,Up to the minute....
T1525,GB,vineyardchurches.org.uk,Hear the Sound of our Worship
T1526,AU,newscrunch.com.au,Richard Armitage Bits at San Diego Comic-Con 14 July 2012
T1527,ZA,uckg.org.za,The story of my hair (Part 2)
T1528,AU,tonyreeckmanphotography.com,Brief Roundup and the Hume Veterans Benalla Handicap
T1529,IE,sjfc.ie,01/12/12: U12 Div 1 St Joseph's 2 Hodson Bay Celtic 7
T1530,IE,killarneyholidayvillage.com,Killarney in the movies.
T1531,IE,dlremergencyupdates.blogspot.com,Security Notice for our
T1532,AU,mangalui.com,Tracks Magazine - Cowboys &amp; Aerials
T1533,IE,fatherdirector.blogspot.com,Ex Umbris Et Imaginibus: Iona Institute Survey On Child Abuse
T1534,AU,bobbyvalentine.com.au,Around the World in 44 days take 2
T1535,GB,scottishsceptic.wordpress.com,I'm away for a while ... will the scam fall before I get back
T1536,AU,filmblerg.com,The Other Film Festival Opening Night
T1537,US,serverground.net,Laptop will not power down all the way.
T1538,IE,29thdublin.org,Leaders Climbing in Kilkenny « 29th Dublin Blackrock Scouts
T1539,IE,cluas.com,Alternative Tunings - The Edge of Glastonbury
T1540,US,nkcedwards.blogspot.com,the Edwards get Charmed: We went to the animal fair...
T1541,GB,betternation.org,So you thought it was all over? « Better Nation
T1542,ZA,roxannereid.co.za,Kgalagadi developments: have your say
T1543,GB,ub-referral-code.info,Poker Frame of mind That Has To Be Developed
T1544,GB,forum.herbalhighs.com,Your -Competitors Does Not Want You To Learn From The
T1545,IE,walshislandshamrocks.com,Walsh island Shamrocks 0 Raharney 0 « walshislandshamrocks.com
T1546,US,saintmaryssports.com,Ever wonder ... what it would be like to
T1547,AU,coltrane.com.au,"Coltrane: We Do Data, Email &amp; Search"
T1548,GB,deeson-online.co.uk,Cookie Laws - what to do (and Drupal Cookie Control)
T1549,ZA,paulhofman.co.za,"Linen and Glass. A collection of fine linen, glass and trendy gifts"
T1550,AU,zoeaustralia.org,Cross Family Blog: Out of Control
T1551,IE,phoenixcricketclub.com,2nd XI Match Report (h) -v- Mullingar
T1552,ZA,sembeo.com,10 Facts About Men's Jeans
T1553,ZA,travelnewsweekly.com,A Day in Antarctica
T1554,IE,primalsneeze.com,Primal Sneeze » Blog Archive » Back to School #2
T1555,AU,rosedee.com,Put the technology down and step away from the IPhone
T1556,IE,ethelrohan.com,Pure Class | Ethel Rohan
T1557,ZA,consultancyafricablog.com,a misunderstood relationship? « Africa Interpreted
T1558,AU,myegallery.com.au,"The development of ""Generation"" « MYeGALLERY Blog"
T1559,US,protectmyvote.com,"It Will Be Easy To Vote, But Hard To Cheat"
T1560,US,martijnlinssen.com,a matter of space and time
T1561,AU,trafficsure.com,How To Make A Video: The Face To Camera Approach
T1562,IE,weddinghymi.com,Car Shopping: Useful Tips For First Time Buyers « Hymi's Wedding
T1563,IE,portobellodental.com,Introducing our new treatment coordinator! « Cosmetic Dentistry
T1564,GB,travelstuff.org.uk,Elite Chauffeur Tours -- When You Want To Travel in Luxury
T1565,AU,thewhoot.com.au,Up In Frames | TheWHOot
T1566,IE,corkuniversitypress.typepad.com,Beautiful Day: Corrs Go Back To Roots
T1567,GB,speculumpages.blogspot.com,Part Of A Story
T1568,US,makeuseof.com,Why is my 16GB USB reporting that it is only a 1GB USB?
T1569,AU,kiddywinktoys.com,Dark Side of the Moon
T1570,AU,canberratimes.com.au,Abbott says Liberals earned right to first shot at power
T1571,AU,couchmedia.blogspot.com,from the people who brought you
T1572,GB,sbtv.co.uk,The Midnight Beast have landed their own show on E4...
T1573,GB,fasemex.com,Who was the first person to come with the idea of video games
T1574,ZA,anglican-mainstream.org.za,Anglican Mainstream South Africa
T1575,US,hugzme.com,"Can you develop the ability to ""feel"" low or high blood sugar"
T1576,GB,engfootball.com,Anelka link appeals to Big Sam
T1577,GB,offmyland.me,Fastest week of my life « Jake P Richards
T1578,AU,nepeantriathlon.com,Race day instructions « Nepean Triathlon
T1579,GB,ladies-underwear.info,How to Find a Bra That Fits
T1580,IE,jasonwalsh.ie,The princess and the pornographer
T1581,ZA,travisnoakes.co.za,"Travis Noakes' research, plus...: Improving the Student ICT Access"
T1582,US,invisibleoranges.com,Seeking good men and women
T1583,US,fauquierent.blogspot.com,What do Earthquakes Have to do with Thyroid Masses?
T1584,GB,fashionmoriarty.co.uk,Fashion Moriarty: Passion in Fashion
T1585,US,rowevings.blogspot.com,"ROWEVINGS by G.A.Rowe: And we are now going to go ""Forward"
T1586,AU,qeddoie.uwcblog.com,A Matter of Time downloads
T1587,ZA,spierblog.co.za,Meet the Great Gatsby cast: Nick Carraway and Jordan Baker
T1588,GB,astonvillacentral.com,This Season Vs Last Season #09
T1589,US,insaneasylumblog.com,Should a Woman be able to do whatever
T1590,ZA,teeveetee.blogspot.com,"TV with Thinus: eNCA PRESS BRIEFING: ""We want to be"
T1591,GB,billionaire.only-the-news.com,AYRE FORCE Invades 2008 NY Comic Con
T1592,IE,greatexplorationstours.com,Episode 16: Let's Go to The Magic Kingdom and Get Sh**faced!
T1593,AU,fleishman.com.au,Relationships - Make or Break
T1594,IE,eandemanagement.com,Enterprise Ireland director outlines the impact of FP7 in
T1595,IE,alanrice.ie,Con artists working on national television.
T1596,GB,spotlightstudy.org,Do we need to enter data on all our review visits?
T1597,AU,blog.readysteadyprint.com.au,Using Social Media Marketing to Your Advantage
T1598,AU,ism.crossculture.net.au,Not a licence to get physical
T1599,AU,circleoffriends.co,Day 5 of my 28 day gratitude challenge
T1600,IE,bakefortheborder.com,Bake for the Border
T1601,IE,frost.ie,New CCMA proposal is putting the cart before the horse
T1602,US,wrestlingpollyanna.com,Put One Foot In Front Of The Other
T1603,IE,animalfoundation.ie,Silas`Story « Kildare Animal Foundation
T1604,GB,yorkshire.greatbritishlife.co.uk,Building a stronger sense of community in Headlingley
T1605,IE,paperdollsperformance.com,A note on Constellations (1)
T1606,US,marcandangel.com,A Few Years Makes A Difference
T1607,ZA,drum.co.za,Living the best life by Bra Mo Drum
T1608,AU,eatdrinkplay.com,What do you LIVE4 Competition : Eat Drink Play
T1609,GB,someofitistrue.com,In Bloom #2: Russell.M.Harmon « someofitistrue
T1610,IE,jeromemccarthy.com,Excerpt 11-Part 0: Two roads . . . and I became a Protestant
T1611,ZA,jeromes1day.blogspot.com,One Day in the Life of Jerome: A little bit better
T1612,US,bayarea.sbnation.com,49ers vs. Bears: It's all about the turnover margin
T1613,US,bespacific.com,beSpacific: The Nuclear Matters Handbook is an expanded and
T1614,AU,supra-shoes-australia.com,Supra Australia such as the supra skytop line which is perfect for
T1615,ZA,muslimahstyle.wordpress.com,Event Review: The World of the Unseen #1 « Muslimah(Life)Style
T1616,ZA,pauldesousa.co.za,Clever And Creative Hints For Social Media Marketing
T1617,US,talkthetalkbookclub.wordpress.com,"""The Possibility Of You"""
T1618,IE,atrier.com,There is No Environmental Free Lunch
T1619,ZA,smpcareeradvice.com,Your timeline to achieve success
T1620,US,nintendoworldreport.com,Attractive Attractions: Most Anticipated Nintendo Land Games
T1621,AU,etpenterprises.com,Biggest Talking Points of the 2012 NRL Season
T1622,US,catfordnz.blogspot.com,"Begin at the Beginning: So, I disappeared for a while . . ."
T1623,GB,unmanned.co.uk,Indian UAVs Map Quarries to Catch Extent of Mining
T1624,AU,countrycarsale.com,Do You Need Towing? How to Make Sure You Get the Best Towing
T1625,AU,cep.org.au,A Day at the National College of Leadership
T1626,AU,davidelliott.com.au,First Major Demolition For North West Rail Link
T1627,AU,blogs.crikey.com.au,Life as a full-time traveller
T1628,US,diegobasch.com,Facebook and Twitter Don't Know What You Want
T1629,GB,1010ministries.info,JESUS will return the way He left.
T1630,AU,platinumelectrical.com.au,Platinum Electrical Contractors -- 6 of the Most Frequently
T1631,GB,jackmcmullenag.com,McMullen advocates familiar message of drug prevention after
T1632,ZA,gipca.uct.ac.za,First Live Art Festival 'Make up you mind' explodes all over Cape
T1633,IE,aaronmcdaid.com,"typeof([](){}), or ""C++, please stop holding my hand!!"""
T1634,US,dothedart.com,Costumes at the DART? That would be YES!
T1635,IE,karenmillenforoutlet.com,Karen Millen outlet stores baseid that they were hit
T1636,US,nextmovie.com,How Old Characters Could Ruin a New 'Star Wars'
T1637,GB,didimtoday.com,Jennifer Lawrence Scores Lead Role in The Hunger Games
T1638,US,mentalslavery.com,What's on the Table -- Mental Slavery
T1639,AU,therecord.com.au,A great Catholic mentor leaves legacy
T1640,GB,bhangraw.com,Bhangra Happenings Around the Country This
T1641,AU,primped.ninemsn.com.au,Win: 1 of 10 Biotherm Aquasource Christmas Sets
T1642,IE,yumbolicious.net,Holiday-substitute chicken pilaf | Yumbolicious
T1643,IE,ncbanetwork.ie,NCBA Network goes online to Tweetup with other businesses
T1644,US,abalawinfo.org,Differences men and women
T1645,IE,wavechange.ie,Hi and Welcome to Wave Change
T1646,IE,belfast.vacancies-jobs.com,Earn a lot of money working part time from home (Belfast
T1647,US,snowcountryjapan.blogspot.com,Snow Country Region in Japan Official Blog: Back in the day....
T1648,GB,talluggsuk.co.uk,Why do you want to quit smoking
T1649,AU,underbellyarts.com.au,Underbelly Arts Lab and Festival 2013 Expression of Interest: Large
T1650,GB,webliquidgroup.com,Extreme real-time advertising: responsive web design
T1651,GB,frictionarts.com,Responsibility is the ability to respond...
T1652,AU,readalert.blogs.slv.vic.gov.au,Book Review: Why We Broke Up by Daniel Handler « Read alert
T1653,AU,fivefootthree.com,On the Broad Gauge: Time for a PT solution for the middle suburbs
T1654,IE,amanandink.com,The Neighbours progresses on...
T1655,ZA,cforce.co.za,Labour Broker vs. Recruitment Agencies
T1656,ZA,wiaproject.org,6 Million Personal Records Compromised Each Month; 2 Billion in
T1657,IE,ecobeet.com,News &amp; Events | Ecobeet.com
T1658,US,thecurvyelle.com,The Curvy Elle: A Little Bit Country... Cottage Chic
T1659,AU,netcrit.net,"Managing community - whose ends, how reached?"
T1660,GB,janwhitenaturalplay.wordpress.com,Jan White Natural Play
T1661,AU,fertilefc.com,What to do when your toddler doesn't want to do want you want them
T1662,AU,justhorseracing.com.au,Pierro drifts in Cox Plate betting after rumours he will be scratched
T1663,US,paperthinpersonas.com,Puck: Trey... he's a little bit Punk...
T1664,AU,rc.au.net,Green... (Macro Focus Stacking)... « Rodney Campbell's Blog
T1665,US,whoopeeyoo.com,#nowplaying As Long As You Love Me (Justin Bieber Cover
T1666,ZA,bizplanhub.com,How To Create A Business Plan For Success
T1667,AU,washn.org.au,What do you think? an excellent Sexual Health Forum..more news to
T1668,US,news.coinupdate.com,Final Release of Crowns of the House of Habsburg Gold Coin
T1669,US,jseydl.com,Money Has Been Too Tight Since The Early 2000s
T1670,GB,tom-percival.com,The talented (or at least discerning) Mr Ripley : tom-percival.com
T1671,AU,imaynotbeperfect.com,Imperfectly Erin: i may not be perfect
T1672,US,just-like-magic.org,NaBloPoMo: Day 17 - Florida Vacation: Day 4
T1673,GB,indefenceofyouthwork.org.uk,'If someone is not a success in life it's their own fault'
T1674,US,daltondailycitizen.com,Bust nets more than a pound of meth
T1675,AU,briansworldtour.com,In the City of the Uyghurs « briansworldtour
T1676,IE,irishseamensrelativesassociation.org,A History Of Irish Marines
T1677,IE,wanderinginspain.com,The Never-Ending Cast of Characters on the Camino « Wandering
T1678,ZA,naeemjeenah.shams.za.org,na'eem jeenah: This is a time for fluttering hearts
T1679,GB,stadiumbusinessawards.com,Timeline for TheStadiumBusiness Awards 2013 set; nominations to
T1680,GB,rocksbackpagesblogs.com,GROOVES YOU JUST CAN'T GET OUT OF YOUR HEAD #478
T1681,US,bchg.org,To the heart of the matter from BBC America- hunger in Bucks County
T1682,US,thatswhatshesaidboston.com,"the patriots lose the same time, every time"
T1683,ZA,frank-heydenrych.blogspot.com,The racism and intolerance of some members of the ANC laid bare
T1684,US,40tech.com,Photo Stream Finally Gets Useful and Allows Sharing [iOS]
T1685,US,jrupress.info,10 Scary Myths About The Law...DUI Is One Of Them
T1686,AU,adelaidecyclists.com,am going to get me one of these...
T1687,GB,solution-scope.com,A story to think about as a leader!
T1688,GB,ukweather.wordpress.com,Cold Weather Update 5 | UK Weather Forecasts
T1689,GB,marsdens.co.uk,Marsdens Cottage Holidays - Blog
T1690,AU,blog.tickyes.com,How social media is being used to raise awareness and bring help
T1691,AU,intranetdashboard.com,Feature and Layout Customizations for your Company Intranet
T1692,US,wildandwickedcowboys.wordpress.com,Urban Cowboy Halloween Costume - Pants On the Ground?
T1693,AU,michaelwyres.com,Regional Rail Link Beginning To Take Shape
T1694,GB,educationactivistnetwork.wordpress.com,A message from Defend the Right to Protest « Education Activist
T1695,US,pressdemocrat.com,"Carrillo back, refuses to talk about arrest"
T1696,AU,haltech.com,D1GP at Odaiba Tokyo Day 1
T1697,GB,mindfulpolicygroup.com,CANNABIS 'HITS IQ OF YOUNG PEOPLE'
T1698,US,displaymate.com,iPad mini Display Technology Shoot-Out
T1699,ZA,ssa.unic.org,"Addressing General Assembly, UN official calls for 'just solution' to"
T1700,GB,reveriemag.com,WIN 2 TICKETS TO THE DESIGNER WEDDING SHOW...
T1701,IE,leitrimdesignhouse.ie,Leitrim leads major EU Creative Sector Programme
T1702,US,athenahealth.com,EHR Access at 12807 Feet and in the Cloud(s)? Sure.
T1703,US,jv2win.com,Sick Family Learns Their New Home Had Been a Meth Lab
T1704,GB,satansam.co.uk,More than the usual
T1705,AU,mafg.com.au,A day in the life of a WWOOFer
T1706,IE,bone-idle.ie,Death of a Superhero - Film Review
T1707,AU,anaustralianwintour.com,Summer Holiday Essentials | An Australian Wintour
T1708,US,tagn.wordpress.com,Into The Vale of the Silent « The Ancient Gaming Noob
T1709,ZA,life-insurancequotesa.co.za,An Analysis Of What Types Of Locks And
T1710,GB,crossingthebaltic.com,The 'Finnification' of The Sami People: A Silenced History
T1711,US,chasers90.com,Wonderful Voucher Suggest That Can Be Right For You!
T1712,IE,noribic.com,iLearning Series Seminar on Product Design
T1713,IE,getbackhealth.ie,Ballsbridge Chiropractic and Health Clinic - Get Back
T1714,GB,danbaileyonline.co.uk,The beginning of forever...
T1715,ZA,kickboatfishing.co.za,Jozini Dam/ Pongolaport Dam
T1716,AU,avidchartist.com,The Avid Chartist: Gold's August close will indicate whether or not
T1717,IE,askhrsolutions.com,IBEC Launch New Guide Promoting Mental Health &amp; Wellbeing in
T1718,IE,shorterthanfiction.com,Kings Cage « Shorter.Than.Fiction
T1719,ZA,printersandscanners.co.za,A Look At the Bizhub 283
T1720,US,joannfore.com,The Cost of Silence
T1721,ZA,unisa.ac.za,ABET continues to make a difference « Unisa Online
T1722,US,bostonluxe.com,boston office construction seems to be making a comeback
T1723,US,nextcommunications.blogspot.com,Next Communications: Tweet with a Sense of Humor
T1724,ZA,angryafrican.net,"Stop saying ""I have been there""TM « Angry African on the LooseTM"
T1725,US,johndyer.name,"How to Create a Responsive, Retina-ready Website"
T1726,AU,gwegner.edublogs.org,This Is The Only Lily Allen Song I Like
T1727,AU,scrappinwitht.blogspot.com,Suits Me To A 'T': Manor House and The Scrapcake combined
T1728,AU,sootmagazine.com,Kid Mac on Bra Boys and Britney
T1729,AU,auscro.com,"Wanderers the sum of their parts, not the past"
T1730,US,awiderbridge.org,"""I Want the Right to Get Married"""
T1731,US,startupgrowthexpert.com,How to Get the Most Out of a Conference
T1732,AU,ginnypuppysdogjournal.blogspot.com,It's Been a Long Time......
T1733,ZA,doornrandje.co.za,Dog gone missing from the top of Boundary Road
T1734,GB,thoughtsfromrandomwoman.blogspot.com,The One Where We Go To The Olympics
T1735,ZA,deeprhythms.com,Thelonious Funk Sessions #153 (Next Gen Mix by Lokua
T1736,US,ocprstoronto.wordpress.com,ORBS: THE SOULS OF THE DEAD? « ocprstoronto
T1737,GB,tonyreiss.com,Hitting it Off with People on the Phone
T1738,GB,lifecoach-directory.org.uk,'Flab lab' aim to see if eating
T1739,AU,attemptedreview.blogspot.com,The Attempted Review: You'd Hate to Be in Germany Right Now
T1740,US,passthisonblog.wordpress.com,The State of Things: What can we do?
T1741,GB,danceconsortium.com,Cast and Crew on the road!
T1742,GB,fifanow.com,FIFA 13 - Top BPL Strikers Review
T1743,IE,blog.sogeti.ie,A tool to show how others view
T1744,US,agnestirrito.wordpress.com,One of THOSE Kinds of Days « agnestirrito
T1745,AU,successionplus.com.au,55% of all business exits are as a result of failure !
T1746,US,dave6.posterous.com,Don't Honk at old people
T1747,US,vwoopvwoop.wordpress.com,A bit of moping and then Stella « vwoop vwoop
T1748,GB,scoraigwind.co.uk,How to build a Micro Wind Turbine
T1749,AU,blog.thehouseofoojah.com,Interesting -There Is No Me
T1750,ZA,oddcafe.wordpress.com,That oDD Cafe Beer Bread
T1751,IE,permaculturecottage.wordpress.com,The Return of the Divine Feminine and Earth Healing. « Bealtaine
T1752,IE,oireachtasbrief.ie,Seanad debate on older people
T1753,IE,foodsfordieting.globalwebtec.com,Include weight loss foods for men to your diet
T1754,AU,mummysmiles.com,The Transition: Stokke Sleepi Cot to Toddler Bed
T1755,ZA,gaylife.co.za,How to deal with homophobia
T1756,US,shrinkingthecamel.com,"You Have the Right to Make Mistakes, Lose Everything and Start Over"
T1757,AU,racerelease.com.au,TOURING CAR MASTERS GOES DOWN TO WIRE AT SANDOWN
T1758,US,momtothescreamingmasses.typepad.com,Mom to the Screaming Masses: Getting to the Center of a Tootsie Pop
T1759,AU,criticalmassblog.net,Soap | Critical Mass Blog 2012
T1760,IE,seeyouatthepictures.com,See You at the Pictures!
T1761,GB,lseinternationalrelations.wordpress.com,EFPU: EU-US Relations after the Lisbon Treaty
T1762,ZA,gatewaynews.co.za,Series of church bomb attacks by Islamist group kills at least 50 in
T1763,GB,overratingtheunderrated.com,The ILLZ-Darkside Of The Room [Video]
T1764,IE,thekingkongclub.com,Why Facebook and Twitter Suck!
T1765,US,priestmatthewjackson.wordpress.com,That They May Boast in Your Flesh « Priest Matthew Jackson
T1766,IE,blanchardstownbrassband.com,Band member Eugene Tully passed away
T1767,IE,crimson-observer.blogspot.com,"Dr Jerimiah Newman, Bishop of Limerick was 'no pushover'"
T1768,GB,no-tar-sands.org,The story of BP &amp; the Reclaim
T1769,GB,replicatedtypo.com,Limiting female participation: will it increase female participation
T1770,ZA,mtbmadness.co.za,Tour of Legends | MTBmadness
T1771,AU,ladymelbourne.com.au,So sad to say goodbye...
T1772,GB,gizmophobe.co.uk,Galaxy Nexus ups the Android game
T1773,AU,w00t.filmsonthefly.com,Do it smart and do it with passion and purpose
T1774,US,bucnews.com,REAR ENTRIES: All Martin All The Time
T1775,AU,agelessvitality.com.au,The role of the mind in weight management
T1776,US,hvsfinancial.com,Retirement Income: it is a major factor when determining your health
T1777,GB,walberton-nursery.co.uk,Nursery Worker Kinga Pawlik to be an IPPS 6 Packer
T1778,GB,onrec.com,"Employment must lead CSR Investment in tough times, says new"
T1779,ZA,southafricanews.wordpress.com,Shell takes a look at the petrol price increase for South Africa
T1780,ZA,flameoflifecentre.com,Are you ready to take a QUANTUM LEAP?
T1781,GB,retroactionmagazine.com,Back in Time: March 1991 * Retroaction
T1782,ZA,halaaltalk.com,MCC ready to launch « HALAAL TALK
T1783,IE,tallaght-arts.ie,Tallaght Community Arts » News Archive » THE SELFISH GIANT
T1784,AU,bestsleepnow.com,Sleep Disorder Studies: what happens when you're part of a study
T1785,ZA,grassrootsrugby.co.za,Man Behind Ithembelihle High School Rugby Team Success
T1786,AU,cleancredit.com.au,"Credit repair, reform is on the way."
T1787,GB,potentialmatters.co.uk,Thoughts of a Leadership &amp; Management
T1788,ZA,yworld.co.za,CIARA - ONE WOMAN ARMY
T1789,AU,vantagefx.com,Euro takes a leg-down as focus turns to Spain
T1790,US,gajitz.com,Chewing Gum Batteries Get You Out of a Sticky Situation
T1791,US,tutdownload.com,CSS: Core Concepts - Lynda - Total Training
T1792,IE,kilmainhamartsclub.wordpress.com,great stuff to do!
T1793,AU,zoeingram.com,A long time ago
T1794,AU,shesgothearts.com,She's Got Heart{s}: I have been a bit slack
T1795,GB,thechurchoflondon.com,a look at paper now
T1796,ZA,fashionweb.co.za,What are the health repercussions of skinny jeans?
T1797,AU,tritium.com.au,Solar car racing | Tritium
T1798,ZA,surfingsouthafrica.co.za,Excitement builds for Hurley SA Junior Champs at Jeffreys Bay this
T1799,US,imperfecthomemaking.com,{SavourTheSeason} Day 2: Twelve Things To Do This Fall
T1800,IE,carrickbaptist.ie,2 threads woven through our Culture
T1801,GB,johnbald.typepad.com,Asperger's or a reading problem: the end of the beginning.
T1802,IE,anaphylaxisireland.ie,Latest Food Allergen Alert 22nd November
T1803,AU,theveggiemama.com,Cajun Spiced Portobello Mushrooms
T1804,GB,tinmanlondon.com,Voodoo People [MVTH Remix]
T1805,US,developsense.com,"Premises of Rapid Software Testing, Part 2 « Developsense Blog"
T1806,US,markamerica.com,One-Half of One-Third of the People Screwing Us [Again] « Mark
T1807,AU,dailyimprovementtips.com,How To Improve Your Life Experiences
T1808,US,collateraldamagemagazine.com,What meaning has Hajj in the age of capitalism? « Collateral Damage
T1809,AU,gamingagame.com,A Better Look At The Most recent Installation In The New Call Of
T1810,IE,quidwise.shopifree.com,www.fasterpayday.co.uk
T1811,US,plymouth-mn.patch.com,Bassett Excited to be Re-elected
T1812,IE,fugtheworld.blogspot.com,FUGGER: IT'S A MAGIC VAN AND WE'RE GOING TO HAVE A LOT
T1813,GB,2starsandaswirl.co.uk,When you dress them the same as you
T1814,US,commons.pacificu.edu,An Interprofessional Study of the Effects of Topical
T1815,IE,obrienandassociates.com,O'Brien &amp; Associates | Attorneys At Law | USCIS Provides
T1816,IE,topfruit.com,Top Fruit Halloween Competition
T1817,AU,caseware.com.au,Related Party Disclosures - Amendment to AASB124
T1818,GB,chrismaddern.com,A/B Split Testing on iOS
T1819,US,deathmetalinsanity2.blogspot.com,The Time Of Great Purification
T1820,AU,thegardenist.com.au,Using pots to make a quiet garden louder
T1821,IE,crossfit.ie,"Mon, Oct 22nd | CrossFit Ireland"
T1822,AU,innovation-thinking.com,Do leaders have to be creative to achieve Innovation
T1823,AU,blog.yogasynergy.com,Spinal Movements Sequence (Part 18): The 'Warrior Posture' (Utthita
T1824,GB,head-first.co.uk,books are more than the sum of their parts
T1825,US,modernpterosaur.com,Do Manta Rays Fly Over Land? No!
T1826,IE,wedding.bling.ie,It Was The Easiest Thing We Have
T1827,IE,virtualblackswanmarketing.mobi,The Entrepreneur Unique Methods To Make the most of Mobile
T1828,AU,knitting.va.com.au,do you know what this means?
T1829,US,photographyforrealestate.net,So You Want To Be A Real Estate
T1830,AU,stpetersbribie.org.au,Sunday 2nd Sep 2012 - The Martyrs of New Guinea
T1831,US,blog.zerodean.com,There has to be a law for that.
T1832,IE,iwt.ie,Irish Wildlife Photographer of the Year - Calendar Out Now!
T1833,IE,homecareplus.ie,The long road back to a sense of community
T1834,GB,stmirren.theoffside.com,St Mirren Close To Bottom Of The Table Already
T1835,US,mamabirth.blogspot.com,Mama Birth: A Funny Thing Happened While I Went To The
T1836,US,bicycleaccidentlawyers.com,Understanding the Importance of Bicycle Safety
T1837,IE,blog.rbconsulting.ie,thanks to Healthcare and US
T1838,ZA,ward112.co.za,Residents want regular police patrols
T1839,ZA,writerswrite.posterous.com,An emotion is not a plot
T1840,ZA,marlonparker.co.za,Twitter is NOT a Social Network
T1841,IE,walkingworldireland.com,Walk and GROW in Cork « Walking World Ireland
T1842,GB,muffledvociferation.blogspot.com,Muffled Vociferation: Something stinks in the state of England
T1843,AU,bikeinsurance.com.au,Bike Insurance -Better Safe Than Sorry
T1844,IE,cbe.ie,Shaw Petroleum select CBE EPoS System
T1845,GB,blog.moonfruit.com,Holy Twitter Batman - the campaign response - Moonfruit Lounge
T1846,ZA,dreamgolfjob.blogspot.com,Dream Golf Job: The Build up to the Sanlam Cancer Challenge Finals
T1847,IE,thechatteringmagpie14.blogspot.com,a letter to taoiseach enda kenny from the ballyhea protesters
T1848,IE,irishfarming.ie,Ireland Grapples With Farming Age Crisis
T1849,AU,businessmumsblog.com,"Does your website have to be ""pretty"" to sell?"
T1850,AU,mustbethrifty.com,"'If you look after your pennies, your pounds will take care of"
T1851,IE,forum.irishmilitaryonline.com,RIC disbandment ceremony held
T1852,ZA,freeplaylikeapro.com,Learning Acoustic Guitar - Determination and Focus
T1853,GB,onlinegamblinghub.net,Great time to be in casinos
T1854,IE,davinodwyer.com,There goes the man who invented the future
T1855,GB,snapdragonshots.com,Snapdragon Diaries: The Face Of Concentration.
T1856,ZA,newbackpacker.com,How To Find The Right Kind of Hiking Backpack
T1857,GB,forum.dbpoweramp.com,Key Disk can not be used
T1858,AU,afap.org,LANI HOLMBERG - FARMER FIELD SCHOOLS
T1859,AU,kinesiologyforbusiness.com,Last chance to get the Alignment calls recordings « Creating
T1860,GB,ladyofthelane.com,Lady of the Lane: The Middleton Effect &amp; Too Faced Brow Envy Kit
T1861,AU,russhenshaw.com,Freestyle.ch semi's and finals
T1862,AU,perthfoodengineers.com,"Perugino, West Perth | Perth Food Engineers"
T1863,AU,crazysalesinfo.com,A Number Of Quick Tips On Losing Weight With Workout Routines
T1864,GB,ps3.hptonline.co.uk,Borderlands 2 patch coming 'as soon as possible' to address Xbox
T1865,IE,colinmcit.blogspot.com,Colin Manning CIT: HIgher Education App
T1866,AU,acrf.com.au,ACRF Molecular Genomics Facility opened by the Governor of NSW
T1867,AU,melbournenaturalfertility.com.au,the star behind my images.
T1868,GB,starsactu.eu,Ways to Make Her Want You Sexually -- Stars Actuality
T1869,US,vincentians.com,Society at the time of Saint Vincent de Paul (IV)
T1870,IE,mylestierney.com,Let's Make A Difference
T1871,ZA,blake.co.za,It Could Be Time To Detox Your Finances
T1872,ZA,blog.summerhill.co.za,"THEY DON'T HAVE TO BE BY ""FLASHY STALLIONS"""
T1873,ZA,smallbusinessadvice.co.za,How to deal with staff
T1874,ZA,themessage.co.za,THE WAY OF THE PROPHET
T1875,AU,cotyfarquhar.com,"Styling by Coty Farquhar: Why I love living in the country, it's the"
T1876,ZA,khayamthethwa.com,Khaya Mthethwa Idols SA 2012 winner welcome and interviews
T1877,GB,blpneumatics.co.uk,Norgren Announce Launch of New Pneumatic Component
T1878,US,carriefayphotography.net,Carrie Fay Photography: Memphis Memories: A Series of Sneak Peeks
T1879,US,ruguo.ibestshopping.com,Cheap Jordans Authentic Sale when he was playing
T1880,AU,hyggeligphotography.com.au,The family is one of nature's masterpieces
T1881,IE,thinkorswim.ie,Life on the far side of the Rubicon
T1882,US,healthcarepackaging.com,Europe shows the way to pharmaceutical serialization
T1883,IE,donedates.com,Irish Dating | DoneDates.com
T1884,GB,signaturesoundsonline.com,The Man Who Impacted The King of Pop
T1885,GB,conscious-business.co.uk,Conscious Business Conversations that Enable Change
T1886,GB,interview-coach.co.uk,7 things you'd better do if you want to get promoted
T1887,AU,leanneshouse.typepad.com,'To Do List' Doesn't Seem To Be Getting Any Smaller...
T1888,ZA,riekertcloete.wordpress.com,Wedding tips: Time of your life (week 5) « Riekert Cloete Photography
T1889,US,gretsch-talk.com,A couple of Gretsches on Neil Young's stage
T1890,ZA,toursducap.co.za,"Table Mountain, Hoerikwaggo | Tours du Cap"
T1891,IE,thenetworksherpa.com,"Cut-through, corruption and CRC-stomping"
T1892,ZA,politicsweb.co.za,We`re going to do things differently
T1893,IE,nightsky.ie,looking 10.2 billion years in the past
T1894,GB,glimpseofreason.com,chaos is a friend of mine
T1895,US,fullpolitics.com,Chanel Clutch seemed to be lay
T1896,ZA,splitbearingspecialist.com,Split Roller Bearings Save Time and Money
T1897,US,manofdepravity.com,You Have to Go Through the Fire
T1898,ZA,thabisosekgala.com,ten Tips on How to Get Your Ex Back
T1899,US,lsvp.com,More on the importance of context
T1900,AU,bethanykirk.com,Dreams Are Just The Beginning Of Magic « bethanykirk
T1901,GB,dlp.info,Defibrillators all over the theme parks
T1902,IE,dundalkrfc.com,1st XV Player of the Year Award
T1903,ZA,jurgensphotography.com,"5 Reasons, Why I Prefer a Mac as Photographer"
T1904,US,vincepalamara.com,"Bear hug of Obama OK in this case, Secret Service says"
T1905,IE,trimgaa.ie,The great Fightback.....but.....So Near and Yet So Far
T1906,ZA,jaysonarbeiterjewelryblog.thisnetwork.co.za,Another edge to be able to gold jewellery will be
T1907,AU,fruitbeats.com,Interview: EK Collective + Party #02 This Saturday!
T1908,US,michellastory.blogspot.com,make her feel..: I want to go back to sleep
T1909,ZA,forum.neverendless-wow.com,Subtlety Rogue PvP Guide
T1910,AU,dailytelegraph.com.au,It's time: Bye-bye Brian McFadden has overstayed his welcome
T1911,GB,ministry-of-information.co.uk,Ministry of Information: I knew you were going to say that
T1912,GB,chrisjbradley.com,X Factor USA All the Way! « The Perks of Being Chris
T1913,ZA,christiansurfers.co.za,A Day in the Life of a CSALT Gap Year Student...
T1914,US,missminimalist.com,Storage is Not a Solution « miss minimalist
T1915,AU,simon.oconnorlamb.com,Creating a Drupal REST Server with 2-Legged OAuth Authentication
T1916,IE,bordgaisenergytheatre.ie,Bord Gáis Energy Theatre
T1917,ZA,mysmallbusiness.co.za,an accelerator programme for entrepreneurs by
T1918,GB,insights.elearningnetwork.org,The use of Video in elearning
T1919,ZA,brandstorm.co.za,The three most important phrases in the world
T1920,AU,crazyladyramblings.com,Crazy lady ramblings...: One of 'those' weeks
T1921,AU,myhealthandfitness.net.au,Cardio Show-Down: Weighing The Various Cardio Options
T1922,ZA,conference-venues.co.za,Conference Venues in the Western Cape Province of South Africa
T1923,IE,chloechau.com,Chloe Chau: A flaw in the Law. Crazy roommates.
T1924,AU,shanebentleyonline.com.au,Time Management! An Essential Component To A Successful
T1925,US,wfpl.org,African Americans More Likely to Identify as LGBT than White
T1926,AU,blog.7pmanywhere.com,The Age Algorithm | 7pm anywhere
T1927,IE,merrionfetalhealth.ie,Sjogren's Syndrome and Pregnancy
T1928,IE,paulfwalsh.com,"Paul Walsh, the Irish Opportunist"
T1929,US,crossfitwannabe.wordpress.com,Good Things Come to Those Who WAIT (and pester the hell out of
T1930,ZA,wautom.com,Number of private cars in China exceeds 70 million in 2011
T1931,US,blog.greensmoke.com,5 Tips for Getting the Most Out of Your Green Smoke® Electronic
T1932,GB,dollsareunited.com,Dolls are United!: A whole lot of LOVE
T1933,US,byrdseed.com,Multiple Perspectives: Right And Wrong At The Same Time?
T1934,ZA,sacarfan.co.za,Road Test: Alfa Romeo Mito QV Sport
T1935,US,abetterwaytohomeschool.com,Who Wants to Know How to Build an Online Business?
T1936,IE,irelandelection.com,Enda threatens that there'll no senior ministry for Big Phil
T1937,GB,blog.quantel.eu,what you need to know « Quantel
T1938,US,eddiecurrent.blogspot.com,Eddie Current's Blog: Global Warming: A Matter of Scale
T1939,US,iaaem.com,Cartier Men's and Women's Watches -- Cronograph Watches
T1940,GB,london.adzs.co.uk,Supply Free 4ch Full D1 realtime DVR with free DDNS and 3G in
T1941,ZA,siasduplessis.com,When Featherweights Collide - EFC 16 Title Fight
T1942,AU,connectmagazine.com.au,From CIA Special Ops to Rescuing Kids Missions
T1943,IE,tompegram.com,Torture Prevention and the Costa Rican Defensoría de los
T1944,GB,agreatadvertforthegame.com,The Last of the Kopites: Gerrard and Carragher
T1945,AU,susieburrell.blogspot.com,Susie Burrell's Blog: Do you know what is in food?
T1946,ZA,liteforexsa.com,SA sees 10 percent increase in visitors
T1947,AU,lilypily.com.au,Spring is in the air - things to do on the Mid North Coast
T1948,GB,eguk.co.uk,How to use measurement to make sure we motivate
T1949,US,disasteremergencysupplies.com,Thursday Midnight: Israel Gaza War 2012
T1950,GB,localnewsglasgow.co.uk,Alistair is NOT the citizens' Darling : Local News Glasgow
T1951,US,gpcares.org,Effective Back Pain Treatments That You Can Trust
T1952,ZA,sahomeowner.co.za,How to: Make a feature of lace
T1953,IE,yourells.com,edel ramberg designs pop up shop in yourells hair salon
T1954,IE,amputeeireland.org,Contemplate These Guidelines When Acquiring Wellness Insurance
T1955,AU,artandtheheart.com,February 2013 : Art and the Heart
T1956,AU,ephemeralwhispering.com,Vienna - city of modernity
T1957,GB,wise-men-say.com,Should I Stay or Should I Go?
T1958,GB,airplantsheating.co.uk,The Difference between Industrial and Domestic Heating
T1959,ZA,mortgage.co.za,Eligibility Terms In Order To Get A Mortgage Loan
T1960,GB,jasminewayblog.com,living room with white and pastel yellow
T1961,AU,sportsreconnect.com,Table tennis grips | Sports Reconnect
T1962,ZA,urielconsulting.com,4 New Words to Help You Love Your Life Now
T1963,IE,blackstairsecotrails.ie,This is the Weather Blackstairs Ecotrails Likes!
T1964,US,hotfromthekettle.com,Hunger Construction Is Building A Following For More Than Potatoes
T1965,AU,ellisburgess.com,A Surrealist Journey of Spiritual Symbolism
T1966,IE,valeriesirr.wordpress.com,"Poet, writer &amp; publisher, John Walsh « Valerie Sirr"
T1967,AU,cradlefables.com,How you could be a part of the
T1968,GB,margiemonteiro.multiply.com,"The one who flaked, and the one who came through"
T1969,US,daveandersonforcongress.com,"Lamborn a ""Disaster"" when it comes to Hurricanes &amp; Fires"""
T1970,US,thedesignwork.com,Landing Pages: Things to Think About Before Designing
T1971,US,beightonshipyard.blogspot.com,"Beighton's Shipyard: Wherever we want to go, we go."
T1972,AU,co2land.org,Understanding how soil and plants cope with climate change
T1973,US,thishive.blogspot.com,THIS HIVE: if you ever have the opportunity to go to a wedding with
T1974,ZA,polarheartratemonitorreviews.com,The Most Interesting Creatures To Know About Are The Sea Mammals
T1975,US,truthandcharity.net,Joy Cometh In The Morning
T1976,ZA,ryansandes.com,Red Bull Lion Heart
T1977,ZA,writersafrika.org,"Writers Afrika: New Book: ""There is a Place"" Poetry Anthology (South"
T1978,AU,localdistribution.com.au,Network A Presents Black Ops 2 Bulletproof Snowboard « Local
T1979,ZA,c2cblog.c2cnotinastraightline.com,"C2C, join the dots"
T1980,GB,hypnosiswithouttrance.com,Changework for Friends - Conflicts of Interest
T1981,GB,cheapskatechic.blogspot.com,Cheapskate Chic: There seem to be a sales on everyday..
T1982,ZA,orphancarefoundation.com,Delivery of a bed for a child
T1983,GB,fairtrials.net,EU waking up to pre-trial detention injustice
T1984,GB,bangladeshonline24.com,Belittled yet elated nation
T1985,US,wakingupnow.com,So he was a homo? Really? « wakingupnow.com
T1986,ZA,vuurvliegie.net,Bark Spider - Caerostris sexcuspidata
T1987,GB,popupspeeddating.com,When Three Is Not A Crowd...?
T1988,IE,diyholidays.com,Where To See The Northern Lights In The United Kingdom
T1989,IE,playingitcooley.com,"Playing It Cooley: Aw Crap, I'm One Of THOSE Women."
T1990,IE,seanbarrett.ie,Mortgage-Credit (Loans and Bonds) Bill 2012 Sean Barrett
T1991,ZA,kentgush.co.za,How to Start a Property Development Business
T1992,ZA,katema.co.za,Champagne and Fashion Magic
T1993,IE,downsdad.wordpress.com,I am angered « Our Jacob
T1994,AU,navalofficer.com.au,"THE OLD AND THE BOLD ... Stephen Dearnley: survivor, publisher"
T1995,US,santafenewmexican.com,"City creating jobs, one contract at a time"
T1996,IE,mediavest.ie,Brands peek into the man cave
T1997,AU,simonology.com,Together We Are Unstoppable
T1998,ZA,twodogs.bookslive.co.za,Ndumiso Ngcobo Fears Nuns as Much as Beyoncé Fears Wearing
T1999,GB,abcdoes.typepad.com,Got to try....Glow in the dark water
T2000,IE,matthewcanning.net,Check Your Cases When Fired
T2001,US,jonathankrause.blogspot.com,I'd Like to Talk to.........
T2002,IE,bloggingisking.com,Blogging platforms | bloggingisking.com
T2003,IE,lipskyline24.blogsome.com,Hire a Trial Attorney Injury Immediately
T2004,AU,themummyautobiography.com,.The Mummy Autobiography: Pull Your Head Out Of Your Ass
T2005,ZA,whiskybrother.com,Announcement: WhiskyBrother Store! « WhiskyBrother
T2006,US,simplymenandwomen.com,My Response to a Comment
T2007,ZA,thebounce.co.za,A track day like no other with BMW and the Boks.
T2008,GB,seounique.com,Top 10 Brands on Google+ (Part 2)
T2009,ZA,sluggishswag.co.za,"THE CORNER CiPHER 2 Ft. Dark Spark,J"
T2010,AU,pow.net.au,Look through Marketing Magnifying Glass to See Website Results
T2011,GB,nitro.co.uk,"Nitro, Black Music Theatre"
T2012,US,caribbean-colors.blogspot.com,Back to Living in Paradise: Guatemala September 2012
T2013,US,stuarthaddon.com,A Sense of Plaice
T2014,IE,michaelseaver.net,Dancing on the edge of vertigo
T2015,AU,skinnycapwithtwosugars.com,"For the athlete in all of us, Lisa"
T2016,ZA,dr24.co.za,beer belly can not be reduced down - Slimming
T2017,IE,bigfootloan.shopifree.com,www.RiseCard9.co.uk
T2018,GB,qinvestonline.com,Home Business Ideas and Opportunities That You Can Do With the
T2019,ZA,new.hst.org.za,Healthcare has a poor prognosis
T2020,AU,zazzlecom.com,Discover How To Keep The Romance Going
T2021,AU,thinkactlive.com,The evidence for our collaborative future
T2022,IE,stonepages.com,"Orthostat, The Mound Of The Hostages"
T2023,US,mn.breakthebonds.org,Over 100 organizations sign open letter to MN Timberwolves
T2024,GB,thecorner.eu,"""Our debt is owed to each other, Europe's fundamentals still are"
T2025,ZA,ourtown.co.za,Gourmet Boerie | Our Town
T2026,US,kitsunetoneko.blogspot.com,the beautiful world: The nature of love in Yuri and BL
T2027,ZA,rinonshealthne.bloglines.co.za,"For a long time, before i go to"
T2028,GB,local.stv.tv,Prince Philip expected to attend Braemar Royal Gathering on
T2029,IE,drumparish.blogspot.com,Newsletter - Sunday 2nd December 2012 - Drum.ie
T2030,AU,freney.org,Now this is a movie
T2031,GB,cathbore.wordpress.com,The Next Big Thing « Mersey writer about town
T2032,US,curledup.com,"A New Language for Life, Happy No Matter What!"
T2033,ZA,penguin.bookslive.co.za,Q&amp;A with John van de Ruit
T2034,GB,harrymakesmoneyonline.com,Are you struggling to build a list of subscribers to drive your internet
T2035,IE,blueskyfinancial.ie,The beginning of the end?
T2036,US,littletonbrothers.com,The ability to compromise
T2037,AU,langdalefarm.com,Langdale Farm: How to Make a Rolled Pork Roast
T2038,AU,winemuse.com.au,Peter Lehmann Stonewell 2007 &amp; 2008 « winemuse
T2039,AU,jackyuen.net,There is nothing in this life that I can do anything about.
T2040,US,pointsadhsblog.wordpress.com,Pick Up Some Beer for a Long Weekend: The American History
T2041,GB,filmfes.com,"Film Features, Editorials and Submissions"
T2042,IE,mallowcameraclub.org,"MARK SEDGWICK,PRESIDENT OF THE IPF,COMES TO MALLOW"
T2043,US,valueinvestingworld.com,Value Investing World: Richard Feynman quote
T2044,US,collectorsweekly.com,Abandoned Suitcases Reveal Private Lives of Insane Asylum
T2045,IE,peadaroriada.ie,Calling all Piper and Harpers around the world.
T2046,AU,principlefourosteopathy.com,"Sitting For Long Periods Is ""Bad For Your Health"" Article Published"
T2047,GB,timothyjmoore.wordpress.com,Seeking the Spiritual in the City
T2048,GB,yankscallitsoccer.com,How do I get one of these for
T2049,US,ugg5815boot.blogspot.com,Cheap UGG 5815 boots: The summer of 2011 a variety of defeat !
T2050,AU,render.com.au,Big Brother comes to Melbourne suburbia
T2051,GB,c32012.norbridgeblogs.net,Kidnapped (Pudsey Bear) | Class Three
T2052,US,law888.com,Tractor-trailer and train collision could have been much worse
T2053,ZA,youve-earned-it.co.za,"""Leader"" of the pack"
T2054,IE,meltingpress.com,A New Way to Fund &amp; Follow Creativity?- The Melting Press
T2055,ZA,supermomsa.co.za,My Top 4 Tips for Raising Girls
T2056,US,meada.org,"How to Find a Quality, Professional Dentist"
T2057,AU,plumber-caulfield.com.au,Clear Those Pipes With These Plumbing Tips
T2058,US,kipdatrans.blogspot.com,Planning for the Future: We want to hear
T2059,IE,practicalcreativewriting.com,A THREE STEP PLAN
T2060,AU,ailff.com,The Long Fight For Asbestos Victims in Australia « Australian
T2061,GB,banskoblog.com,The Good Beer Show and other stuff
T2062,ZA,xon2.com,"End of the world, again?"
T2063,US,mrsliretteslearningdetectives.com,Mrs. Lirette's Learning Detectives: Old Lady FREEBIE!
T2064,ZA,vitanova.co.za,Dealing with death in the family
T2065,IE,landlordsonline.ie,Buying an Apartment in a Managed Complex
T2066,ZA,gtlaw.co.za,Arrest For Drunk Driving - When Is It Legal?
T2067,IE,latestchristmasgifts.com,10 Tips for Giving Perfect Christmas Presents
T2068,GB,liamatkins.co.uk,Give Your Blog Readers What They Want
T2069,AU,blog.toolhq.com.au,How Do You Measure Value? We Measure it in a Couple of Ways
T2070,IE,theloyaltybusiness.com,Give Something Back and Get a Holistic View
T2071,ZA,spectacleframes.co.za,"class=""entry-title""&gt;macular hole"
T2072,ZA,capeinsights.com,Designs That Make A Difference
T2073,GB,reallybrightmedia.com,How To Create An Outstanding Showreel
T2074,GB,fmiltr.com,fmiltr: Get to the top of Google with Tengo
T2075,ZA,hotelsinpretoria.za.net,Obtain Them On Line At Selectcaribbean
T2076,IE,musicactivation.com,Durex offers Facebook app to find just the perfect love song
T2077,US,americanbuddhist.net,How to observe the semiotics that form the basis of your
T2078,IE,koth.ie,Nobody tells this to people who are beginners.
T2079,AU,appster.com.au,The Next Generation Of Mobile Apps
T2080,AU,thirstyforbeer.com,wee wee wee all the way home
T2081,AU,australia-marketing.com.au,Why is Online Reputation Management Important for a Business
T2082,IE,alanclarkeshannonside.com,Video: Around the world in 60 seconds
T2083,IE,techdudesblog.com,Choosing A Media Server Or Media
T2084,US,siliconvalleyiplicensinglaw.com,How Does an Entrepreneur Protect His or Her Ideas for Launching a
T2085,IE,yummeelicious.ie,Cake 14 - Cheeky Monkey | yummeelicious
T2086,ZA,lesleysimpson.co.za,beautiful birding at granny mouse country house &amp; spa
T2087,AU,ezine4females.com,Burma's women forced to be Chinese brides
T2088,AU,phsc.vic.edu.au,"wholesale jerseys,nfl uk shop,custom baseball shirts"
T2089,GB,toptentoys2012.co.uk,Furby for Christmas - Black
T2090,US,damosworld.wordpress.com,Bringing it to the educators « Damo's World
T2091,IE,jumpstartyourconfidence.com,Quote | Jumpstart Your Confidence
T2092,IE,jewellery.bloog.me,Animal jewelry trend | Bridal Jewellery
T2093,IE,rfahey.org,Participatory Government is here...and it feels good
T2094,GB,linux.codehelp.co.uk,Putting the magic smoke back into the ring main
T2095,US,oil-analysis.testoil.com,Quantifying the Amount of Water
T2096,ZA,hashtagheroes.com,On car guards and a whole lot of anger
T2097,AU,melbournepen.com.au,USA PEN Mourns Loss of Distinguished Translator and
T2098,ZA,gsport.co.za,Anelda Shares Her SPAR gsport Awards Experience
T2099,GB,shakethedust.co.uk,"Shake the Dust this is not the end, but a new beginning"
T2100,GB,dan-davies.co.uk,"End of an era, the beginning of a new one"
T2101,IE,delicious.ie,"News at the Bakery, October 2012"
T2102,AU,littlelightsinthenighttime.com,U n f u r l i n g: Sal and I went to the beach this morning...
T2103,ZA,blogs.fin24.com,Are we going the appian way?
T2104,AU,utsapocalypse.net,How do you want to do Tuesday
T2105,AU,thefilmbakery.com,"""Loved Ones"" TVC - Westpac Rescue Helicopter - Writing &amp; Directing"
T2106,US,cash-bandit.com,You DO know what to say in social media
T2107,IE,movies.ie,85 Hours Interview with Brian Lally director of the new Irish celtic
T2108,US,livingitout.tv,LIO 11/12: Teach and Preach in order to Evangelize
T2109,US,ceosforcities.org,Cities to Take the Lead on National Job Creation
T2110,GB,globalcoldchainnews.com,Foreign trucks to pay for using British roads
T2111,IE,diatribe.ie,"Tronix One launch gig in Dublin, Fri 23rd Nov"
T2112,US,marikopassion.wordpress.com,12 days to get to DC! PLEASE HELP TODAY!!
T2113,US,wiiudaily.com,Analyst: Wii U needs to be $300 to make a profit
T2114,AU,theunderage.com.au,How to blog (in a way that doesn't make people
T2115,IE,dstaylor.me,Ricky Hatton - Redemption - It's a state of the mind.
T2116,AU,wevegonebush.com,The Whitsundays to Sydney
T2117,GB,blog.re-title.com,"re-title.com Features: Shed and a Half Gallery, London"
T2118,ZA,dvineliving.co.za,Sad but exciting news
T2119,IE,hookhockey.blogspot.com,Leinster Hockey's Only blog: Saturday Round-up
T2120,GB,photothisandthat.co.uk,Photo This &amp; That
T2121,AU,airlinebrand.com,AirAsia plans to be the first choice for travellers
T2122,GB,expert-evidence.com,New Guidance on Use of Experts in Civil Proceedings
T2123,US,5thround.com,Arianny Celeste Releases 'Top of the World' Music Video
T2124,ZA,webglobe.wordpress.com,David Letterman Makes Fun of Bush in Front of Bush « Today
T2125,IE,amonthofsomedays.ie,A Month of Somedays
T2126,GB,news.wincomparator.co.uk,The Two Greatest Ever?
T2127,IE,afternoondlite.com,Savour Kilkenny Food Festival
T2128,US,oicattorney.blogspot.com,"IRS Tax Attorney: Law that can be used against ""carried interest"""
T2129,IE,irishhealth.com,Problems linked to dental treatment abroad
T2130,GB,antimonide.com,Linda the new face of PRADA
T2131,GB,haqislam.org,After Hajj | Haq Islam
T2132,US,elonpendulum.com,"A little less talk, a lot more acceptance"
T2133,GB,heliconbristol.blogspot.com,The festival we want to go to more than any other.
T2134,IE,shortsale.buyorsellinlosangeles.com,A Look at the Carlsbad Real Estate Market
T2135,IE,dailynewstoyou.com,Great Games You May Have Missed 2
T2136,ZA,thoselegends.blogspot.com,"Legends from a small country: ""Prince of fools"""
T2137,US,blindgossip.com,She Found Out The Same Time You Did
T2138,IE,tonygriffin.org,The use of meditation in Sport
T2139,ZA,flat-line.co.za,How to not get taken for a ride when looking for a rental property
T2140,GB,blog.catherinepope.co.uk,Hope and Glory: A Life of Dame Clara Butt
T2141,ZA,jacobson.co.za,Time for a Spring Clean Legal Review for your business
T2142,GB,tech-write.co.uk,Writing fake product reviews? Could be a bad idea...
T2143,IE,reardens.com,Reardens GAA All Star Awards 2012
T2144,ZA,helderbergphoto.com,Amendment to the number of images submitted for
T2145,IE,freelancer-frank.com,Possible Dropbox Pitfall | (Ex)Freelancer Frank
T2146,IE,cearta.ie,Political advertising in the morning
T2147,IE,moirageary.com,How to Be and Stay in Control
T2148,US,governingpeople.com,Bristol one of the First UK Cities to have 4g
T2149,IE,skerriessoundwaves.com,From Sketch to Screen - Festival Opening
T2150,AU,alcoholrehabilitationclinics.net,A Great Deal With Mask Menu For 5 Common Epidermis Problems
T2151,AU,womanincredible.com,33 Ways To Be Gorgeous Happy and Free (Or: My Birthday Self
T2152,ZA,firstascent.co.za,First Ascent Big Induna
T2153,IE,foylecycling.net,The winter warrior..or how not to!
T2154,GB,spermdonationuk.co.uk,Lesbian couple Looking to Find a sperm donor in Alcester
T2155,IE,nohouseholdtax.org,"Campaign ""fully prepared to legally defend householders is they are"
T2156,US,deskarati.com,Which Building is in Front of the Other?
T2157,ZA,tarynvanrensburg.com,Lessons from a not-so-perfect mother
T2158,ZA,racerzone.co.za,Great end of season for Brad Binder
T2159,ZA,zkhiphani.co.za,1st annual South African hip hop awards
T2160,US,greatestbrandshere65.blogspot.com,"Cooktop, angie spent that he had made her and developed to form ..."
T2161,GB,tutor2u.net,25 Ways to Get The Startup Right
T2162,IE,thefitnessagency.ie,Gael Force West 2012 | The Fitness Agency
T2163,GB,iytywnm.blogspot.com,"It's your time you're wasting, not mine: Some of the things I say to my"
T2164,US,easthampton.htnp.com,Who do you think should be in the East Hampton Athletic Hall of
T2165,IE,hugoodoherty.com,The ballad of Colonel Kenny (Two of us riding nowhere spending
T2166,AU,seomarketingcompany.com.au,Guarding Your own Assets While you shop to get the best SEO
T2167,AU,jonathon-bradshaw.com,Shake Down To The Nationals.
T2168,GB,ribbyhall.co.uk,HAVE YOUR CHRISTMAS ALL WRAPPED UP AT THE SPA HOTEL
T2169,GB,answers.beatthebrochure.com,Inclined to Rolex Steel Submariner All the time
T2170,IE,newtownschool.scoilnet.ie,Students' First Impression of TY newtownschool.scoilnet.ie
T2171,ZA,blogs.harcourts.co.za,Property prices relative to income after eight years
T2172,IE,blog.findmypast.ie,The 1798 Rebellion | Findmypast Ireland | Blog
T2173,US,fashiongonerogue.com,Enter to Win a Pair of Camper Shoes
T2174,IE,filmandgamecomposers.com,Experiment - Hiring an Online Virtual Assistant
T2175,US,nonprofitresourcememo.org,Survey Indicates Donors to be More Conservative in Future Giving
T2176,US,pu-erh-tea-chinese.org,High quality longjing is the fact that frequently made relating to tea
T2177,AU,quinty.me,Monique's Cycle for Girls Challenge
T2178,IE,winesmadeeasy.ie,Bubbles All Over The World @ Wines Made Easy
T2179,IE,digitalmarketingtraining.ie,Highly Tweeted Articles 11 Times More Likely To Be Cited; Can
T2180,US,pacquiaovsmarquez4.net,Juan Manuel Marquez: KO Win Would Be the Perfect Way to Retire
T2181,GB,artfist.org,The Place for Creative People: The Lord's Lament (part one)
T2182,IE,noelleharrison.com,The Secret Loves of Julia Caesar available to
T2183,GB,wscountytimes.co.uk,Mud fails to get in the way of day of delights at Cranleigh Show
T2184,GB,mariannewildart.wordpress.com,Other Side of The Lakes
T2185,AU,a-pair-of-sporting-nuts.com,Bangladesh v West Indies in Bangladesh 2012
T2186,IE,stannesallotments.com,LOSING THE PLOT: CHAPTER 37. ARE WE MAD???
T2187,AU,australianptpodcast.com,Australian Power Transmission Podcast: Episode 21 Transcript
T2188,GB,styloko.com,Back To The Future: Sci-Fi Picks That'll Blow You Up To Space
T2189,IE,sovereignindependent.com,"20,000 copies of the 6th Edition of the"
T2190,AU,salestrainingsydney.searchenginecourse.com.au,The Importance of Efficient Bond Cleaning in Brisbane
T2191,GB,totalmerchandiseblog.co.uk,Printed USB's as part of your marketing plan
T2192,US,upandrunning.bplans.com,There Are Ways to Find Out About Your Industry
T2193,US,blog.mrmeyer.com,What I Would Do With This: Groceries
T2194,IE,blog.barrydelaney.ie,the pure spirit of rock n roll: Darkness on the Edge of Town
T2195,ZA,kaletapro.com,So You Want to Become a Certified Nursing Assistant!
T2196,IE,cerandor.com,A Matter of Scale « The Limits of Human Imagination
T2197,AU,taxchat.com.au,OECD: Intriguing concept of
T2198,ZA,p3africa.co.za,Is leadership branding an issue in South Africa?
T2199,GB,stupidlamb.multiply.com,A Korean student's essay about the Phlippines.
T2200,US,minoru09.blogspot.com,MINORU'S BLOG: Cast in the name of God
T2201,ZA,blog.wikistudent.ws,Stop living in the past « WikiStudent Blog
T2202,AU,dwcv.org.au,The most timey-wimey season ever?
T2203,GB,lilooblog.blogspot.com,Le petit jardin de liloo: Bella of the ball
T2204,US,docohobigfinish.blogspot.com,Doc Oho Reviews...: The X-Files Season Four
T2205,ZA,lifeofayouthpastor.com,Get your team on the same page.
T2206,US,guidingstars.com,Wake Up to the Smells of Baked Apples
T2207,IE,orwellhomecare.ie,Orwell Home Care would like to wish the Irish Paralympics team
T2208,AU,brownsels.com.au,BROWNS ELS Blog » Use Students' Names!
T2209,AU,prettypaperthings.com,A little chat with Gracia &amp; Louise
T2210,GB,blog.simplyhike.co.uk,Great ways to get the kids active outdoors
T2211,US,skipz.edublogs.org,Teachers' Worth Around The World
T2212,US,bearmarketnews.blogspot.com,Bear Market Issues: Walk Away From the Health Reform Bill
T2213,GB,wonderfulweb.info,Server Management Helping In the Development of Your Business
T2214,IE,articles.inwandsworth.com,A Close Look at the HP Pavilion Elite HPE-180t
T2215,ZA,bundupower.co.za,"It was a botched contract killing, says lawyer"
T2216,AU,blog.wrench.com.au,"Houston, we have a problem"
T2217,IE,shanegormanbigchimp.blogspot.com,The Ardee Man: Sleigh Bells
T2218,AU,perisher.com.au,Getting to Perisher. | Perisher SkiBum Blog
T2219,ZA,bokamosoafrica.org,African(nising) the right of women to the
T2220,AU,esmeandthelaneway.blogspot.com,Esme and the laneway: how to: my pin curl set for 1940's hair styles
T2221,GB,wrc.com,Junior race goes down to the
T2222,US,goodporkbadpork.com,Vicki Larson: Should You Lose Your Job Over An Affair?
T2223,IE,finbarmcgurren.info,Get No Sleep Adventure Racing
T2224,US,thewearyangler.blogspot.com,The Weary Angler: MIssing in Action
T2225,US,averagemarrieddad.com,Building a Home Gym (and Costs to do so)
T2226,IE,hidden-dublin.com,River Poddle underneath the city of Dublin's streets
T2227,GB,foodformass.com,foodformass: The Sweet Dessert You Won't Be Able To Resist
T2228,GB,sthelensstar.co.uk,Dogs were off their leads and there was mess everywhere (From St
T2229,GB,himachal.co.uk,Environmental chambers need to be of the highest quality
T2230,ZA,mybondquotes.co.za,Share Home Ownership And The Disadvantages Of It
T2231,AU,cooberpedyregionaltimes.wordpress.com,AS HEAT RETURNS SA RESIDENTS ASKED TO MAKE SURE
T2232,IE,minoragenda.com,Day 6 and 7: Running around Vegas
T2233,AU,curlypops.blogspot.com,CurlyPops: The Happiest Place In The World
T2234,IE,effyrose.net,Elizabeth Thompson » Days 57 - 70 out of 365.
T2235,ZA,maggie.za.net,School 2.0 in South Africa
T2236,GB,jonesandjonesfashion.com,Jones + Jones loves Billie from The Only Way Is Essex!
T2237,ZA,misssa.co.za,Are You The Next Miss SA Or Miss SA Teen?
T2238,GB,rosemarysutcliff.com,"Kevin MacDonald, director of The Eagle (of the Ninth) film, on"
T2239,GB,getthegallop.com,Early morning ride... &gt; Get the Gallop
T2240,IE,villainslair.net,THE ARCHITECTURE OF VILLAINS
T2241,GB,financial4.com,Use Credit Consolidation To Get Out Of Debt
T2242,GB,mrsvstreasures.com,There Is No Sense Of Community Any More? I Disagree! « Mrs V's
T2243,IE,blog.iia.ie,It was only a matter of time before we mentioned Web 2.0 : Irish
T2244,GB,barryjphillips.blogspot.com,Barry's Blog: No.351 Of Damned if you do and Damned if you don't
T2245,ZA,capturingafrica.co.za,A Central Kalahari Safari
T2246,AU,internetgamblingau.com.au,It was that kind of year sport
T2247,AU,deanmiller.com.au,Back to the Ice!
T2248,AU,christchurchbexley.org,There is no other savior than Jesus
T2249,IE,corktaekwondo.ie,World Cup 2012 Brighton « Cork Taekwon-Do
T2250,IE,dev.hullabaloo.ie,Rulabula would like to say bye bye to Stephanie and a great big
T2251,GB,culture24.org.uk,First major Dubuffet review for nearly 50 years opens at Pallant
T2252,ZA,zombiegamer.co.za,Assassin's Creed 3 | Zombiegamer Review
T2253,AU,timeandenergy.com.au,Commercial Property Presentations and Sales Pitch Strategies
T2254,US,johnstepper.com,"If someone offered you free career insurance, would you take it"
T2255,US,constitutionschool.com,"Ohio State QB: ""Why should we have to go to class if we came here"
T2256,ZA,marcforrest.com,A couple of pics from the weekend
T2257,ZA,englishinlim.co.za,A guideline for the interpretation and use of ANA results
T2258,US,wasteland.inxile-entertainment.com,The Wasteland Chronicles - Wasteland 2 - inXile entertainment
T2259,AU,infobytes.tv,Breaking Bad - Reflections on the Doppelgänger
T2260,GB,repsuk.wordpress.com,Older people want to do more exercise but less than half are doing
T2261,ZA,neobluepanther.com,"Do you know of an interesting blog about Writing, Creativity, or"
T2262,IE,harpinonrugby.net,HARPIN' ON RUGBY: Leinster-33 Gloucester-22
T2263,ZA,cycleasylum.co.za,Hog to Pumba Trail
T2264,ZA,ryanbrussow.co.za,Making yourself a CEO
T2265,ZA,gps.arrivealive.co.za,Does the use of a navigation system increase driver awareness?
T2266,ZA,petesweekly.com,PetesWeekly » Blog Archive » Just-in-Time Marketing.
T2267,GB,bishopstonmum.com,Bishopston Mum: A Brief Sojourn at Relax Coffee Lounge Cafe
T2268,AU,dackgan4gb1.ajuntapress.com,for a moment | dackgan3aBX6
T2269,AU,angela-earthmama.blogspot.com,earthmama: around the world in 80 blogs
T2270,IE,razorcoast.com,8 Tips for Getting More Potential Buyers to Your Website
T2271,US,chicklitisnotdead.com,25 Things Liz &amp; Lisa want to know about Liza Palmer
T2272,IE,thewhisperbook.com,Dark Guipure Lace Knickers « thewhisperbook
T2273,AU,cocomack.com,Being specific as a way for clearer thinking
T2274,IE,yourtechstuff.com,TechWire: A modest proposal to the next Yes campaign: try a bit of
T2275,ZA,durbandiva.wordpress.com,"Artists, this is one for you"
T2276,AU,jamesmastertruestories.com,I haven't seen any of the James TV ads!
T2277,GB,wendycockcroftwebdesign.com,Are You A Lion Or A Unicorn?
T2278,ZA,witsradioacademy.co.za,There is no shortage of coal
T2279,GB,the189.com,Introduction to Sculptor Michael Coffey by Bespoke Global
T2280,ZA,jordimarketing.com,"Which is larger, the number of American jobs lost during Bush's"
T2281,ZA,travelchat.co.za,7 Reasons Italy is Better Traveled as a Couple
T2282,GB,rosshemsley.co.uk,Barista in the Mountains
T2283,AU,abilityoptions.org.au,Brenton Ashford-Potter presented with NRMA Young Volunteer of
T2284,ZA,alephsurf.org,Matt Johnson. His purpose goes beyond the oceans.
T2285,US,mariopiperni.com,Face of the Day
T2286,AU,theserendipitycafe.blogspot.com,the serendipity cafe: A lil bit of this and a lil bit of that...
T2287,US,jimsmusicnotes.blogspot.com,Jim's Music Notes: Up and coming in the time of darkness....
T2288,US,inlandpolitics.com,The Sun: San Bernardino to look at outsourcing Police Department
T2289,AU,franchise.org.au,Part of a bigger family
T2290,AU,k-k.com.au,Manage a variety of properties
T2291,US,realmomslovetoeat.com,"Saving Bees, One Tasty Bite at a Time « Real Moms Love To Eat"
T2292,ZA,jamesvermont.co.za,Time flies for the apathetic
T2293,GB,loadsofmoney.com,The Top 5 Webistes For Social Networking
T2294,IE,ucc.ie,CCJHR Blog: Panel 3: The Role of Transitional Justice in
T2295,US,norsecoderadio.com,"I don't want to talk about the Bengals, but I want to talk about the"
T2296,IE,blog.blueface.ie,Networking and Diasporas - Promoting Economic - Blueface Blog
T2297,AU,laloulah.com,a little bit of research
T2298,US,blackborder.com,Team Grand Prix And A Bit Of The Pro Tour
T2299,AU,adrianharper.com.au,The Benefits of Fermented Foods
T2300,US,members.thebestlife.com,"The Best Life Blog: Fitness, Weight"
T2301,US,farnamstreetblog.com,Do Men And Women Cooperate Differently?
T2302,US,software-carpentry.org,Settings Our Sights a Little Bit Lower
T2303,GB,gmbc.org.uk,Too cheap to pay for your own fireworks? Fireworks Night Ride 5th
T2304,ZA,itnewsafrica.com,Nigeria's telecom leaders call for an investigation
T2305,ZA,sowetolifemag.co.za,Boks are ready for All Blacks!
T2306,ZA,oldapostolicreveiled.blogspot.com,The Apostolic Church Revealed: What is the difference between the
T2307,GB,news.cfhdocmail.com,Docmail news: Mailshots don't need to be expensive!
T2308,AU,mylittlebookcase.com.au,Handmade Gifts: Swirled Glass Vases : A
T2309,GB,worldlynomads.com,Which temples to see in Angkor Wat
T2310,AU,live.unimelb.edu.au,Europe in Crisis: The end of the European dream?
T2311,ZA,showlove.co.za,"A$AP Rocky Delaying ""LongLiveA$AP"" To Grow Buzz, Album Is"
T2312,US,lbo-news.com,Explaining what goes on in the world: in memory of Bob Fitch « LBO
T2313,IE,goodenergiesalliance.com,"No, France does not close the door to shale gas"
T2314,ZA,travelcreek.com,Traveling with babies /travelblog
T2315,US,90sreality.com,Remember Eminem When He Was... Crazy
T2316,IE,donalskehan.com,Craig Thompson's Flakey &amp; Buttery Rustic Rhubarb Tart
T2317,US,chicmommagazine.com,The Term Refraction Means What In Terms of Rainbows? Fun with
T2318,US,friendshipplace.wordpress.com,"So, what does homelessness have to do with 9/11?"
T2319,ZA,moellergang.com,September 2012 » The Moeller Gang
T2320,ZA,mynakedbokkie.com,"When I grow up, I want to be... « Happy isn't always a Fairy Tale."
T2321,GB,professionalswimmingpoolsblog.com,How do you heat your swimming pool?
T2322,GB,freemefromfat.com,Taking Vitamins If You're Trying To Get Pregnant With A Girl Baby
T2323,IE,thousandseeds.com,Social Entrepreneurs Ireland Finalists 2012
T2324,AU,spiritofcarlton.com,Carlton midfielder Max Howell dies « Official Website of the Spirit of
T2325,IE,answer.ie,What is the difference between an amino acid and a monosaccharide
T2326,ZA,rougebeauty.co.za,Fit Flop Hyka Boots
T2327,US,cabiblog.typepad.com,CABI Blogs: hand picked... and carefully sorted: The many
T2328,IE,curiouswines.ie,Scraping the Top of the Barrel: Curious Picks
T2329,AU,expatforum.com,Questions about Family Sponsored 489 Visa
T2330,US,kimandsara.org,Benefits of Being a Member of El Cid Vacations Club
T2331,ZA,chump-style.blogspot.com,ChumpStyle: Jan and his crew are going to hell
T2332,US,sportsjabber.net,Pat Burrell is Undecided on Whether or Not to End His Career
T2333,US,greginhollywood.com,"Jesse Tyler Ferguson stunned by ""the amount of vitriol"" he's endured"
T2334,GB,mgaray.com,Google is Not the Only Phone Company in Town!
T2335,US,gotonews.wordpress.com,Some of the Things Democrats Will be Answering Next Week « Go
T2336,ZA,feikemanagement.blogspot.com,Why DEA cannot be responsible for BBWW and WSCD
T2337,GB,easy16.com,How To Find Out If He Or She Lying To You.
T2338,GB,blog.ukmedix.com,Premature Ejaculation - Getting to the root of the problem
T2339,ZA,carpetcleaningmasters.com,Carpet Cleaning &amp; Cleaners Johannesburg
T2340,ZA,geekrebel.com,What if money was no object?
T2341,US,okbu.edu,Alum Jami Smith: Just Part of a Puzzle
T2342,US,pietistschoolman.com,"Is ""Christianity after Religion"" a Kind of ""Neo-Pietism""? « The Pietist"
T2343,GB,tgnobby.com,If it were anyone else
T2344,IE,insecurety.net,Zemra DDoS Bot: Backdoors in your Backdoors!
T2345,AU,goldcoastsurfboards.com.au,Practicing Surfing Out Of The Water
T2346,AU,theyearoflivingextraordinarily.com,15 - 21 October ~ The Strength in Waiting
T2347,ZA,mccycle.co.za,MCC Weekly Newsletter - 2012/10/24 | Midrand Country Cyclists
T2348,ZA,bestgardenblog.com,A Guide In Choosing The Best Teak Furniture
T2349,US,stlouiscitytalk.com,St. Louis City Talk: Signs In The City
T2350,IE,talkirish.com,Irish Word a Day
T2351,AU,riskinfo.com.au,The Role of the Financial Adviser
T2352,ZA,joannstokes.com,Weddings: Natasha &amp; Werner - Moorreesburg!
T2353,IE,advsafetyblog.com,Battle of the Texts: Girls More Likely to Text While Driving
T2354,US,hockeyschedule.me,NHL Lockout 2012: Is De-Certification A Viable Option For NHLPA
T2355,US,wday.com,Voters to decide whether or not to build a second high school
T2356,ZA,dewalddaniels.co.za,DIY: Permaculture Veggie Tower Top billing
T2357,GB,nomdestrip.co.uk,L.I.E to Tertulia
T2358,AU,loganholmenews.com,Cr Cherie Dalley misses the point
T2359,AU,socialistworker.org.au,French election heralds more battles to come
T2360,AU,hermes-kelly-online.com,BURBERRY could well be heralded being a result of / hermes-kelly
T2361,AU,4350water.blogspot.com,4350water blog: PM K Rudd realises one of his MPs is a froot loop ...
T2362,ZA,main.sarpa.net,Lambie gets pivotal role
T2363,GB,harrowcloud.net,Harrow College Beauty Student Wins a Place in the World Skills
T2364,IE,leovaradkar.ie,M50 Tolling Scheme set to be the next Rip-Off
T2365,GB,lilagribben.com,Just A Few Tips
T2366,IE,listowelconnection.blogspot.com,Listowel Connection: Back to school and some flowers in Listowel
T2367,IE,flimber.com,Content Vortex Sells over 2000 Units in 1 week
T2368,ZA,bonniedoonblog.co.za,Are You Guilty of these Fashion Blunders?
T2369,IE,firiesgaa.com,One Policy At a Time : : My
T2370,US,theprocessoflearning.com,Horses: The Process of Learning: Ella Under Saddle! Videos
T2371,IE,irishpatients.ie,Government decides the location for the New
T2372,ZA,energy4man.com,"Boost your energy, and your life!"
T2373,ZA,kiabuzz.co.za,Afrikaans Singer Kurt Darren Wins Kia Celebrity Cook-Off
T2374,IE,beaut.ie,Brr...Autumn is in the Air
T2375,ZA,southafrica.jobs-career-listing.com,Legal Administration Officers - Justice / Constitutional Department
T2376,ZA,literarytourism.co.za,Interview with Mike Nicol
T2377,AU,phuket-fever.com,Corruption in Thailand | Phuket-Fever.com Blog
T2378,US,larrycorreia.wordpress.com,"There I go, offending people again... « Monster Hunter Nation"
T2379,GB,thesnackreview.com,The Snack Review: Frey- White Chocolate Almonds
T2380,GB,anna.aero,anna.aero's IATA Slot Conference on-site newspapers
T2381,ZA,chestermillythomasblog.bloglines.co.za,most of the people that is certainly
T2382,US,dagonsblood.wordpress.com,Dagon's Blood by Virginia Lee's Blog
T2383,GB,signsofangels.net,Do Angels Come in the Form of Friends?
T2384,ZA,gutsygirls.co.za,I need to surrender control to get on with it
T2385,AU,apia.net.au,"""Dirty Money"" in the Name of Clean Energy"
T2386,US,inspirefirst.com,My grandmother used to say that ...
T2387,GB,forum.breastimplantassociation.org,PIP support forum ~ Do you find it hard to have any sympathy with
T2388,ZA,international.sheergroup.com,The Cult reveal prequel to Choice of Weapon Album
T2389,AU,mathsface.com,Harmonic Subseries and a Problem
T2390,ZA,maqueda.info,EE Proud To Be the First One to Roll Out 4G Services in UK
T2391,AU,deeplode.com,DeepLode: USA steps up to the China challenge.
T2392,ZA,espncricinfo.com,Boucher 'unlikely' to play cricket in future
T2393,US,vancouverislandnature.wordpress.com,A Couple of Twofers from Africa
T2394,AU,melbourneice.com.au,Game Report - ICE v Bears
T2395,GB,inayatscorner.wordpress.com,The Scientist Who Learned How to Talk to Ants
T2396,US,philosophersanon.blogspot.com,Philosophers Anonymous: This is not a blog entry (now with content!)
T2397,AU,createordie.com.au,Message in a Bottle: Creatives to challenge 'throw away' plastic
T2398,ZA,antoniaheil.com,We are going to Europe / Wir fotografieren in Europa
T2399,US,thegreenmarketoracle.com,The GREEN MARKET ORACLE: Climate Change is One of the
T2400,IE,gamezbox.ie,Welcome to New Eden Part 2 in a series of DUST 514 dev diaries
T2401,GB,lukedicken.com,The Forbes Games Industry 30 under 30
T2402,ZA,magependragon.co.za,A good looking ass
T2403,US,yabbedoo.wordpress.com,Wonderful all-inclusive resorts that you can afford!
T2404,ZA,pcbunny.co.za,Paranormal Activity 4 (2012) Review « Movie Reviews
T2405,AU,dramaofexile.com,Win a double pass to the Love Vintage Melbourne
T2406,ZA,profgary.co.za,It does not take 10 000 hours to be great at something
T2407,US,boldandcentered.com,Adventures I would like to Have
T2408,ZA,vonzippersa.com,Parko On Top Of The World
T2409,GB,blog.eukhost.com,A List of Top WordPress Security Plugins
T2410,AU,thebestjudge.com,Allow me to be the best judge of that! « The Best Judge
T2411,AU,pigsdontfly.com,Pigs Don't Fly: No News Is No News
T2412,IE,cammyharley.blogspot.com,The Children's Referendum - 10th November 2012
T2413,GB,barn.headscape.co.uk,Smashing Mag: '.NET you know you want to'
T2414,AU,doctordi.wordpress.com,"For Every One of Them, There's Millions of Us « DoctorDi"
T2415,IE,ancathach.com,An Cathach: You Know You Want To
T2416,ZA,templetravels.co.za,Brussels - Take 2 | Temple Travels
T2417,IE,fatmanjogging.com,Getting back running and the mind playing tricks
T2418,GB,vetnurse.co.uk,New product to make it easier to collect cats' urine samples
T2419,GB,thecliftonbibleproject.blogspot.com,The Clifton Bible Project: 24th Nov
T2420,AU,westernsolar.com.au,People are dying because of the air they breathe indoors.
T2421,US,schmoesknow.com,Pitch Perfect Review - Schmoes Know...
T2422,ZA,fulfillmentstyle.bloglines.co.za,Tips About How To Be Interesting Despite The Fact That You Might
T2423,US,wineandbowties.com,THE OTHER DREAM TEAM
T2424,US,hhwindow.com,VITACOST get vouchers can not be experts advise
T2425,AU,lifeasmummymax.com,A morning walk around the zoo
T2426,US,morgarruya.blogspot.com,MORGARRUYA: if you were going to go to a party what would you
T2427,IE,econsultancy.com,"Venture capital sucks, until you're offered $100m"
T2428,AU,katrinaleechambers.com,I have a decision to make about a fireplace
T2429,AU,soupblog.wordpress.com,The place to be in Perth city! « Soup Blog
T2430,ZA,enke.co.za,From The Rooftop: In the Spirit of Biko Month
T2431,IE,blog.mainstreamrp.com,Friends of the Supergrid launches 'Supergrid 2013 Award
T2432,ZA,workfromhomemembership.com,Every thing You have to Know About Running a blog
T2433,US,arleenetaylor.com,Arleene Taylor Makeup Artistry: How to Talk to a Makeup Artist
T2434,GB,guyopperman.blogspot.com,Civil Servants should not earn more than the PM
T2435,ZA,artheat.net,THIS IS NOT A JOKE: Highlight of My Day
T2436,ZA,twofruitsonerobot.com,How to take a screen shot on an Android smart phone
T2437,ZA,psgam.co.za,The PSG Angle: SA platinum industry
T2438,GB,beingchirpy.com,11 Smart Ways to Behave Better to Improve Relationships
T2439,GB,raceforthepole.co.uk,"Monday 13th February 1911, Of The Use Of Ponies On The Barrier"
T2440,IE,ltfc.ie,Airtricity U19 League of Ireland
T2441,GB,charlesarthur.com,Charles on... anything that comes along
T2442,ZA,fightagainstcrime.co.za,Fight Against Crime South Africa
T2443,ZA,capetocongo.com,"Not hunting in the same pack: Africa's economic ""lions"""
T2444,AU,mullumsari.com,10 Reasons Eating Raw is Healthier For You and the Planet
T2445,US,dodbuzz.com,A Little More Info on the Raptor and Libya
T2446,AU,hachiroku.com.au,Back To The Old School! 1985 AE86 1000km Cup at Fuji Speedway
T2447,IE,horticulture-news.com,New Director of the National Botanic Gardens Dublin
T2448,US,joejolly.wordpress.com,Somebody Has Just Got To Do Something About That Google
T2449,GB,10-ways-to-quit-smoking.com,When Anyone Behaves In A Way You Hate The Most.
T2450,IE,singleindublin.com,You want me to fuck your wife?
T2451,US,toldinvain.wordpress.com,In the Name of Bob
T2452,GB,news.driverdb.com,Alvaro Parente wants to be in the top again
T2453,IE,leateds.com,It's Finally Back | Leateds.com
T2454,US,millineryatelier.com,"Couture Millinery Atelier.: ""Be The Hattiest Of Them All!"" #2 Of My"
T2455,ZA,loans-for-south-africa.co.za,Compare South African Banks
T2456,IE,geographicalsocietyireland.ie,Atlas of the Great Irish Famine « Geographical Society of Ireland
T2457,AU,clicksport.com.au,"PGA Tour Player, Rookie of the Year ballots sent out"
T2458,GB,motorcarforum.com,How can I get rid of the rust on my wheel arch
T2459,AU,theshovel.com.au,"Tony Abbott concedes: ""I haven't read anything since 1972"" « The"
T2460,AU,lattimore.id.au,A Series Of Unfortunate Events
T2461,GB,joysandsorrows.co.uk,Dave Langan Speaks to Joys and Sorrows
T2462,GB,synergyxtr.co.uk,Outsourcing Will Continue To Grow Despite Economic Slowdown
T2463,GB,belgraviacentre.com,Baldness in the Bible
T2464,AU,youcompare.com.au,Private health insurance premiums to rise up to $150
T2465,GB,electricinca.com,Lords stick it to The Man « electricinca.com
T2466,AU,sydwalker.info,Safeguarding the Right to Protest and Know
T2467,IE,catherinebrophy.ie,NOSE TO THE KEYBOARD « catherinewrites
T2468,ZA,life.insurance123.co.za,Should People With No Debt Have Life Insurance?
T2469,ZA,farsightcoaching.com,You do not have to be good ... « Farsight Life and Business Coaching
T2470,US,newsbusters.org,"Matthews Charges 'They Practically Frisked' Obama, 'Get Out of"
T2471,GB,theagedp.com,"""We Want To Have Our Eye On All Of"
T2472,ZA,madge-thisisthelife.blogspot.com,This is the life: Sometimes we have to do things that aren't nice
T2473,IE,febvrewines.ie,Le Beaujolais Nouveau 2012 est arrive!
T2474,IE,mcdonnellpaints.ie,Wallpapers - Pat McDonnell Paints - Colour Advice
T2475,IE,brightnessproject.com,Vintage style chair makeover
T2476,AU,lmtdspace.wordpress.com,Queensland Collage of art graduate exhibitions
T2477,ZA,cyphafrica.com,the Empires strike back
T2478,ZA,unimasouthafrica.org,Global Creative Collaboration at its Best: The Story of 'PopArt
T2479,GB,blog.itsecurityexpert.co.uk,"IT Security Expert: Burgas Airport Bombing, CCTV does not React"
T2480,GB,rivertac.org,A new video highlighting the damage caused by
T2481,AU,childdevelopment.howtoinfo-247.com,Inside Pregnancy: Weeks 1-9 | BabyCenter Video | Child Development
T2482,GB,petsamaritans.co.uk,Goats like to go out browsing
T2483,IE,bohanna.typepad.com,MAMBO in the middle (Pure Play)
T2484,AU,visitstarshollow.blogspot.com,Stars Hollow: Now this would be a fun dinner...
T2485,US,blogs.plimoth.org,All Lace All the Time
T2486,IE,ireland-information.com,Terror 1974 - an Irish short story by Michael Collins
T2487,IE,directorsdebts.com,The Bush Administration Has Been A Miserable Failure
T2488,AU,queenslandproperty.com.au,What can buyers expect in terms of capital growth in regional areas?
T2489,US,coffeeteaordutyfreebook.blogspot.com,Coffee?Tea?orDutyFree?TheBook: Sorry Life Got in the Way
T2490,ZA,represent.co.za,Dark Side of the Moon at UCA Gallery
T2491,IE,argonmagazine.com,Andrew Clark | Argon Magazine
T2492,US,blog.blendimages.com,The Heart of the Internet
T2493,AU,lifehacker.com.au,"Saturday, April 19, 2008 | Lifehacker Australia"
T2494,AU,jonathannewton.net,Rational Expectations based on the suitably weighted opinions of
T2495,US,minmincouple.wordpress.com,[Interview] Sam Oh on Lee Min Ho
T2496,US,momresponds.com,I Hurt All The Time
T2497,US,disfromage3.blogspot.com,madison kate: there have been a lot of birthdays going on around here
T2498,ZA,devilspeakbrewing.co.za,Devil's Peak Brewing Company
T2499,ZA,johnedwinmason.typepad.com,Margaret Bourke-White &amp; the Photography of Segregation: Life
T2500,GB,news.cambridgeppf.org,Charity calls for councils to cooperate in response to City's Issues
T2501,IE,nettv.ie,11/14/2012 -- Dutchsinse Interview -- Weather Modification of
T2502,IE,bco.ie,First Fridays at the Castle
T2503,US,biggerpockets.com,Where Does All the Time Go?
T2504,US,blog.oasisky.com,Take Care of Yourself During the Holidays
T2505,US,buttermilkpress.com,Soup's On! At Least it Will Be with These Recipes
T2506,IE,scoilsanphroinsias.scoilnet.ie,Fr. Declan's Visit scoilsanphroinsias.scoilnet.ie
T2507,US,hardrockaorheaven.blogspot.com,Hard Rock / AOR Heaven: GHOST
T2508,AU,mums-in-the-kitchen.blogspot.com,Mums in the Kitchen: Zucchini Choc Chip Muffins
T2509,ZA,zhengyan2011.bloglines.co.za,Just another BlogLines site
T2510,GB,mummyinmanolos.com,phase one of my Feather &amp; Black blogger challenge make-over
T2511,IE,clontuskert.scoilnet.ie,Congratulations Clontuskert: Nominated for a Galway County
T2512,GB,flavourcrusader.mobi,Flavour Crusader Relationships » Blog Archive » Finding Love
T2513,US,asecondhandconjecture.com,Is That Legal? - Rangel And The Draft
T2514,GB,thesaint-online.com,Lacrosse Over The Ocean
T2515,IE,scottevans.ie,Life With The Top Down ...
T2516,GB,mpcaddy.co.uk,Who wants to be an American Idiot
T2517,ZA,africapickupartist.co.za,The game by Neil Strauss
T2518,IE,selfbuildinireland.com,Self Build Mortgages in Ireland Explained
T2519,AU,rickeyre.com,Is Team India attempting to pervert the course of justice?
T2520,GB,theupcoming.co.uk,Secret Garden Party 2012 | The Upcoming
T2521,IE,celticmusicfan.com,Retro: Farewell and Remember Me by Boys of the Lough « The
T2522,IE,rosiemetime.com,To Be A Screen Writer of A Blockbuster
T2523,US,harryjconnolly.com,Trying to get back into the swing « Twenty Palaces
T2524,AU,kathluty.com,Before The Move | Kath Luty
T2525,ZA,yeslifestylemag.com,Semi finals of the 16th annual Emerging Sounds Challenge : Yes
T2526,ZA,internet-marketing.org.za,The Penguin Lays Waste to Websites
T2527,US,news.edvisors.com,What Are You Going to Do to Prevent Bullying?
T2528,IE,thewhitehouse.ie,How to Take a Great Smile Photo
T2529,IE,topgolfer.ie,Join the TopGolfer Team in Catalonia this November
T2530,ZA,kbt.co.za,cliff &amp; the shadows ... an evening with tribute
T2531,AU,blueskylocalmarketing.com,10 Questions You Really Should Ask Before Hiring Someone to Do
T2532,AU,nsw.liberal.org.au,nsw government announces travel discounts for international students
T2533,ZA,constitution-lane.com,Once in a lifetime. « Constitution Lane
T2534,IE,mindfit.ie,Do You Pass the Baton or Toss a Grenade?
T2535,GB,nbbendigedig.blogspot.com,NB Bendigedig: Just Pictures
T2536,AU,joshualetchford.com,Against the Genetic Aristocracy « Joshua Letchford
T2537,IE,inspireanation.ie,Lessons From A Squat Rack
T2538,IE,dublin.ie,What do you want to be when you grow up
T2539,IE,challengeten.blogspot.com,Challenge Ten: The Devil Is In The Detail!
T2540,IE,helium.ie,BNP Paribas Foundation to fund Cloudlands Dublin
T2541,ZA,theonlinediary.superblogs.co.za,Looking For A number of Living Room Family table Sets « The
T2542,US,therealjohnwu.blogspot.com,The Real John Wu: PS3 Move
T2543,AU,blog.firebrandtalent.com,"4 steps to staying positive when looking for Creative work, Career"
T2544,IE,cetns.scoilnet.ie,New approach to lunchtime waste!
T2545,US,medaillesports.com,Volleyball Impressive in a Pair of Wins
T2546,AU,travelandtourismtips.com,Cheap Hotels in Barcelona
T2547,ZA,comradesdiary.com,A very long walk with a little bit of running « Comrades and other
T2548,GB,cafestylespeedtraining.co.uk,How to embed your corporate values
T2549,GB,christina-fallah-designs.com,Diary of a Work Placement
T2550,AU,gorebaggsworld.com,The Back Of My Own Head
T2551,IE,humanrights.ie,Human Rights in Ireland
T2552,IE,kilkennyabu.com,"kilkennyabu: The Ploughman's Daughter, Part 3"
T2553,ZA,gardenrouteconcerts.com,Wind Spinners in Outdoor Space
T2554,IE,ipsc.ie,Demonstration planned in Dublin today as death toll rises to 37 in
T2555,IE,ors.ie,Inspection of septic tanks and other domestic wastewater treatment
T2556,AU,citadelkalahari.com,How to Grow Sweet Potatoes
T2557,GB,forums.aria.co.uk,Computer sometimes hangs for a few seconds when opening file
T2558,IE,thesourcewritersgroup.com,Like a Dog with a Bone
T2559,US,notesfromtheotherside.com,Notes From The Other Side
T2560,GB,poppit-sands.co.uk,Password Recovery Ipod touch 4th Gen
T2561,GB,damnpamn.multiply.com,"Well, It Was a Productive Day...."
T2562,US,bsecureonline.org,What's It Going To Take? « Bsecure Blog
T2563,ZA,kurus-english.com,Back to the Future
T2564,US,cogwheels.blogspot.com,Cogwheels: The size of cities
T2565,GB,365horror.co.uk,Do You Needa Prescription For Coumadin
T2566,GB,presentation-skills.biz,How to create an interview presentation
T2567,IE,thewrightvenue.ie,Ooh La Lah! Christmas Paris Revue at the Wright Venue
T2568,US,eurocyclesoftampabay.com,Want To See The World? Then BMW Motorrad Wants YOU!
T2569,AU,ldmriviera.com.au,LDM Riviera - Marine News
T2570,GB,meejalaw.com,Beyond Leveson: Legal protection for online and 'citizen' media
T2571,IE,melaniespath.blogspot.com,Melanie Späth: 3rd National Title!
T2572,GB,pogoagogo.com,"CHATTERBOX: ""I'm not the same as when I began"""
T2573,AU,londontomagadan.com,Day 71 Olkhon Island to Day 74 Ulan Ude
T2574,US,glamitycalamity.com,If you do one thing for the Holidays... « GlamityCalamity
T2575,US,consultbi.wordpress.com,Skills you need to have to become a high performing BI professional
T2576,AU,mrcoffeeespressomachinedeal.com,Coffee And Expresso Machines To Complete Your Morning
T2577,IE,carteranhold.ie,Carter Anhold &amp; Co
T2578,GB,blogs.sundaymail.co.uk,"Disability, Mr Cameron? What do you really know?"
T2579,AU,tech.blorge.com,Online libel law: are new British rules the way to go?
T2580,US,smarshyboy.blogspot.com,The Smarshy Files: The WORST Part of a New Year
T2581,AU,finde4297vt7.ajuntapress.com,ugg outlet online People around to see the Longfei K gold actually
T2582,AU,writingloud.blogspot.com,Writing Out Loud: Two and a half
T2583,US,irealestatedirectory.com,Some Things To Keep In Mind Before Buying
T2584,GB,politicsfirst.org.uk,Laying the ground for change
T2585,US,expertrecall.com,Proposition 37: Retailers and Manufacturers Need to be Ready
T2586,ZA,capetowncribs.co.za,What do you think of this iPad controlled home?
T2587,ZA,whatsupali.com,How Not to Start a Round The World Trip
T2588,AU,tropicalwriters.com,The Vampire and the Hulk
T2589,ZA,stampedegmc.com,How to Handle a Cashier in a Gas Station
T2590,GB,stephenccampbell.com,The Use Of The Subconscious Mind
T2591,ZA,rwrant.co.za,3 Last Basics to Remember for Oppikoppi 2012 Sweet Thing
T2592,IE,gaelscoileanna.ie,Most people say they can speak some Irish : Gaelscoileanna
T2593,US,analcancerfoundation.org,Foundation Funds World's First Anal Cancer Professional Society
T2594,GB,bluescreenofdoom.com,Let he who is without syntax errors ((Stone)TheFirst)
T2595,IE,stompmag.com,Charity Focus : Two Ways To Help Japan
T2596,ZA,jennyhandley.co.za,POLISH SOME SKILLS TO REFRESH YOUR BRAND
T2597,ZA,drop-your-drink.com,Drop Your Drink: The Aftermath: Feiyue and Dont Party Present
T2598,US,medlawhelp.com,Elderly More Likely To Be Readmitted To Hospital
T2599,AU,leanmachine.net.au,Medical and Drug Companies conspire to save a failing business
T2600,GB,horrorcultfilms.co.uk,BLOODSTORM (2012) (aka Nazis At The Center of the Earth)
T2601,ZA,shenmu.besthometreadmill.co.za,which unfortunately quite often at the same time
T2602,AU,eeshblog.blogspot.com,"Eesh: Ms G's, Potts Point"
T2603,AU,blog.boxfancy.com,in order to produce a design picture while
T2604,US,wow80.net,Getting back into the Grove World of Warcraft
T2605,GB,dropstitchblog.blogspot.com,dropstitch: sleeping (when she feels like it) beauty
T2606,AU,hootville.com,Copywriting advice: the devil is in the detail
T2607,ZA,leg.uct.ac.za,flashplayer 64bit Jaunty | UCT LEG
T2608,GB,7thdwarf.co.uk,Matt Mullenweg on the State of the Word
T2609,IE,angelreiki.ie,15 Tips To Boost Your Wellbeing
T2610,ZA,neo-genocide.com,"Cape Town mayor Patricia de Lille, committee members attacked at"
T2611,AU,throng.com.au,Who Won Australian Idol 2009? Stan Walker Wins Over Hayley
T2612,AU,thelittleblackcowblog.blogspot.com,How To Make A Christmas Wreath In 13 Easy Steps
T2613,IE,derekmitchell.ie,Greystones to try to be a Smarter Travel Area. Walking and cycling to
T2614,GB,josephcaruana.co.uk,"""The wonder is that we can see these trees and not wonder more"
T2615,AU,kidslearningtogether.global2.vic.edu.au,Happy Father's Day from the students in Year 2/3D
T2616,US,carolwallace.wordpress.com,"Patrick O'Brian, ""The Far Side of the World"" « Book Group of One"
T2617,ZA,marklives.com,Brand experience: Why Kulula is shit : Marklives!com
T2618,ZA,cappuccinowithxavier.com,SA's gated estates more popular than ever before
T2619,AU,500.the400club.org,Beasts of the Southern Wild
T2620,US,sawdustandpaint.com,"No offense to the Zebra, but it was time to go."
T2621,ZA,acidicice.co.za,From Ashes to Forest...
T2622,IE,dcmedia.ie,The Importance of Hiring a Videographer
T2623,ZA,hy-se-sy-se.com,Sitting down with TV presenter Luthando Shosha
T2624,IE,findmyparade.com,"What's It All About, Alfie's? A Lorra Waiting, That's What."
T2625,GB,moneyaware.co.uk,7 ways to use the web and pay
T2626,IE,youxi.shopifree.com,NEWSMulberry's electrical electrimetropolisedal al advertapter is
T2627,GB,blog.handle.co.uk,Fancy a career in PR?
T2628,AU,blog.vogueliving.com.au,Artists in Residence: A historic Hill End home « Vogue Living's blog
T2629,ZA,howskinfelicitate.bloglines.co.za,Whatever You In the past Preferred Comprehend South usa « How
T2630,IE,emercostello.blogspot.com,Cllr Emer Costello: A Sense of Place is an Essential Component In
T2631,US,bikeswimrun.com,Three Reasons to Keep On Cycling
T2632,AU,onthetrylinewithcharlton.com,Number 9 With A Bullet « On The Try Line With Charlton
T2633,IE,dailygripe.org,Sovereign Being declaration page 3
T2634,GB,business-success22.blogspot.com,It Is A Time For Giving
T2635,IE,stgerards.ie,Irish Hockey School of the Year Award
T2636,ZA,wsibiz.com,How to start connecting and drive traffic with Pinterest
T2637,ZA,liveoutloud.co.za,Edible Alchemy | LIVEOUTLOUD | Luxury Lifestyle Magazine
T2638,US,blog.psprint.com,The Value of a Great Deal
T2639,US,garveyceyrusselllopes.blogspot.com,garvey cey russell lopes: the age of bessent
T2640,IE,killalabay.ie,by Molly Doherty : The Future of
T2641,AU,globalbellies.com,WHAT ARE YOUR NON-HUNGRY TRIGGERS TO EATING?Global
T2642,US,experiencethefuse.com,Why Your Middle Schooler Needs to Be on Fuse Retreat 2012
T2643,US,thewomanlife.info,Fake it To Make it: Sneaky Fashion Tips
T2644,IE,thesmacaults.com,How to get to Newfoundland by Ferry
T2645,US,kfuoam.org,His Time Morning Show
T2646,IE,drtomobrien.ie,Health benefits of Cayenne Pepper
T2647,AU,motowhere.com,Elkins/GreenBank/Cass/WebsterSprings [Motorcycle Route] at
T2648,IE,kennedysummerschool.ie,Inaugral Kennedy Summer School of Politics in New Ross Announced
T2649,ZA,outwardbound.co.za,OIL Program Experience Letters 7th September-11th September 2012
T2650,ZA,itssa.org,State-of-the-art trains for Cape Town
T2651,ZA,roadsafety.co.za,You have to be a tough animal to tour South Africa!
T2652,US,ittybiz.com,Is this the end of the story?
T2653,ZA,deonbinneman.com,Google is the most powerful brand in the world
T2654,US,jwwartick.com,"JW Wartick -""Always Have a Reason"""
T2655,ZA,medicalinsurancevillage.com,"If My Shipment Is Going To Be Late, Will My Courier Tell Me"
T2656,IE,mywsiteam.ie,Effective SEO Practices And Why You Should Be Building Links
T2657,US,tosabeat.blogspot.com,"From the Land of Beer, Cheese, &amp; Beer: Dunk You Very Much"
T2658,AU,jordanoon.com,OON OUT OF LUCK IN ITALY
T2659,US,thefiftyfactor.com,The Fifty Factor: People Who Live In Glass Houses
T2660,ZA,players4players.co.za,Match Report | Players4Players
T2661,AU,bullionmark.com.au,It is a game of golden musical chairs
T2662,US,dismagazine.com,Shut the F*ck Up! What To Do If You're Stopped By Police. « DIS
T2663,AU,hotmetaldesign.com.au,"Online Ad Spending Surpasses Newspapers, First Time in"
T2664,AU,naturalnewagemum.com,Natural New Age Mum
T2665,US,jsbookreader.blogspot.com,Journal of a Southern Bookreader: A Bit of Blue Stone
T2666,IE,bravemandead.com,A Brave Man Dead
T2667,AU,primalhealth.co,Is there a God? How Your Religion and Beliefs May Affect Your
T2668,IE,lgbtyouthgalway.com,Making art and saving the world....all at the same time
T2669,IE,shirlscards.com,Something Different To Show « Shirls Cards
T2670,GB,tomfreelance.com,The work of writer &amp; editor Tom O'Malley
T2671,ZA,blog.dorimoreno.com,Riding on the back of a bike
T2672,ZA,ileadlawns.co.za,The Coolest Lawnmowers in Pretoria Hover
T2673,AU,kattekrab.net,"Belinda Pearson, Kay Thorne and CSIRAC"
T2674,US,achangeinthewind.com,To sleep on the ground -- talk about being grounded!
T2675,AU,mylifeinoz.com.au,My Life in Oz
T2676,GB,sehenderson.com,Walking The Walk: Beaumont to Bowness-on
T2677,US,faculty-staff.ou.edu,SyriaComment.com: Syria Will Have to Withdraw from Lebanon
T2678,GB,wakefieldlibdems.org.uk,Simon Hughes calls on Liberals around the world to focus on
T2679,GB,muenterprises.org,The Root of All Evil
T2680,IE,joleencronin.com,Meet the Indulgence crew : AIDAN
T2681,IE,iloveoracle.com,Oracle Opportunity Getting Started
T2682,IE,rcpilibrary.blogspot.com,Book of the Month: William Wadd's Comments on Corpulency (1829)
T2683,US,jedidiahusa.com,Nika Water: What We Accomplished
T2684,IE,usi.ie,USI urges Labour - Union of Students in Ireland
T2685,ZA,thisisgoodmoney.co.za,Drivers of inequality in South Africa
T2686,AU,38southboatsales.com.au,Review of the Jeanneau 509 - Bluewater Odyssey
T2687,US,spzdirectorsblog.wordpress.com,Did you get to see the elephants last Thursday? «
T2688,IE,corksamaritans.ie,Award honour for Samaritans' Pio
T2689,US,schools.stlucie.k12.fl.us,PSLHS Becomes a Member of the FAU Distinguished Schools
T2690,AU,minesite.net,Mine Site Technologies Achieves GOST Certification
T2691,IE,sportsnewsireland.com,Athletics: Woodie's DIY Inter County Cross Country Championships
T2692,GB,ukhousebubble.blogspot.com,UK Bubble UK Economy: Being right 60 percent of the time means......
T2693,GB,thecloud.net,Japan coach laments lack of wi-fi at Olympic volleyball
T2694,AU,repucom.net,Quick-Step Pro Cycling Team names Repucom
T2695,ZA,anclive.co.za,Zille not in position to offer solutions to National Changes
T2696,ZA,mygoodnewsblog.com,Because of the Cross...We Have Jesus
T2697,IE,oldcollegians.ie,Old Collegians Boat Club
T2698,US,microscopiq.com,Blackface Goes HD? The Case of Resident Evil 5 at microscopiq
T2699,IE,turbulenceahead.com,"Turbulence Ahead: Here's The News, Pass It On"
T2700,ZA,worldsoccerjourneys.com,Artistic Members of the Body of Christ « World Soccer Journeys
T2701,AU,vananews.com.au,The VANA 2012 Embracing the Future Conference
T2702,AU,catholicreligiousaustralia.org,Updates on Australian religious advocacy on coal seam gas mining
T2703,US,journal.ahima.org,Unintended Health IT Consequences? Help is on the Way
T2704,GB,sonic.wordnerd.org,The Saddest People in the World
T2705,US,savannahchase.com,Everything To Do With Sex Show 2012
T2706,IE,topdietingpills.com,Beelite Naturally Even Helps you Lose Weight While you Sleep and
T2707,US,silverandblackpride.com,Chiefs Matt Cassell Sacked; demoted in favor of Brady Quinn
T2708,GB,anygirlfriday.com,Eventually Your Friends Are Going To Figure Out A Way To Bring
T2709,GB,mcdal37.multiply.com,A way that seems right!
T2710,AU,jamieparker.org.au,White Bay rail line must be retained for future light rail expansion
T2711,US,dogsdishesanddecor.com,It's Sorta Fred Segal-ish
T2712,US,mynexthandbag.net,Fashion for Men and Women « Mynexthandbag's Weblog
T2713,IE,costadelsolspain.info,Costa Del Sol Rac
T2714,AU,holdencycling.com.au,With Sports Psychologist Michael Inglis
T2715,ZA,deals-store.org,Are Electric Shaver Cleaning Stations Worth the Money
T2716,IE,paddypowerpokerblog.wordpress.com,Niall Smyth - One Year as Champ - I'm a Survivor! Part I
T2717,ZA,astheraincomesdown.blogspot.com,As the rain comes down...: Everybody wants to go to heaven
T2718,AU,commsday.com,"The $20b FTTH plan that Coonan ignored, Conroy mocked?"
T2719,ZA,samusicscene.co.za,"SA Music Scene, up close and personal with Spoek Mathambo"
T2720,AU,boutiquewines.com.au,Down on the Farm at Crittenden Estate
T2721,US,wineinline.wordpress.com,Two Delightful Whites From Different Parts of the Worlds for $20 and
T2722,GB,mehbooba.co.uk,"Mohammad Was Not a Womanizer, and Other"
T2723,AU,mortgageguru.com.au,How Much Can I Borrow?
T2724,US,blog.areustrongenough.com,Children's is a Part of My Family and
T2725,IE,towardshealing.net,Coping with Grief During the Holidays
T2726,AU,votre-belle.blogspot.com,votrebelle: Bourjois Healthy Mix Foundation
T2727,GB,emotionsblog.history.qmul.ac.uk,What is the relationship between philosophy and comedy?
T2728,AU,worldfootynews.com,Australia Day Footy Around the World
T2729,GB,leicestertigers.com,Twickenham Test will be a dream come true
T2730,US,whatisthebestcreditcard.net,Credit Card Information That You Can't Ignore
T2731,GB,2ndcouncilhouse.co.uk,Policing &amp; Justice in the Context of Uprisings
T2732,ZA,da.org.za,DA welcomes Zuma's decision on non-viable
T2733,IE,ayearindublin.blogspot.com,A Year in Dublin: Crystal Swing
T2734,GB,newlynweatherview.co.uk,Severe disruption and damage as high winds batter Devon &amp; Cornwall
T2735,IE,fortyisthenewblack.ie,Forty is the New Black
T2736,AU,automatica.com.au,The Dark Side of the Loom
T2737,IE,burrensmokehouse.ie,Testimonials from our customers
T2738,US,ordercustompaper.com,The Development of the Character of God in Genesis and Exodus
T2739,GB,commonwealthjournalists.org,Afghan women lead the way in land of opportunity
T2740,GB,blog.ica.org.uk,Institute of Contemporary Arts : BlogAndy Holden and David
T2741,US,bigmansgold.com,Read the minds of men and women for effective Web Marketing
T2742,ZA,greenrenaissance.co.za,Video: Build up to the Sardine Run
T2743,US,officialstickman.blogspot.com,Official Stickman: It Was The Best of Times... It Was The Worst of
T2744,IE,flyflaps.ie,The HipClip - a Hip carrying baby plastic slip on unit
T2745,US,flippedclassroom.blogspot.com,My Flipped Classroom: All you have to do is ask
T2746,AU,threefourlonnie.global2.vic.edu.au,The Blue Marlin Ship arrives in Australia
T2747,IE,blog.edreams.com,24 Hours in Rio de Janeiro [Video]
T2748,GB,lazygirlrunning.com,Lazy girl running: The next day
T2749,IE,alanshaw.ie,"Shaw states ""Garrycastle bridge will be a key priority"""
T2750,ZA,tabj.co.za,Police forced to subdue violent protests at Amplats mines
T2751,GB,tripsinborneo.blogspot.com,Trip Destinations in Central Borneo
T2752,GB,johnnymac.info,I know what Buble meant when he said he wanted to go home
T2753,IE,fmgarchitects.ie,ideal home show top home energy saving tips
T2754,AU,ewebmarketing.com.au,Get More Facebook Likes and Engage Your Fans
T2755,US,david-wolman.com,David Wolman: and in Japan that would be...
T2756,AU,wannasurf.com,"Surfing in Melbourne East, Australia"
T2757,GB,dailysalty.blogspot.com,The Daily Salty: The idea that only a fringe do bad things is wrong!
T2758,AU,nataliealaimo.com,Social Media Training l Facebook
T2759,ZA,existsoutside.com,Buying Your Log Cabin to Be Used As A Playhouse
T2760,IE,fauxreal.blogsome.com,NASA's Kepler Space Telescope Discovers its First Five Exoplanets
T2761,AU,biologicalhealthservices.com.au,Middle Ear Effusion and Fungi
T2762,GB,ibiza-jobs-spain.com,Uncover released related to the main varied daily life travel
T2763,IE,inside-the-brain.com,Money Troubles? Blame your Brain! « Inside the Brain
T2764,GB,mrm-london.com,MRM London: Payday loans were in the hot-seat this weekend...
T2765,ZA,lightabriefcandle.com,KRONENDAL MUSIC ACADEMY OF HOUT BAY
T2766,ZA,richardbosman.me,It's Simply A Matter Of.....
T2767,AU,kristoforlawson.com,A Series Of Mismatched Photos
T2768,ZA,romeofoxtrot.co.za,An Enchanted Get Away
T2769,IE,blogs.transparent.com,An Spórt Oilimpeach Is Fearr Leat? Buanna Do Thírese?
T2770,IE,jcdecaux.ie,Creative Exchange Art in the East Side
T2771,AU,inverelltimes.com.au,Top honour for tennis coach
T2772,IE,drawinginc.ie,No 1 Interactive eBook Tablet App 'Letters for Santa' Now Available
T2773,AU,sportymummy.blogspot.com,The SportyMummy: The Beginning of our Swimming Journey
T2774,GB,lfckopchat.wordpress.com,Five reasons why people hate Jaimie Kanwar « LFCKopChat
T2775,US,blog.appetizerradio.com,The Appetizer Radio Show Blog
T2776,AU,oandltrip.com,How's Landy Going? « olly and lisa's trip
T2777,AU,nbablues.com,NBAthlete of the Month
T2778,GB,welshgirleats.com,By the way... « Welsh Girl Eats
T2779,ZA,alvapahlfashionblog.thisnetwork.co.za,most of the people that's utilized to correct rig : Alva Pahl fashion blog
T2780,GB,fleetdrive-electric.com,Around the world in eight months in an electric car
T2781,ZA,caitanya.org,This is a transcript of a
T2782,GB,crystalherbs.com,"Flower, Gem &amp; Crystal Essences"
T2783,ZA,natemaingard.com,These Took My Breath Away
T2784,GB,trippygangster.com,Business Factoring Companies: How To Get Extra Funds For Your
T2785,US,ginstrom.com,The importance of appearing confident
T2786,AU,matthewclayfield.com,A Portable Typewriter Full of Oyster Shells
T2787,AU,autospeed.com,Real World Measurement of Drag and Lift
T2788,GB,averypublicsociologist.blogspot.com,A Very Public Sociologist: Another Look at Bernstein
T2789,IE,dailyupdate.ie,BEAUTY FOCUS: WAX IN THE CITY DUBLIN
T2790,ZA,datesandcalendar.com,The Origin of the Month name
T2791,ZA,news.psgkonsult.co.za,Capital Gains Tax Explained
T2792,GB,robertkyriakides.wordpress.com,Carbon sinks and the limited extent that they can use used to reduce
T2793,GB,datingontheinternet.co.uk,10 Tips For Success at Online Dating
T2794,GB,waspsnest.com,"A bunch of troughing, unelected shits."
T2795,GB,hifipig.com,New Addition to the High End Audio Calender
T2796,US,mls.umd.edu,You Don't Have to Go Home OR Stay Here
T2797,AU,thefutureofrelationships.com,Are you a woman who has a never-ending 'to dos' list
T2798,GB,unexplodedtruths.com,A Good Thing? | Unexploded Truths
T2799,AU,igmarkets.com.au,Number one CFD provider
T2800,IE,spiritwise.ie,Be The Peace | SpiritWise Holistic Healing
T2801,GB,graphicality-uk.blogspot.com,Graphicality-UK: Winter is looming
T2802,US,blogs.constellation.com,What is a Renewable Energy Certificate? « Energy4Home
T2803,GB,steveroot.co.uk,What happens when you break down in France (10 things I learnt
T2804,AU,better-homes-gardens.com,Garden Slug Control: The Ultimate Guide to Get Rid of Slugs
T2805,ZA,cashloans.co.za,What Are The Benefits Of Cash Loans SA?
T2806,GB,perfectdaydestinations.com,"Guadalest, Spain: An Eagle's Nest Perched on Top of a Mountain"
T2807,AU,readingtheplay.com,Free Game Preview &amp; Betting Advice NFL 2012
T2808,GB,makeup.me.uk,Best Eye Shadows that You Can Buy
T2809,IE,askaboutrisk.com,User:Car67Finance6 - WikiName
T2810,US,eating-made-easy.com,How to Make Sure Your Recyclables Get Recycled « Eating Made
T2811,ZA,bestdebtcounselling.co.za,Education is a key factor when it comes to debt counselling
T2812,US,asoprofessional.com,7 SEO Rules you need to apply to ASO
T2813,GB,aobblog.com,Arabidopsis all the way?
T2814,IE,gavduffy.com,"""A long time coming"""
T2815,ZA,sharearticles.info,A Variety Of Running Shirts @ Share Articles
T2816,IE,cpttremendous.com,Wingmen of the world unite!
T2817,ZA,completedogguide.info,Dog Behavior Training - What to Do?
T2818,GB,domromney.com,"May have been #shoe shopping, silly cheep in"
T2819,ZA,elitedance.com,The Martha Hill Dance Fund 2012 Lifetime Achievement Award
T2820,IE,training4dublin.com,Training for Dublin: Marathon Training Sites
T2821,IE,navanomahonys.com,Killoe Emmet Óg get the better of O'Mahonys in Leinster
T2822,ZA,bizco.co.za,Comprehensive Solution for Application Security in the Cloud
T2823,GB,wobblywilliams.com,How to make it worse then better!!
T2824,GB,z2k.org,Beethoven Centre | Zacchaeus 2000 Trust
T2825,ZA,eddiebotha.com,Food taken by the hand supposed to feed me!
T2826,IE,notjunkfood.net,It's been a little quiet
T2827,ZA,exercisebikesforsale.bloglines.co.za,Stamina CPS 9190 Indoor Cycle Trainer
T2828,GB,ekgtechnician101.com,Cardiac Stress Test - ekgtechnician101.com
T2829,US,keywordwinnerreview.net,5 Reasons More and More People Choose
T2830,ZA,afrisport.com,Pakistan's brave new return to the top of its own cricket game
T2831,ZA,bibleforums.org,More than a football game...
T2832,ZA,dpfinnie.com,"""THERE'S PROBABLY NO GOD"""
T2833,IE,kildare.ie,Off the Wall with John Minihan
T2834,AU,thehomepage.com.au,Construction underway on courtyard apartments
T2835,IE,marycarty.com,Inspiration Friday: Think of the cleaners
T2836,GB,feistytapas.com,FEISTY TAPAS: A little announcement
T2837,US,usabilitypost.com,"Please Stop ""Fixing"" Font Smoothing · UsabilityPost"
T2838,GB,blog.sungard.co.uk,Business Disruption is Now a Way of Life in the UK
T2839,GB,szsy.info,In the world of nature scenery sketch
T2840,AU,picassomediagroup.com,How to use the new scheduling feature on Facebook pages
T2841,AU,sipyourstyle.com.au,Ask and ye shall receive: the best sips in the state
T2842,GB,egi.eu,EGI.eu signs agreement with UVACSE to benefit European
T2843,IE,oddsocksrevival.com,Volvo Ocean Race (take away bags and the dry end of a wet sock
T2844,US,coffeeforums.com,looking for people who are interested in Cambodian coffee
T2845,IE,marycsheehan.creativeanddigitalmarketing.com,"Darra Goldstein, Editor in Chief of Gastronomica"
T2846,ZA,fortressofsolitude.co.za,Taking Control: Spoek Mathambo
T2847,IE,contemporaryliving.ie,Young people have their say in Belturbet
T2848,AU,woodfordnewspaper.com,Yarraman Bowls green crowded for fun visit by Caboolture
T2849,AU,koralydimitriadis.com,Motherhood: too bad it was your choice « One lifetime is not enough
T2850,ZA,safariarchitects.com,Private Safari at Phinda @ Safari Architects
T2851,AU,kidstravelblog.com.au,Top Tips For A (Relatively) Peaceful Car Journey
T2852,US,championsleaguetalk.com,Arsenal Exits Champions League Despite World-Class Performance
T2853,GB,sourcesecurity.com,Vicon is the star of the city
T2854,US,thinkingandexperiencing.wordpress.com,Feeling the presence of Shakti @ Durga Puja @ Kolkata
T2855,ZA,carmag.co.za,"F1 India: Vettel Wins, But Alonso Not Giving Up"
T2856,IE,iheedcrowd.org,What do Michel Sidibé and Animation have in common
T2857,US,norcalblogs.com,J. B. Wilson: Thank You Very Much
T2858,AU,conanfitness.com,Sleep And Its Effects on Body Composition Webinar
T2859,AU,lifeasweknowit-blog.com,life as we know it...: Love is in the air ...
T2860,GB,b-uncut.com,Be Art: The Profile Picture Exhibition part 1
T2861,US,backtowalking.wordpress.com,All the Way to Half Moon Bay « Walking in Sonoma County...mostly
T2862,US,hilobrow.com,The People of the Ruins (16)
T2863,ZA,diskitalk.com,Legodi: Henyekane is not a striker!
T2864,IE,srmotorcyclescork.com,Create a Post Apocalyptic Panoramic Matte Painting ? Psd Premium
T2865,US,marcowerman.wordpress.com,The Band Really Was on the Run: McCartney in Lagos
T2866,GB,tynetime.com,How much are we willing to pay for Mathieu Debuchy?
T2867,AU,imagineeringnow.com,Which Store Strategy Do You Think Works Best
T2868,GB,artiziancatering.co.uk,A sweetness that could be good for you
T2869,AU,australianhorserescue.com,Horse Welfare Decisions Key to Racing's Future
T2870,IE,gavinfriday.com,Irish Singer and Composer
T2871,US,pamelahawley.wordpress.com,Positive News: The Emerging Market Middle Class Rises « Living
T2872,IE,fierceirish.com,A wretched hive of scum and villainy...
T2873,ZA,proporod.info,Cadillac Margarita Cocktail Recipe
T2874,IE,workofbourke.com,How to interview Cormac Browne
T2875,ZA,forum.skeptic.za.org,Fascinating article ::: skeptic.za.org
T2876,AU,egyptiancottononline.com.au,Contemporary home designs in Melbourne Victoria
T2877,ZA,el33tonline.com,Do you want to win an Afrihost desk fridge
T2878,ZA,jessello.com,Lessons from an online roasting
T2879,IE,maireadhennessy.com,The Writing on the Wall
T2880,IE,rathregan.scoilnet.ie,The Curse Of SouthHurtsville rathregan.scoilnet.ie
T2881,US,blogs.asaecenter.org,Acronym: It was a big month
T2882,AU,lhiggins.blogspot.com,Linda Higgins: Annual Christmas Gift Class
T2883,GB,thecrossedcow.com,Every little helps? (as long as it's not for the wife
T2884,GB,steve-dale.net,Discovering the value of Social Networks and Communities of
T2885,GB,itsblackcurrent.com,BlackCurrent Black History Blog Day 11: Fritz Pollard One Of The
T2886,IE,theskinnydollsjourney.blogspot.com,The Skinny Doll: Open all hours... Week 3
T2887,AU,trendauthority.net,The Deception of Ignoring God
T2888,IE,rosactive.org,Swim Ireland Helper Certificate (Swimming for People with
T2889,US,sagemagazine.org,Building a New Ship: On-the-Ground Perspective
T2890,GB,yachtingworld.com,IMOCA 60s: A French Revolution?
T2891,GB,anothersun.blogspot.com,"Strolling about Mum, who had been drinking wine"
T2892,US,moonlightingdoctor.blogspot.com,"moonlighting: ROTFL in Japan: Rolling On The Floor, Lounging"
T2893,AU,ebsys.com.au,4 Types of Super - Which one is right for you?
T2894,GB,blog.nicehotcuppa.com,Nice Hot Cuppa Blog
T2895,US,communityofreasonkc.org,Prospects for a Long-overdue Viable Progressive Third Party
T2896,US,acton.org,Regaining a Sense of Taste in Political Leadership
T2897,US,idratherbeiniceland.wordpress.com,"Nei, I'm not going to Airwaves"
T2898,AU,marcassoadventures.com,Going to see the Dolphins!
T2899,GB,eastbelfastdiary.blogspot.com,East Belfast Diary: One Nation?
T2900,IE,freebophotoglo.com,Learn Talking French-The Key Powering Trouble-free Connection In
T2901,AU,wongm.com,Throw your arms in the air (like you just don't care about burning the
T2902,GB,fatcyclerider.co.uk,The Fat Cycle Rider: Women's Olympic mountain bike race
T2903,IE,bearnagolfmembers.com,"My ball is unplayable, what are my options?"
T2904,ZA,alislam.co.za,Information regarding the muslim marriage bill
T2905,US,tweentribune.com,"Should boy be able to wear ""boobies"" bracelet?"
T2906,IE,theturfanalyst.com,York Day 4 | theturfanalyst.com
T2907,GB,sell-rentback.org.uk,You Want an Efficient and Quick House Sale? Consider Us!
T2908,IE,sliabh.net,Why it is not a good time to rent property.
T2909,IE,babiesplease.blogspot.com,Our IVF Journey: Day 12: I Don't Want To Do This Anymore...!!!
T2910,AU,stonebrothersracing.com.au,'BUMP DRAFTING' THE HIGHLIGHT OF RACE 19
T2911,ZA,capefires.com,IMPI 2012 | Volunteer Wildfire Services
T2912,GB,projectswordtoys.blogspot.com,MOONBASE CENTRAL: Radar Love or How I Lost It In The Compost!
T2913,IE,blog.weddingdates.ie,Deal of the Day! Wedding Deal
T2914,US,oecdbetterlifeindex.org,The role of data in keeping governments accountable
T2915,US,lhote.blogspot.com,L'Hôte: you know what we don't talk about enough? abortion
T2916,US,hawkcentral.com,"Harty: Peter Gray is gone, but he can't be forgotten"
T2917,GB,basketballmegastore.com,13: Opening Night and Christmas Day
T2918,IE,shanemcdonald.org,Lorry Shunt Video. Police Probe Lorry Shunt in UK
T2919,IE,blog.adverts.ie,A walk on the random side
T2920,IE,livinghistory.ie,livinghistory.ie * View topic
T2921,IE,ouchmybackhurts.wordpress.com,The Beginning of the End... Lock 40 to Lyneen Bridge.
T2922,AU,littlepinwheel.blogspot.com,Little Pinwheel: in front of the lens
T2923,IE,contemplativeoutreach.ie,Retreats December 2012- 2013 | Contemplative Outreach
T2924,US,awesomewritingstuff.com,Steroids for the Middle of Your Novel
T2925,AU,waituntilthesunset.com,WaitUntilTheSunset: Wardrobe/life re-evaluated
T2926,IE,imt.ie,Three and a half hour ambulance wait -- Irish Medical Times
T2927,GB,eimgur.com,real test given by the Human Relations Dept
T2928,IE,winding-stair.com,Lean on Pete by Willy Vlautin (€9.99)
T2929,IE,thedancingsoul.com,In the Dances of The Soul you will come to find the highest space in
T2930,IE,nemplates.com,Are You Overweight Is It Too Late
T2931,ZA,skillssource.co.za,"Leadership training, executive coaching and mentoring"
T2932,ZA,cesa.co.za,CESA Consulting Industry not firing on all cylinders
T2933,GB,yoursartfully.blogspot.com,Yours Artfully: A little bit of Sizzix playtime
T2934,US,madjaymon.blogspot.com,I had some kind of weird lesion removed from my
T2935,US,tripinsurance.com,Three-day Shanghai Nightmare Could Have Been Avoided with Trip
T2936,ZA,ozziesaffa.blogspot.com,Ozzie Saffa: Australia: IS OUR PRIME MINISTER A CROOK?
T2937,ZA,takeyourphil.com,I'm So White « Take Your Phil
T2938,IE,challengeten.com,Humbled by the Circle of Life
T2939,ZA,avcom.co.za,Catch a wake up - Lost Propeller
T2940,GB,soccertransfers.net,Boy from Brazil: Mancini asks City bosses to bring him £50m Neymar
T2941,US,darkufo.blogspot.com,Favourite season from the second half of the series?
T2942,ZA,yvettegilbert.com,Timelapse of Henk &amp; Elke's Couple Shoot with Yvette Gilbert
T2943,AU,jewelryaustraliaonline.blogspot.com,www.jewelryaustraliaonline.com: The second way to find out
T2944,ZA,integr8group.com,"Integr8 IT, part of the Integr8 Group, acquired by BCX for R 126m"
T2945,IE,blog.heidisawyer.com,Predictions: October 2012 Life Codes
T2946,ZA,f1-guide.info,The 2012 F1 Guide - Japan Race Preview
T2947,ZA,theweekendpost.com,Last chance to tell us what you want to read in Weekend Post
T2948,US,beckershospitalreview.com,What Makes a Great Mentor: 10 Traits of True Leadership
T2949,ZA,co-plan.net,Enjoy the Benefits of Electronic Cigarette : Co-Plan.Net:Business
T2950,IE,sacredspace102.blogspot.com,Sacred Space102fm: St Brigid (452-524) Mary of the Gael
T2951,ZA,therecanbeonlyjuan.co.za,There can be only Juan: Chocolat and Lent
T2952,GB,emmawashere.com,emmawashere: I'm not the kind of fool who's gonna sit and sing to
T2953,AU,rheumiest.uwcblog.com,25% associated with People in the usa Involve Awful Credit standing
T2954,US,thestrategicfirm.wordpress.com,Trend-spotting for the Next Big Thing « Taking Aim
T2955,AU,smatthey.blogspot.com,Smatthey at MIT: Choose your own adventure
T2956,US,bradleymanning.org,Notes from the courtroom
T2957,GB,styleanderror.co.uk,LIKE YOU JUST SCHLEPPED OUT OF A SALON
T2958,AU,craigscroggie.com,Cybercrime: 69% of Australian's have been a victim
T2959,AU,maitlandmercury.com.au,Maitland Saints smash Bombers to make grand final in debut year
T2960,GB,all-made-up-21.blogspot.com,All-Made-Up-21: The Body Shop Scents of the World Collection
T2961,GB,exterminatusnow.co.uk,Virus Never Got To Do That As A Kid
T2962,IE,legendofmiracles.blogsome.com,Legend Of Miracles :: In That Minute :: December :: 2007
T2963,ZA,sandton-life.org.za,Look flawless with the 7-minute makeover
T2964,GB,chebicentenario.com,Business Landscpaing: How To Have A Good Outdoor Appearance
T2965,ZA,chefmag.co.za,The Palace of the Lost City Receives Chaîne des Rôtisseurs Blazon
T2966,ZA,ledna.org,How to attract private investments in the tourism industry of a coastal
T2967,US,saynsumthn.wordpress.com,Planned Parenthood Prez wants Republicans to go back to racist
T2968,GB,pushchairtrader.co.uk,Are you a worrier? Time to focus on YOU!
T2969,US,kydirect.net,Two-year-old was found at bottom of pool
T2970,AU,moadoph.gov.au,1975 and all that... · Museum of Australian Democracy at Old
T2971,GB,tootasinfoot.blogspot.com,Toot as in foot.: Too much nature in the house.
T2972,AU,taniamccartney.blogspot.com,Tania McCartney Blog: we're going to the zoo zoo zoo
T2973,AU,comedyact.com.au,Sam Marzden\'s The History of Rock\'n\'Roll (1962
T2974,ZA,thelucrativeantonym.bloglines.co.za,5 Wonderful Locations to go to to in Puerto Rico « The Lucrative
T2975,ZA,cordeliabutzerwindowsblog.thisnetwork.co.za,Hiking at the same time needs a tone cardiovascula
T2976,AU,gymbaroo.net.au,Screen Time In The Early Years
T2977,AU,afr.com,Two philosophies of M&amp;A
T2978,GB,xboxer360.com,A guide to building the 'Ultimate Team'
T2979,GB,timeshareelimination.blogspot.com,Timeshare Elimination No Upfront Fees: how to get out of a
T2980,IE,ennischamber.ie,Domhnal Slattery Launches Ennis APP at Your Business Expo 2012
T2981,GB,radarspotters.eu,two boxes on one PC
T2982,IE,saoirsedaily.org,Development Of An Argument
T2983,GB,northeastchildpoverty.wordpress.com,CPAG Guest post: The death of the social fund? « North East Child
T2984,GB,streethypnotism.com,Have sex with anyone
T2985,GB,studydriving.com,The Difference Between City and Highway Driving
T2986,GB,wcorry.blogspot.com,"""TheMarketingblog Extra"": FMCG Research / ""Grocery shopping and"
T2987,ZA,leftlane.co.za,Hyundai I30 1.8GLS | Left Lane Motoring
T2988,GB,newsroom.speedo.com,"Look good, feel great and make a splash!"
T2989,US,raisinggreatmen.com,Are All Boys Created Equal?
T2990,GB,bambinogoodies.co.uk,Books To Deal With Deployment - Armed Forces
T2991,AU,groupthink.com.au,Straight to the back of the queue « Groupthink
T2992,ZA,chessrex.com,Chess960 - What for? | ChessRex
T2993,US,attackerman.firedoglake.com,"You Seem To Be Only Concerned With Dissing Women, Were You"
T2994,GB,waynehardman.com,The Other Side of one Wayne Hardman
T2995,US,liberatedspaces.wordpress.com,"Finally! I can see what I ""like"" on facebook « liberated spaces"
T2996,IE,feckthat.com,have you ever got one of those emails.....
T2997,ZA,nb.bookslive.co.za,"William Gumede, Author of Restless Nation, Says Marikana Has"
T2998,GB,wayahead-btrc.org,I would like to find out more about the
T2999,AU,petergallagher.com.au,Let's look at the data
T3000,GB,chasingmyths.com,Chasing Myths: At the Mercy of the Tempest
T3001,AU,erinhaske.com,What do you have to lose?
T3002,US,marketingdr.blogspot.com,Marketing DR: You Need a Logo... and a Lot More
T3003,US,animespider.com,Some things to know about the development of 3D animation
T3004,IE,shanefilan.info,Westlife Win MTV's Battle Of The Boy Bands
T3005,GB,greedygourmet.com,Creamy Mushroom &amp; Sherry Sauce
T3006,US,anglocatontheprowl.blogspot.com,Anglocat on the Prowl: The Virtues of the Other Side
T3007,IE,anthealacchia.com,The Magic of... Gates!
T3008,US,duboiscountyfreepress.com,County Council goes back and forth on pay waivers; decides
T3009,ZA,coralstephens.com,"New colours, new textures and a little bit of 3D- Coral Stephens"
T3010,ZA,jackibruniquel.com,Why does it take so long for your wedding album to be delivered
T3011,AU,hieronymous.net,Doing things for the right reason
T3012,AU,onelove.com.au,IN THE AIR ALBUM : onelove
T3013,GB,dealwithpoppingpimples.org,How To Get Rid Of Popping Pimples
T3014,IE,tomhayes.ie,Hayes encourages students to apply for Student Grants as soon as
T3015,IE,englishmuminireland.blogs.ie,Normal service will be resumed as soon as possible
T3016,IE,burkley.net,Halloween effects | Mark's blog
T3017,GB,japanorama.co.uk,"A Day Out With the Kids: Kamakura Beach, Mount Fuji Sunset"
T3018,IE,unraveltravel.eu,"6-star cruising, the kind of luxury you deserve"
T3019,ZA,kristinpalitza.com,Cool Germania: Why Berlin Is a Haven of Hip
T3020,ZA,thefringe.org.za,A zine extravaganza tonight in The Fringe
T3021,ZA,skinaffluentlucrative.bloglines.co.za,5 Terrific Locations to go to to in Texas « Skin
T3022,GB,the-cottage-gardener.blogspot.com,The Cottage Garden Farmer: Fungus Foray
T3023,IE,fionakelleher.com,"Lullaby, A Tale of Two Cities"
T3024,US,jessemuhammad.blogs.finalcall.com,Brother Jesse Blog: From Don Cornelius to Chris Lighty: In the Case
T3025,AU,catchpig.com,A chance to showcase your work! « CatchPIG
T3026,IE,mcevents.com,Some brides initially felt uncomfortable with the idea of bridal
T3027,US,connectamarillo.com,4 arrested after Amarillo nightclub riot : News : ConnectAmarillo.com
T3028,AU,tellhershesdreaming.com,melbourne fashion blog: let's go to the movies
T3029,US,hangukstory.blogspot.com,Hanguk Story: In winter I want to go here
T3030,ZA,sunwaysafarisblog.com,WHATS THAT UNDER THE SUNRISE??
T3031,ZA,skyfaerieplentifully.bloglines.co.za,The Very Best 15 Mermaid Videos In the past
T3032,US,newcriterion.com,Chekhov's enlightenment by Gary Saul Morson
T3033,IE,schuhebags.arabblogs.com,Fashion Prada Sneakers Popular all over the world
T3034,ZA,lifecherries.com,"Life Cherries: Oh, the Places You'll Go!"
T3035,GB,perfectmatchaupairs.co.uk,How to find a good Au Pair in London in 5 steps?
T3036,IE,saloule.com,Beauty. Fashion. Rambles.: It was a momentous occasion...
T3037,AU,chopcookdine.com,chopcookdine: RHKYC yacht race from Hong Kong to Hainan
T3038,IE,robertbolton.org,Too many broken hearts have fallen in the river... « robertboltondotorg
T3039,IE,toparticlesubmission.com,Unique Ways To Personalize A Birthday
T3040,GB,sarramanning.co.uk,You Don't Have to Say You Love Me
T3041,GB,europebudgetguide.com,Save time and money: Take the night train to Europe
T3042,ZA,theweddingdirectory.co.za,Romantic poems | Love Poems | Wedding Inspiration
T3043,US,strategicmonk.com,Waking Up to the Sacred
T3044,GB,rereviewed.com,If you have tears prepare to shed them now
T3045,GB,alexandreweddings.com,"Ronni &amp; Matt - Wedding Photography at Cain Manor, Surrey"
T3046,ZA,blackafricanliterature.blogspot.com,Black African Literature: A BROKEN HEART
T3047,GB,photoforbeginners.com,How to use the clone and healing tools in Photoshop Elements
T3048,AU,jimhayes2008.com,Jim Hayes Info: This is the Right Webhosting
T3049,ZA,hpchannel.co.za,More than a feeling
T3050,US,arizonageology.blogspot.com,Arizona Geology: Another quake in Morenci area swarm
T3051,US,financialtaskforce.org,Asserting the right to tax corporations
T3052,US,gingrey.com,Gingrey: President Obama's economic plan 'worked' the same way
T3053,ZA,industrysa.com,'Africa's time has come' on the global trade market
T3054,US,cookinginlucca.blogspot.com,what's cooking in my kitchen in Lucca: Tired of the same old noodle??
T3055,US,unofficialnetworks.com,June Mountain to Re-Open For 2013-2014 Season
T3056,IE,waynehardman.com,Brock The Rock | Wayne Hardman
T3057,IE,theleagueofirelandblog.blogspot.com,The League Of Ireland Blog: Reports: Premier Division (5th October
T3058,US,latechbbb.com,Spoon was on the O'Reilly Factor
T3059,IE,adivinglife.com,Two Feet From the Shore; Mullaghmore
T3060,IE,deirdreforde.ie,Barrier in Crosshaven « www.deirdreforde.ie
T3061,AU,mythreeringcircus.com,End of the first school week roundup.
T3062,IE,sam-maguire.com,Billy Rackard RIP - one of the greats
T3063,IE,thestrangequark.com,European Commission uses glossy magazine view of women to sell
T3064,AU,ipgn.com.au,PAX Australia to be held in Melbourne
T3065,GB,siamese-cats.org.uk,Skippyjon Jones | Siamese Cats
T3066,AU,beautynerang.com,What's the difference between Brazilian portuguese and Portugal
T3067,IE,irlogi.ie,Launch of AIRO and CSO Census 2011 Mapping Tools
T3068,ZA,deonbarnard.net,Prescription drugs without a prescription!
T3069,ZA,noah.clickclickboom.co.za,Donate money - Triloq | Noah
T3070,GB,ccwvslaw.org,How to Stop a Mass Shooting
T3071,IE,dooneenathleticclub.com,Munster X Country | Dooneen Athletic Club
T3072,GB,armhelp.co.uk,ARE WE GOING TO BE IN THE SAME POSITION?
T3073,GB,flatworldspaces.net,That was the BETT that was
T3074,AU,daisyrooandtwo.com,This is not a Vlog...
T3075,US,mikesmetzer.wordpress.com,"A Man Who Told the Truth: 5 Poems « Mike Smetzer: Poetry, Fiction"
T3076,US,leadwithastory.com,"Changing lives, one hug at a time"
T3077,AU,penhall.id.au,Local crane company records good sales in Canada
T3078,GB,brandneusense.com,JoBros will be here in the UK
T3079,ZA,littlebluelight.com,How To Treat This Form Of Psoriasis
T3080,US,beyonddc.com,The other new cycle track: 1st Street at Union Station
T3081,GB,limecanvas.com,6 Essential Website Elements You Must Have
T3082,ZA,verashni.com,"We talk to the ""I benefitted from apartheid"" guys"
T3083,GB,caravancapers.co.uk,Ooop North to Northumberland for Half Term « Caravan Capers
T3084,ZA,kkswami.com,Quotes from Srila Bhaktisiddhanta Sarasvati Thakura
T3085,AU,tangerinemeg.com,The dark side of the mew-n
T3086,US,drspikecook.com,Back in the Saddle Again
T3087,ZA,capetownwebdesign.com,Get To The Top Of Search Engine Rankings With These Tips On Seo
T3088,GB,alandang.com,Al Wood's Blogg: We're Going to Have a BABY!
T3089,GB,officialjennifalconer.com,This has got to be the most tanned woman I have EVER seen
T3090,AU,australianwinereviews.blogspot.com,Alontin's Australian Wine Reviews
T3091,IE,toddparker.com,BBC's Yellowstone a Compelling Nature Documentary
T3092,US,knittinghelp.com,Does anyone know how to make this?
T3093,US,calidore.wordpress.com,It Was One of Those Days aka A Small Rant
T3094,US,satyacolombo.com,It Could Have Been Different. . . (a story in pictures)
T3095,ZA,tvsa.co.za,How Much Do Soapie Stars Make?
T3096,GB,barcelonacitytours.com,the beating heart of the city
T3097,GB,blogitnow.co.uk,"unemployment claim online,super cheap car insurance"
T3098,GB,blog.weightplan.com,Get the low-down on High Intensity Interval Training (HIIT
T3099,IE,james-devine.com,Irish dancers 'get pilot G-force'
T3100,US,treehousedigitalmarketing.com,Reasons your business needs to have a Facebook page
T3101,US,phila-tribune.com,Trendy clothing that you can trust
T3102,AU,tatu.com.au,How children learn: A portrait of children around the world
T3103,GB,darkissreads.com,Darkiss Reads: The Evangeline Heresy: A Tale of Shadows and
T3104,AU,community.perth.wa.gov.au,Perth City Library Scoop
T3105,ZA,loveadvice.co.za,The Kind Of Wedding Planners New York Brides Recommend
T3106,US,uclengineeringfair.wordpress.com,Making the most of the fair « UCL Engineering Fair blog
T3107,AU,spicenews.com.au,Garuda expands network on back of strong Australian demand
T3108,US,weywerdsun.com,Mitt Romney was not a businessman; he was a master financial
T3109,IE,rathnurensblog.scoilnet.ie,Beginning of year mass. Scoil Náisiúnta Rath An Iubhair
T3110,AU,sancerre.com.au,Accessorising on a budget
T3111,ZA,sandtonshul.co.za,Sandton Shul | Parashat Lech Lecha 2012
T3112,IE,budgetmedia.ie,The Business Card Checklist
T3113,AU,thewildestofdreams.com,The Wildest of Dreams: Do What You Love: Endless possibilities.
T3114,AU,cmax.net.au,The Met Opera 2012 - 2013 - Cmax
T3115,GB,onestopclick.com,Virtualisation and the cloud--where does one stop and the other
T3116,IE,ihazabeautyblog.com,Urban Decay have decided NOT to sell in China ~ I Haz A Beauty Blog
T3117,AU,jtredblog.com,US Study finds business incubation at universities needs more than
T3118,IE,blog.loveireland.com,Reopened! « Love Ireland Blog
T3119,GB,blog.mjjames.co.uk,Developer: Why we have to be more careful about
T3120,IE,lismullin.ie,Management Forum | September 2012 - Lismullin Institute
T3121,US,pjhdesignsoneofakind.blogspot.com,Hi y'all! I hope you had a
T3122,GB,bodyjewelleryshop.com,Glow In The Dark Nail Polish
T3123,US,boomergirl.com,"Boomer Girl Diary: And just like that, they were gone."
T3124,US,robotsdancingalone.wordpress.com,And he was happy! « Robots Dancing Alone
T3125,AU,angelachurchill.com.au,Little Bits Of Me: I was going to do a proper post....
T3126,AU,blog.wuwon.id.au,A Small Matter of Programming: A usable variant type for C++
T3127,AU,fivehive.com,5 Ways to Get the Most out of Parent-Teacher Interviews
T3128,AU,meaylk.uwcblog.com,Download The Importance of Being Earnest Online
T3129,IE,tyretrade.ie,Apollo Tyres becomes a member of TyreSafe
T3130,IE,fillingthepages.com,Day Three of the Back to Nature Period « Filling The Pages
T3131,ZA,realwealth.co.za,Relationships Are Key To A Successful Life.
T3132,US,thehrisworld.com,Optimizing Your Company as Well as Your Business Processes
T3133,US,blog.schoollibraryjournal.com,A Series of Unfortunate Book Jackets (2012) « A Fuse #8 Production
T3134,ZA,autres-lieux.org,Popular Summer Vacation Destinations for Campers
T3135,GB,tadk.com,Its Great To Be A Member Of Singles Free Online Dating
T3136,IE,whatsnew.citizensinformation.ie,Know Your Rights: Registering to vote // Clárú chun vóta a chaitheamh
T3137,IE,meathchronicle.ie,Last medal-winner at a London Olympics was a Dunboyne woman
T3138,GB,yourwebbusiness.co,Getting visitors to a website and making money with it
T3139,US,ncblackrep.org,"NCBRC Teen Theatre Ensemble in ""The Last Class"
T3140,ZA,afrishots.co.za,Moving from Trying to Doing
T3141,IE,pkf.ie,Declan de Lacy interviewed in Sunday Business Post
T3142,US,thenewsportsguru.com,The Boise State Equipment Truck Hit a Cow and It Was a Bloody Mess
T3143,GB,justforthechallenge.com,Becky Burridge on top of Africa! « Just For The Challenge
T3144,US,sheepsheadbites.com,Why Does This Kind Of Marketing Work On Russians
T3145,GB,shazzie.com,50 Shades of Pray « Shazzie Blog
T3146,ZA,leannelove.com,Do you want a Vera Wang Wedding Dress?
T3147,IE,flipplanet.com,"a variety of fashionable dress, according to, said she is urging ldquo"
T3148,AU,glamourpussevents.com,Are you sure you want to wear that!!!
T3149,IE,lanesborocc.com,Lanesboro Community College Longford
T3150,IE,edible-ireland.com,"Bon Appétit, Malahide"
T3151,ZA,labourlawoffices.wordpress.com,WHO SAID EMPLOYEES CAN NOT BE FORCED TO WORK
T3152,US,kleinpad.com,Been meaning to do this for a while now
T3153,IE,what-when-how.com,HENRY OF LONDON (d. 1228) (Medieval Ireland)
T3154,GB,yourgreatescape.co.uk,now's the time to think about 2013 events
T3155,AU,21stcenturynews.com.au,Act now to avoid insolvency
T3156,ZA,sixtyfour.co.za,Water based inks SixtyFour
T3157,AU,theliftedbrow.com,"'The Getaway', 'The Stranger', and 'The Barn' by"
T3158,AU,timtopham.com,Using Notestar in the piano teaching studio « Tim Topham
T3159,US,ashtangiangel.blogspot.com,"Ashtangi Angel: ""Anal breathing""...breathing in the back body"
T3160,US,vr-12.com,How to Take Care of Your Engine to Minimize Maintenance Costs
T3161,AU,geresidents.wordpress.com,"""BANNING"" SPORT AND FITNESS ACTIVITIES"
T3162,IE,zen.org,"And Now, Time for Something Completely Different"
T3163,AU,lrbonline.com.au,Working out nutrition | Little Red Book
T3164,US,otakujournalist.com,How to get a press pass at an anime convention
T3165,IE,caisie.ie,The CAISIE Project attend 50th Oughterard Agricultural Show
T3166,AU,myyouthworker.com,What to do about Schoolies?
T3167,GB,uapreporting.org,Cooperation with IPACO (Analysis of UAP photo/video documents
T3168,GB,linuxit.com,"The History of Linux from Linux Support Specialists, LinuxIT"
T3169,AU,eesti.org.au,"KiNO! #12 @ Estonian House Sydney on Friday, the 26th of October!"
T3170,ZA,meganshead.co.za,it was a big bash I tell you
T3171,AU,murraycon.com.au,Become a member of the Murray Conservatorium!
T3172,GB,dreamlandjunction.com,Love Thy Neighbour | DREAMLAND JUNCTION
T3173,IE,fotodivo.tatianag.com,FOTODIVO: Want to be original? Get inspired!
T3174,ZA,ballitonews.co.za,Red Frogs Prepare for Matric Rage Celebrations
T3175,US,13woodhouseroad.com,13 Woodhouse Road: A WIP for a long time...
T3176,IE,mayglass.com,a lesson to the world on the
T3177,IE,celtic-spirituality.net,The Centre for Celtic Spirituality
T3178,IE,nenaghcbsp.ie,Nenagh CBS Primary: Week 4
T3179,US,milehighmamas.com,Baby's Gender: To Find Out or Not To Find Out?
T3180,AU,naughtybutnice.com.au,The Benefits of Female Masturbation
T3181,AU,searchenginexperts.com.au,"SEO is more than a tool, its a necessity."
T3182,GB,mybeautie.co.uk,The Beauty Gadget Low-Down
T3183,US,samtblog.wordpress.com,Buying a BlackBerry at a Time When That Just Isn't Cool.
T3184,US,videoforshypeople.com,Being Present and Being in the Moment
T3185,AU,bwh.com.au,Public relations: It's a matter of trust
T3186,IE,propfund.com,Strong price increases for condominiums
T3187,US,newson6.com,"State Leaders, ODOT See Light At End Of The Tunnel Of I-44 Work"
T3188,AU,muppyat.blogspot.com,muppys: Mexican Pulled Pork
T3189,AU,lawfont.com,Sony and that DRM - update
T3190,ZA,blogonvaal.com,Top 5: Grilled Dishes « blogonvaal
T3191,US,elephantineblog.com,a bit of press
T3192,ZA,brattex.blogspot.com,Would be cool to have a Methodist minister as president
T3193,IE,callthemidwife.com,Cast and Crew Biographies
T3194,AU,radapriya.com,Rada Priya: cloudy with a chance of rain
T3195,GB,mobilemechanicphoenix.net,How To Start a Car Properly
T3196,AU,brandicoot.com.au,Beware of SEO Sharks
T3197,IE,handbagonline27.shopifree.com,[NEWS]Notting Hill Westbourne for Spring 2010
T3198,IE,brasseriegalway.com,A rising Star in the corner
T3199,AU,ironfish.com.au,The Importance of Victoria's Property Industry
T3200,IE,projectconsultancysolutions.com,At all is High Risk Domestic Holder Insurance?
T3201,IE,spiralli.ie,The Invisible Man at The Bank
T3202,US,thehealthlawfirmblog.wordpress.com,Fake Occupational Therapist Accused of Working in a Number of
T3203,IE,thelayabout.org,"18 Years, 5 Months, 3 weeks, and 3 Days Later"
T3204,ZA,sa-businesses.co.za,This Is How You Deal With Dust From
T3205,IE,just-lolo.blogspot.com,JUST LOLO.: To The Manor Born
T3206,IE,netns.schoolsites.ie,Guz Visits First Class
T3207,AU,mechanicsinsydney.com.au,Things To Keep In Mind When Inspecting Used Cars Stockton Ca
T3208,IE,clarelibrary.blogspot.com,'Ireland Reaching Out ' to expand in the Shannon Region
T3209,AU,marcus.herstik.com,You know it was a great weekend when ....
T3210,GB,elizabethbaines.blogspot.com,Elizabeth Baines: Balancing on the Edge of the World reviewed on
T3211,IE,radionation.ie,Christmas FM returns for 2012
T3212,IE,cartyspoetryjournal.com,Ink Drop Interviews Tate Morgan - Kathy Reinhart
T3213,ZA,ileadchildrenshealth.com,Why are children sick all the time
T3214,ZA,thatwordsite.com,Home thoughts from a Nerd
T3215,GB,sarahlizzy.com,My Speech to the LGBT+ Lib Dems/Stonewall Fringe
T3216,US,wfnk.com,Save The Music One Hertz At A Time
T3217,AU,ausudmediaproject.wordpress.com,A Refugee's review of the 'Go Back To Where You Came From
T3218,GB,dslrcorner.com,Free Auto Insurance Quotes: The Process of Getting Quotes
T3219,ZA,reservedlife.co.za,WEZI A WOMAN ON TOP (OF HER GAME)
T3220,US,earthfamilyalpha.blogspot.com,earthfamilyalpha: The Sense of the House
T3221,IE,cairdeteo.com,Siúlóid Chultúrtha in Ard Mhacha
T3222,IE,aubridalgowns.com,How to deal with your wedding dresses after the wedding
T3223,AU,ursulasweeklywanders.com,"Heart of Myanmar ~ Shwedagon Pagoda, Yangon"
T3224,AU,jollypeople.com,Meet in the Middle
T3225,ZA,durbanflytyers.co.za,Durban Fly Tyers » Bass Muddler
T3226,AU,townsvillemagpie.blogspot.com,The Magpie's Nest...: It's been a week of piss-poor politics all round
T3227,AU,longpack.com,China Packaging Companies Use Modern Technology to Satisfy
T3228,IE,romunov.blogsome.com,romunov's blog et al
T3229,GB,hurst-green.co.uk,15th Nov 12 | Hurst Green
T3230,IE,backpagerugby.com,David Keane IRB World Sevens Series/Irish Referee Q&amp;A « Back
T3231,US,blog.aarp.org,Catch Up On the Olympics With a Few Apps
T3232,IE,southwestcorkbees.com,Unusual weather patterns are affecting bees and pollination
T3233,AU,austmaths.wordpress.com,Open position: director of the Australian Mathematical Sciences
T3234,US,on-fone.blogspot.com,onfone: See also: The defendants in the case of preparing a coup in
T3235,AU,fz6-forum.com,Special delivery for Kazza and the rest of the Aussie gang!
T3236,AU,flexicommercial.com.au,The importance of keeping up with your tax
T3237,ZA,nicksadleir.com,The consummate series review
T3238,IE,bhalash.com,Came home to one less cat. Other cat is making up for it. « Self-hatred
T3239,US,diasolifeontheborder.org,Remember Who is on the Throne! « Our Life On The Border
T3240,IE,dublinplumbingservices.ie,Gas Boiler Problems - Pressure Loss
T3241,AU,theiaba.org,Visual Connections: the Role of the Visual in Memoir Compositions
T3242,AU,teenagesurvivalguide.com,GIVING A HELPING HAND: VOLUNTEER WORK AND YOU
T3243,IE,thurles.info,Thurles Credit Union Sponsor People Of The Year Award
T3244,AU,drugbustsworldwide.com,"Haiti ""Extremely Susceptible"" to Drug Trafficking"
T3245,AU,viscountroto.com.au,Viscount Rotational Mouldings provides expertise in the
T3246,AU,thepolkadotpantry.blogspot.com,The Polkadot Pantry: Up in the air
T3247,GB,heatherwick.com,Olympic Cauldron « Heatherwick Studio
T3248,US,kurzweilai.net,2012 State of the Future
T3249,IE,conorfitzgerald.net,100 things Italians get wrong
T3250,IE,freelibraries.info,A Way to Promote Your Website
T3251,US,mindandmedia.com,Yahoo! Willing to Surrender Searches In Order to Own Cool
T3252,IE,brokenblush.blogspot.com,Musings of a Make Up Maniac: Guest Post: Autumn Make-Up Shake
T3253,AU,storytree.com.au,The well of creativity and that devilish inner critic
T3254,ZA,blog.rentworks.co.za,Rethinking Corporate Social Investment in the Education Sector
T3255,AU,labonline.com.au,SIMS allows scientists to fish for facts
T3256,AU,pfg.com.au,Five easy things to do with a tax refund
T3257,IE,fishinginireland.info,This pike made up for the one that got away !
T3258,GB,bloggerbubb.blogspot.com,"Bubb's Blog: Patients First, though not in parts of the NHS .... Me and"
T3259,ZA,bpesawesterncape.co.za,Industry Awards showcase contact centre excellence in the Western
T3260,US,plantsarethestrangestpeople.blogspot.com,Plants are the Strangest People: List: Houseplants That Can be
T3261,GB,mugsy.org,Freshers Week. Part 1 | The Clockwork Brain
T3262,AU,artygraffarti.com,Against The Grain @ Mavern Ramsay Gallery
T3263,AU,epicureanofsouthbank.blogspot.com,The Epicurean of Southbank: Matilda Bay Bar and Brewery
T3264,AU,blog.aussie.com.au,A Bigger Stronger Aussie: Here To Keep The Banks Honest
T3265,ZA,blog.afridesign.com,The most important part of your Mobile Device
T3266,GB,survivorspoetry.org,Giving opportunity to artists
T3267,GB,veterans-aid.net,"Soldier Deportations ""Breach Of Military Covenant"""
T3268,ZA,labour-sa.co.za,"Labour crisis is a failure of the state, not the market"
T3269,AU,readyflowersreview.com.au,I would like to offer my sincere thanks for a wonderful service.
T3270,US,blog.eagleforum.org,Eagle Forum Blog: Veterans Day with a Bit of History
T3271,ZA,amandadevine.co.za,What is Your Story?
T3272,IE,athea.ie,Athea &amp; District Notes
T3273,ZA,hamishpillay.wordpress.com,Trying so very hard to be the better person « Undiagnosed ADHD
T3274,GB,dukespecial.com,Songs/Artists that you would like to see Duke cover
T3275,US,arvydasplatakis.wordpress.com,How I was able to hear Desteni message « Arvydas's Blog
T3276,US,cheapmotelsandahotplate.org,"""Killing People in Apollo"": An Update"
T3277,ZA,blog.glossybox.co.za,"For The Love Of Weaves, by BeautySA"
T3278,GB,etims.net,There's a pandemic a-coming
T3279,US,mishaburnett.wordpress.com,Where's The Kaboom? (There's Supposed To Be An Earth
T3280,GB,intdragon.net,Ceremony of Dragon d'Or
T3281,ZA,kiahatfield.co.za,Behind-the-Scenes of the 2013 Sorento Ad « Kia Hatfield
T3282,AU,passthegeek.com,Where in the world..
T3283,US,aidsfoundationwm.org,Former Grant Recipient Robert Quinn Named President of the Board
T3284,ZA,arcurs.com,Facebook Contest Winner - We're Impressed!
T3285,GB,davidkeen.blogspot.com,Opinionated Vicar: Pitching a script for the next series of Rev.
T3286,IE,imagestylematters.com,The Importance of wearing a slip
T3287,ZA,freerangechickens.co.za,Pressure Calls for Ban on Antibiotics In Poultry
T3288,GB,blog.airesoft.co.uk,Things MS Can Do That They Don't Tell You About
T3289,ZA,travelblog.portfoliocollection.com,Are YOU Going to Do It This Year?
T3290,US,fashionismymuse.blogspot.com,Fashion is My Muse: Creative Process Journal and The Work of Art
T3291,US,haulyp.org,October 2012 < Houston Area Urban League
T3292,GB,andrewrilstone.com,life and opinions of andrew rilstone: Revenge of the Sith (Redux)
T3293,GB,roadfree.com,Design and Decorating Tips for Your Living Room
T3294,US,officetoocean.blogspot.com,From the Office to the Ocean: Here It Is
T3295,AU,carladelvex.com,the rest of my time
T3296,ZA,rainwaterharvesting.co.za,Forests Dying in South Sudan Violence
T3297,US,megam.info,How is the process of 3D printing and what industries use it
T3298,ZA,abecamelojewelryblog1.bloglines.co.za,a lot of people that is utilized to resolve in pl « Abe Camelo jewelry
T3299,IE,brownbreadmixtape.wordpress.com,the brownbread mixtape would love it if you joined it in a variety of
T3300,US,abeerfortheshower.com,A Beer for the Shower: It's Free As Long As You Pay For It
T3301,IE,scoilaireagail.ie,Kilkenny Cats bring the Liam McCarthy to Scoil Aireagail
T3302,AU,greenleft.org.au,Class struggle in the Zionist state
T3303,IE,purchase.ie,How to Counter Water Charges
T3304,ZA,amodmunga.com,We Need To Talk About Google Plus...
T3305,IE,backstage.ie,Men in Coats &amp; Kasper Jensen Circus Show as part of Aisling
T3306,US,theragingcelt.wordpress.com,Down to the wire... « News from the Front
T3307,IE,irishartsblog.com,Irish Arts Blog: a long time
T3308,IE,simpsonftpr.ie,News of The World Sacrificed for Bigger Prize? « Ronnie Simpson's
T3309,US,barneveldpubliclibrary.com,Step Right Up to the Haunted Carnival!
T3310,AU,eagleyeimages.com,Pet Bereavement by Eagleye Images &amp; Design
T3311,AU,petermeadit.com,Top 5 SEO Blogs by the best experts available
T3312,AU,consciencevote.com.au,It's all up to us now « The Conscience Vote
T3313,ZA,slicktiger.wordpress.com,The first time I got arrested « Them's Fightin' Words
T3314,AU,casinonewsmedia.blogspot.com,Casino News Media: Casinos of the world: land based and online
T3315,AU,smartproductcreation.com,How Product Creation is the Most Important Step
T3316,GB,dwainreid.com,Some of the common mistakes 'entrepreneurs' make when starting
T3317,IE,stobserver.wordpress.com,#MSUelec12 : The First Red P Poll Results
T3318,AU,aboriginalartresource.com,Art's Man of Reckoning
T3319,ZA,unrestrictedliving.co.za,Do the right thing....help Josh save our rhinos.
T3320,AU,danceinforma.com,The New New Zealand Dance Company
T3321,ZA,pennyhaw.wordpress.com,It's a matter of trust
T3322,GB,thebarbequepitseattle.com,As soon as old car tires are worn down and also harmed concise
T3323,US,sethkoenig.bangordailynews.com,"Portland best in the country for empty nesters, finance magazine says"
T3324,AU,femmefiles.com,8 Foods to Remove From Your Fridge Now! « The Femme Files
T3325,AU,anneurquhart.com.au,Transcript of Interview with the ABC's Tony Briscoe on the Closure of
T3326,US,soundofcharlotte.wordpress.com,Observer: Perick enjoys freelancer's life -- at least for a while
T3327,ZA,metronewspaper.co.za,"Israel will continue Gaza air strikes for ""as long as necessary"""
T3328,AU,neuralfibre.com,IBM RAID had to be different « Paul's esoteric
T3329,IE,tipptatler.ie,IS THERE ANY TRUTH TO URBAN LEGENDS?
T3330,US,hypotheticalmean.wordpress.com,This is how we are going to save the economy? « Hypothetical Mean
T3331,US,supergiantgames.com,Out Now: Bastion for iPad!
T3332,ZA,nickandnelly.co.za,Nick &amp; Nelly Joinery
T3333,US,sbseminar.wordpress.com,A couple of links « Secret Blogging Seminar
T3334,AU,visualq.com.au,Eye Tests | Visual Q Eyecare
T3335,GB,marinereservescoalition.org,Fish are wildlife | Marine Reserves Coalition
T3336,US,iquilezles.org,not the same thing
T3337,AU,peacefulparenting.com.au,The secret is in the dirt... cleaning up after family fighting breaks out
T3338,IE,igcma.com,Irish Golf and Club Managers' Association
T3339,AU,danielyeow.com,Eve of the Event
T3340,GB,thepuppetmasters.net,WOW! InterManager Enter the Heart of Darkness
T3341,US,rowansstory.blogspot.com,"Rowan's Story: ""As long as you have family and friends with you..."""
T3342,IE,teragram.furiousthinking.org,Marble floors are ideal for spitting on
T3343,GB,blog.treehotel.co.uk,So what does food have to do with the Olympics?
T3344,AU,elliegonsalves.blogspot.com,ELLIE GONSALVES: You have a delivery!
T3345,IE,wellsforzoe.wordpress.com,A kind of a newsletter!
T3346,AU,lg55lw9500.com,Q&amp;A: When was the first LG and Samsung Smart TV released?
T3347,IE,krank.ie,News Snippets - August 1st 2012
T3348,US,progressiveislam.info,"On the other hand, it can't"
T3349,ZA,politicoafrica.com,China in Africa: A threat to the West? : POLITICO AFRICA
T3350,ZA,beatdepression.co.za,Brain training is a variety of exercise for brain to improve its
T3351,GB,poiresauchocolat.net,Poires au Chocolat: Amazing Fruit Salad
T3352,ZA,bpmlife.co.za,A Few Lulo Cafe DJ Heights
T3353,IE,brcmcmahon.com,BAM secures funding for Irish PPP schools
T3354,GB,efrafandays.wordpress.com,The Titanic Made Less Noise When She Was Sinking « A Rabbit's
T3355,ZA,g33q.co.za,"So You Want To ""Work In IT?"""
T3356,ZA,poisonpen.co.za,Sunday Chores! « The Poison Pen
T3357,IE,jobsguideireland.com,Intreo.ie New Jobseekers Service
T3358,IE,thephotoimaginarium.com,Up In The Hills of Howth « The Photo Imaginarium
T3359,US,koruvillage.com,November Member of the Month
T3360,GB,jimwalks.com,You know what...I actually think I might be able to do this...
T3361,IE,simpsonftpr.blogs365.org,If Bertie Was a Client... at Ronnie Simpson
T3362,ZA,mozguide.com,Maputo to Giriyondo and then Giriyondo to Inhamban
T3363,IE,glenannesc.ie,Ladies seconds match report
T3364,GB,finders.co.uk,Do you need a home at the last minute?
T3365,GB,sulli7.multiply.com,it is not the end..
T3366,GB,scooterotica.org,Scooterotica.org * View topic
T3367,US,fusicology.com,Cornel West Interviews Chairman of the Revolutionary Communist
T3368,US,sciaticapainrelieftoday.com,Alternative Remedies That You Can Use To Relieve Sciatica Pain
T3369,AU,tooraktimes.com.au,Brian Eno On Recorded Music.
T3370,IE,digitalmarketingnerd.com,Private message on Facebook made public
T3371,GB,pondera.me,How to take a Wellbeing Break in 2 minutes!
T3372,AU,healthprofessionalwellbeing.com,The development of burnout in nursing students
T3373,ZA,maristassociation.co.za,Playing at Lords Ground- By Gerald Buttigieg
T3374,GB,vegibike.com,"Guatemala, Honduras, Costa Rica, Panama"
T3375,US,parenting.com,The Go-Gurt Dad: The Most Important Voter in 2012
T3376,IE,kiss.ie,Science Week 2012 - Our top picks. - kiss.ie
T3377,GB,iuriel.com,"""Abundance Mentality"" Learn one simple concept to maximize"
T3378,ZA,integralwebsolutions.co.za,Most Of The Web Traffic Tips Are Completely Useless
T3379,GB,thejordanturner.co.uk,"Apple, Samsung control 106 percent of industry's profits"
T3380,ZA,compuscan.wordpress.com,Santa's Secret Revealed: There is no naughty list!
T3381,ZA,inquisition.co.za,Community Management is not a junior role
T3382,ZA,injurylawyer.c8u.org,Items In Order To Take Into Account While
T3383,IE,blog.golfpond.com,Golf shoes don't need to be boring
T3384,GB,ktminiatures.blogspot.com,KT Miniatures Journal: A Rather Lovely c1930s Tri-ang Stockbroker!
T3385,ZA,louisa123.wordpress.com,"Jumpy, jump and other weekend ramblings « 123 Blog Myself"
T3386,IE,kerrynews.wordpress.com,Campaign to make part of Inch beach nudist « Kerry News Blog
T3387,GB,balltrotter.com,Jane Austen House Party- Budapest 5 October 2013
T3388,US,waystationone.com,WaystationOne: we would not be deterred (bicycle)
T3389,ZA,afrigis.co.za,"AfriGIS Navigator (South Africa) now boasts LIVE TRAFFIC, in proud"
T3390,AU,farsidetravel.net,Fill in the Blanks without Spilling your Drinks
T3391,ZA,lifeimprovement-uk.com,Improving People Skills: How To Talk To Anyone And Be A People
T3392,ZA,blairadise.com,Happy Birthday to Me!
T3393,ZA,yogainjoburg.co.za,Successful Weekend Yoga Detox Retreats with AM Wellness
T3394,AU,opinionaustralia.com,We seem to be back!
T3395,US,therainmakermaker.com,Do your customers want you to be a better sales person? Homework
T3396,AU,forwardtherapy.com,Sustainable Psychotherapy: What is Eco Friendly Counselling and
T3397,IE,rejoycedublin2004.com,Finding Your Target Market -the First Key
T3398,IE,wesleycollegescience.blogspot.com,Wesley College Science: Astronaut Paola Nespoli visits Dublin
T3399,AU,experienceoz.com.au,Top Things to do with Kids in Sydney
T3400,US,exploringeliza.com,Quick Fiction Hallowe'en: On the Way to the Party « Exploring Eliza
T3401,AU,homeempress.com,The Home Empress: Thank You
T3402,IE,retailersolutions.enterprise-ireland.com,The Challenges of Digital to Grocers
T3403,IE,highstonetower.com,"Setting the scene for capital, funding and liquidity management"
T3404,US,cameronleecrowhurst.com,Visiting home for the first time
T3405,ZA,momentography.co.za,Ashleigh and Craig | Momentography
T3406,GB,thepreservationsocietypresents.com,Theatre Royal The Story Of My Life'
T3407,ZA,blog.centrc.net,Part 1/3 A look at the Lab2D features in detail
T3408,IE,bazaarcollective.com,Bedroom Styling Step II « Bazaar
T3409,US,phishthoughts.com,Mr. Miner's Phish Thoughts
T3410,AU,scarrablog.com.au,A handful of sand
T3411,GB,thecromartyarchive.org,Photo inside my Dad's Chemist's shop
T3412,GB,flowerstofrance.com,Looking for a Few Good Entrepreneurs
T3413,GB,modculture.co.uk,Stamford Hill Mods: The Genesis of Marc Bolan exhibition
T3414,IE,thecoronas.net,Tour blog 1 - Europe Oct/Nov 2012
T3415,GB,thebaoliblog.com,A Little Bit Of Luxury
T3416,IE,travelmood.ie,A few steps from the historical centre of Verona
T3417,ZA,ujalumni.co.za,Research News and Funding Opportunities
T3418,US,deepwellswithglennmyers.blogspot.com,Deep Wells: Practices of Prayer in the Early Church: Standing before
T3419,GB,migrantforum.org.uk,Integration? You deal with it!
T3420,US,lostnwonderland.com,"""I was kind of depressed for a while, but now I'm doing alright"
T3421,ZA,boogieblast.co.za,Origin of the Vuvuzela
T3422,ZA,diary-of-a-daydreamer.blogspot.com,Diary of a Day Dreamer: Strong is the new Skinny
T3423,AU,oinai.uwcblog.com,Top of the Line album download
T3424,US,suburbansnapshots.com,Despite the Fact that My Dogs Don't Read Or Understand English
T3425,IE,croom.wordpress.com,Training for older people in the basics of computing and the Internet
T3426,AU,michaelhetherington.com.au,10 Tips to Flow with the Energy of Spring
T3427,IE,eumom.wordpress.com,Ten things to bring if you have to stay overnight with your child in
T3428,ZA,ltg.letstalknetwork.tv,Jaco's Tron AI uses Sanskrit to battle Apple's Space Race :LTG
T3429,IE,travelbloggingireland.com,Have You Ever Sat on the Floor of a Library?
T3430,AU,sacredfamiliar.com,SACRED FAMILIAR: Last Chance to take The Path Within for 2010
T3431,IE,weirdism.com,100 Most Disgusting Things On The Planet
T3432,US,brianmctaggart.mlblogs.com,Crane hopes to have staff in place by week's end « Tag's Lines
T3433,AU,timelessmemoirsphotography.com,Beautiful Memories of a Beautiful Family... Timeless Memoirs
T3434,IE,irishtechnews.net,Leaked images of BlackBerry L &amp; N series
T3435,US,homelesscatcare.blogspot.com,Homeless Cat Care: Grateful that they are well
T3436,US,choseh.blogspot.com,Seoul Searcher: First In The World
T3437,US,festival.dcshorts.com,Behind the Scenes: A Look at the DC Shorts Parties
T3438,AU,jodiesjourneys.com,This Week In Luxury Travel « Jodie's Journeys
T3439,AU,b2cloud.com.au,Forcing UIViewController orientation | b2cloud
T3440,US,catforehead.wordpress.com,Something to think about (1) « Cat Foreheads &amp; Rabbit Hutches
T3441,IE,irelandchauffeurtravel.com,Ireland Chauffeur Travel welcomes the O'Neill Clan to our Gathering
T3442,IE,ezsales.ie,Is Management For You?
T3443,US,phatcatholic.blogspot.com,phat catholic apologetics: For the Optional Memorial of the Most
T3444,GB,mossley-council.co.uk,We are looking for a new Clerk of Mossley Town Council
T3445,US,expertmlmreviews.com,Network Marketing In A Way That Works
T3446,ZA,worldcup2010-southafrica.info,2010 South Africa World Cup Series Back Covers for iPhone 3G/3GS
T3447,GB,jcm.org.uk,Another reason for the lack of British politics here of late
T3448,ZA,carsurvey.org,"Chery Tiggo Reviews, Page 2 of 2"
T3449,AU,wheresbrentbeen.com,The Suite Life « WHERE'S BRENT BEEN?
T3450,ZA,zakwood.co.za,The rest of the Singapore trip
T3451,GB,katieredmond.com,UKIP if you want to.
T3452,IE,dctv.ie,What's Coming Up In The Dublin Writers Festival.
T3453,US,emergingmarketsdirect.wordpress.com,Ukraine's currency may have to be devalued « Emerging Markets
T3454,IE,tcd.ie,News Item - Communications Office - Trinity College Dublin
T3455,US,not-the-jet-set.blogspot.com,not the jet set: How To: Get a Deal
T3456,ZA,catholic-aliwal.org,Diocesan Pastoral Letter to the Learners concerned with well-being
T3457,GB,blog.gadgethelpline.com,32GB Google Nexus 7 Jelly Bean Tablet sent to Japanese Customer
T3458,ZA,bobtail.co.za,A Guide to Choosing the Right Kind of Natural Dog Food for Your
T3459,IE,tipperarylibraries.ie,Photographic Exhibition of the Armstrong Collection of Moyaliffe
T3460,ZA,ufriedaho.co.za,A Jozi Pavement Banquet
T3461,ZA,saep.org,Emerging poet a finalist in national poetry competition
T3462,IE,acne47.sitestash.net,Adoloscent Acne - How To Deal With It
T3463,GB,thesocialmediaconsultancyltd.co.uk,Do You Want To Expand The Functionality Of Your Website?
T3464,GB,times.weed-city.net,Reefer Madness: A propaganda film anti-marijuana of the 30s
T3465,AU,rideettalong.com.au,Meet the newest member of the Ride Ettalong team
T3466,IE,festinalentegardens.ie,History of the Walled Gardens
T3467,ZA,eco.longtrinh.com,The are a number of indices which measur... « Long's Vault
T3468,ZA,barbacoa.co.za,FESTIVE MENU | Bar Ba Coa
T3469,GB,independentinvestor.co.uk,The majority of US stocks fall after two-day rally; Corn at the record
T3470,ZA,girlsbestfriend.co.za,2012 Engagement Ring Trends | Girls Best Friends
T3471,ZA,apple-and-eve.co.za,Focus on focus | apple-and-eve.com
T3472,US,oneislandtwonations.wordpress.com,"WikiLeaks: Pact With JVP Is 'Just Words', I Know How To Handle"
T3473,US,everydayiwritethebookblog.com,THE AGE OF MIRACLES by Karen Thompson Walker
T3474,GB,owenstaton.com,"The dark half of the year""The greatest storyteller of"
T3475,IE,cagecontender.com,Cage Contender FightStars: Quotes of Note
T3476,US,netprnews.com,Want to See a Complete Trend Analysis of Hot Stocks? Take a Look
T3477,GB,teakshop.co.uk,Home of the Week: Updated childhood home in Bay Ridge
T3478,GB,theeuroprobe.org,2012- 14 BBC and freedom of Information
T3479,IE,spiderworking.com,Your Guide To Facebook Promoted Posts
T3480,IE,madprideireland.ie,James Reilly Has To Resign
T3481,AU,latrobe.edu.au,"Dinosaurs more than a bunch of old bones, La Trobe University"
T3482,IE,internetnews.ie,"Apple 'iPhone Mini' To Be Half The Size, Price Of iPhone 4: RUMOR"
T3483,AU,logictivity.com,Facebook is cruising for a bruising
T3484,GB,ecigarettedirect.co.uk,The Future of Vaping: Eight Revolutionary E-Cig Devices In Top
T3485,ZA,charmainepauls.com,Charmaine Pauls Blog/Q&amp;As
T3486,GB,chewyourownfat.com,Crowning Turds #11 - CHEW YOUR OWN FAT
T3487,US,lydiapuenteharris.wordpress.com,There is a nude in this post « Lydia Puente Harris
T3488,US,babygotbooks.com,Say You're One of Them
T3489,IE,fawbie.com,Connecting with Seamus Heaney
T3490,GB,naitbabies.org,NAIT Bears Visit with the Dugan/ Hickey and Zupan Families
T3491,AU,tannerjames.com.au,It doesn't have to be complicated
T3492,US,politicalgame.blogspot.com,The Political Game: Middle of the Week Mélange
T3493,IE,willieodea.ie,Turn intellectual property into profits
T3494,US,energeopolitics.com,Reports of Mexican oil demise appear to have been exaggerated «
T3495,US,splinedoctors.com,Subtlety in the Face
T3496,AU,deadandburied.com.au,Dyeing to find out...
T3497,AU,bubhub.com.au,Do you agree that this is disrespectful?
T3498,GB,sevenseassevensummits.com,"""Where do you go to the toilet?"" « Graham Hoyland's Seven Seas"
T3499,US,mashangel.com,Why Sleep is Important if You Want to be Healthy
T3500,US,stephaniemballo.com,Take Me Down To The River
T3501,ZA,shannonhope.co.za,Shannon Hope - South African Pianist
T3502,IE,cyclingpsychology.com,5 tips to prepare mentally for racing
T3503,GB,theatreoffashion.co.uk,In the Spotlight - Theatre of Fashion
T3504,ZA,pbmusicacademy.com,Getting Started with AS Music Lessons
T3505,IE,daniel.brierton.me,Apple online stores being updated all over the world
T3506,IE,mayoac.com,John Byrne: brilliant 5th in World Trophy 50k (updated)
T3507,ZA,thepessimiss.com,And that's all there is to it!
T3508,ZA,mineweb.co.za,Investing in junior miners: Assessing the risks
T3509,IE,cmcireland.wordpress.com,"Dublin Sound Lab at InnerSound New Arts Festival, Bucharest"
T3510,US,bloggingthebeast.com,"The ""max protect"" excuse is not a valid one this time around for the"
T3511,IE,readingselfreadingothers.com,Knowing SEO for the Company
T3512,GB,menopause-exchange.co.uk,OVARIAN CANCER: WHAT WOMEN WANT TO KNOW « The
T3513,IE,handwrittengirl.com,Married by Christmas by Scarlett Bailey
T3514,US,imposemagazine.com,You Don't Have to GO
T3515,GB,digitalsunrise.eu,Economy Differences In Europe
T3516,GB,tiredandemotional.wibsite.com,When Does It Start Growing Ma?????
T3517,IE,mummymania.blogspot.com,Mummy Mania: The night terrors
T3518,US,tigeroer.wordpress.com,Reflections from a group of health practitioners
T3519,IE,rathcoffeyns.scoilnet.ie,Winners of the 2nd day of the Primary Schools interschools show
T3520,ZA,thetrainingportal.co.za,Change and How to Deal with It
T3521,US,drdianehamilton.wordpress.com,Data Reveals What it Takes to be an Entrepreneur « Dr. Diane
T3522,GB,blog.heyjodesign.com,HEY JO!: RECENTLY: MOONSET by A
T3523,ZA,dermalogica.co.za,Thank you letter to Dermalogica « News
T3524,ZA,weightlosshealthtips.com,How to Deal With the Weight Gain When You Quit Smoking
T3525,AU,realityrevelations.com,In his experience it was too political.
T3526,US,blogs.law.widener.edu,China Blog · But No One Seems to Be Able to Control Spam
T3527,US,blog.phillypolice.com,"Good morning officer, it's nice to see you"
T3528,US,innitforthepoints.com,"See You Later Hyatt. It's Nice to See You Again, Hilton"
T3529,US,hsjhpantherpress.wordpress.com,People who care « hsjhpantherpress
T3530,ZA,theweekly.co.za,10 things women need to know about men
T3531,GB,ourlondonstory.com,Middle of the week
T3532,ZA,cestlavietlb.wordpress.com,So I'm now a Mrs! Part 1 « C'est la Vie
T3533,GB,winkypedia.net,Hidden treasure of London Olympic Games 2012 « Winkypedia
T3534,US,kameronhurley.com,In Which the Protagonist Realizes It's November
T3535,IE,douglaspost.ie,A Tiny Handful of Promise
T3536,US,catholicism.about.com,"Saint Matthew, the First Evangelist"
T3537,IE,holychildcommunityschool.ie,Holy Child Community School
T3538,IE,ourtrip2012.com,Getting by with a little help from the friendly!
T3539,AU,innisfailchamber.com.au,Letter from President to Members - 12 September 2012
T3540,US,hugohosting.com,Choosing The Most Effective Cheap Web Hosting Service Provider
T3541,IE,hipdropcollective.com,Owiny Sigoma Band create a sweatbox at the Glasshouse Hotel as
T3542,AU,adelaide.edu.au,Nobel name for new science building
T3543,US,nukingpolitics.com,Nuking Politics: Who Benefited Most From the Debate Last Night?
T3544,IE,ernestgoodheart.com,Away From The Fog
T3545,ZA,opcclub.co.za,"You know most of the details, some interesting facts"
T3546,AU,poppypeach.com,yarn goodness: Love is in the air!
T3547,GB,limousinlife.com,Any Old Iron - or steel in this case
T3548,US,crcds.wordpress.com,"""On Rights and Rites in the Same-sex Marriage Debate"""
T3549,ZA,waterkant-capetown.co.za,JP from Loading Bay
T3550,IE,uxinthewild.com,No mobile website = big usability problem
T3551,ZA,witsvuvuzela.com,Voices from the Wits Mandela Day 2012 celebrations at the Origins
T3552,ZA,hangklipathletics.co.za,THE 2010/11 HAC SUMMER SERIES
T3553,GB,dorsetscouser.com,Some of the proudest moments of my life.
T3554,US,specialeducationadvisor.com,11th Circuit Court of Appeals Decision: IEE reimbursement
T3555,ZA,lenzinfo.co.za,ROADS AND TRANSPORT DEPARTMENT TO MAKE A CHANGE
T3556,AU,ashsacentral.com.au,ASH SA Central Branch
T3557,US,over-50.typepad.com,Raja Gupta: Happens all the time
T3558,US,pr.webmasterjrseo.com,How to Get a Wordpress Website to # 1 in Google (seo); Free Press
T3559,ZA,gadgetmaven.co.za,Telkom is a Ponzi scheme
T3560,US,osterads.blogspot.com,The Evolving Blog: Geo-Enhancing the Quality of your Life
T3561,US,theologyweb.com,Different Calendars during the Time of Jesus
T3562,AU,jenniferhansen.com.au,ACTING UP - Day Three of the Howard Fine Masterclass
T3563,US,beacon.wharton.upenn.edu,The Value of the Wharton Network
T3564,GB,voiceinamillion.com,Why we have a Fee for Auditions
T3565,US,noimpactman.typepad.com,Avoiding pharmaceuticals as a way to keep our water safe
T3566,AU,olanina.com,The first female surfer in Iran
T3567,GB,saucydating.com,Sex With Twins An Impossible Feat
T3568,ZA,netball-sa.co.za,SuperSport and Netball SA Announce Partnership from 2013
T3569,AU,storiesmynanatells.com,Kaarakin Fundraising Project Overview
T3570,IE,colmoregan.com,Cheeky Imfs | Colm O'Regan
T3571,US,hoodedutilitarian.com,"Subversion, Satire, and Shut the Fuck Up: Deflection and Lazy"
T3572,ZA,scarletnguni.com,bright shining light... | scar*let nguni
T3573,AU,blackvelvetchair.blogspot.com,"Black Velvet Chair: My ""Wardrobe Phone"" {Shopping}"
T3574,AU,arts.blogs.slv.vic.gov.au,"All the world's a stage, and screen! « Arts"
T3575,AU,freshscience.org.au,Galaxies in the thick of it grow up fast
T3576,ZA,wmarinovich.com,Autumn morning with the Canon 1Dx
T3577,AU,ysabet.thorne.id.au,"Screwing up my 365project, and general technology fail."
T3578,IE,theclaremontroadkitchen.com,Steak BBQ Marinade - A weekend treat
T3579,AU,eaeedlo.uwcblog.com,A Matter of Life and Death Movie Now
T3580,IE,ulster.gaa.ie,Down Teachers Go Back To School
T3581,US,knittwopointetwo.wordpress.com,We need to talk about Laura [Royal Ballet Triple Bill]
T3582,IE,meditationsfromabove.com,A Meditation On Grace
T3583,US,pamelaspunch.com,A Circus of Their Own : Martha's Table Pre-Cirque du Soleil Festivities
T3584,ZA,whatis.co.za,Checking to See if There is a Healthier Plastic Container Out there
T3585,GB,hypnotension.com,"Hypertension death rate ""like having 6.5 September 11th Attacks"
T3586,AU,aussieexpatadvice.com,Are you missing out in the billions of lost superannuation? « Aussie
T3587,GB,timetocookonline.com,Pecorino Half-Pound Cake « Time To Cook
T3588,IE,designsbybonzie.blogspot.com,Your NOT going to believe this!
T3589,ZA,assaf.co.za,ASSAf - Science for Society - eNewsletter
T3590,ZA,getcheapflights.co.za,Aberdeen Flights - Book Online
T3591,IE,mdgballygall.scoilnet.ie,We have a published writer! « mdgballygall.scoilnet.ie
T3592,GB,servicemagic.co.uk,Fix Central Heating Pump Problems
T3593,GB,forexmarketpulse.com,The Use of Fibonacci Retracement Technique in Forex Trading
T3594,ZA,talentdrivenvalue.com,Does Africa need unique Talent Tools?
T3595,AU,diysmallbusiness.com.au,Grassroots Web Peeps - I'm one of them!
T3596,ZA,ccm.co.za,downhere wins three major awards at gma 2012 covenant awards
T3597,GB,followthatapp.co.uk,"Location of Hidden Packages, Staunton Island"
T3598,IE,dlscouts.ie,"Phoenix 2012 Log by Matthew Gaynor, Patrol scribe"
T3599,GB,refute.me.uk,First two Kaggle scrummages
T3600,IE,mox.ie,Sharon White: The World is not the Universe Moxie Studios
T3601,GB,thedailydust.co.uk,Who's Cleaned Up At The Bookies?
T3602,US,speaksinside.wordpress.com,"""I'm a part of the problem, my problem is I'm peaceful And I believe in"
T3603,IE,blog.webangel.ie,"Facebook is going to launch ""something awesome"""
T3604,AU,lisamharrison.com,Ashwin Farinacci - Meeting the Elohim
T3605,US,123classifieds.us,A number of Facts Around Insect Bites And Stings
T3606,ZA,ameu.co.za,AMEU - eJournal - NERSA Distribution Licences
T3607,IE,cottageology.com,Dublin City Cottages Project
T3608,ZA,forum.mommies.co.za,IF YOU KNEW THERE WAS A CHANCE....
T3609,ZA,readersdigest.co.za,10 books to read this summer
T3610,ZA,databuild.co.za,An on-line marketing edge for Databuild clients. Your customers are
T3611,IE,clickstream.ie,The Power of Sandy and Social Media
T3612,IE,coniecto.org,IxDA Limerick - the first meetup this autumn
T3613,GB,bookvietnamtour.com,I want you to make the booking to Bali
T3614,US,sdhammika.blogspot.com,dhamma musings: A Matter Of Sacrifice
T3615,GB,foodforthink.com,The Waldorf Project: Chapter One / Muskmelon « Food For Think
T3616,ZA,terranouveau.co.za,Paris: City of Beauty
T3617,IE,glasseyalley.com,Offering Assistance « glassey alley
T3618,GB,tofufa.wordpress.com,Everyday is a brunch day in Istanbul.
T3619,GB,musiclikedirt.com,...And this is our final number - Camden Crawl 05
T3620,GB,lingscars.com,Citroen C2 Lease delivered to Wayne Farmer in Leicester
T3621,IE,muhabbeti.com,Look to get a Language Institution UK for max Language Good results
T3622,US,sramanamitra.com,"18,000 People On The Bench At Infosys"
T3623,US,organicbeautytalk.com,My Visit to Spa Merge in NYC
T3624,GB,penrithcrafts.blogspot.com,Samantha @ Penrith Crafts: Mo jo going to take another knock! But
T3625,US,allsufficientgrace.wordpress.com,There is a Fountain Filled with Blood « Allsufficientgrace
T3626,ZA,successfulcustomeroutcomes.net,How to please all your customers all the time
T3627,US,bitroar.posterous.com,Do Web Developers Ever Learn?
T3628,ZA,didowines.com,"I'll have the white, as long as it's Sauvignon Blanc"
T3629,AU,cochranelivestock.com.au,Terms and Conditions of Sale
T3630,GB,blog.buyspares.co.uk,Fridge Door Seals Can Be A Haven For Bacteria
T3631,ZA,shireenlouw.com,Weird and Wonderful World of a Wedding Photographer
T3632,IE,karenmillen-ireland.net,canada goose outlet 746for mens
T3633,GB,swansea.theoffside.com,A not so potted history of the Premier League's newest member
T3634,GB,eastop.net,A Kind of Blue Pip Eastop
T3635,US,ecubishop.wordpress.com,Having the Mind of Christ: Thinking Like Jesus « That We All May Be
T3636,ZA,womeninc.co.za,Making the Most of the Seasons of Your Life
T3637,IE,anthonylawlor.ie,Topical Issues Debate on Schools Building Projects
T3638,GB,omgimgettingmarried.com,"An Antique Hued Rose, Lilace and Green Wedding at Layer Marney"
T3639,ZA,lightsteelframe.co.za,How to design a water tower house
T3640,ZA,motospec.co.za,Official: Redesigned North American Fiesta to Sport 1.0-Liter
T3641,AU,waltzingmorethanmatilda.com,What Do You Think of These Names for Twin Girls? « Waltzing More
T3642,US,brookerene.com,"sky machines: Sandwich Math, and the other best things about night"
T3643,GB,musicblog.merseyblogs.co.uk,Wanted: Old rockers to form new band for the BBC's One Show
T3644,ZA,wineandi.wordpress.com,I'm Baaaaack | Wine &amp; I
T3645,US,worshipinisrael.com,"Hoshiana = Save, Please! « WorshipinIsrael.com"
T3646,US,hollywoodrepublican.net,A Hollywood RepublicanMore of the Same (from Democrats of
T3647,GB,jekkasherbfarm.wordpress.com,"Magical Mint, in the kitchen or as a herb tea."
T3648,GB,theagencyonline.co.uk,Benetton's Latest Ad Campaign Directs Attention To Youth
T3649,AU,sajenlegal.com.au,"""Can This Issue Be Arbitrated Upon"""
T3650,AU,eastofreality.blogspot.com,a little east of reality: people who make a difference
T3651,GB,exchangerates.org.uk,Australian Dollar Today: AUD Currency Loses As Chinese Growth
T3652,US,selwynduke.typepad.com,SelwynDuke.com: Hokumhontas Warren's Stupid Horse Moment
T3653,IE,xuanyuanjian.shopifree.com,Get a variety of flowers to gift - 2012
T3654,GB,strawberryfin.co.uk,Beta-1 Release now available « Strawberry Fin
T3655,ZA,singita.com,The votes are in!
T3656,AU,organicfuture.org,3D Glasses for Journey to the Center of the Earth 3D
T3657,AU,dekrazee1.com,Study: Twitter Is Not a Very Social Network dek's blog
T3658,AU,phpmelb.org,Melbourne PHP Users Group
T3659,US,jonathanturley.org,Shock Video: Massachusetts Legislator Under Attack for Declaring
T3660,GB,3store.uk.com,HTC Windows Phone 8X on 3
T3661,ZA,mondediplo.com,Boykinism - Le Monde diplomatique - English edition
T3662,AU,2ddand2md.global2.vic.edu.au,2DD and 2MD @ Leopold Primary School
T3663,US,robbwolf.com,The State of School Lunch...
T3664,IE,tusnuadesigns.net,Things You May Not Know About iTune App Reviews
T3665,US,betterroads.com,Granite's Cindy Johnsen named president of the National
T3666,IE,galwayowc.org,Marx in Soho / The Fever « Galway One World Centre
T3667,ZA,torquespeak.com,Buy It and Drive It: Flajole Forerunner « torquespeak
T3668,GB,whereareyouolga.blogspot.com,"Where Are You, Olga?: COMFORT ZONE AND ONE OF THE"
T3669,AU,emmagiammarco.com.au,"Big, Bold and Beautiful"
T3670,ZA,vitalchats.co.za,Mom-challenges: Time for the family and time for you
T3671,AU,ionlife-healthemail.blogspot.com,Ian Blair Hamilton's HealtheMail: What If... When you went to the Doc.
T3672,IE,olivermoore.blogspot.com,JOURNEYING TO EL SALVADOR
T3673,US,greenpiece1.wordpress.com,The floor that 'Roared' « Green Journey
T3674,AU,farminstitute.org.au,Australia signs up for Kyoto MK2 while New Zealand opts out.
T3675,GB,tandemrecruitment.co.uk,Head of Digital ( Global)
T3676,GB,savenewport.co.uk,Last night's Audley Avenue Plans Board
T3677,IE,danielflannery.ie,Must have Android apps! « DanielFlannery.ie
T3678,ZA,faithful-to-nature.co.za,Faithful to Nature - Natural &amp; Organic Blog
T3679,IE,compuland.ie,Sage Line 50 Back up Process and the importance of Checking Data
T3680,US,huntingenglish.wordpress.com,A Little Bit of Theory...Going Beyond Bloom
T3681,IE,kiwifit.ie,KiwiFit - Personal Training Ireland
T3682,AU,smallbarfly.com,Small is the new big for pub owners
T3683,ZA,mp3xplosion.com,Is Downloading Music from YouTube Illegal?
T3684,GB,dragonharp.com,Back in the Saddle... -- dragonharp.com
T3685,IE,beautymatters.ie,Strictly Come Dancing Halloween
T3686,AU,articleprime.com,Move Your Desk To The Woods
T3687,IE,carhirealicante.ie,Where to go on the Costa Blanca
T3688,GB,harrogate-news.co.uk,Capturing the history of Britain's largest army base
T3689,GB,killeavygaa.com,U16 Ulster Final 2012 Killeavy v St Endas
T3690,AU,bootcampbondibeach.com.au,Group Fitness Bondi | Bootcamp Bondi Beach
T3691,ZA,butterfingers.co.za,Baby Animal of the Week: 6. Gray Wolf Puppy
T3692,AU,sydney-orthodontist.com.au,Orthodontist Lane Cove Sydney Australia
T3693,US,environment.yale.edu,REDD+ all over the place
T3694,GB,thedaily.biz,How a Holistic Dentist Helps Those Who Are Afraid of the Dentist
T3695,US,la.eater.com,Who is Los Angeles' Bartender of the Year?
T3696,IE,nealerichmond.ie,Richmond encourages public to make submission on Credit Review
T3697,ZA,justasking.org,How Do I know If I Have PAS?
T3698,GB,premierleaguenews.soccerrumours.com,News: Owen Coyle delighted with level of performance during
T3699,AU,vgrinteractive.com.au,Video Referral in the AFL
T3700,GB,francisohare.com,The secret of invention is to be patient!
T3701,US,insideclimatenews.org,Will New Fuel-Economy Rules Reduce the Need for Oil Sands Imports
T3702,IE,prosperous.ie,PTSB deal for Tracker Customers
T3703,US,art.thewalters.org,Poetical Composition in the Form of a Circular Diagram · The
T3704,AU,settingupanonlinebusiness.com,Do they have the right to read my personal emails?
T3705,AU,healthymummy.com,Tips to deal with stress as a mum
T3706,US,makingthishome.com,The Quality of Our Clothes
T3707,AU,cupcakekitteh.blogspot.com,"vegan, gluten free, soy free: This... is the good shit"
T3708,AU,custompoloshirts.net.au,Polo T-shirts for Men and Women
T3709,US,blenderscripting.blogspot.com,Blender Python: Scripting Cycles Shaders
T3710,IE,renuanaturalhealth.com,Brussels Sprouts - Not Just for Christmas!
T3711,IE,thedesignerweddingshow.ie,The Designer Wedding Show
T3712,AU,wildlifetourism.org.au,Culling bats without permits?
T3713,GB,13threads.blogspot.com,"13threads: ""...the photos take as long as making the piece!"""
T3714,GB,kickingassets.co.uk,10 quick questions to find out if you have what it takes to be a startup
T3715,IE,gubuwire.com,Opinion: What This Country Needs Is Another Civil War : Gubuwire
T3716,US,mondomom.com,Take care of yourself: organize your home series conclusion
T3717,IE,colin.netech.ie,It has been a long long time
T3718,IE,blog.websuccess365.com,5 Tips to get the best out of using Social Media to promote your
T3719,IE,thejohntreacyclassic.com,Critical Bodybuilding Rules For The Beginner Bodybuilder
T3720,AU,360clean.com.au,360 Clean Mattress And Urine Cleaning Sunshine Coast
T3721,ZA,playstation-3.co.za,Naruto Shippuden: Ultimate Ninja Storm Generations Trailer Is
T3722,AU,lightdesign.net.au,Martin M1 a clear favourite at Osmond Electronics
T3723,US,winewhoreblog.com,How to Have the Right Attitude
T3724,ZA,davidperel.net,Better products or more band aids?
T3725,US,kerrymeacham.wordpress.com,Out of Pocket for a Few Weeks « Kerry Meacham's Blog
T3726,ZA,topbilling.com,THE FOOD WINE DESIGN FAIR
T3727,GB,cyprusandmore.com,Everything you need to know about the IRC Cyprus Rally 2012
T3728,GB,itsaoao.com,FUCK U ALL THE TIME (SHLOHMO
T3729,AU,alertforce.com.au,Human Resources: A Tragic Result of Workplace Bullying
T3730,ZA,ourrtw.com,To the end of the world: The Iguazu Waterfalls « our RTW Trip
T3731,ZA,photocommission.com,The Little Weaver « Photocommission by Harvey Grohmann
T3732,IE,liamgrier.net,How To Select the Best Family Car?
T3733,GB,spiritofvenus.co.uk,Would You Give Up For Any Of The Following Reasons?
T3734,AU,kickedinthedingding.com,Who knew University professors had a sense of humour !!
T3735,IE,niamhspain.com,Jewellery Design » Halloween Brack
T3736,AU,mycupandchaucer.com,DARK PLACES by Gillian Flynn
T3737,AU,thenutritionspecialist.com.au,Eat out without sabotaging your diet
T3738,IE,tempusmedia.ie,Speaker at Irish Funds Association predicts huge worldwide debt
T3739,ZA,business2u.co.za,Domestic Helper Jobs are a Source of Limitless Opportunities in the
T3740,GB,rxcomms.com,How to make the best use of graphics
T3741,AU,peterayoung.com,The Life and Times of Charlie Fatt Part 4 « Peter Young's Weekly
T3742,ZA,capetowninformer.com,World Design Capital 2014 Bid - Cape Town Video
T3743,IE,tapadoo.com,It all starts out very innocent
T3744,IE,iayo.ie,CTRYO Member of the Year Award for Richie
T3745,GB,overseaspropertyjournal.com,Using Green Energy To Make The World A Better Place
T3746,US,unfospreys.com,North Florida Faces Kansas State on Hardwood Sunday Afternoon
T3747,ZA,wicketmaiden.com,Americans look to South Africa for expertise
T3748,IE,veronicaamorris.com,Self-Confidence: What is it and how to get it!
T3749,ZA,ohmydior.org,30 days to be happier
T3750,GB,derekshirlaw.co.uk,Derek Shirlaw » November 2012 Stargazing
T3751,AU,diaryofarookiefigurechamp.wordpress.com,Diary of a Figure Competitor (aged 42 1/4)
T3752,US,charleysbicyclelab.com,We are going to Body Geometry FIT School with @iamspecialized!
T3753,AU,slome-schooled.com,Slome-schooled: This is why I won't be at school on Wednesday
T3754,US,cestchristine.com,The places I refuse to take a camera
T3755,AU,geniwate.com,the death of film
T3756,GB,aberdeen-mad.co.uk,Aberdeen 0-2 Celtic - Match Report - Aberdeen FC - Aberdeen-Mad
T3757,IE,alisonwells.wordpress.com,ALISON WELLS: Head Above Water
T3758,GB,pictureofhealthclubs.com,It was a perfect day for tennis...
T3759,AU,abitoftheother.com,"Housekeeper says ""Houston, we have a problem"""
T3760,GB,pret-a-mummy.com,What do you get the man who has everything!?
T3761,IE,robinfree.ie,How to Increase Your Blog and Website Sales Conversion Rates
T3762,IE,37dawsonstreet.ie,Twitter / carlmcq: A way to a man's heart ...
T3763,US,clarksvilleonline.com,Nashville Sounds score in the bottom of the ninth to beat the
T3764,GB,gillspatch.co.uk,I can't be arsed to think of a relevant song reference
T3765,US,blog.alz.org,Alzheimer's Got in the Way » Alzheimer's Association
T3766,GB,news.thedoctorwhosite.co.uk,The Doctor Who Site News
T3767,GB,diybanter.com,Went to the movies
T3768,AU,501st.com.au,"Welcome to the newest Member of the Garrison, ID-4751 Bids"
T3769,GB,e-tradecounter.co.uk,Basic DIY 'will help you feel in charge of your own domain'
T3770,IE,bartbusschots.ie,It Was Only an Apple Event : Bart Busschots
T3771,AU,patchworkonthepark.blogspot.com,patchwork on central park: Fabric of the Day
T3772,US,freespeechineurope.wordpress.com,Eight months jail just for saying
T3773,GB,aglugofoil.com,Giveaway - Seasonal Food Box from Knorr and Forman and Field
T3774,AU,playinglettersandnumbers.blogspot.com,"Playing Letters and Numbers: Ep 87: Leif Cooper, Rod Goulding"
T3775,US,archaeology-in-europe.blogspot.com,Archaeology in Europe News: 11/01/2012
T3776,AU,melbournedinning.blogspot.com,Melbourne Dining Experiences: NEWMARKET
T3777,IE,rubyireland.com,Let's make it happen!
T3778,GB,scotiana.com,For the Islands the great Orcadian poet will sing forever...
T3779,US,bookgroupbuzz.booklistonline.com,50 Main Street: the Face of America
T3780,US,blog.treepodia.com,"Use Product Videos To Keep the ""Google Shopping"" Grinch At Bay"
T3781,ZA,prettypretty.co.za,Stanley Kubrick's New York
T3782,IE,omahonydonnelly.ie,Key Issues to consider with Audit Exemption in Ireland
T3783,GB,loonyliterature.com,Why I Will Never Be On The Bestseller List.
T3784,ZA,daretoblair.co.za,The fashion of things
T3785,AU,propertyupdate.com.au,Skilled immigration the key to Australia's property markets
T3786,GB,hereisthecity.com,Are Quants Relying Too Much On The Numbers ?
T3787,IE,socialdublin.blogspot.com,The Best of The Best It was a
T3788,AU,sciencematters.unimelb.edu.au,First working 'qubit' a quantum computing breakthrough
T3789,ZA,oostcomeyerdewaal.wordpress.com,A SPANNER IN THE WORKS
T3790,IE,arsenal.ie,If it's not going to be us then who would I rather win it.....Manchester
T3791,US,themissionlist.com,Our social media darling is going to Haiti!
T3792,IE,geektech.ie,"Apple post Q4 2012 results, showing $36 billion in revenue with a"
T3793,IE,thefuturecreators.com,blueprint for teaching of digital skills at secondary level
T3794,GB,forestry-research.com,Reports of increased timber prices welcomed by FRA
T3795,GB,filmworks.org.uk,"Would you want to see this film, based on this synopsis...?"
T3796,ZA,north.southcoastlive.co.za,Mr Price Pro Ballito 2011 Showcases a Variety of Lifestyle and Art
T3797,IE,royalcork.com,Aidan Heffernan's 'Indulgence' will Cross the Atlantic with ARC The
T3798,AU,blog.traderdealer.com.au,Stock Market Analysis: Markets Drift Higher As ECB Reaffirms
T3799,IE,kilkennydesign.com,Trick or Treat : Kilkenny Design Centre News
T3800,GB,robertjackson.info,What is the difference between absorbing and securing
T3801,AU,cogentinsights.com,You don't need to be a somebody to be a great blogger
T3802,ZA,bigbrotherafrica.com,Big Brother Africa StarGame
T3803,ZA,traumaprevention.com,Workshop with Dr. David Berceli
T3804,ZA,gosouthonline.co.za,Brent holds above $111 on Greek deal hopes
T3805,US,chuckleavell.com,'Back To The Woods' on The Grammy Ballot for Best Blues Album
T3806,ZA,scross.co.za,"Hurt by the Church, but not running away"
T3807,AU,aarecruit.com.au,Flexible Jobs For Mums
T3808,ZA,financialplanet.org,"Choosing Careers: Follow Your Heart, but Know Where the Money Is"
T3809,IE,w4t.eu,"Talent House, San Sebastian"
T3810,US,iheu.org,"Pink Humanist: the role of ""some smart 17th-century gays"" should"
T3811,GB,blog.peoplespledge.org,"Latest blog from Mark Seddon, Director of the"
T3812,AU,bagsclothing.org,Bags Clothing » Blog Archive » Motel Clothing
T3813,GB,maroton.org,Few remarks on the development of O.T.O. Poland
T3814,AU,jebadel.com,Movie Review with Patrick Moore
T3815,ZA,globalprn.com,Global Day of Prayer
T3816,AU,kimberleymedia.com.au,Whales arrive in Camden Sound « kimberleymedia.com.au
T3817,ZA,logista.co.za,"Time is Running Out if Your Residence is in a Trust, a Company or a"
T3818,US,talascendblog.blogspot.com,"Talascend: Skilled labor jobs, and the other greatest myths of"
T3819,GB,thelittleloaf.wordpress.com,"Raspberry, Peach &amp; Hazelnut Eton Mess"
T3820,IE,likemamusedtobake.com,Hiking in Glendalough on Like Mam Used to Bake
T3821,AU,thefridgepickerstories.com,Tales from a self confessed fridge picker: Adam Skidmore is worth it...
T3822,GB,teachcomputing.wordpress.com,What's in it for me? « Teach Computing
T3823,GB,britishrallycross.com,Close at the top as British championship goes to Pembrey
T3824,GB,gunmart.net,Riflecraft New Shop review
T3825,US,youprettier.com,Fall Arrives at Bloomingdale's in the Form of Jo Malone's Blackberry
T3826,IE,the3acres.com,Love Your Local Newspaper
T3827,AU,mrresults.com.au,Get out of the Rat Race
T3828,US,ninjaswrite.com,the writer's dojo: Being a Part of the Community
T3829,ZA,africacover.co.za,The Most Important Tips On Buying Life Insurance
T3830,AU,halcyongyro.com,Sounds too good to be true? Not any more.
T3831,GB,donohoedesign.com,An unforgettable year in London at the Inchbald School of Design
T3832,US,blogs.usm.maine.edu,Maine Law · Professor and Director of the Center for Oceans
T3833,AU,qfdcreative.com.au,Quilt Fabric Delights Creative
T3834,GB,mrsdarcyvsthealiens.com,Mrs Darcy in the Cube
T3835,GB,theshiznit.co.uk,The Avatar that could have been
T3836,ZA,ubunyechallenge.com,Media in China hungry for the Ubunye story
T3837,AU,mumnbabies.com,What Do You Think About the Educational Toys?
T3838,US,waterose.com,Waterose Garden Personal Blog : A number of Specifics That you
T3839,IE,newspaper-publishing.com,Copley edition dynasty leaves tradition of caring
T3840,AU,triplem.com.au,Black Keys Play Gig In Venue 'The Size Of A Loungeroom' Before
T3841,ZA,terryandtonyinsouthafrica.co.za,The Most Dangerous Road in South Africa
T3842,ZA,survivingorthrivingnow.com,Teach people how to treat you
T3843,IE,thegategallery.com,Discoveries while traveling with maps
T3844,GB,pistoiaalliance.org,"Innovation Requires More Than ""More of the Same"""
T3845,AU,tg016.go4blog.com,take the time to ensure that they are exactly
T3846,US,jayasher.blogspot.com,Jay Asher: I Want to Be a Paperback WINNER!
T3847,ZA,blog.igotravel.co.za,Great shopping areas in Bangkok!
T3848,GB,radical-shift.net,Business has to want to be good
T3849,AU,besidetheseasidebusselton.com.au,It used to be known as the Harry Potter Cupboard
T3850,IE,carmodymoran.ie,'Best Will in the World' Week: 22nd
T3851,GB,carolinevonschmalensee.com,FictionFriday 236: your main character is in the process of escaping...
T3852,ZA,enjoylife.co.za,Fun Activities To Do With Your Spouse
T3853,ZA,albertcombrink.com,Cape Town World Music Festival 2012: CT Tango Ensemble 10 Nov
T3854,AU,crucial.com.au,70% OFF - for the first 10 orders only!!
T3855,GB,co-bealarmed.s2.siteincubator.co.uk,Millions still at risk from carbon monoxide poisoning
T3856,IE,giveinstantcash.shopifree.com,www.500cash.com | giveinstantcash
T3857,US,peterparker513.blogspot.com,6 Tips On How To Come Up With Good Blog Content?
T3858,ZA,gesondeseks.com,Q. How can a Christian spice things up in the bedroom?
T3859,GB,hannahlouisef.com,Hannah Louise Fashion: Sunshine all the time!
T3860,AU,flyingsaucepan.com,"On the street: Time waits for no man "" which means you very much"
T3861,IE,healthcare-ireland.com,Power Wheelchair control options
T3862,US,cost-of-discipleship.blogspot.com,Cost of Discipleship: What we come up with
T3863,IE,teafriendsandchocolate.com,Letting Go | TeaFriendsAndChocolate.com
T3864,IE,gerrymaceoin.com,Make every day the best day of your life - The Blog
T3865,ZA,foundationfamilywealth.co.za,Living versus Guaranteed Annuities
T3866,GB,total911.com,Regal Autosport's 997 GT3 in Total 911 now
T3867,ZA,networkmarketingsa.info,Network or Pyramid Scheme - how can You tell?
T3868,ZA,rogancoles.com,Rogan Coles in Hong Kong.
T3869,GB,homeimprovementzone.co.uk,Decorating in Limited Interiors « Home Improvement
T3870,GB,worldsportsboats.com,The lost world of Atlantis has been found in the new Atlantis 34
T3871,GB,blog.anthonypoppe.co.uk,What do you want to be?
T3872,ZA,according2ken.com,AfriKEN Adventure time! | According2Ken
T3873,ZA,colinjbrowne.com,Is there really no way to kill hope?
T3874,IE,pocketables.com,Giveaways....what do YOU want to see?
T3875,ZA,saintetienne.co.za,"Austin Peralta, jazz pianist and Flying Lotus collaborator, dead at 22"
T3876,GB,richard-sedley.net,what does it take to make you tell a great
T3877,US,ofmontreal.net,oM to march through parts of the South in April
T3878,ZA,blog.econobee.co.za,Media Release by DTI on Launch of the revised B-BBEE Codes
T3879,ZA,ade.co.za,And from the rest of the world...
T3880,IE,photography.osx128.com,Cork is the second largest city in the Republic of Ireland
T3881,US,fashionaccordingtothemenu.com,Fashion according to the Menu
T3882,US,seekersguidance.org,Estimating the Number of Makeup Prayers
T3883,AU,everaldcompton.com,Do we get value for money from the NBN?
T3884,IE,volpet.com,End of the first week-end
T3885,US,holycamp09.wordpress.com,The Side of the Road
T3886,GB,afterworkhours.com,How Do You Manage Difficult Employees? « AfterWorkHours
T3887,IE,thebloomsdaystory.com,The (Almost) Shooting of Joyce
T3888,IE,hamillsbedandbreakfast.com,G8 summit comes to Shannon Erne area
T3889,ZA,gibbons.co.za,Getting Started with the Raspberry Pi « Craig Gibbons' Lifeblog
T3890,ZA,rockbank.besthometreadmill.co.za,the number of Christian louboutin uk replicas Christian louboutin
T3891,AU,easoncreative.com.au,Pulling the plug on Sydney Harbor
T3892,US,watercoolersportsnetwork.com,"Quick Hits: Halftime, Chicago Bears 31, Tennessee Titans 5"
T3893,GB,learningfromsophie.com,The difference between needing &amp; wanting « Learning from Sophie
T3894,IE,slim4lifecb.wordpress.com,It is NOT to late- 1st November 2012 :) « Slim 4 Life
T3895,US,armconprecast.wordpress.com,What was the first precast concrete mould and when was it
T3896,ZA,haikona.com,Ideal Place To Put Up Blinds
T3897,AU,scottkneller.com,It will have to do...
T3898,IE,politicaleconomy.ie,Dr. Stephen Nolan talks to politicaleconomy.ie
T3899,IE,blessedsacramentuki.org,Statement from the Director of the Press Office of the Holy See
T3900,AU,greendean.com.au,Make a Green Start
T3901,US,nolabebe.com,At the Top | Nola Bebe
T3902,US,youmustbetrippin.com,What Travel Destination Are You Most Thankful For?
T3903,AU,channeldynamics.com.au,"Innovate, Partner or Perish"
T3904,ZA,afterlife-exploration.com,News December 2012 « The Afterlife Exploration Society
T3905,GB,moshnews.co.uk,"Hull City 4-1 Millwall, First time in 3 decades (3 wins consecutively at"
T3906,AU,comeshoppingnow.com,Advice On How To Deal With Your Breakup
T3907,US,thisdishisvegetarian.com,The best of the best vegan chocolate chip cookies in New York City
T3908,GB,speedstermagazine.com,"Green, But Not In The Way You're Thinking"
T3909,US,moneyandmarkets.com,Funny money versus fundamentals still the name of the game
T3910,IE,italianwebsites.net,A charming bed and breakfast in the center of Florence Italy
T3911,GB,healthindex.co.uk,"Be defined by your smile, not your inability to"
T3912,US,nicoletheragamuffin.wordpress.com,Quote of the day « Ragamuffin Ramblings...
T3913,ZA,regenesys.co.za,The simple art of plain business language
T3914,ZA,moyoproductions.com,Flying Lotus: He's Not Always Tripped Out.
T3915,IE,dancethedevil.com,Its all just a little bit of history repeating itself...
T3916,ZA,transculturations.org,Kickboxing: A Matter of Discipline?
T3917,GB,definingtheline.com,The Chart that says it all « Defining the Line
T3918,GB,mp33pm.co.uk,MP3@3PM: Jimi Hendrix: 'Straight Ahead Fanzine
T3919,AU,griffithultimate.org,"Finally! Pending natural disaster, there will be a game tonight"
T3920,ZA,runtrail.co.za,HALO II Pullover Headband
T3921,US,naturesnurtureblog.com,#TinyTipTues 26: The Right To Know What's In Our Food
T3922,AU,knockedupandabroad.com,"I Heart Ubirr, Kakadu."
T3923,IE,flowersintime.org,"Scott Matthews - Savoy Theatre, 11 May, 2009 - Flowers in Time"
T3924,GB,blickfromberlin.wordpress.com,The man who would unseat a Chancellor « blick
T3925,ZA,itssimplyheaven.com,China Dreaming. | It's Simply Heaven.
T3926,IE,athenryac.com,2012 'Burger Run' Result and Report
T3927,ZA,iussonline.co.za,Nursing Education Institutions Workshop
T3928,IE,straphaelscu.ie,12 Days of Christmas &amp; Bumper Draw
T3929,GB,bibliofreak.net,Review: Mr g: A Novel About the Creation by Alan Lightman
T3930,AU,tecovate.com,Small business owners to Fed: 'Get out of our way' : TecoVate
T3931,IE,enjoywithfriends.com,Let's Go To The Dogs..........
T3932,GB,onemanandhisblog.com,mashup*: Do You Want People To Know Where You Are?
T3933,AU,theclearingspace.com.au,Do you feel like there is no 'you' any more?
T3934,AU,bigbrownboxblog.com.au,Creepy puppets and not so compact discs
T3935,AU,myidealife.com.au,House Husbands and the importance of Bunny ~ My IdeaLife
T3936,GB,vespe.com,Round 4: Smithy's Autumn league (Manor farm - Boundary)
T3937,IE,emex.com,TNK-BP selects EMEX for their EHSQ and carbon management
T3938,ZA,wynghs.co.za,"First in the World, Julia Cosentino"
T3939,GB,getwalking.org,Water Mill Walk in Stone Staffordhire
T3940,US,kyleleonmusclemaximizerscam.com,7 Smart Pushup Exercises That Can Be Done At Home
T3941,IE,overseascafe.blogspot.com,Lynn Insurance Claims may not be Honoured
T3942,IE,anantayogastudio.com,A one day workshop with Ashleigh Tobin
T3943,GB,hie.co.uk,Helping People Who Need Skilled Artisans Find Artisans Who Need
T3944,AU,wokabout.net,take your baby around the world
T3945,US,artstor.wordpress.com,New collection agreement: Museum of the City of New York
T3946,GB,derbyshirecricket.blogspot.com,Peakfan's blog: News around the country
T3947,ZA,fogartysbookshop.co.za,"The End of your life book club, by Will Schwalbe"
T3948,ZA,schoolsportsnews.co.za,October 10 | School Sports News
T3949,ZA,earn-money-online.co.za,How To Make Money From Internet
T3950,AU,scrivener.fionamcintosh.com,Notre Dame Cathedral | Fiona McIntosh
T3951,US,klkntv.com,Enter for a chance to win a Husker Football Getaway Weekend
T3952,AU,greenash.net.au,How close is the European Union to being a federation?
T3953,US,stephenliddell.wordpress.com,"A chance to change a life, namely mine! « Stephen Liddell"
T3954,GB,emmamiranda.com,Places and spaces...up in the air
T3955,US,westernpriorities.org,RHETORIC: The federal government has decreased royalty
T3956,IE,from-ireland.net,Caha Pass - Cork &amp; Kerry
T3957,GB,janellemonique.com,How Are You Going To Learn To Play The Guitar?
T3958,AU,is-there-a-god.info,Christianity vs other religions
T3959,ZA,publicnewshub.com,Create a life you don't want to escape from
T3960,US,anarchogeek.com,Origin of the @reply - Digging through twitter's history
T3961,GB,thelondonfiles.com,Scotland: that's all I have to say about that « The London Files
T3962,US,hornsuprocks.blogspot.com,Horns Up Rocks To Host A Series Of Food &amp; Clothing Drives At All
T3963,AU,ascotproperty.com.au,How To Make Your Camping Trip More Fun?
T3964,IE,schullcommunitycouncil.ie,Sli na Slainte and Defribillator site opened
T3965,IE,totalopel.com,Making the most of the weather!
T3966,GB,peterreavy.com,Sorting potatoes means a better crop next year « Peter Reavy
T3967,US,thejobsguy.wordpress.com,Find a Good Job the Same Way You Would Find a Good Bike « The
T3968,ZA,southafrica-fifa.com,A lot of people from all over the world have been helped by this
T3969,GB,raibot.com,Intellectual property legislation from around the world
T3970,ZA,wembleyclinic.co.za,Wembley MediSpa in the Media
T3971,ZA,aintiwoman.com,my dress is not a yes
T3972,GB,janepilcher.me.uk,Sociology's contribution to saving the planet: the politics of climate
T3973,ZA,bothasigbaseball.co.za,Double Header Weekend Results
T3974,IE,redhills.ie,Continuous Skill Set Refinement for Web Application Development
T3975,ZA,securitysa.com,A gate is more than a gate
T3976,GB,r4isstatic.com,How to Build a Time Machine
T3977,ZA,scolamanzi.info,On our way to Calpe!... and the Magical Mt Ifach!
T3978,ZA,patflan.co.za,so you want to be a surf photograper
T3979,GB,blog.metrixmarketing.co.uk,Metrix Marketing Guest Writer
T3980,US,sfcritic.com,Photos of Purity Ring at The Bottom of the Hill
T3981,GB,daemon4x4.org,I have to say chaps
T3982,GB,exercise-works.org,Latest update via @docandrewmurray and the #5x50 challenge
T3983,IE,thebrokenelbow.com,Garret FitzGerald - How He Got The Big One So Wrong
T3984,AU,greatdestinationweddings.com.au,Mary and Hugh - Cambodia
T3985,US,library.hagleyblogs.org,Conference: Talking Business Oral History and the History of
T3986,ZA,talesfromthetable.co.za,Tales From The Table
T3987,IE,clarecastlegaa.ie,Sean Malone Benefit Night this Saturday
T3988,US,webershandwickseattle.com,The State of Seattle's Media: Shifting Consumption
T3989,GB,blog.hiteltd.co.uk,"Back in the Saddle; thoughts on recovery, riding and the Alexander"
T3990,US,caribbean-sailing.com,Peter Holmberg Becomes New President of the Caribbean Sailing
T3991,ZA,saarp.net,Retiring in South Africa - the bell rings
T3992,GB,truth-wars.co.uk,Jimmy Savile was a necrophiliac
T3993,GB,lifeinthebuslane.com,Going over to the other side
T3994,US,ajarnforum.net,"Now then, now then, Jimmy.... is a very naughty man uhuhuhuhuhuhu"
T3995,IE,dogpatchlabs.com,The Web as a Facebook Fan Page
T3996,US,blog.transparency.org,"When it comes to tax, transparency is better."
T3997,AU,foodthatsings.com,Hospitality Hotspot. Wednesday Walking...&amp; Meat.
T3998,GB,alistaircasey.com,lin dan wants to take a short break for his wedding arrangements
T3999,AU,theoblog.com.au,And Who are You to Judge? TheoBlog
T4000,AU,scrapnstitch.blogspot.com,Lilly Pilly: Meeting for the first time!
